x0,y0,z0,x1,y1,z1,x2,y2,z2
-0.969538,0.24352,8.00298e-05,-0.000932407,-0.000864731,0.0600399,0.97051,-0.242615,2.98387e-08
-0.964803,0.247825,0.000883641,-0.0102572,-0.00951113,0.0604328,0.9755,-0.237874,3.57941e-06
-0.959945,0.252097,0.00169337,-0.0195856,-0.018153,0.0608137,0.980371,-0.233104,1.29419e-05
-0.954964,0.256335,0.00250936,-0.0289209,-0.0267861,0.0611827,0.985125,-0.228309,2.7978e-05
-0.949857,0.260536,0.00333174,-0.0382663,-0.0354064,0.0615397,0.989763,-0.223489,4.85503e-05
-0.944622,0.264697,0.00416065,-0.0476251,-0.0440096,0.0618848,0.994288,-0.218647,7.45229e-05
-0.939259,0.268816,0.00499624,-0.0570005,-0.0525916,0.062218,0.9987,-0.213784,0.000105762
-0.933766,0.27289,0.00583864,-0.0663956,-0.0611481,0.0625392,1.003,-0.208902,0.000142137
-0.928141,0.276917,0.00668799,-0.0758136,-0.069675,0.0628485,1.00719,-0.204002,0.000183519
-0.922382,0.280894,0.00754443,-0.0852574,-0.0781679,0.0631458,1.01128,-0.199086,0.00022978
-0.916489,0.284817,0.00840809,-0.0947301,-0.0866225,0.0634311,1.01526,-0.194155,0.000280798
-0.91046,0.288684,0.00927911,-0.104235,-0.0950344,0.0637044,1.01913,-0.18921,0.00033645
-0.904294,0.292491,0.0101576,-0.113774,-0.103399,0.0639658,1.02291,-0.184252,0.000396619
-0.89799,0.296236,0.0110437,-0.12335,-0.111713,0.0642151,1.02658,-0.179283,0.000461189
-0.891546,0.299913,0.0119376,-0.132966,-0.11997,0.0644523,1.03015,-0.174303,0.000530047
-0.884961,0.30352,0.0128393,-0.142625,-0.128167,0.0646776,1.03363,-0.169314,0.000603083
-0.878235,0.307054,0.0137491,-0.152328,-0.136298,0.0648907,1.037,-0.164316,0.00068019
-0.871367,0.31051,0.0146669,-0.162079,-0.144359,0.0650919,1.04029,-0.15931,0.000761265
-0.864356,0.313883,0.0155929,-0.171878,-0.152346,0.0652809,1.04347,-0.154297,0.000846206
-0.857201,0.317171,0.0165272,-0.181729,-0.160253,0.0654579,1.04657,-0.149278,0.000934917
-0.849902,0.320369,0.0174699,-0.191632,-0.168075,0.0656228,1.04957,-0.144254,0.0010273
-0.842459,0.323472,0.0184211,-0.201589,-0.175808,0.0657756,1.05249,-0.139224,0.00112327
-0.834871,0.326477,0.0193808,-0.211602,-0.183447,0.0659164,1.05531,-0.13419,0.00122273
-0.827139,0.329378,0.0203492,-0.221672,-0.190986,0.0660452,1.05805,-0.129152,0.0013256
-0.819263,0.332171,0.0213262,-0.2318,-0.19842,0.066162,1.0607,-0.124111,0.0014318
-0.811243,0.334851,0.022312,-0.241986,-0.205744,0.0662668,1.06327,-0.119067,0.00154124
-0.80308,0.337414,0.0233065,-0.252231,-0.212953,0.0663597,1.06575,-0.11402,0.00165386
-0.794775,0.339854,0.0243098,-0.262535,-0.220042,0.0664407,1.06815,-0.108972,0.00176957
-0.786328,0.342167,0.0253218,-0.272899,-0.227006,0.0665099,1.07047,-0.103921,0.00188831
-0.777741,0.344348,0.0263426,-0.283321,-0.233838,0.0665674,1.0727,-0.0988695,0.00201001
-0.769015,0.346392,0.0273722,-0.293802,-0.240535,0.0666132,1.07486,-0.0938166,0.0021346
-0.760152,0.348293,0.0284105,-0.304341,-0.24709,0.0666475,1.07693,-0.0887628,0.00226203
-0.751155,0.350047,0.0294574,-0.314936,-0.253499,0.0666704,1.07893,-0.0837084,0.00239224
-0.742024,0.351649,0.0305128,-0.325586,-0.259756,0.066682,1.08085,-0.0786536,0.00252516
-0.732764,0.353094,0.0315768,-0.336289,-0.265856,0.0666824,1.08269,-0.0735986,0.00266076
-0.723376,0.354377,0.0326491,-0.347043,-0.271794,0.0666719,1.08446,-0.0685435,0.00279898
-0.713863,0.355494,0.0337297,-0.357847,-0.277565,0.0666506,1.08615,-0.0634886,0.00293977
-0.70423,0.356439,0.0348183,-0.368697,-0.283165,0.0666186,1.08777,-0.0584338,0.00308309
-0.694479,0.357208,0.0359148,-0.37959,-0.288589,0.0665763,1.08931,-0.0533794,0.00322889
-0.684614,0.357797,0.0370191,-0.390523,-0.293832,0.0665238,1.09078,-0.0483254,0.00337716
-0.67464,0.358202,0.0381308,-0.401493,-0.29889,0.0664614,1.09217,-0.043272,0.00352783
-0.66456,0.358417,0.0392498,-0.412496,-0.303758,0.0663893,1.0935,-0.0382191,0.0036809
-0.654379,0.358441,0.0403758,-0.423527,-0.308434,0.0663079,1.09475,-0.0331668,0.00383632
-0.644103,0.358268,0.0415085,-0.434583,-0.312912,0.0662174,1.09593,-0.0281153,0.00399407
-0.633736,0.357895,0.0426477,-0.445659,-0.317191,0.0661182,1.09703,-0.0230644,0.00415413
-0.623283,0.35732,0.0437929,-0.456749,-0.321266,0.0660106,1.09807,-0.0180143,0.00431648
-0.61275,0.356539,0.044944,-0.467849,-0.325135,0.0658949,1.09904,-0.0129649,0.00448109
-0.602143,0.355551,0.0461005,-0.478953,-0.328795,0.0657716,1.09994,-0.0079163,0.00464796
-0.591466,0.354352,0.047262,-0.490056,-0.332244,0.0656409,1.10076,-0.00286845,0.00481708
-0.580727,0.352942,0.0484282,-0.501153,-0.33548,0.0655034,1.10152,0.00217862,0.00498843
-0.56993,0.351317,0.0495987,-0.512237,-0.338502,0.0653593,1.10221,0.00722494,0.00516201
-0.559083,0.349478,0.050773,-0.523302,-0.341309,0.0652092,1.10283,0.0122705,0.00533782
-0.548191,0.347424,0.0519508,-0.534343,-0.343899,0.0650534,1.10337,0.0173153,0.00551586
-0.53726,0.345154,0.0531315,-0.545354,-0.346273,0.0648923,1.10385,0.0223594,0.00569613
-0.526297,0.342667,0.0543148,-0.556328,-0.34843,0.0647265,1.10426,0.0274027,0.00587863
-0.515307,0.339966,0.0555002,-0.56726,-0.350371,0.0645564,1.10461,0.0324453,0.00606338
-0.504296,0.337049,0.0566872,-0.578142,-0.352096,0.0643824,1.10488,0.0374872,0.00625039
-0.493271,0.333919,0.0578754,-0.58897,-0.353607,0.0642049,1.10508,0.0425283,0.00643968
-0.482238,0.330576,0.0590642,-0.599738,-0.354905,0.0640245,1.10522,0.0475688,0.00663125
-0.471201,0.327023,0.0602533,-0.610438,-0.355992,0.0638415,1.10528,0.0526085,0.00682515
-0.460168,0.323262,0.0614422,-0.621067,-0.356869,0.0636564,1.10527,0.0576474,0.00702138
-0.449142,0.319295,0.0626303,-0.631617,-0.35754,0.0634697,1.1052,0.0626856,0.00721998
-0.43813,0.315124,0.0638173,-0.642084,-0.358007,0.0632817,1.10505,0.0677229,0.00742098
-0.427136,0.310754,0.0650026,-0.652463,-0.358274,0.063093,1.10484,0.0727595,0.00762441
-0.416164,0.306188,0.0661859,-0.662747,-0.358343,0.0629038,1.10455,0.0777951,0.00783031
-0.405221,0.301428,0.0673666,-0.672934,-0.358218,0.0627146,1.10419,0.0828298,0.00803873
-0.394309,0.29648,0.0685444,-0.683017,-0.357903,0.0625259,1.10377,0.0878634,0.00824971
-0.383433,0.291347,0.0697188,-0.692993,-0.357403,0.0623379,1.10327,0.092896,0.00846329
-0.372596,0.286033,0.0708894,-0.702857,-0.35672,0.0621511,1.10269,0.0979273,0.00867953
-0.361802,0.280543,0.0720558,-0.712606,-0.355861,0.0619657,1.10205,0.102957,0.00889849
-0.351054,0.274882,0.0732176,-0.722236,-0.354828,0.0617822,1.10133,0.107986,0.00912022
-0.340354,0.269055,0.0743745,-0.731743,-0.353627,0.0616008,1.10054,0.113013,0.00934478
-0.329705,0.263066,0.075526,-0.741125,-0.352264,0.0614218,1.09967,0.118038,0.00957225
-0.31911,0.25692,0.0766718,-0.750379,-0.350741,0.0612455,1.09873,0.123061,0.00980269
-0.30857,0.250623,0.0778115,-0.759503,-0.349065,0.0610723,1.09771,0.128082,0.0100362
-0.298087,0.24418,0.078945,-0.768493,-0.347241,0.0609023,1.09662,0.1331,0.0102728
-0.287662,0.237596,0.0800717,-0.777348,-0.345272,0.0607357,1.09545,0.138116,0.0105126
-0.277296,0.230876,0.0811915,-0.786067,-0.343165,0.0605728,1.0942,0.143129,0.0107557
-0.26699,0.224026,0.082304,-0.794647,-0.340925,0.0604138,1.09288,0.148139,0.0110022
-0.256745,0.217051,0.0834089,-0.803088,-0.338555,0.0602589,1.09147,0.153145,0.0112522
-0.24656,0.209955,0.0845061,-0.811388,-0.336062,0.0601082,1.08999,0.158147,0.0115057
-0.236436,0.202746,0.0855952,-0.819547,-0.33345,0.0599619,1.08842,0.163145,0.0117629
-0.226373,0.195426,0.086676,-0.827564,-0.330724,0.0598201,1.08678,0.168137,0.0120239
-0.216369,0.188003,0.0877482,-0.835438,-0.327888,0.059683,1.08505,0.173125,0.0122888
-0.206425,0.18048,0.0888117,-0.84317,-0.324947,0.0595505,1.08324,0.178107,0.0125578
-0.196539,0.172864,0.0898662,-0.85076,-0.321907,0.059423,1.08134,0.183083,0.0128308
-0.186711,0.165158,0.0909116,-0.858206,-0.31877,0.0593003,1.07936,0.188052,0.0131081
-0.176939,0.157369,0.0919475,-0.865511,-0.315542,0.0591827,1.07729,0.193013,0.0133898
-0.167221,0.1495,0.0929739,-0.872674,-0.312226,0.0590701,1.07513,0.197966,0.013676
-0.157557,0.141557,0.0939906,-0.879695,-0.308828,0.0589625,1.07289,0.202911,0.0139669
-0.147944,0.133544,0.0949974,-0.886576,-0.30535,0.0588601,1.07056,0.207846,0.0142625
-0.138381,0.125467,0.095994,-0.893317,-0.301797,0.0587628,1.06814,0.212771,0.0145631
-0.128865,0.117328,0.0969804,-0.899919,-0.298173,0.0586707,1.06562,0.217685,0.0148688
-0.119395,0.109135,0.0979564,-0.906384,-0.294481,0.0585838,1.06302,0.222587,0.0151798
-0.109968,0.100889,0.0989218,-0.912712,-0.290725,0.058502,1.06032,0.227476,0.0154962
-0.100583,0.0925967,0.0998765,-0.918904,-0.286908,0.0584254,1.05753,0.232351,0.0158181
-0.091236,0.0842614,0.10082,-0.924962,-0.283033,0.0583539,1.05464,0.237211,0.0161459
-0.0819254,0.0758875,0.101753,-0.930887,-0.279103,0.0582875,1.05165,0.242056,0.0164795
-0.0726486,0.0674792,0.102675,-0.93668,-0.275122,0.0582261,1.04857,0.246883,0.0168193
-0.0634032,0.0590405,0.103585,-0.942343,-0.271093,0.0581698,1.04539,0.251692,0.0171653
-0.0541865,0.0505754,0.104484,-0.947878,-0.267018,0.0581185,1.0421,0.256482,0.0175179
-0.0449958,0.042088,0.105371,-0.953285,-0.262899,0.0580722,1.03872,0.261252,0.0178771
-0.0358287,0.033582,0.106246,-0.958567,-0.258741,0.0580307,1.03524,0.265999,0.0182431
-0.0266823,0.0250614,0.10711,-0.963724,-0.254544,0.0579941,1.03165,0.270722,0.0186163
-0.017554,0.01653,0.107961,-0.968759,-0.250311,0.0579623,1.02795,0.275421,0.0189967
-0.00844121,0.00799154,0.1088,-0.973673,-0.246045,0.0579352,1.02415,0.280093,0.0193847
0.000658813,-0.000550272,0.109627,-0.978468,-0.241747,0.0579128,1.02025,0.284737,0.0197803
0.00974871,-0.00909174,0.110441,-0.983145,-0.23742,0.0578949,1.01624,0.289352,0.0201839
0.0188311,-0.0176292,0.111243,-0.987706,-0.233065,0.0578816,1.01211,0.293935,0.0205955
0.0279087,-0.026159,0.112032,-0.992152,-0.228685,0.0578727,1.00788,0.298484,0.0210156
0.036984,-0.0346776,0.112808,-0.996486,-0.224281,0.0578682,1.00354,0.302999,0.0214443
0.0460595,-0.0431814,0.11357,-1.00071,-0.219855,0.057868,0.999088,0.307476,0.0218817
0.0551378,-0.0516668,0.11432,-1.00482,-0.215408,0.0578721,0.994522,0.311915,0.0223283
0.0642213,-0.0601303,0.115056,-1.00882,-0.210942,0.0578803,0.989843,0.316312,0.0227841
0.0733124,-0.0685684,0.115778,-1.01272,-0.206458,0.0578926,0.985049,0.320666,0.0232495
0.0824134,-0.0769775,0.116487,-1.01651,-0.201957,0.0579088,0.980141,0.324975,0.0237246
0.0915267,-0.0853541,0.117181,-1.0202,-0.197442,0.057929,0.975117,0.329236,0.0242097
0.100654,-0.0936947,0.117862,-1.02379,-0.192912,0.0579531,0.969976,0.333447,0.0247051
0.109798,-0.101996,0.118528,-1.02728,-0.188369,0.0579809,0.964718,0.337605,0.0252109
0.118961,-0.110254,0.11918,-1.03066,-0.183815,0.0580124,0.959343,0.341709,0.0257275
0.128144,-0.118466,0.119817,-1.03395,-0.17925,0.0580475,0.953849,0.345756,0.0262551
0.13735,-0.126627,0.12044,-1.03715,-0.174675,0.0580862,0.948237,0.349742,0.0267939
0.146579,-0.134735,0.121048,-1.04024,-0.170091,0.0581283,0.942506,0.353666,0.0273441
0.155834,-0.142787,0.12164,-1.04325,-0.165499,0.0581738,0.936655,0.357525,0.0279061
0.165117,-0.150777,0.122217,-1.04616,-0.160899,0.0582226,0.930685,0.361317,0.0284799
0.174428,-0.158704,0.122779,-1.04898,-0.156293,0.0582746,0.924596,0.365037,0.029066
0.183768,-0.166563,0.123326,-1.05172,-0.151681,0.0583299,0.918387,0.368684,0.0296644
0.19314,-0.174352,0.123856,-1.05436,-0.147063,0.0583882,0.912058,0.372255,0.0302754
0.202544,-0.182066,0.124371,-1.05691,-0.142441,0.0584495,0.90561,0.375746,0.0308993
0.211981,-0.189702,0.12487,-1.05938,-0.137814,0.0585138,0.899043,0.379156,0.0315362
0.221452,-0.197256,0.125353,-1.06177,-0.133184,0.0585809,0.892357,0.38248,0.0321863
0.230957,-0.204726,0.125819,-1.06407,-0.12855,0.0586509,0.885552,0.385716,0.03285
0.240497,-0.212108,0.126269,-1.06629,-0.123914,0.0587237,0.87863,0.388862,0.0335273
0.250072,-0.219398,0.126702,-1.06842,-0.119275,0.0587991,0.871591,0.391913,0.0342184
0.259683,-0.226593,0.127119,-1.07048,-0.114634,0.0588771,0.864436,0.394867,0.0349236
0.269329,-0.233689,0.127519,-1.07245,-0.109992,0.0589577,0.857165,0.397721,0.035643
0.279011,-0.240684,0.127902,-1.07435,-0.105348,0.0590408,0.84978,0.400472,0.0363767
0.288727,-0.247574,0.128269,-1.07617,-0.100703,0.0591263,0.842281,0.403117,0.037125
0.298479,-0.254355,0.128618,-1.07791,-0.0960574,0.0592143,0.834671,0.405653,0.0378879
0.308264,-0.261025,0.12895,-1.07958,-0.0914111,0.0593045,0.826951,0.408076,0.0386656
0.318083,-0.267581,0.129265,-1.08116,-0.0867645,0.059397,0.819121,0.410385,0.0394582
0.327935,-0.274019,0.129562,-1.08268,-0.0821178,0.0594917,0.811185,0.412576,0.0402658
0.337818,-0.280336,0.129843,-1.08412,-0.0774711,0.0595886,0.803142,0.414647,0.0410885
0.347731,-0.286529,0.130106,-1.08549,-0.0728246,0.0596876,0.794997,0.416594,0.0419263
0.357674,-0.292596,0.130352,-1.08678,-0.0681784,0.0597887,0.786749,0.418415,0.0427794
0.367644,-0.298534,0.13058,-1.08801,-0.0635326,0.0598918,0.778402,0.420107,0.0436477
0.37764,-0.30434,0.130792,-1.08916,-0.0588874,0.0599968,0.769958,0.421667,0.0445314
0.38766,-0.310011,0.130986,-1.09024,-0.0542429,0.0601038,0.761418,0.423094,0.0454304
0.397703,-0.315545,0.131163,-1.09125,-0.0495991,0.0602127,0.752787,0.424384,0.0463447
0.407766,-0.32094,0.131322,-1.09219,-0.0449561,0.0603234,0.744065,0.425536,0.0472742
0.417847,-0.326193,0.131465,-1.09306,-0.0403139,0.0604359,0.735256,0.426547,0.0482191
0.427944,-0.331303,0.131591,-1.09387,-0.0356726,0.0605502,0.726363,0.427416,0.0491792
0.438055,-0.336267,0.131699,-1.0946,-0.0310323,0.0606662,0.717388,0.428139,0.0501544
0.448176,-0.341083,0.131791,-1.09527,-0.0263929,0.0607839,0.708334,0.428715,0.0511446
0.458306,-0.345749,0.131867,-1.09587,-0.0217544,0.0609032,0.699204,0.429144,0.0521499
0.468442,-0.350265,0.131926,-1.0964,-0.0171169,0.0610242,0.690002,0.429422,0.05317
0.478581,-0.354628,0.131968,-1.09687,-0.0124803,0.0611468,0.68073,0.429548,0.0542047
0.488719,-0.358837,0.131995,-1.09727,-0.00784476,0.061271,0.671391,0.429522,0.0552541
0.498855,-0.362892,0.132006,-1.0976,-0.00321009,0.0613967,0.661989,0.429342,0.0563178
0.508985,-0.36679,0.132,-1.09787,0.00142365,0.0615239,0.652527,0.429007,0.0573957
0.519106,-0.370532,0.13198,-1.09807,0.00605651,0.0616527,0.643009,0.428516,0.0584876
0.529215,-0.374116,0.131944,-1.09821,0.0106885,0.0617829,0.633437,0.427868,0.0595934
0.539308,-0.377543,0.131893,-1.09828,0.0153197,0.0619145,0.623815,0.427063,0.0607126
0.549383,-0.380811,0.131827,-1.09829,0.0199501,0.0620476,0.614146,0.426101,0.0618452
0.559437,-0.38392,0.131747,-1.09823,0.0245797,0.0621822,0.604434,0.42498,0.0629908
0.569466,-0.38687,0.131653,-1.09811,0.0292087,0.0623181,0.594681,0.423702,0.0641492
0.579466,-0.389663,0.131544,-1.09792,0.0338369,0.0624554,0.584892,0.422266,0.0653201
0.589435,-0.392296,0.131423,-1.09766,0.0384646,0.0625942,0.575069,0.420672,0.0665032
0.59937,-0.394772,0.131288,-1.09735,0.0430917,0.0627343,0.565215,0.41892,0.0676981
0.609267,-0.39709,0.13114,-1.09696,0.0477182,0.0628757,0.555334,0.417012,0.0689046
0.619123,-0.399252,0.130979,-1.09651,0.0523443,0.0630186,0.545429,0.414948,0.0701224
0.628935,-0.401258,0.130806,-1.096,0.0569699,0.0631628,0.535503,0.412728,0.0713511
0.6387,-0.403109,0.130621,-1.09542,0.0615951,0.0633083,0.525558,0.410354,0.0725903
0.648415,-0.404806,0.130425,-1.09477,0.06622,0.0634553,0.515599,0.407826,0.0738397
0.658076,-0.406351,0.130218,-1.09406,0.0708445,0.0636036,0.505626,0.405146,0.0750989
0.667682,-0.407745,0.129999,-1.09329,0.0754687,0.0637533,0.495644,0.402316,0.0763676
0.677228,-0.408988,0.12977,-1.09244,0.0800927,0.0639043,0.485655,0.399336,0.0776454
0.686713,-0.410084,0.129531,-1.09153,0.0847164,0.0640568,0.475662,0.396208,0.0789319
0.696134,-0.411034,0.129283,-1.09056,0.08934,0.0642106,0.465666,0.392934,0.0802267
0.705487,-0.411839,0.129025,-1.08952,0.0939633,0.0643659,0.45567,0.389516,0.0815294
0.71477,-0.412501,0.128758,-1.08841,0.0985864,0.0645226,0.445677,0.385955,0.0828397
0.723982,-0.413023,0.128482,-1.08723,0.103209,0.0646807,0.435688,0.382254,0.0841572
0.733119,-0.413406,0.128198,-1.08598,0.107832,0.0648404,0.425705,0.378414,0.0854814
0.742179,-0.413653,0.127906,-1.08467,0.112455,0.0650015,0.415731,0.374439,0.086812
0.75116,-0.413766,0.127607,-1.08329,0.117077,0.0651642,0.405767,0.370329,0.0881486
0.76006,-0.413747,0.127301,-1.08183,0.121699,0.0653284,0.395814,0.366088,0.0894908
0.768877,-0.413598,0.126988,-1.08031,0.12632,0.0654943,0.385874,0.361717,0.0908382
0.77761,-0.413322,0.126668,-1.07872,0.130942,0.0656617,0.375948,0.35722,0.0921904
0.786255,-0.412922,0.126342,-1.07705,0.135563,0.0658309,0.366038,0.352599,0.0935469
0.794813,-0.412399,0.126011,-1.07532,0.140183,0.0660017,0.356145,0.347856,0.0949075
0.80328,-0.411756,0.125674,-1.07351,0.144803,0.0661743,0.346269,0.342993,0.0962718
0.811656,-0.410997,0.125332,-1.07163,0.149422,0.0663488,0.336411,0.338015,0.0976393
0.819939,-0.410123,0.124985,-1.06967,0.154041,0.0665251,0.326572,0.332922,0.0990097
0.828128,-0.409137,0.124634,-1.06764,0.158658,0.0667033,0.316753,0.327719,0.100383
0.836222,-0.408042,0.124279,-1.06554,0.163274,0.0668835,0.306953,0.322408,0.101757
0.84422,-0.40684,0.12392,-1.06335,0.167889,0.0670658,0.297173,0.316991,0.103134
0.85212,-0.405534,0.123558,-1.06109,0.172503,0.0672502,0.287414,0.311471,0.104512
0.859923,-0.404126,0.123192,-1.05876,0.177115,0.0674367,0.277675,0.305851,0.105891
0.867626,-0.40262,0.122823,-1.05634,0.181725,0.0676256,0.267955,0.300135,0.107271
0.875229,-0.401017,0.122452,-1.05385,0.186333,0.0678168,0.258256,0.294324,0.108651
0.882733,-0.399321,0.122078,-1.05127,0.190938,0.0680105,0.248576,0.288423,0.110031
0.890135,-0.397533,0.121703,-1.04861,0.195541,0.0682067,0.238914,0.282432,0.111411
0.897437,-0.395657,0.121325,-1.04587,0.200141,0.0684056,0.229271,0.276357,0.11279
0.904636,-0.393695,0.120946,-1.04304,0.204737,0.0686073,0.219645,0.270198,0.114167
0.911734,-0.39165,0.120565,-1.04013,0.209329,0.0688118,0.210036,0.26396,0.115543
0.91873,-0.389523,0.120183,-1.03713,0.213917,0.0690193,0.200443,0.257645,0.116918
0.925623,-0.387318,0.1198,-1.03405,0.218501,0.0692299,0.190863,0.251257,0.11829
0.932414,-0.385036,0.119417,-1.03087,0.223079,0.0694437,0.181297,0.244797,0.11966
0.939103,-0.382681,0.119033,-1.02761,0.227651,0.0696609,0.171743,0.238269,0.121027
0.945689,-0.380254,0.118648,-1.02425,0.232217,0.0698817,0.1622,0.231676,0.12239
0.952174,-0.377757,0.118263,-1.0208,0.236776,0.0701062,0.152665,0.225021,0.12375
0.958556,-0.375194,0.117879,-1.01725,0.241328,0.0703345,0.143137,0.218306,0.125107
0.964836,-0.372566,0.117494,-1.01361,0.24587,0.0705668,0.133615,0.211535,0.126459
0.971016,-0.369875,0.11711,-1.00987,0.250404,0.0708034,0.124097,0.204711,0.127807
0.977094,-0.367124,0.116726,-1.00603,0.254928,0.0710443,0.11458,0.197836,0.129149
0.983071,-0.364314,0.116343,-1.00209,0.25944,0.0712899,0.105063,0.190914,0.130487
0.988948,-0.361448,0.115961,-0.998052,0.263941,0.0715403,0.095544,0.183947,0.131819
0.994725,-0.358528,0.11558,-0.993905,0.268429,0.0717957,0.0860198,0.176939,0.133145
1.0004,-0.355554,0.115199,-0.989651,0.272903,0.0720564,0.0764887,0.169892,0.134464
1.00598,-0.352531,0.11482,-0.98529,0.277361,0.0723226,0.066948,0.16281,0.135777
1.01146,-0.349458,0.114442,-0.980818,0.281803,0.0725947,0.0573955,0.155695,0.137083
1.01685,-0.346338,0.114065,-0.976234,0.286227,0.0728728,0.0478286,0.148551,0.138382
1.02213,-0.343173,0.11369,-0.971536,0.290632,0.0731572,0.0382445,0.141382,0.139673
1.02732,-0.339965,0.113316,-0.966722,0.295015,0.0734483,0.0286406,0.134189,0.140955
1.03242,-0.336714,0.112944,-0.96179,0.299377,0.0737464,0.019014,0.126978,0.142229
1.03742,-0.333423,0.112574,-0.956738,0.303714,0.0740518,0.00936201,0.11975,0.143494
1.04232,-0.330094,0.112205,-0.951563,0.308025,0.0743648,-0.000318407,0.112509,0.14475
1.04713,-0.326726,0.111838,-0.946263,0.312307,0.0746859,-0.0100302,0.105259,0.145996
1.05185,-0.323323,0.111473,-0.940836,0.31656,0.0750155,-0.0197765,0.0980033,0.147231
1.05648,-0.319886,0.11111,-0.93528,0.32078,0.0753538,-0.0295603,0.0907457,0.148456
1.06102,-0.316415,0.110749,-0.929592,0.324965,0.0757015,-0.0393848,0.0834898,0.149669
1.06546,-0.312912,0.11039,-0.92377,0.329112,0.0760588,-0.0492533,0.0762395,0.150871
1.06982,-0.309379,0.110033,-0.917811,0.33322,0.0764264,-0.0591689,0.0689989,0.15206
1.07409,-0.305816,0.109679,-0.911714,0.337284,0.0768046,-0.0691349,0.0617719,0.153237
1.07827,-0.302225,0.109326,-0.905475,0.341302,0.0771941,-0.0791546,0.0545629,0.1544
1.08236,-0.298607,0.108975,-0.899092,0.34527,0.0775953,-0.0892314,0.0473762,0.155549
1.08637,-0.294962,0.108627,-0.892562,0.349186,0.0780088,-0.0993686,0.0402163,0.156684
1.09029,-0.291293,0.108281,-0.885884,0.353045,0.0784353,-0.109569,0.0330881,0.157804
1.09413,-0.2876,0.107937,-0.879054,0.356843,0.0788754,-0.119837,0.0259964,0.158907
1.09789,-0.283883,0.107596,-0.872071,0.360577,0.0793296,-0.130176,0.0189462,0.159995
1.10156,-0.280145,0.107257,-0.864931,0.364242,0.0797988,-0.140588,0.011943,0.161065
1.10515,-0.276385,0.106919,-0.857633,0.367833,0.0802836,-0.151077,0.00499208,0.162117
1.10866,-0.272605,0.106585,-0.850173,0.371345,0.0807848,-0.161646,-0.00190065,0.16315
1.11209,-0.268805,0.106252,-0.84255,0.374774,0.0813032,-0.172298,-0.00872925,0.164165
1.11544,-0.264986,0.105922,-0.834762,0.378113,0.0818395,-0.183036,-0.0154875,0.165158
1.11871,-0.261149,0.105594,-0.826806,0.381358,0.0823947,-0.193863,-0.0221689,0.166131
1.1219,-0.257294,0.105269,-0.81868,0.384501,0.0829695,-0.204782,-0.0287666,0.167082
1.12502,-0.253423,0.104945,-0.810384,0.387536,0.083565,-0.215796,-0.0352736,0.16801
1.12806,-0.249535,0.104624,-0.801914,0.390458,0.0841821,-0.226906,-0.0416826,0.168914
1.13103,-0.245632,0.104305,-0.79327,0.393258,0.0848217,-0.238115,-0.0479858,0.169793
1.13392,-0.241713,0.103989,-0.784451,0.395929,0.0854848,-0.249425,-0.0541753,0.170647
1.13673,-0.23778,0.103674,-0.775455,0.398463,0.0861726,-0.260837,-0.0602429,0.171473
1.13948,-0.233833,0.103362,-0.766283,0.400853,0.086886,-0.272353,-0.0661799,0.172272
1.14215,-0.229873,0.103052,-0.756933,0.40309,0.0876262,-0.283974,-0.0719774,0.173042
1.14475,-0.225899,0.102744,-0.747407,0.405165,0.0883942,-0.2957,-0.0776263,0.173782
1.14727,-0.221912,0.102438,-0.737704,0.407069,0.0891913,-0.307531,-0.0831172,0.17449
1.14973,-0.217913,0.102135,-0.727826,0.408793,0.0900185,-0.319466,-0.0884401,0.175167
1.15212,-0.213901,0.101833,-0.717775,0.410326,0.090877,-0.331505,-0.0935852,0.17581
1.15444,-0.209878,0.101534,-0.707552,0.41166,0.0917679,-0.343647,-0.0985422,0.176418
1.15669,-0.205843,0.101237,-0.697161,0.412784,0.0926925,-0.355888,-0.103301,0.176991
1.15887,-0.201798,0.100941,-0.686605,0.413688,0.0936518,-0.368226,-0.10785,0.177527
1.16098,-0.197741,0.100648,-0.675888,0.414361,0.0946469,-0.380657,-0.11218,0.178025
1.16303,-0.193673,0.100357,-0.665015,0.414793,0.095679,-0.393177,-0.116279,0.178484
1.16501,-0.189595,0.100068,-0.653993,0.414973,0.096749,-0.40578,-0.120138,0.178903
1.16693,-0.185507,0.0997806,-0.642827,0.414891,0.0978579,-0.41846,-0.123745,0.179281
1.16878,-0.181408,0.0994953,-0.631526,0.414538,0.0990067,-0.431211,-0.12709,0.179618
1.17056,-0.177299,0.099212,-0.620097,0.413902,0.100196,-0.444023,-0.130163,0.179912
1.17228,-0.173181,0.0989305,-0.60855,0.412975,0.101427,-0.456889,-0.132955,0.180162
1.17393,-0.169052,0.098651,-0.596895,0.411748,0.1027,-0.469798,-0.135456,0.180369
1.17552,-0.164914,0.0983734,-0.585143,0.410212,0.104015,-0.48274,-0.137658,0.180531
1.17705,-0.160766,0.0980977,-0.573306,0.408358,0.105373,-0.495704,-0.139553,0.180649
1.17851,-0.156608,0.0978238,-0.561397,0.406182,0.106775,-0.508676,-0.141133,0.180721
1.17991,-0.152441,0.0975518,-0.549428,0.403676,0.108219,-0.521644,-0.142394,0.180749
1.18125,-0.148265,0.0972817,-0.537414,0.400835,0.109707,-0.534594,-0.14333,0.180732
1.18252,-0.144079,0.0970134,-0.525368,0.397655,0.111237,-0.547512,-0.143936,0.18067
1.18373,-0.139884,0.096747,-0.513307,0.394135,0.112809,-0.560383,-0.144211,0.180564
1.18488,-0.135679,0.0964824,-0.501245,0.390272,0.114424,-0.573192,-0.144153,0.180414
1.18596,-0.131465,0.0962197,-0.489197,0.386066,0.116079,-0.585924,-0.143761,0.180222
1.18698,-0.127241,0.0959589,-0.477179,0.381518,0.117773,-0.598563,-0.143037,0.179988
1.18794,-0.123009,0.0957,-0.465205,0.376632,0.119507,-0.611095,-0.141983,0.179713
1.18884,-0.118766,0.0954429,-0.453291,0.37141,0.121278,-0.623505,-0.140604,0.179399
1.18967,-0.114515,0.0951878,-0.44145,0.365859,0.123084,-0.635778,-0.138904,0.179048
1.19044,-0.110254,0.0949346,-0.429697,0.359983,0.124925,-0.6479,-0.13689,0.17866
1.19114,-0.105983,0.0946834,-0.418045,0.353792,0.126798,-0.659859,-0.134569,0.178238
1.19179,-0.101704,0.0944342,-0.406506,0.347293,0.128702,-0.67164,-0.13195,0.177783
1.19237,-0.0974146,0.094187,-0.395092,0.340497,0.130635,-0.683234,-0.129042,0.177298
1.19288,-0.0931163,0.0939419,-0.383812,0.333412,0.132595,-0.694629,-0.125856,0.176783
1.19333,-0.0888086,0.0936989,-0.372677,0.326052,0.134579,-0.705816,-0.122403,0.176242
1.19372,-0.0844917,0.0934581,-0.361694,0.318426,0.136586,-0.716785,-0.118694,0.175676
1.19404,-0.0801656,0.0932195,-0.350871,0.310548,0.138614,-0.72753,-0.114742,0.175087
1.1943,-0.0758303,0.0929831,-0.340214,0.302429,0.14066,-0.738044,-0.110559,0.174477
1.19449,-0.0714859,0.0927491,-0.329728,0.294084,0.142723,-0.748322,-0.106158,0.173847
1.19461,-0.0671326,0.0925175,-0.319417,0.285523,0.144801,-0.758358,-0.101551,0.173201
1.19467,-0.0627703,0.0922884,-0.309284,0.276761,0.146892,-0.76815,-0.0967505,0.17254
1.19467,-0.0583992,0.0920618,-0.29933,0.267809,0.148993,-0.777696,-0.0917703,0.171865
1.19459,-0.0540194,0.0918378,-0.289558,0.258682,0.151103,-0.786993,-0.0866221,0.171179
1.19445,-0.0496312,0.0916165,-0.279967,0.249389,0.153221,-0.796041,-0.0813183,0.170482
1.19424,-0.0452345,0.0913981,-0.270556,0.239945,0.155344,-0.804841,-0.0758706,0.169778
1.19396,-0.0408297,0.0911825,-0.261325,0.23036,0.157472,-0.813392,-0.0702905,0.169066
1.19361,-0.036417,0.0909699,-0.252271,0.220646,0.159602,-0.821696,-0.064589,0.168348
1.19319,-0.0319964,0.0907605,-0.243392,0.210813,0.161734,-0.829755,-0.0587767,0.167626
1.1927,-0.0275684,0.0905542,-0.234685,0.200872,0.163865,-0.837572,-0.0528638,0.166901
1.19213,-0.0231332,0.0903513,-0.226146,0.190833,0.165995,-0.845149,-0.0468599,0.166174
1.1915,-0.018691,0.0901518,-0.217771,0.180705,0.168122,-0.85249,-0.0407742,0.165446
1.1908,-0.0142422,0.089956,-0.209557,0.170497,0.170246,-0.859599,-0.0346152,0.164718
1.19002,-0.00978708,0.0897638,-0.201498,0.160218,0.172366,-0.866478,-0.0283912,0.163991
1.18916,-0.00532606,0.0895754,-0.193591,0.149876,0.174479,-0.873132,-0.0221099,0.163265
1.18823,-0.000859507,0.089391,-0.185829,0.139478,0.176587,-0.879566,-0.0157784,0.162542
1.18723,0.00361217,0.0892107,-0.178209,0.129031,0.178687,-0.885783,-0.00940353,0.161822
1.18615,0.00808854,0.0890347,-0.170725,0.118543,0.18078,-0.891789,-0.00299156,0.161106
1.185,0.0125691,0.0888631,-0.163371,0.108019,0.182863,-0.897587,0.00345162,0.160394
1.18377,0.0170535,0.0886961,-0.156144,0.097466,0.184938,-0.903182,0.00992052,0.159686
1.18246,0.021541,0.0885338,-0.149036,0.0868889,0.187002,-0.908579,0.0164101,0.158984
1.18107,0.0260312,0.0883764,-0.142043,0.0762932,0.189056,-0.913783,0.0229156,0.158287
1.1796,0.0305235,0.088224,-0.135161,0.0656838,0.1911,-0.918797,0.0294326,0.157596
1.17805,0.0350174,0.0880769,-0.128383,0.0550654,0.193131,-0.923627,0.0359572,0.156912
1.17642,0.0395121,0.0879352,-0.121704,0.0444423,0.195151,-0.928277,0.0424856,0.156233
1.17471,0.0440071,0.0877991,-0.11512,0.0338186,0.197159,-0.932751,0.0490143,0.155562
1.17292,0.0485017,0.0876687,-0.108625,0.023198,0.199154,-0.937054,0.0555403,0.154897
1.17104,0.0529952,0.0875443,-0.102215,0.0125843,0.201136,-0.94119,0.0620605,0.154239
1.16909,0.0574868,0.087426,-0.0958849,0.00198085,0.203105,-0.945162,0.0685723,0.153589
1.16705,0.0619758,0.0873141,-0.0896298,-0.00860923,0.20506,-0.948975,0.0750734,0.152945
1.16492,0.0664615,0.0872086,-0.0834453,-0.0191829,0.207002,-0.952634,0.0815614,0.15231
1.16271,0.0709431,0.0871099,-0.0773269,-0.0297373,0.208929,-0.956141,0.0880343,0.151681
1.16041,0.0754196,0.0870181,-0.0712703,-0.0402698,0.210842,-0.9595,0.0944902,0.15106
1.15803,0.0798903,0.0869334,-0.0652714,-0.0507778,0.21274,-0.962716,0.100928,0.150446
1.15556,0.0843544,0.0868561,-0.0593259,-0.061259,0.214623,-0.965791,0.107345,0.14984
1.153,0.0888108,0.0867862,-0.0534301,-0.071711,0.216492,-0.96873,0.11374,0.149242
1.15035,0.0932588,0.0867241,-0.0475799,-0.0821316,0.218345,-0.971534,0.120113,0.148651
1.14762,0.0976973,0.0866699,-0.0417717,-0.0925188,0.220182,-0.974208,0.126462,0.148068
1.1448,0.102125,0.0866239,-0.036002,-0.102871,0.222004,-0.976755,0.132785,0.147492
1.14188,0.106542,0.0865862,-0.0302672,-0.113185,0.22381,-0.979177,0.139083,0.146923
1.13888,0.110947,0.086557,-0.0245639,-0.123461,0.225601,-0.981478,0.145354,0.146362
1.13579,0.115338,0.0865367,-0.0188891,-0.133695,0.227375,-0.98366,0.151598,0.145809
1.1326,0.119714,0.0865253,-0.0132394,-0.143887,0.229132,-0.985725,0.157813,0.145262
1.12933,0.124075,0.0865232,-0.00761199,-0.154035,0.230873,-0.987678,0.164,0.144723
1.12596,0.12842,0.0865304,-0.00200393,-0.164137,0.232598,-0.989519,0.170157,0.144191
1.1225,0.132747,0.0865473,0.00358755,-0.174192,0.234306,-0.991252,0.176285,0.143667
1.11895,0.137055,0.086574,0.0091651,-0.184199,0.235997,-0.992879,0.182383,0.143149
1.11531,0.141344,0.0866108,0.0147313,-0.194155,0.237671,-0.994402,0.188451,0.142638
1.11157,0.145611,0.0866578,0.0202885,-0.204059,0.239328,-0.995823,0.194488,0.142134
1.10775,0.149857,0.0867153,0.0258391,-0.213911,0.240968,-0.997144,0.200494,0.141637
1.10382,0.154079,0.0867835,0.0313854,-0.223708,0.24259,-0.998368,0.20647,0.141147
1.09981,0.158276,0.0868625,0.0369294,-0.23345,0.244195,-0.999496,0.212414,0.140663
1.0957,0.162448,0.0869527,0.0424732,-0.243135,0.245782,-1.00053,0.218327,0.140186
1.09149,0.166594,0.0870542,0.0480188,-0.252762,0.247351,-1.00147,0.224208,0.139715
1.0872,0.170711,0.0871672,0.0535679,-0.262329,0.248902,-1.00232,0.230058,0.13925
1.0828,0.174799,0.0872919,0.0591223,-0.271836,0.250436,-1.00309,0.235877,0.138792
1.07832,0.178857,0.0874285,0.0646836,-0.281281,0.251951,-1.00376,0.241665,0.13834
1.07374,0.182883,0.0875772,0.0702535,-0.290664,0.253449,-1.00435,0.247421,0.137894
1.06906,0.186876,0.0877382,0.0758334,-0.299982,0.254927,-1.00486,0.253146,0.137454
1.0643,0.190835,0.0879117,0.0814246,-0.309235,0.256388,-1.00528,0.258839,0.13702
1.05943,0.194759,0.0880979,0.0870285,-0.318421,0.25783,-1.00562,0.264502,0.136592
1.05448,0.198647,0.088297,0.0926463,-0.32754,0.259253,-1.00588,0.270133,0.13617
1.04943,0.202497,0.0885091,0.0982792,-0.336591,0.260658,-1.00607,0.275734,0.135753
1.04428,0.206308,0.0887345,0.103928,-0.345571,0.262043,-1.00617,0.281304,0.135342
1.03904,0.210078,0.0889733,0.109594,-0.354481,0.26341,-1.0062,0.286843,0.134936
1.03371,0.213808,0.0892257,0.115278,-0.363319,0.264758,-1.00615,0.292351,0.134536
1.02829,0.217495,0.0894919,0.120981,-0.372084,0.266087,-1.00603,0.297829,0.134141
1.02277,0.221138,0.0897719,0.126703,-0.380775,0.267397,-1.00584,0.303277,0.133751
1.01716,0.224736,0.0900661,0.132446,-0.389391,0.268687,-1.00557,0.308695,0.133367
1.01146,0.228288,0.0903745,0.13821,-0.39793,0.269958,-1.00523,0.314083,0.132987
1.00567,0.231792,0.0906974,0.143995,-0.406393,0.27121,-1.00482,0.319441,0.132613
0.99978,0.235248,0.0910347,0.149802,-0.414777,0.272442,-1.00434,0.32477,0.132243
0.993803,0.238654,0.0913868,0.155631,-0.423083,0.273655,-1.00379,0.330069,0.131879
0.987735,0.242009,0.0917537,0.161483,-0.431308,0.274848,-1.00318,0.335339,0.131519
0.981576,0.245313,0.0921356,0.167358,-0.439452,0.276021,-1.00249,0.34058,0.131163
0.975328,0.248563,0.0925326,0.173257,-0.447515,0.277175,-1.00174,0.345792,0.130813
0.96899,0.251758,0.0929449,0.179179,-0.455494,0.278308,-1.00093,0.350976,0.130467
0.962563,0.254898,0.0933725,0.185124,-0.463389,0.279422,-1.00005,0.356131,0.130125
0.956047,0.257982,0.0938156,0.191093,-0.4712,0.280516,-0.9991,0.361258,0.129788
0.949444,0.261008,0.0942742,0.197086,-0.478925,0.28159,-0.998089,0.366356,0.129455
0.942753,0.263976,0.0947486,0.203102,-0.486563,0.282644,-0.997015,0.371427,0.129127
0.935975,0.266883,0.0952387,0.209142,-0.494113,0.283679,-0.995877,0.37647,0.128803
0.929112,0.26973,0.0957447,0.215205,-0.501576,0.284693,-0.994677,0.381485,0.128483
0.922162,0.272515,0.0962667,0.221292,-0.508949,0.285687,-0.993414,0.386473,0.128167
0.915128,0.275238,0.0968048,0.227401,-0.516232,0.28666,-0.99209,0.391434,0.127855
0.90801,0.277896,0.0973589,0.233533,-0.523424,0.287614,-0.990704,0.396368,0.127547
0.900808,0.28049,0.0979293,0.239688,-0.530525,0.288548,-0.989256,0.401274,0.127243
0.893524,0.283019,0.098516,0.245864,-0.537533,0.289461,-0.987748,0.406154,0.126943
0.886158,0.28548,0.099119,0.252063,-0.544448,0.290354,-0.98618,0.411008,0.126647
0.87871,0.287875,0.0997384,0.258282,-0.551269,0.291227,-0.984551,0.415835,0.126355
0.871181,0.290201,0.100374,0.264522,-0.557996,0.29208,-0.982863,0.420635,0.126066
0.863573,0.292458,0.101027,0.270781,-0.564627,0.292912,-0.981115,0.42541,0.125781
0.855886,0.294644,0.101695,0.277061,-0.571162,0.293725,-0.979307,0.430158,0.1255
0.848121,0.296761,0.102381,0.283359,-0.577601,0.294517,-0.97744,0.43488,0.125222
0.840279,0.298805,0.103083,0.289676,-0.583942,0.295289,-0.975514,0.439577,0.124948
0.832359,0.300778,0.103801,0.29601,-0.590186,0.296041,-0.97353,0.444248,0.124677
0.824365,0.302678,0.104536,0.302361,-0.596331,0.296773,-0.971486,0.448893,0.12441
0.816295,0.304504,0.105288,0.308729,-0.602376,0.297485,-0.969384,0.453513,0.124147
0.808151,0.306256,0.106057,0.315111,-0.608323,0.298177,-0.967223,0.458107,0.123886
0.799934,0.307933,0.106842,0.321509,-0.614169,0.298849,-0.965003,0.462676,0.123629
0.791645,0.309534,0.107643,0.32792,-0.619914,0.299501,-0.962725,0.46722,0.123376
0.783284,0.31106,0.108461,0.334344,-0.625559,0.300133,-0.960388,0.471739,0.123126
0.774853,0.312509,0.109296,0.34078,-0.631101,0.300745,-0.957993,0.476233,0.122879
0.766352,0.313881,0.110147,0.347227,-0.636542,0.301338,-0.955539,0.480701,0.122635
0.757782,0.315176,0.111015,0.353685,-0.64188,0.30191,-0.953027,0.485145,0.122395
0.749145,0.316392,0.111899,0.360151,-0.647116,0.302463,-0.950456,0.489564,0.122158
0.74044,0.317531,0.112799,0.366626,-0.652248,0.302997,-0.947826,0.493957,0.121924
0.731669,0.318591,0.113716,0.373109,-0.657277,0.303511,-0.945137,0.498326,0.121693
0.722833,0.319572,0.114649,0.379597,-0.662202,0.304006,-0.94239,0.502671,0.121465
0.713932,0.320474,0.115598,0.386091,-0.667023,0.304481,-0.939583,0.50699,0.121241
0.704967,0.321296,0.116563,0.392589,-0.67174,0.304937,-0.936716,0.511284,0.121019
0.69594,0.322039,0.117545,0.39909,-0.676352,0.305374,-0.93379,0.515554,0.120801
0.686851,0.322701,0.118542,0.405594,-0.68086,0.305792,-0.930805,0.519799,0.120586
0.677701,0.323284,0.119555,0.412098,-0.685263,0.306191,-0.927759,0.524018,0.120374
0.668491,0.323787,0.120584,0.418602,-0.68956,0.306572,-0.924653,0.528213,0.120165
0.659221,0.32421,0.121628,0.425105,-0.693753,0.306933,-0.921486,0.532383,0.119959
0.649892,0.324553,0.122688,0.431606,-0.69784,0.307276,-0.918258,0.536527,0.119756
0.640506,0.324815,0.123763,0.438103,-0.701822,0.307601,-0.914969,0.540647,0.119556
0.631063,0.324998,0.124853,0.444596,-0.705698,0.307907,-0.911618,0.544741,0.11936
0.621563,0.3251,0.125959,0.451082,-0.709469,0.308195,-0.908206,0.548809,0.119166
0.612008,0.325123,0.127079,0.457562,-0.713135,0.308465,-0.90473,0.552852,0.118976
0.602398,0.325066,0.128214,0.464034,-0.716696,0.308717,-0.901192,0.55687,0.118788
0.592734,0.32493,0.129364,0.470497,-0.720151,0.308952,-0.897591,0.560861,0.118604
0.583017,0.324715,0.130528,0.476949,-0.723502,0.309168,-0.893926,0.564827,0.118423
0.573246,0.324421,0.131707,0.48339,-0.726747,0.309368,-0.890196,0.568766,0.118246
0.563424,0.324049,0.132899,0.489817,-0.729887,0.30955,-0.886401,0.572679,0.118071
0.55355,0.323598,0.134106,0.496231,-0.732923,0.309715,-0.882541,0.576565,0.1179
0.543625,0.323071,0.135326,0.50263,-0.735855,0.309862,-0.878615,0.580424,0.117731
0.53365,0.322466,0.13656,0.509013,-0.738682,0.309994,-0.874623,0.584256,0.117567
0.523625,0.321785,0.137807,0.515378,-0.741406,0.310108,-0.870562,0.588061,0.117405
0.51355,0.321028,0.139067,0.521724,-0.744026,0.310206,-0.866434,0.591838,0.117247
0.503427,0.320196,0.14034,0.528051,-0.746543,0.310288,-0.862238,0.595586,0.117093
0.493254,0.31929,0.141625,0.534357,-0.748956,0.310353,-0.857971,0.599307,0.116942
0.483034,0.31831,0.142923,0.54064,-0.751268,0.310403,-0.853635,0.602998,0.116794
0.472766,0.317257,0.144233,0.546901,-0.753477,0.310437,-0.849227,0.60666,0.11665
0.462451,0.316133,0.145555,0.553137,-0.755585,0.310455,-0.844748,0.610292,0.11651
0.452088,0.314937,0.146889,0.559348,-0.757591,0.310458,-0.840195,0.613894,0.116373
0.441678,0.313672,0.148234,0.565532,-0.759497,0.310446,-0.835569,0.617465,0.116241
0.431221,0.312337,0.149589,0.571688,-0.761302,0.310418,-0.830869,0.621005,0.116112
0.420718,0.310935,0.150956,0.577815,-0.763008,0.310377,-0.826093,0.624513,0.115988
0.410167,0.309466,0.152333,0.583913,-0.764614,0.31032,-0.82124,0.627988,0.115867
0.39957,0.307932,0.15372,0.589979,-0.766122,0.310249,-0.81631,0.63143,0.115751
0.388927,0.306334,0.155117,0.596014,-0.767532,0.310164,-0.811301,0.634839,0.115639
0.378236,0.304673,0.156523,0.602016,-0.768845,0.310065,-0.806212,0.638212,0.115531
0.367498,0.302951,0.157939,0.607983,-0.770061,0.309952,-0.801042,0.64155,0.115429
0.356714,0.301169,0.159363,0.613915,-0.771181,0.309826,-0.795789,0.644852,0.115331
0.345882,0.299329,0.160796,0.619812,-0.772206,0.309687,-0.790453,0.648117,0.115238
0.335001,0.297433,0.162236,0.625671,-0.773137,0.309534,-0.785032,0.651343,0.11515
0.324073,0.295483,0.163685,0.631492,-0.773973,0.309368,-0.779525,0.654531,0.115067
0.313096,0.293479,0.16514,0.637275,-0.774717,0.30919,-0.773931,0.657678,0.11499
0.30207,0.291425,0.166602,0.643017,-0.775368,0.308999,-0.768247,0.660783,0.114918
0.290994,0.289322,0.168071,0.648719,-0.775927,0.308797,-0.762473,0.663846,0.114853
0.279868,0.287172,0.169545,0.654379,-0.776396,0.308582,-0.756607,0.666864,0.114793
0.26869,0.284978,0.171025,0.659996,-0.776776,0.308355,-0.750647,0.669838,0.11474
0.25746,0.282742,0.17251,0.665571,-0.777066,0.308116,-0.744591,0.672764,0.114693
0.246178,0.280466,0.173999,0.671101,-0.777268,0.307867,-0.738439,0.675642,0.114654
0.234841,0.278153,0.175493,0.676586,-0.777383,0.307606,-0.732188,0.678469,0.114622
0.223449,0.275806,0.176989,0.682026,-0.777411,0.307334,-0.725836,0.681245,0.114597
0.212001,0.273428,0.178488,0.68742,-0.777354,0.307052,-0.719381,0.683966,0.11458
0.200496,0.271021,0.17999,0.692766,-0.777213,0.306759,-0.712822,0.686632,0.114572
0.188932,0.268588,0.181493,0.698065,-0.776987,0.306455,-0.706157,0.689239,0.114572
0.177308,0.266134,0.182997,0.703315,-0.77668,0.306142,-0.699383,0.691786,0.114581
0.165623,0.26366,0.184501,0.708516,-0.77629,0.305819,-0.692499,0.69427,0.1146
0.153874,0.261172,0.186005,0.713668,-0.77582,0.305486,-0.685502,0.696688,0.114629
0.14206,0.258672,0.187508,0.71877,-0.77527,0.305143,-0.67839,0.699038,0.114669
0.13018,0.256165,0.189009,0.72382,-0.774642,0.304792,-0.671161,0.701317,0.11472
0.118232,0.253655,0.190507,0.72882,-0.773936,0.304431,-0.663812,0.703521,0.114782
0.106214,0.251146,0.192001,0.733768,-0.773152,0.304062,-0.656342,0.705646,0.114857
0.0941237,0.248643,0.193491,0.738664,-0.772293,0.303684,-0.648747,0.70769,0.114945
0.0819593,0.246151,0.194975,0.743507,-0.77136,0.303297,-0.641026,0.709649,0.115048
0.0697189,0.243675,0.196453,0.748297,-0.770352,0.302903,-0.633176,0.711517,0.115164
0.0574002,0.24122,0.197923,0.753034,-0.769272,0.3025,-0.625194,0.713292,0.115297
0.0450011,0.238793,0.199385,0.757717,-0.76812,0.30209,-0.617078,0.714967,0.115446
0.0325194,0.236399,0.200837,0.762347,-0.766897,0.301671,-0.608826,0.716538,0.115612
0.0199529,0.234044,0.202277,0.766922,-0.765604,0.301246,-0.600434,0.718,0.115797
0.00729944,0.231737,0.203706,0.771442,-0.764243,0.300813,-0.591901,0.719346,0.116001
-0.00544324,0.229483,0.20512,0.775908,-0.762814,0.300373,-0.583225,0.72057,0.116227
-0.0182773,0.227291,0.20652,0.780319,-0.761318,0.299926,-0.574401,0.721667,0.116474
-0.0312048,0.225169,0.207902,0.784674,-0.759756,0.299472,-0.565429,0.722627,0.116745
-0.0442278,0.223124,0.209266,0.788975,-0.758129,0.299012,-0.556307,0.723444,0.117042
-0.0573482,0.221168,0.210609,0.79322,-0.756438,0.298546,-0.547032,0.72411,0.117365
-0.0705676,0.219308,0.211931,0.79741,-0.754684,0.298073,-0.537602,0.724616,0.117717
-0.0838876,0.217555,0.213228,0.801544,-0.752869,0.297594,-0.528016,0.724953,0.118099
-0.0973094,0.215921,0.214498,0.805622,-0.750992,0.297109,-0.518273,0.72511,0.118513
-0.110834,0.214417,0.21574,0.809645,-0.749054,0.296618,-0.508372,0.725078,0.118962
-0.124461,0.213054,0.216951,0.813613,-0.747058,0.296122,-0.498312,0.724844,0.119448
-0.138192,0.211846,0.218127,0.817525,-0.745003,0.29562,-0.488093,0.724397,0.119973
-0.152025,0.210806,0.219268,0.821382,-0.742891,0.295112,-0.477716,0.723725,0.12054
-0.16596,0.209949,0.220369,0.825183,-0.740721,0.294599,-0.467183,0.722813,0.121152
-0.179994,0.209289,0.221428,0.828929,-0.738496,0.294082,-0.456495,0.721647,0.121811
-0.194124,0.208842,0.222441,0.83262,-0.736215,0.293559,-0.445656,0.720214,0.122521
-0.208346,0.208624,0.223405,0.836256,-0.73388,0.293031,-0.43467,0.718496,0.123284
-0.222655,0.208653,0.224316,0.839837,-0.731492,0.292498,-0.423542,0.716479,0.124105
-0.237044,0.208946,0.225172,0.843363,-0.72905,0.291961,-0.412279,0.714144,0.124987
-0.251505,0.209521,0.225967,0.846835,-0.726556,0.291419,-0.40089,0.711476,0.125934
-0.266028,0.210396,0.226699,0.850253,-0.724011,0.290873,-0.389384,0.708455,0.126949
-0.280601,0.211589,0.227362,0.853616,-0.721414,0.290322,-0.377775,0.705065,0.128036
-0.295211,0.213119,0.227954,0.856926,-0.718767,0.289766,-0.366075,0.701288,0.129199
-0.30984,0.215004,0.228471,0.860181,-0.71607,0.289207,-0.354301,0.697106,0.130443
-0.324472,0.217261,0.228908,0.863384,-0.713324,0.288643,-0.342472,0.692503,0.13177
-0.339084,0.219907,0.229261,0.866533,-0.710529,0.288075,-0.330609,0.687462,0.133184
-0.353654,0.222956,0.229529,0.869629,-0.707685,0.287502,-0.318734,0.681969,0.134689
-0.368157,0.226421,0.229706,0.872672,-0.704793,0.286926,-0.306875,0.676012,0.136288
-0.382565,0.230313,0.229791,0.875663,-0.701853,0.286346,-0.295057,0.669581,0.137983
-0.396849,0.23464,0.229781,0.878601,-0.698867,0.285762,-0.283312,0.662666,0.139777
-0.410977,0.239407,0.229676,0.881486,-0.695832,0.285173,-0.271669,0.655265,0.141671
-0.424918,0.244616,0.229473,0.88432,-0.692752,0.284581,-0.260162,0.647376,0.143665
-0.438638,0.250264,0.229174,0.887102,-0.689624,0.283985,-0.248823,0.639,0.145761
-0.452106,0.256343,0.228778,0.889831,-0.68645,0.283385,-0.237685,0.630147,0.147956
-0.465289,0.262845,0.228288,0.892509,-0.683229,0.282782,-0.22678,0.620824,0.15025
-0.478157,0.269754,0.227706,0.895135,-0.679963,0.282174,-0.216138,0.611049,0.15264
-0.490682,0.277052,0.227034,0.89771,-0.67665,0.281563,-0.205788,0.600838,0.155122
-0.502836,0.284717,0.226278,0.900232,-0.67329,0.280948,-0.195756,0.590213,0.157693
-0.514599,0.292725,0.225442,0.902703,-0.669885,0.28033,-0.186064,0.5792,0.160348
-0.525949,0.301047,0.224531,0.905122,-0.666433,0.279707,-0.176732,0.567825,0.163082
-0.536873,0.309657,0.223551,0.907489,-0.662934,0.279081,-0.167775,0.556118,0.165888
-0.547358,0.318523,0.222507,0.909803,-0.659389,0.278452,-0.159205,0.544107,0.168761
-0.557397,0.327615,0.221406,0.912066,-0.655798,0.277818,-0.151029,0.531823,0.171696
-0.566984,0.336902,0.220255,0.914275,-0.652159,0.277181,-0.143251,0.519297,0.174684
-0.576121,0.346355,0.219058,0.916432,-0.648474,0.276541,-0.135871,0.506558,0.177721
-0.584809,0.355946,0.217823,0.918536,-0.644741,0.275897,-0.128887,0.493635,0.1808
-0.593053,0.365645,0.216555,0.920586,-0.64096,0.275249,-0.122293,0.480555,0.183916
-0.600861,0.375428,0.215259,0.922582,-0.637132,0.274598,-0.11608,0.467343,0.187063
-0.608243,0.385271,0.213941,0.924523,-0.633255,0.273943,-0.11024,0.454024,0.190236
-0.61521,0.395152,0.212605,0.926409,-0.629331,0.273285,-0.104759,0.440618,0.19343
-0.621774,0.405051,0.211256,0.92824,-0.625357,0.272624,-0.0996259,0.427146,0.19664
-0.627949,0.414949,0.209898,0.930015,-0.621335,0.271959,-0.0948256,0.413626,0.199863
-0.633749,0.424831,0.208534,0.931733,-0.617264,0.271291,-0.0903439,0.400073,0.203095
-0.639187,0.434682,0.207167,0.933393,-0.613143,0.270619,-0.0861658,0.386501,0.206333
-0.644279,0.444489,0.205801,0.934995,-0.608972,0.269945,-0.0822761,0.372923,0.209574
-0.649039,0.454242,0.204438,0.936538,-0.604752,0.269268,-0.0786595,0.35935,0.212814
-0.653481,0.46393,0.20308,0.938022,-0.600481,0.268587,-0.075301,0.345791,0.216053
-0.657619,0.473546,0.20173,0.939445,-0.59616,0.267904,-0.0721857,0.332253,0.219287
-0.661467,0.483083,0.200388,0.940806,-0.591787,0.267218,-0.0692991,0.318745,0.222515
-0.665038,0.492534,0.199056,0.942105,-0.587364,0.266529,-0.066627,0.30527,0.225735
-0.668345,0.501894,0.197737,0.943341,-0.582889,0.265837,-0.0641559,0.291835,0.228946
-0.6714,0.51116,0.19643,0.944513,-0.578363,0.265143,-0.0618725,0.278443,0.232147
-0.674215,0.520328,0.195137,0.945619,-0.573785,0.264447,-0.0597641,0.265098,0.235336
-0.6768,0.529395,0.193858,0.946658,-0.569155,0.263749,-0.0578184,0.251801,0.238513
-0.679167,0.538359,0.192595,0.947631,-0.564473,0.263048,-0.0560237,0.238555,0.241677
-0.681325,0.547218,0.191347,0.948534,-0.559739,0.262346,-0.0543689,0.225361,0.244827
-0.683285,0.555972,0.190115,0.949368,-0.554952,0.261641,-0.0528432,0.21222,0.247963
-0.685055,0.56462,0.1889,0.950131,-0.550113,0.260935,-0.0514364,0.199133,0.251085
-0.686643,0.573161,0.187701,0.950821,-0.545221,0.260228,-0.0501385,0.1861,0.254191
-0.688058,0.581595,0.186519,0.951439,-0.540276,0.259519,-0.0489403,0.173121,0.257281
-0.689308,0.589923,0.185354,0.951981,-0.535279,0.25881,-0.0478327,0.160196,0.260356
-0.6904,0.598144,0.184206,0.952447,-0.530229,0.258099,-0.0468072,0.147325,0.263414
-0.69134,0.60626,0.183075,0.952836,-0.525126,0.257388,-0.0458557,0.134506,0.266456
-0.692135,0.61427,0.181961,0.953145,-0.51997,0.256677,-0.0449702,0.12174,0.269482
-0.692792,0.622177,0.180864,0.953375,-0.514762,0.255965,-0.0441432,0.109026,0.272491
-0.693315,0.62998,0.179784,0.953522,-0.509502,0.255254,-0.0433676,0.0963619,0.275482
-0.69371,0.637681,0.178721,0.953587,-0.504189,0.254542,-0.0426365,0.0837481,0.278457
-0.693983,0.645281,0.177674,0.953567,-0.498824,0.253832,-0.0419432,0.0711832,0.281415
-0.694139,0.652781,0.176643,0.95346,-0.493407,0.253122,-0.0412814,0.0586662,0.284355
-0.694181,0.660182,0.175629,0.953266,-0.487939,0.252413,-0.0406449,0.0461963,0.287278
-0.694114,0.667486,0.174631,0.952982,-0.482419,0.251706,-0.040028,0.0337725,0.290183
-0.693942,0.674694,0.173648,0.952607,-0.476848,0.251001,-0.0394249,0.0213939,0.293071
-0.69367,0.681808,0.172682,0.95214,-0.471227,0.250298,-0.0388302,0.00905945,0.29594
-0.6933,0.688827,0.171731,0.951578,-0.465556,0.249597,-0.0382386,-0.00323159,0.298792
-0.692836,0.695755,0.170795,0.950921,-0.459835,0.248899,-0.0376451,-0.0154801,0.301626
-0.692281,0.702592,0.169874,0.950166,-0.454065,0.248204,-0.0370448,-0.0276868,0.304442
-0.691639,0.70934,0.168968,0.949311,-0.448247,0.247513,-0.0364328,-0.0398525,0.307239
-0.690911,0.715999,0.168077,0.948356,-0.442382,0.246826,-0.0358047,-0.0519778,0.310018
-0.690102,0.722572,0.1672,0.947298,-0.436469,0.246143,-0.0351559,-0.0640633,0.312778
-0.689213,0.729059,0.166337,0.946136,-0.43051,0.245465,-0.0344823,-0.0761095,0.315519
-0.688247,0.735462,0.165488,0.944867,-0.424505,0.244792,-0.0337795,-0.0881169,0.318241
-0.687207,0.741782,0.164652,0.94349,-0.418456,0.244124,-0.0330436,-0.100086,0.320943
-0.686093,0.748021,0.163831,0.942004,-0.412364,0.243463,-0.0322706,-0.112017,0.323627
-0.68491,0.754178,0.163022,0.940406,-0.406229,0.242808,-0.0314567,-0.12391,0.32629
-0.683657,0.760257,0.162227,0.938696,-0.400052,0.24216,-0.0305983,-0.135765,0.328934
-0.682338,0.766257,0.161444,0.93687,-0.393835,0.241519,-0.0296916,-0.147582,0.331557
-0.680954,0.77218,0.160674,0.934927,-0.387579,0.240887,-0.0287333,-0.159361,0.334159
-0.679507,0.778028,0.159916,0.932867,-0.381285,0.240263,-0.0277199,-0.171102,0.336741
-0.677997,0.7838,0.159171,0.930686,-0.374955,0.239648,-0.0266482,-0.182806,0.339302
-0.676428,0.789499,0.158437,0.928383,-0.368589,0.239042,-0.0255149,-0.19447,0.341841
-0.6748,0.795125,0.157716,0.925957,-0.36219,0.238446,-0.024317,-0.206095,0.344358
-0.673114,0.800679,0.157006,0.923405,-0.355758,0.237862,-0.0230515,-0.217681,0.346853
-0.671371,0.806163,0.156307,0.920727,-0.349296,0.237288,-0.0217154,-0.229227,0.349325
-0.669574,0.811577,0.15562,0.91792,-0.342805,0.236726,-0.020306,-0.240732,0.351774
-0.667722,0.816922,0.154944,0.914983,-0.336287,0.236176,-0.0188205,-0.252195,0.3542
-0.665818,0.822199,0.154279,0.911914,-0.329744,0.235639,-0.0172562,-0.263615,0.356602
-0.663861,0.827409,0.153624,0.908712,-0.323177,0.235116,-0.0156108,-0.274992,0.35898
-0.661854,0.832553,0.15298,0.905376,-0.316589,0.234607,-0.0138817,-0.286323,0.361333
-0.659796,0.837631,0.152346,0.901903,-0.309982,0.234112,-0.0120666,-0.297609,0.363662
-0.657689,0.842644,0.151723,0.898292,-0.303357,0.233633,-0.0101632,-0.308847,0.365964
-0.655534,0.847594,0.151109,0.894543,-0.296717,0.23317,-0.00816944,-0.320037,0.368241
-0.653331,0.852481,0.150506,0.890654,-0.290064,0.232723,-0.00608327,-0.331176,0.370491
-0.65108,0.857305,0.149912,0.886623,-0.283401,0.232294,-0.00390274,-0.342264,0.372714
-0.648783,0.862067,0.149328,0.882449,-0.27673,0.231883,-0.00162602,-0.353298,0.374909
-0.646441,0.866769,0.148754,0.878132,-0.270052,0.23149,0.000748616,-0.364277,0.377077
-0.644053,0.87141,0.148188,0.87367,-0.263372,0.231116,0.00322277,-0.375198,0.379216
-0.641621,0.875991,0.147632,0.869063,-0.25669,0.230762,0.00579794,-0.386061,0.381326
-0.639144,0.880513,0.147086,0.864309,-0.250011,0.230428,0.00847552,-0.396862,0.383406
-0.636624,0.884976,0.146548,0.859407,-0.243336,0.230116,0.0112568,-0.4076,0.385456
-0.63406,0.889381,0.146019,0.854357,-0.236668,0.229825,0.0141428,-0.418273,0.387476
-0.631454,0.893728,0.145498,0.849159,-0.23001,0.229557,0.0171347,-0.428878,0.389465
-0.628805,0.898018,0.144987,0.843812,-0.223365,0.229311,0.0202334,-0.439413,0.391422
-0.626114,0.902251,0.144483,0.838314,-0.216735,0.229089,0.0234395,-0.449876,0.393347
-0.623381,0.906428,0.143989,0.832667,-0.210124,0.228891,0.0267538,-0.460265,0.39524
-0.620607,0.91055,0.143502,0.82687,-0.203534,0.228718,0.0301767,-0.470576,0.397099
-0.617791,0.914615,0.143024,0.820922,-0.196968,0.228571,0.0337087,-0.480807,0.398925
-0.614935,0.918626,0.142554,0.814825,-0.190429,0.228449,0.0373499,-0.490957,0.400717
-0.612037,0.922582,0.142092,0.808577,-0.183921,0.228354,0.0411005,-0.501021,0.402474
-0.6091,0.926483,0.141638,0.802179,-0.177445,0.228286,0.0449604,-0.510998,0.404196
-0.606121,0.93033,0.141192,0.795632,-0.171006,0.228245,0.0489295,-0.520885,0.405883
-0.603103,0.934124,0.140754,0.788935,-0.164605,0.228233,0.0530074,-0.530679,0.407533
-0.600044,0.937864,0.140323,0.782091,-0.158247,0.228249,0.0571936,-0.540377,0.409148
-0.596946,0.94155,0.139901,0.775098,-0.151933,0.228294,0.0614876,-0.549977,0.410726
-0.593807,0.945183,0.139485,0.767959,-0.145666,0.228368,0.0658886,-0.559477,0.412266
-0.590629,0.948763,0.139078,0.760673,-0.139451,0.228473,0.0703957,-0.568872,0.41377
-0.587411,0.95229,0.138678,0.753243,-0.133288,0.228607,0.0750078,-0.578162,0.415235
-0.584153,0.955765,0.138285,0.745669,-0.127182,0.228772,0.0797239,-0.587343,0.416662
-0.580856,0.959186,0.1379,0.737953,-0.121134,0.228969,0.0845426,-0.596412,0.418051
-0.577518,0.962556,0.137522,0.730096,-0.115148,0.229196,0.0894624,-0.605368,0.419402
-0.574141,0.965872,0.137152,0.7221,-0.109226,0.229455,0.0944818,-0.614207,0.420713
-0.570725,0.969137,0.136789,0.713966,-0.10337,0.229746,0.099599,-0.622926,0.421986
-0.567268,0.972349,0.136433,0.705696,-0.0975839,0.230068,0.104812,-0.631525,0.423219
-0.563772,0.975508,0.136084,0.697293,-0.0918687,0.230423,0.11012,-0.639999,0.424413
-0.560236,0.978615,0.135743,0.688757,-0.0862271,0.230811,0.115519,-0.648348,0.425567
-0.55666,0.981669,0.135409,0.680092,-0.0806612,0.23123,0.121008,-0.656568,0.426681
-0.553044,0.984671,0.135082,0.671299,-0.0751731,0.231682,0.126585,-0.664658,0.427756
-0.549387,0.98762,0.134762,0.662381,-0.0697646,0.232167,0.132246,-0.672615,0.428791
-0.545691,0.990516,0.13445,0.65334,-0.0644377,0.232684,0.13799,-0.680438,0.429787
-0.541954,0.993359,0.134144,0.644179,-0.0591938,0.233233,0.143815,-0.688125,0.430742
-0.538176,0.996149,0.133846,0.6349,-0.0540347,0.233815,0.149716,-0.695674,0.431659
-0.534358,0.998885,0.133556,0.625506,-0.0489617,0.234429,0.155692,-0.703084,0.432535
-0.530498,1.00157,0.133272,0.615999,-0.0439761,0.235075,0.161739,-0.710352,0.433373
-0.526598,1.0042,0.132996,0.606382,-0.039079,0.235753,0.167856,-0.717478,0.434171
-0.522656,1.00677,0.132727,0.596659,-0.0342714,0.236463,0.174038,-0.72446,0.43493
-0.518673,1.00929,0.132466,0.586831,-0.0295541,0.237204,0.180282,-0.731297,0.43565
-0.514648,1.01176,0.132212,0.576902,-0.0249278,0.237977,0.186587,-0.737988,0.436332
-0.510582,1.01417,0.131965,0.566874,-0.0203931,0.23878,0.192948,-0.744533,0.436975
-0.506473,1.01652,0.131726,0.556752,-0.0159503,0.239613,0.199362,-0.750929,0.437581
-0.502323,1.01882,0.131494,0.546536,-0.0115996,0.240477,0.205826,-0.757178,0.438149
-0.498129,1.02106,0.13127,0.536231,-0.00734107,0.24137,0.212338,-0.763278,0.43868
-0.493893,1.02324,0.131054,0.52584,-0.00317465,0.242292,0.218894,-0.769228,0.439174
-0.489614,1.02537,0.130845,0.515364,0.000899943,0.243243,0.22549,-0.775029,0.439632
-0.485292,1.02744,0.130645,0.504809,0.00488311,0.244222,0.232124,-0.780681,0.440054
-0.480927,1.02945,0.130452,0.494175,0.00877541,0.245228,0.238792,-0.786182,0.44044
-0.476517,1.0314,0.130267,0.483466,0.0125776,0.246261,0.245491,-0.791535,0.440792
-0.472064,1.03329,0.130091,0.472686,0.0162905,0.247321,0.252218,-0.796737,0.441109
-0.467567,1.03512,0.129923,0.461837,0.0199151,0.248406,0.258971,-0.801791,0.441392
-0.463026,1.03688,0.129763,0.450921,0.0234527,0.249516,0.265745,-0.806697,0.441641
-0.45844,1.03859,0.129611,0.439942,0.0269044,0.250651,0.272538,-0.811454,0.441858
-0.453809,1.04023,0.129469,0.428902,0.0302719,0.251809,0.279347,-0.816064,0.442042
-0.449133,1.04181,0.129335,0.417804,0.0335566,0.25299,0.28617,-0.820527,0.442195
-0.444412,1.04332,0.12921,0.40665,0.0367603,0.254193,0.293002,-0.824845,0.442317
-0.439646,1.04477,0.129094,0.395444,0.0398848,0.255418,0.299842,-0.829018,0.442408
-0.434833,1.04615,0.128988,0.384187,0.0429321,0.256663,0.306686,-0.833047,0.44247
-0.429976,1.04747,0.128891,0.372883,0.0459043,0.257928,0.313533,-0.836933,0.442502
-0.425071,1.04871,0.128803,0.361533,0.0488036,0.259212,0.320378,-0.840678,0.442505
-0.420121,1.04989,0.128726,0.35014,0.0516323,0.260514,0.327221,-0.844283,0.442481
-0.415125,1.051,0.128658,0.338706,0.0543929,0.261833,0.334058,-0.847749,0.442429
-0.410082,1.05203,0.128601,0.327234,0.0570878,0.263169,0.340888,-0.851078,0.44235
-0.404992,1.05299,0.128554,0.315725,0.0597198,0.26452,0.347707,-0.854271,0.442246
-0.399856,1.05388,0.128518,0.304182,0.0622916,0.265887,0.354513,-0.857329,0.442115
-0.394672,1.05469,0.128493,0.292607,0.0648059,0.267267,0.361306,-0.860255,0.44196
-0.389442,1.05542,0.128479,0.281001,0.0672657,0.26866,0.368081,-0.863049,0.441781
-0.384165,1.05608,0.128477,0.269367,0.0696739,0.270065,0.374839,-0.865714,0.441578
-0.378842,1.05666,0.128487,0.257706,0.0720337,0.271482,0.381576,-0.868251,0.441352
-0.373471,1.05715,0.128508,0.24602,0.074348,0.272908,0.38829,-0.870662,0.441103
-0.368053,1.05757,0.128542,0.234312,0.0766202,0.274344,0.394981,-0.872948,0.440833
-0.362588,1.0579,0.128589,0.222582,0.0788535,0.275789,0.401647,-0.875112,0.440542
-0.357077,1.05814,0.128649,0.210832,0.0810512,0.277241,0.408285,-0.877155,0.44023
-0.35152,1.0583,0.128722,0.199064,0.0832166,0.2787,0.414895,-0.87908,0.439898
-0.345915,1.05837,0.128809,0.18728,0.0853533,0.280165,0.421475,-0.880887,0.439546
-0.340265,1.05835,0.12891,0.175481,0.0874646,0.281634,0.428024,-0.882578,0.439176
-0.334569,1.05824,0.129026,0.163668,0.089554,0.283108,0.434541,-0.884157,0.438787
-0.328827,1.05804,0.129156,0.151843,0.0916251,0.284584,0.441024,-0.885623,0.43838
-0.32304,1.05774,0.129301,0.140007,0.0936815,0.286063,0.447473,-0.88698,0.437956
-0.317208,1.05734,0.129463,0.128162,0.0957268,0.287542,0.453886,-0.888228,0.437515
-0.311332,1.05685,0.12964,0.11631,0.0977646,0.289022,0.460263,-0.889371,0.437058
-0.305412,1.05625,0.129834,0.10445,0.0997986,0.290501,0.466602,-0.890409,0.436585
-0.299449,1.05555,0.130045,0.0925861,0.101832,0.291979,0.472903,-0.891344,0.436096
-0.293443,1.05475,0.130273,0.0807181,0.10387,0.293454,0.479165,-0.892179,0.435593
-0.287396,1.05384,0.13052,0.0688478,0.105914,0.294925,0.485388,-0.892914,0.435075
-0.281307,1.05282,0.130784,0.0569765,0.10797,0.296392,0.49157,-0.893552,0.434544
-0.275178,1.05169,0.131068,0.0451057,0.11004,0.297853,0.497712,-0.894094,0.433999
-0.269009,1.05045,0.131371,0.0332368,0.112128,0.299309,0.503812,-0.894543,0.43344
-0.262802,1.0491,0.131694,0.0213713,0.114239,0.300757,0.509871,-0.894899,0.432869
-0.256558,1.04763,0.132038,0.00951052,0.116375,0.302196,0.515887,-0.895164,0.432285
-0.250277,1.04604,0.132403,-0.00234391,0.11854,0.303627,0.521861,-0.89534,0.43169
-0.243962,1.04433,0.132789,-0.0141905,0.120739,0.305048,0.527793,-0.895428,0.431083
-0.237613,1.0425,0.133198,-0.0260276,0.122975,0.306458,0.533681,-0.895431,0.430464
-0.231232,1.04054,0.133629,-0.0378536,0.12525,0.307856,0.539525,-0.895348,0.429835
-0.22482,1.03845,0.134084,-0.0496668,0.12757,0.309241,0.545327,-0.895183,0.429195
-0.218379,1.03624,0.134563,-0.0614654,0.129937,0.310612,0.551084,-0.894937,0.428544
-0.211911,1.03389,0.135067,-0.0732477,0.132355,0.311969,0.556798,-0.89461,0.427884
-0.205417,1.03142,0.135595,-0.0850117,0.134828,0.313311,0.562468,-0.894204,0.427214
-0.198899,1.0288,0.13615,-0.0967555,0.137359,0.314636,0.568094,-0.89372,0.426534
-0.192359,1.02605,0.136731,-0.108477,0.139951,0.315943,0.573677,-0.893161,0.425846
-0.1858,1.02316,0.137339,-0.120174,0.142607,0.317233,0.579215,-0.892526,0.425148
-0.179224,1.02013,0.137975,-0.131845,0.145331,0.318503,0.584709,-0.891818,0.424442
-0.172632,1.01695,0.138639,-0.143487,0.148127,0.319753,0.590159,-0.891037,0.423727
-0.166028,1.01363,0.139333,-0.155098,0.150996,0.320983,0.595566,-0.890185,0.423004
-0.159413,1.01016,0.140056,-0.166675,0.153942,0.32219,0.600928,-0.889263,0.422274
-0.152791,1.00654,0.140809,-0.178216,0.156969,0.323376,0.606248,-0.888272,0.421535
-0.146164,1.00277,0.141594,-0.189719,0.160078,0.324537,0.611523,-0.887212,0.420789
-0.139535,0.998852,0.14241,-0.20118,0.163273,0.325675,0.616755,-0.886085,0.420035
-0.132908,0.994776,0.143258,-0.212597,0.166556,0.326787,0.621944,-0.884893,0.419275
-0.126284,0.990545,0.14414,-0.223966,0.16993,0.327874,0.62709,-0.883635,0.418507
-0.119667,0.986155,0.145054,-0.235286,0.173397,0.328933,0.632193,-0.882313,0.417732
-0.113061,0.981608,0.146003,-0.246552,0.17696,0.329966,0.637253,-0.880927,0.416951
-0.106469,0.9769,0.146987,-0.257762,0.180619,0.33097,0.642271,-0.879479,0.416163
-0.099894,0.97203,0.148006,-0.268912,0.184379,0.331946,0.647246,-0.877969,0.415368
-0.0933399,0.966999,0.149061,-0.279999,0.188239,0.332891,0.652179,-0.876398,0.414568
-0.0868101,0.961804,0.150152,-0.29102,0.192203,0.333807,0.65707,-0.874767,0.413761
-0.0803085,0.956446,0.15128,-0.301971,0.196271,0.334691,0.66192,-0.873077,0.412948
-0.0738387,0.950922,0.152446,-0.312849,0.200445,0.335544,0.666727,-0.871327,0.41213
-0.0674047,0.945234,0.15365,-0.323649,0.204726,0.336365,0.671494,-0.86952,0.411305
-0.0610103,0.939379,0.154892,-0.334369,0.209116,0.337154,0.676219,-0.867655,0.410475
-0.0546595,0.933359,0.156173,-0.345004,0.213614,0.337909,0.680903,-0.865733,0.409639
-0.0483562,0.927173,0.157493,-0.355551,0.218221,0.33863,0.685547,-0.863754,0.408797
-0.0421046,0.920821,0.158853,-0.366006,0.222939,0.339317,0.69015,-0.861719,0.407951
-0.0359086,0.914303,0.160252,-0.376364,0.227767,0.339969,0.694713,-0.859629,0.407098
-0.0297723,0.90762,0.161692,-0.386623,0.232705,0.340587,0.699236,-0.857484,0.406241
-0.0236998,0.900772,0.163173,-0.396779,0.237753,0.341169,0.703718,-0.855285,0.405378
-0.0176952,0.89376,0.164694,-0.406826,0.242911,0.341716,0.708161,-0.853031,0.40451
-0.0117625,0.886585,0.166256,-0.416762,0.248178,0.342227,0.712565,-0.850723,0.403637
-0.00590582,0.879249,0.16786,-0.426583,0.253554,0.342701,0.716929,-0.848362,0.402759
-0.000129104,0.871751,0.169504,-0.436284,0.259037,0.34314,0.721253,-0.845948,0.401876
0.00556367,0.864095,0.17119,-0.445863,0.264626,0.343542,0.725539,-0.843481,0.400988
0.0111686,0.856281,0.172917,-0.455314,0.27032,0.343908,0.729786,-0.840961,0.400095
0.0166819,0.848311,0.174685,-0.464636,0.276118,0.344237,0.733994,-0.838389,0.399197
0.0220998,0.840187,0.176495,-0.473823,0.282017,0.34453,0.738163,-0.835765,0.398295
0.0274187,0.831912,0.178345,-0.482872,0.288016,0.344787,0.742293,-0.833089,0.397388
0.0326349,0.823488,0.180237,-0.491781,0.294113,0.345008,0.746386,-0.83036,0.396475
0.0377451,0.814917,0.182169,-0.500545,0.300304,0.345192,0.750439,-0.827581,0.395559
0.042746,0.806202,0.184142,-0.509161,0.306588,0.345341,0.754455,-0.824749,0.394637
0.0476344,0.797345,0.186154,-0.517627,0.312962,0.345455,0.758432,-0.821867,0.393711
0.0524073,0.78835,0.188207,-0.525938,0.319423,0.345533,0.762371,-0.818932,0.39278
0.0570618,0.779219,0.190299,-0.534094,0.325967,0.345576,0.766272,-0.815947,0.391845
0.0615951,0.769956,0.19243,-0.54209,0.332593,0.345586,0.770135,-0.812909,0.390905
0.0660049,0.760564,0.194599,-0.549924,0.339296,0.345561,0.773959,-0.809821,0.38996
0.0702887,0.751047,0.196806,-0.557595,0.346074,0.345503,0.777746,-0.806681,0.389011
0.0744444,0.741407,0.199051,-0.565099,0.352922,0.345412,0.781494,-0.803489,0.388057
0.0784699,0.731649,0.201332,-0.572434,0.359837,0.345289,0.785204,-0.800246,0.387099
0.0823636,0.721776,0.20365,-0.5796,0.366815,0.345134,0.788876,-0.796951,0.386136
0.0861238,0.711792,0.206003,-0.586594,0.373853,0.344948,0.79251,-0.793605,0.385169
0.0897491,0.7017,0.208391,-0.593414,0.380946,0.344732,0.796105,-0.790206,0.384197
0.0932385,0.691505,0.210813,-0.60006,0.388091,0.344487,0.799661,-0.786756,0.38322
0.096591,0.681209,0.213268,-0.60653,0.395283,0.344212,0.803179,-0.783253,0.382239
0.0998058,0.670818,0.215756,-0.612824,0.402519,0.34391,0.806658,-0.779697,0.381254
0.102882,0.660334,0.218276,-0.61894,0.409795,0.34358,0.810098,-0.776089,0.380264
0.10582,0.649762,0.220826,-0.624878,0.417106,0.343224,0.813498,-0.772428,0.37927
0.10862,0.639105,0.223407,-0.630639,0.424448,0.342842,0.816859,-0.768714,0.378271
0.111281,0.628367,0.226016,-0.636221,0.431818,0.342436,0.82018,-0.764946,0.377268
0.113803,0.617553,0.228654,-0.641625,0.439211,0.342005,0.823462,-0.761124,0.376261
0.116188,0.606664,0.231319,-0.646851,0.446624,0.341552,0.826702,-0.757248,0.375249
0.118436,0.595706,0.234011,-0.651899,0.454051,0.341077,0.829903,-0.753318,0.374232
0.120548,0.584682,0.236729,-0.65677,0.46149,0.34058,0.833062,-0.749332,0.373211
0.122525,0.573595,0.239471,-0.661465,0.468937,0.340063,0.83618,-0.745292,0.372186
0.124368,0.562449,0.242236,-0.665984,0.476387,0.339527,0.839256,-0.741196,0.371157
0.126079,0.551246,0.245025,-0.670328,0.483838,0.338972,0.842289,-0.737044,0.370123
0.127659,0.539991,0.247835,-0.6745,0.491284,0.3384,0.84528,-0.732835,0.369085
0.12911,0.528687,0.250667,-0.678499,0.498724,0.337811,0.848228,-0.72857,0.368043
0.130435,0.517335,0.253518,-0.682327,0.506152,0.337206,0.851132,-0.724248,0.366996
0.131634,0.505941,0.256389,-0.685986,0.513567,0.336586,0.853992,-0.719867,0.365945
0.132711,0.494505,0.259278,-0.689478,0.520964,0.335952,0.856807,-0.715429,0.36489
0.133668,0.483031,0.262184,-0.692804,0.52834,0.335305,0.859576,-0.710931,0.363831
0.134507,0.471522,0.265106,-0.695967,0.535693,0.334645,0.862299,-0.706375,0.362768
0.135231,0.459979,0.268045,-0.698967,0.543019,0.333974,0.864976,-0.701759,0.361701
0.135843,0.448406,0.270997,-0.701807,0.550316,0.333292,0.867604,-0.697082,0.36063
0.136346,0.436805,0.273964,-0.70449,0.55758,0.3326,0.870184,-0.692345,0.359555
0.136742,0.425177,0.276944,-0.707017,0.564809,0.331899,0.872715,-0.687546,0.358477
0.137035,0.413524,0.279936,-0.709391,0.572001,0.33119,0.875196,-0.682686,0.357394
0.137228,0.401849,0.282939,-0.711614,0.579153,0.330473,0.877626,-0.677763,0.356308
0.137325,0.390154,0.285952,-0.713688,0.586263,0.329749,0.880004,-0.672777,0.355218
0.137327,0.378439,0.288976,-0.715616,0.593329,0.329019,0.882329,-0.667727,0.354125
0.13724,0.366706,0.292008,-0.7174,0.600348,0.328283,0.8846,-0.662614,0.353029
0.137067,0.354957,0.295049,-0.719043,0.607319,0.327542,0.886816,-0.657435,0.351929
0.136811,0.343192,0.298096,-0.720546,0.614239,0.326797,0.888975,-0.652192,0.350826
0.136476,0.331414,0.301151,-0.721913,0.621108,0.326049,0.891078,-0.646882,0.34972
0.136065,0.319623,0.304211,-0.723146,0.627923,0.325297,0.893121,-0.641506,0.348612
0.135583,0.307821,0.307277,-0.724248,0.634683,0.324543,0.895105,-0.636063,0.3475
0.135033,0.296007,0.310347,-0.725221,0.641386,0.323787,0.897028,-0.630553,0.346386
0.134419,0.284183,0.313421,-0.726067,0.648031,0.323029,0.898888,-0.624974,0.34527
0.133745,0.272349,0.316498,-0.726789,0.654618,0.32227,0.900684,-0.619327,0.344152
0.133015,0.260506,0.319577,-0.72739,0.661144,0.321511,0.902414,-0.61361,0.343031
0.132234,0.248655,0.322658,-0.727871,0.667609,0.320752,0.904078,-0.607824,0.341909
0.131404,0.236796,0.32574,-0.728236,0.674012,0.319994,0.905672,-0.601968,0.340786
0.130531,0.224929,0.328823,-0.728487,0.680351,0.319236,0.907197,-0.596041,0.339661
0.129618,0.213055,0.331905,-0.728627,0.686627,0.31848,0.908649,-0.590042,0.338535
0.128669,0.201174,0.334986,-0.728656,0.692839,0.317725,0.910027,-0.583972,0.337409
0.127689,0.189286,0.338066,-0.728579,0.698985,0.316972,0.91133,-0.577831,0.336282
0.126683,0.177391,0.341143,-0.728397,0.705065,0.316222,0.912554,-0.571616,0.335155
0.125653,0.16549,0.344217,-0.728113,0.71108,0.315474,0.9137,-0.565329,0.334028
0.124605,0.153582,0.347288,-0.727728,0.717028,0.31473,0.914763,-0.558969,0.332902
0.123542,0.141668,0.350355,-0.727245,0.722908,0.313988,0.915743,-0.552536,0.331777
0.12247,0.129747,0.353416,-0.726666,0.728722,0.31325,0.916636,-0.546029,0.330653
0.121393,0.11782,0.356473,-0.725994,0.734468,0.312516,0.917441,-0.539449,0.329532
0.120314,0.105887,0.359522,-0.72523,0.740147,0.311786,0.918156,-0.532794,0.328412
0.119238,0.0939479,0.362565,-0.724376,0.745758,0.31106,0.918778,-0.526066,0.327295
0.11817,0.0820024,0.365601,-0.723434,0.751301,0.310338,0.919304,-0.519264,0.326181
0.117114,0.0700509,0.368628,-0.722407,0.756776,0.309621,0.919733,-0.512387,0.325071
0.116075,0.0580935,0.371645,-0.721296,0.762184,0.308909,0.920061,-0.505437,0.323966
0.115057,0.0461302,0.374653,-0.720103,0.767524,0.308202,0.920286,-0.498414,0.322865
0.114064,0.0341612,0.377651,-0.718829,0.772796,0.307499,0.920405,-0.491317,0.32177
0.113101,0.0221869,0.380637,-0.717477,0.778001,0.306802,0.920416,-0.484148,0.32068
0.112173,0.0102074,0.383611,-0.716048,0.783138,0.306111,0.920316,-0.476906,0.319598
0.111284,-0.00177689,0.386573,-0.714545,0.788209,0.305424,0.920101,-0.469592,0.318523
0.110438,-0.0137655,0.38952,-0.712967,0.793212,0.304744,0.919769,-0.462207,0.317456
0.10964,-0.025758,0.392454,-0.711318,0.798149,0.304069,0.919318,-0.454751,0.316398
0.108894,-0.0377538,0.395371,-0.709598,0.80302,0.303399,0.918744,-0.447226,0.315349
0.108206,-0.0497521,0.398273,-0.707809,0.807825,0.302736,0.918043,-0.439632,0.314311
0.107578,-0.0617523,0.401157,-0.705952,0.812564,0.302078,0.917214,-0.431971,0.313284
0.107017,-0.0737533,0.404024,-0.704029,0.817237,0.301426,0.916253,-0.424244,0.31227
0.106526,-0.0857542,0.406871,-0.702042,0.821846,0.300781,0.915156,-0.416451,0.311268
0.106109,-0.0977539,0.409699,-0.69999,0.82639,0.300141,0.913921,-0.408596,0.310281
0.105772,-0.109751,0.412505,-0.697877,0.830869,0.299507,0.912545,-0.400678,0.309308
0.105517,-0.121744,0.41529,-0.695702,0.835285,0.298879,0.911024,-0.392701,0.308351
0.10535,-0.133732,0.418052,-0.693466,0.839638,0.298257,0.909356,-0.384666,0.307411
0.105275,-0.145712,0.42079,-0.691172,0.843927,0.297641,0.907537,-0.376575,0.306489
0.105296,-0.157684,0.423502,-0.68882,0.848154,0.297031,0.905565,-0.36843,0.305586
0.105416,-0.169644,0.426189,-0.686411,0.852319,0.296427,0.903435,-0.360234,0.304704
0.10564,-0.181592,0.428849,-0.683946,0.856422,0.29583,0.901146,-0.35199,0.303842
0.105972,-0.193524,0.43148,-0.681426,0.860463,0.295238,0.898694,-0.3437,0.303003
0.106415,-0.205437,0.434081,-0.678852,0.864444,0.294652,0.896077,-0.335367,0.302187
0.106973,-0.21733,0.436652,-0.676224,0.868364,0.294072,0.893291,-0.326994,0.301395
0.10765,-0.2292,0.439192,-0.673544,0.872224,0.293498,0.890334,-0.318584,0.30063
0.108448,-0.241043,0.441698,-0.670812,0.876025,0.29293,0.887204,-0.310142,0.299892
0.109371,-0.252856,0.444171,-0.668029,0.879766,0.292368,0.883898,-0.30167,0.299181
0.110422,-0.264637,0.446608,-0.665195,0.883448,0.291812,0.880413,-0.293172,0.2985
0.111604,-0.27638,0.449009,-0.662312,0.887072,0.291261,0.876749,-0.284652,0.29785
0.112919,-0.288084,0.451372,-0.65938,0.890638,0.290717,0.872901,-0.276114,0.297231
0.11437,-0.299744,0.453697,-0.656399,0.894147,0.290178,0.868869,-0.267563,0.296646
0.115959,-0.311356,0.455981,-0.653371,0.897598,0.289644,0.864652,-0.259002,0.296094
0.117688,-0.322916,0.458225,-0.650294,0.900992,0.289117,0.860246,-0.250436,0.295578
0.119559,-0.334421,0.460427,-0.647171,0.90433,0.288595,0.855652,-0.241869,0.295098
0.121574,-0.345864,0.462586,-0.644002,0.907611,0.288078,0.850868,-0.233307,0.294656
0.123732,-0.357244,0.464701,-0.640786,0.910836,0.287567,0.845893,-0.224753,0.294252
0.126037,-0.368553,0.46677,-0.637524,0.914006,0.287061,0.840727,-0.216213,0.293888
0.128488,-0.37979,0.468794,-0.634217,0.917121,0.286561,0.83537,-0.207691,0.293565
0.131085,-0.390948,0.47077,-0.630865,0.920181,0.286066,0.82982,-0.199193,0.293284
0.133829,-0.402023,0.472698,-0.627468,0.923185,0.285577,0.824079,-0.190723,0.293045
0.136721,-0.41301,0.474578,-0.624027,0.926136,0.285092,0.818146,-0.182286,0.29285
0.139758,-0.423905,0.476408,-0.620541,0.929032,0.284613,0.812023,-0.173887,0.292699
0.142941,-0.434703,0.478188,-0.617011,0.931874,0.284139,0.805709,-0.165531,0.292593
0.14627,-0.445399,0.479917,-0.613437,0.934662,0.28367,0.799207,-0.157223,0.292533
0.149741,-0.455989,0.481594,-0.609819,0.937397,0.283207,0.792518,-0.148968,0.292519
0.153355,-0.466469,0.483219,-0.606158,0.940078,0.282748,0.785643,-0.140769,0.292553
0.157108,-0.476833,0.484792,-0.602453,0.942706,0.282294,0.778585,-0.132633,0.292634
0.161,-0.487078,0.486312,-0.598704,0.94528,0.281845,0.771344,-0.124562,0.292763
0.165028,-0.497198,0.487779,-0.594912,0.947801,0.281401,0.763925,-0.116563,0.29294
0.169189,-0.507191,0.489192,-0.591077,0.950269,0.280962,0.756328,-0.108638,0.293166
0.17348,-0.517052,0.490551,-0.587198,0.952684,0.280528,0.748558,-0.100792,0.293441
0.177899,-0.526778,0.491856,-0.583276,0.955046,0.280098,0.740617,-0.0930283,0.293765
0.182441,-0.536364,0.493108,-0.579309,0.957355,0.279673,0.732508,-0.0853512,0.294138
0.187105,-0.545807,0.494306,-0.5753,0.959611,0.279253,0.724235,-0.0777639,0.294561
0.191885,-0.555104,0.49545,-0.571246,0.961813,0.278838,0.715801,-0.0702696,0.295032
0.196779,-0.564251,0.496541,-0.567149,0.963963,0.278427,0.70721,-0.0628711,0.295552
0.201783,-0.573247,0.497579,-0.563008,0.966059,0.278021,0.698465,-0.0555715,0.29612
0.206891,-0.582088,0.498563,-0.558822,0.968101,0.27762,0.689571,-0.048373,0.296737
0.212101,-0.590772,0.499495,-0.554592,0.97009,0.277223,0.680531,-0.041278,0.297401
0.217408,-0.599297,0.500375,-0.550318,0.972025,0.276831,0.67135,-0.0342884,0.298113
0.222807,-0.60766,0.501204,-0.545998,0.973906,0.276444,0.662031,-0.0274061,0.298872
0.228294,-0.615861,0.501981,-0.541634,0.975733,0.276061,0.65258,-0.0206325,0.299678
0.233865,-0.623897,0.502708,-0.537224,0.977505,0.275683,0.642999,-0.0139688,0.300529
0.239515,-0.631767,0.503386,-0.532769,0.979223,0.275309,0.633294,-0.00741603,0.301425
0.24524,-0.63947,0.504014,-0.528268,0.980885,0.27494,0.623468,-0.000974862,0.302366
0.251035,-0.647005,0.504595,-0.52372,0.982491,0.274576,0.613525,0.00535425,0.30335
0.256895,-0.654373,0.505128,-0.519126,0.984041,0.274216,0.603471,0.0115711,0.304376
0.262817,-0.661571,0.505614,-0.514485,0.985535,0.273861,0.593308,0.0176757,0.305445
0.268795,-0.668601,0.506055,-0.509797,0.986972,0.273511,0.583041,0.0236684,0.306555
0.274826,-0.675461,0.506451,-0.50506,0.988351,0.273165,0.572675,0.0295497,0.307704
0.280905,-0.682153,0.506803,-0.500276,0.989673,0.272825,0.562212,0.0353203,0.308893
0.287027,-0.688676,0.507112,-0.495443,0.990935,0.272489,0.551656,0.0409812,0.310119
0.293189,-0.695032,0.507379,-0.490561,0.992138,0.272158,0.541013,0.0465336,0.311383
0.299386,-0.70122,0.507605,-0.48563,0.993281,0.271832,0.530284,0.051979,0.312683
0.305615,-0.707243,0.507791,-0.480649,0.994364,0.271511,0.519474,0.0573188,0.314017
0.311871,-0.713099,0.507938,-0.475617,0.995384,0.271196,0.508586,0.0625548,0.315386
0.318151,-0.718792,0.508047,-0.470534,0.996343,0.270886,0.497623,0.0676892,0.316787
0.324451,-0.724322,0.50812,-0.4654,0.997238,0.270581,0.486589,0.0727239,0.31822
0.330768,-0.72969,0.508156,-0.460214,0.998068,0.270281,0.475486,0.0776613,0.319683
0.337097,-0.734898,0.508157,-0.454975,0.998834,0.269987,0.464318,0.0825039,0.321176
0.343437,-0.739948,0.508124,-0.449683,0.999533,0.269699,0.453086,0.0872544,0.322698
0.349782,-0.744841,0.508058,-0.444337,1.00017,0.269416,0.441795,0.0919154,0.324246
0.356131,-0.749578,0.50796,-0.438937,1.00073,0.26914,0.430446,0.09649,0.32582
0.362481,-0.754163,0.507831,-0.433483,1.00122,0.268869,0.419042,0.100981,0.32742
0.368828,-0.758597,0.507672,-0.427973,1.00164,0.268605,0.407585,0.105392,0.329043
0.37517,-0.762881,0.507483,-0.422406,1.00199,0.268348,0.396076,0.109726,0.330689
0.381504,-0.767018,0.507267,-0.416784,1.00227,0.268097,0.384519,0.113987,0.332356
0.387828,-0.77101,0.507023,-0.411103,1.00247,0.267853,0.372915,0.118178,0.334044
0.394139,-0.774858,0.506752,-0.405365,1.0026,0.267617,0.361266,0.122302,0.335751
0.400436,-0.778566,0.506457,-0.399569,1.00264,0.267387,0.349573,0.126364,0.337476
0.406715,-0.782134,0.506136,-0.393713,1.00261,0.267166,0.337838,0.130367,0.339218
0.412976,-0.785566,0.505791,-0.387798,1.00249,0.266952,0.326062,0.134316,0.340976
0.419215,-0.788864,0.505424,-0.381822,1.00229,0.266747,0.314247,0.138214,0.342749
0.425432,-0.792029,0.505034,-0.375785,1.002,0.26655,0.302393,0.142066,0.344536
0.431625,-0.795064,0.504623,-0.369687,1.00163,0.266363,0.290502,0.145876,0.346335
0.437791,-0.797971,0.504191,-0.363526,1.00116,0.266184,0.278575,0.149649,0.348145
0.44393,-0.800753,0.503739,-0.357303,1.0006,0.266016,0.266613,0.153388,0.349966
0.45004,-0.80341,0.503268,-0.351017,0.999952,0.265857,0.254617,0.157099,0.351795
0.456119,-0.805947,0.502778,-0.344666,0.999201,0.265709,0.242587,0.160786,0.353633
0.462168,-0.808364,0.50227,-0.338252,0.99835,0.265573,0.230524,0.164453,0.355477
0.468183,-0.810664,0.501746,-0.331772,0.997396,0.265448,0.218429,0.168107,0.357327
0.474166,-0.812848,0.501204,-0.325227,0.996336,0.265335,0.206302,0.171752,0.359181
0.480113,-0.81492,0.500647,-0.318617,0.995168,0.265235,0.194144,0.175393,0.361038
0.486025,-0.816882,0.500074,-0.311941,0.993886,0.265148,0.181956,0.179035,0.362898
0.491901,-0.818734,0.499487,-0.305198,0.99249,0.265076,0.169737,0.182684,0.364758
0.497739,-0.820479,0.498885,-0.298389,0.990974,0.265018,0.15749,0.186345,0.366617
0.50354,-0.82212,0.498269,-0.291513,0.989335,0.264976,0.145213,0.190025,0.368475
0.509302,-0.823657,0.49764,-0.284571,0.987569,0.26495,0.132908,0.193728,0.37033
0.515026,-0.825094,0.496999,-0.277561,0.985673,0.264942,0.120575,0.197461,0.372179
0.52071,-0.826431,0.496345,-0.270486,0.983642,0.264951,0.108216,0.201229,0.374024
0.526354,-0.827671,0.49568,-0.263343,0.981471,0.26498,0.0958292,0.20504,0.37586
0.531958,-0.828816,0.495003,-0.256135,0.979157,0.265029,0.083417,0.208899,0.377688
0.537521,-0.829867,0.494315,-0.248861,0.976693,0.2651,0.07098,0.212813,0.379505
0.543044,-0.830825,0.493617,-0.241523,0.974076,0.265193,0.0585191,0.216789,0.381311
0.548525,-0.831694,0.492908,-0.23412,0.9713,0.265309,0.0460354,0.220834,0.383102
0.553965,-0.832473,0.49219,-0.226655,0.968358,0.265451,0.0335302,0.224955,0.384879
0.559363,-0.833166,0.491462,-0.219128,0.965247,0.26562,0.021005,0.229159,0.386638
0.56472,-0.833772,0.490726,-0.211541,0.961959,0.265816,0.00846134,0.233454,0.388378
0.570035,-0.834295,0.48998,-0.203896,0.958488,0.266042,-0.00409873,0.237847,0.390097
0.575308,-0.834735,0.489226,-0.196195,0.954829,0.2663,-0.016673,0.242347,0.391794
0.58054,-0.835094,0.488464,-0.18844,0.950973,0.266591,-0.0292591,0.246961,0.393465
0.585729,-0.835373,0.487694,-0.180635,0.946915,0.266917,-0.041854,0.251698,0.395108
0.590877,-0.835574,0.486917,-0.172782,0.942647,0.267281,-0.0544545,0.256567,0.396723
0.595983,-0.835698,0.486132,-0.164886,0.938162,0.267684,-0.0670569,0.261576,0.398305
0.601048,-0.835745,0.48534,-0.15695,0.933451,0.268128,-0.0796571,0.266734,0.399852
0.60607,-0.835718,0.484541,-0.14898,0.928508,0.268617,-0.0922502,0.27205,0.401362
0.611052,-0.835618,0.483735,-0.140981,0.923325,0.269152,-0.104831,0.277533,0.402832
0.615992,-0.835444,0.482923,-0.132959,0.917892,0.269737,-0.117394,0.283192,0.40426
0.620892,-0.8352,0.482105,-0.12492,0.912203,0.270374,-0.129932,0.289037,0.405641
0.62575,-0.834885,0.48128,-0.116873,0.906248,0.271067,-0.142437,0.295077,0.406973
0.630568,-0.834501,0.48045,-0.108825,0.90002,0.271817,-0.154902,0.301322,0.408253
0.635345,-0.834049,0.479614,-0.100787,0.893509,0.27263,-0.167318,0.30778,0.409477
0.640081,-0.833529,0.478772,-0.0927673,0.886709,0.273506,-0.179674,0.31446,0.410642
0.644778,-0.832943,0.477924,-0.0847783,0.879612,0.274452,-0.19196,0.321371,0.411744
0.649435,-0.832291,0.477072,-0.0768319,0.872209,0.275469,-0.204163,0.328522,0.41278
0.654052,-0.831573,0.476214,-0.0689413,0.864493,0.276561,-0.21627,0.33592,0.413746
0.658629,-0.830792,0.47535,-0.0611209,0.856459,0.277732,-0.228268,0.343572,0.414637
0.663168,-0.829947,0.474482,-0.053386,0.848101,0.278986,-0.240142,0.351485,0.415452
0.667667,-0.829038,0.473609,-0.0457533,0.839414,0.280326,-0.251874,0.359664,0.416185
0.672128,-0.828068,0.472731,-0.0382401,0.830394,0.281756,-0.263448,0.368114,0.416833
0.67655,-0.827035,0.471848,-0.0308649,0.821039,0.283278,-0.274845,0.376837,0.417394
0.680934,-0.825942,0.470961,-0.0236471,0.811347,0.284897,-0.286046,0.385835,0.417862
0.685279,-0.824787,0.470068,-0.0166067,0.80132,0.286615,-0.297032,0.395107,0.418236
0.689587,-0.823572,0.469172,-0.00976415,0.790959,0.288436,-0.307783,0.404653,0.418513
0.693857,-0.822296,0.46827,-0.00314049,0.780269,0.29036,-0.318276,0.414467,0.41869
0.698089,-0.820961,0.467364,0.00324331,0.769257,0.292391,-0.328492,0.424545,0.418765
0.702284,-0.819566,0.466454,0.00936644,0.75793,0.294529,-0.33841,0.434877,0.418737
0.706441,-0.818112,0.465539,0.0152085,0.746299,0.296776,-0.348009,0.445453,0.418605
0.710561,-0.816599,0.46462,0.0207501,0.734378,0.299131,-0.357271,0.456261,0.418369
0.714644,-0.815027,0.463697,0.0259728,0.72218,0.301594,-0.366177,0.467287,0.418029
0.71869,-0.813396,0.462769,0.0308595,0.709724,0.304165,-0.374709,0.478512,0.417586
0.722699,-0.811706,0.461837,0.0353952,0.697026,0.306842,-0.382854,0.48992,0.417041
0.72667,-0.809957,0.460901,0.0395668,0.684109,0.309621,-0.390597,0.501489,0.416398
0.730605,-0.80815,0.45996,0.0433633,0.670992,0.312501,-0.397928,0.513198,0.415658
0.734503,-0.806284,0.459016,0.0467763,0.657699,0.315478,-0.404839,0.525024,0.414826
0.738363,-0.804358,0.458067,0.0497999,0.644253,0.318547,-0.411323,0.536946,0.413906
0.742186,-0.802374,0.457114,0.0524309,0.630677,0.321704,-0.417377,0.548938,0.412902
0.745971,-0.800331,0.456157,0.0546685,0.616994,0.324944,-0.423,0.560977,0.411819
0.749719,-0.798228,0.455196,0.0565146,0.603227,0.328262,-0.428194,0.573041,0.410663
0.753429,-0.796066,0.45423,0.0579733,0.589398,0.331652,-0.432962,0.585108,0.409438
0.757101,-0.793844,0.453261,0.059051,0.57553,0.335109,-0.437312,0.597154,0.40815
0.760734,-0.791562,0.452288,0.0597558,0.56164,0.338626,-0.44125,0.609162,0.406806
0.764329,-0.78922,0.451311,0.060098,0.547749,0.342199,-0.444787,0.621111,0.40541
0.767884,-0.786818,0.45033,0.0600889,0.533874,0.345821,-0.447933,0.632984,0.403969
0.7714,-0.784355,0.449345,0.0597412,0.520029,0.349488,-0.450702,0.644766,0.402487
0.774877,-0.781831,0.448357,0.0590686,0.506229,0.353194,-0.453105,0.656441,0.40097
0.778312,-0.779245,0.447364,0.0580854,0.492487,0.356933,-0.455158,0.667998,0.399422
0.781707,-0.776598,0.446369,0.0568066,0.478814,0.360702,-0.456874,0.679425,0.397849
0.785061,-0.77389,0.44537,0.0552472,0.465218,0.364496,-0.458268,0.690712,0.396254
0.788372,-0.771119,0.444367,0.0534226,0.451707,0.368311,-0.459355,0.701852,0.394642
0.791641,-0.768286,0.443361,0.0513479,0.438289,0.372142,-0.460149,0.712837,0.393017
0.794867,-0.76539,0.442352,0.0490382,0.424969,0.375986,-0.460666,0.723661,0.391382
0.798049,-0.762431,0.44134,0.0465084,0.41175,0.379841,-0.460918,0.734321,0.38974
0.801187,-0.759409,0.440325,0.0437729,0.398636,0.383702,-0.46092,0.744813,0.388094
0.804279,-0.756324,0.439307,0.0408457,0.38563,0.387567,-0.460685,0.755134,0.386446
0.807326,-0.753175,0.438286,0.0377403,0.372732,0.391434,-0.460226,0.765282,0.3848
0.810326,-0.749962,0.437263,0.03447,0.359944,0.3953,-0.459556,0.775257,0.383157
0.813278,-0.746684,0.436237,0.0310471,0.347266,0.399163,-0.458686,0.785058,0.38152
0.816183,-0.743343,0.43521,0.0274837,0.334697,0.403021,-0.457626,0.794686,0.379889
0.819038,-0.739937,0.43418,0.0237913,0.322237,0.406873,-0.456389,0.80414,0.378267
0.821843,-0.736467,0.433148,0.0199807,0.309884,0.410718,-0.454984,0.813423,0.376654
0.824598,-0.732931,0.432115,0.0160624,0.297636,0.414553,-0.45342,0.822535,0.375052
0.827301,-0.729331,0.43108,0.0120462,0.285492,0.418377,-0.451707,0.831479,0.373463
0.829951,-0.725666,0.430044,0.00794147,0.27345,0.42219,-0.449853,0.840256,0.371886
0.832548,-0.721936,0.429007,0.00375717,0.261507,0.425991,-0.447866,0.848869,0.370322
0.835091,-0.71814,0.427969,-0.000498311,0.249661,0.429778,-0.445753,0.85732,0.368773
0.837579,-0.71428,0.42693,-0.00481699,0.237909,0.433551,-0.443522,0.865611,0.367239
0.84001,-0.710355,0.425891,-0.00919129,0.22625,0.437308,-0.441179,0.873745,0.36572
0.842384,-0.706364,0.424852,-0.0136141,0.214679,0.441051,-0.43873,0.881725,0.364217
0.8447,-0.702309,0.423813,-0.0180785,0.203195,0.444777,-0.436182,0.889553,0.36273
0.846957,-0.698188,0.422775,-0.0225782,0.191795,0.448487,-0.433539,0.897233,0.361259
0.849154,-0.694003,0.421736,-0.0271071,0.180477,0.452179,-0.430807,0.904766,0.359804
0.85129,-0.689753,0.420699,-0.0316593,0.169237,0.455854,-0.427991,0.912156,0.358367
0.853364,-0.685439,0.419663,-0.0362295,0.158073,0.459511,-0.425094,0.919406,0.356945
0.855375,-0.68106,0.418629,-0.0408124,0.146983,0.46315,-0.422122,0.926518,0.355541
0.857322,-0.676618,0.417596,-0.0454031,0.135963,0.466771,-0.419079,0.933494,0.354154
0.859204,-0.672111,0.416565,-0.049997,0.125013,0.470372,-0.415967,0.940339,0.352783
0.86102,-0.667542,0.415536,-0.0545896,0.114129,0.473955,-0.41279,0.947053,0.351429
0.862769,-0.662909,0.41451,-0.0591766,0.103309,0.477518,-0.409552,0.95364,0.350092
0.86445,-0.658213,0.413487,-0.0637542,0.0925506,0.481061,-0.406256,0.960102,0.348771
0.866062,-0.653455,0.412468,-0.0683185,0.0818524,0.484585,-0.402904,0.966442,0.347467
0.867605,-0.648634,0.411451,-0.0728658,0.0712121,0.488089,-0.399499,0.972662,0.34618
0.869077,-0.643752,0.410439,-0.0773927,0.0606277,0.491572,-0.396044,0.978765,0.344909
0.870477,-0.638809,0.40943,-0.081896,0.0500974,0.495036,-0.392541,0.984752,0.343654
0.871804,-0.633805,0.408427,-0.0863726,0.0396195,0.498478,-0.388992,0.990626,0.342415
0.873058,-0.628741,0.407428,-0.0908193,0.0291923,0.501901,-0.385399,0.996389,0.341192
0.874237,-0.623617,0.406434,-0.0952335,0.0188142,0.505302,-0.381764,1.00204,0.339985
0.875341,-0.618434,0.405445,-0.0996124,0.00848389,0.508682,-0.378089,1.00759,0.338793
0.876369,-0.613193,0.404462,-0.103953,-0.00180018,0.512041,-0.374375,1.01303,0.337617
0.877319,-0.607894,0.403486,-0.108254,-0.0120393,0.515379,-0.370625,1.01837,0.336456
0.878191,-0.602537,0.402516,-0.112512,-0.0222346,0.518695,-0.366839,1.02361,0.33531
0.878984,-0.597124,0.401552,-0.116725,-0.0323874,0.521989,-0.363019,1.02875,0.334178
0.879698,-0.591654,0.400596,-0.120891,-0.0424986,0.525262,-0.359167,1.03379,0.333062
0.880331,-0.58613,0.399647,-0.125008,-0.0525693,0.528513,-0.355283,1.03874,0.33196
0.880882,-0.58055,0.398706,-0.129074,-0.0626003,0.531741,-0.351368,1.04359,0.330872
0.881352,-0.574917,0.397773,-0.133087,-0.0725926,0.534948,-0.347424,1.04835,0.329799
0.881738,-0.569231,0.396849,-0.137046,-0.0825468,0.538132,-0.343453,1.05302,0.328739
0.882041,-0.563493,0.395933,-0.140948,-0.0924637,0.541293,-0.339453,1.0576,0.327694
0.882259,-0.557703,0.395027,-0.144792,-0.102344,0.544432,-0.335427,1.06209,0.326662
0.882392,-0.551862,0.39413,-0.148576,-0.112188,0.547548,-0.331376,1.06649,0.325643
0.882439,-0.545972,0.393242,-0.1523,-0.121996,0.55064,-0.3273,1.07081,0.324637
0.8824,-0.540032,0.392365,-0.155961,-0.13177,0.55371,-0.323199,1.07504,0.323645
0.882274,-0.534045,0.391498,-0.159558,-0.141508,0.556756,-0.319075,1.07919,0.322666
0.882059,-0.52801,0.390642,-0.163091,-0.151212,0.559779,-0.314928,1.08326,0.321699
0.881757,-0.521928,0.389797,-0.166557,-0.160882,0.562778,-0.310759,1.08725,0.320745
0.881365,-0.515801,0.388963,-0.169956,-0.170517,0.565754,-0.306568,1.09116,0.319803
0.880884,-0.509629,0.388141,-0.173287,-0.180119,0.568705,-0.302357,1.09499,0.318874
0.880312,-0.503414,0.387332,-0.176548,-0.189687,0.571632,-0.298124,1.09874,0.317956
0.87965,-0.497156,0.386534,-0.179739,-0.199221,0.574535,-0.293871,1.10242,0.317051
0.878897,-0.490856,0.385749,-0.182859,-0.208722,0.577414,-0.289598,1.10602,0.316157
0.878052,-0.484515,0.384977,-0.185906,-0.218189,0.580268,-0.285306,1.10954,0.315275
0.877116,-0.478134,0.384218,-0.188881,-0.227622,0.583097,-0.280995,1.113,0.314405
0.876086,-0.471714,0.383473,-0.191782,-0.237021,0.585902,-0.276665,1.11637,0.313545
0.874964,-0.465256,0.382741,-0.194608,-0.246386,0.588681,-0.272316,1.11968,0.312697
0.873749,-0.458761,0.382024,-0.197359,-0.255716,0.591436,-0.26795,1.12292,0.311861
0.87244,-0.45223,0.381321,-0.200034,-0.265013,0.594165,-0.263565,1.12608,0.311035
0.871037,-0.445663,0.380632,-0.202634,-0.274274,0.596868,-0.259163,1.12918,0.31022
0.869539,-0.439063,0.379959,-0.205156,-0.283501,0.599546,-0.254744,1.1322,0.309415
0.867947,-0.432429,0.3793,-0.2076,-0.292692,0.602198,-0.250307,1.13516,0.308621
0.86626,-0.425763,0.378657,-0.209967,-0.301847,0.604825,-0.245853,1.13805,0.307838
0.864478,-0.419066,0.37803,-0.212256,-0.310966,0.607425,-0.241382,1.14087,0.307065
0.862601,-0.412339,0.377419,-0.214466,-0.320049,0.609999,-0.236895,1.14363,0.306302
0.860628,-0.405582,0.376824,-0.216597,-0.329094,0.612547,-0.232391,1.14632,0.305549
0.85856,-0.398797,0.376245,-0.218649,-0.338102,0.615068,-0.227871,1.14894,0.304807
0.856395,-0.391985,0.375683,-0.220621,-0.347073,0.617563,-0.223335,1.1515,0.304074
0.854135,-0.385146,0.375138,-0.222513,-0.356005,0.620031,-0.218782,1.15399,0.303351
0.851779,-0.378282,0.374609,-0.224325,-0.364897,0.622473,-0.214213,1.15642,0.302638
0.849326,-0.371394,0.374099,-0.226058,-0.373751,0.624887,-0.209628,1.15878,0.301934
0.846777,-0.364482,0.373605,-0.227709,-0.382564,0.627275,-0.205028,1.16109,0.30124
0.844132,-0.357547,0.37313,-0.229281,-0.391337,0.629635,-0.200411,1.16332,0.300555
0.84139,-0.350591,0.372672,-0.230772,-0.400068,0.631968,-0.195778,1.1655,0.29988
0.838552,-0.343614,0.372232,-0.232183,-0.408758,0.634274,-0.19113,1.16761,0.299214
0.835618,-0.336617,0.371811,-0.233513,-0.417405,0.636552,-0.186466,1.16966,0.298557
0.832588,-0.329601,0.371408,-0.234762,-0.426009,0.638803,-0.181785,1.17165,0.297909
0.829461,-0.322568,0.371024,-0.235931,-0.434569,0.641026,-0.17709,1.17358,0.29727
0.826238,-0.315517,0.370658,-0.23702,-0.443085,0.643221,-0.172378,1.17544,0.296641
0.822919,-0.30845,0.370312,-0.238029,-0.451556,0.645389,-0.16765,1.17725,0.29602
0.819504,-0.301367,0.369984,-0.238957,-0.459981,0.647528,-0.162907,1.17899,0.295408
0.815994,-0.29427,0.369676,-0.239806,-0.46836,0.64964,-0.158148,1.18067,0.294805
0.812388,-0.287159,0.369387,-0.240575,-0.476691,0.651723,-0.153373,1.18229,0.29421
0.808686,-0.280035,0.369117,-0.241264,-0.484975,0.653779,-0.148582,1.18385,0.293624
0.804889,-0.272899,0.368867,-0.241874,-0.49321,0.655806,-0.143775,1.18535,0.293047
0.800997,-0.265751,0.368637,-0.242406,-0.501397,0.657805,-0.138952,1.18679,0.292478
0.797011,-0.258593,0.368427,-0.242858,-0.509533,0.659775,-0.134113,1.18817,0.291918
0.79293,-0.251425,0.368236,-0.243232,-0.517618,0.661718,-0.129257,1.18948,0.291366
0.788754,-0.244248,0.368065,-0.243528,-0.525653,0.663632,-0.124386,1.19074,0.290823
0.784485,-0.237062,0.367915,-0.243747,-0.533635,0.665517,-0.119498,1.19194,0.290288
0.780122,-0.229868,0.367784,-0.243888,-0.541564,0.667374,-0.114594,1.19307,0.289762
0.775665,-0.222667,0.367674,-0.243952,-0.54944,0.669203,-0.109673,1.19415,0.289244
0.771116,-0.21546,0.367584,-0.24394,-0.557262,0.671002,-0.104736,1.19516,0.288734
0.766474,-0.208247,0.367514,-0.243852,-0.565029,0.672774,-0.0997816,1.19612,0.288232
0.761739,-0.201028,0.367465,-0.243688,-0.57274,0.674517,-0.0948108,1.19701,0.287739
0.756913,-0.193805,0.367435,-0.24345,-0.580395,0.676231,-0.0898231,1.19784,0.287254
0.751995,-0.186577,0.367427,-0.243137,-0.587994,0.677916,-0.0848185,1.19861,0.286777
0.746986,-0.179346,0.367438,-0.24275,-0.595534,0.679573,-0.0797967,1.19932,0.286308
0.741887,-0.172111,0.36747,-0.242289,-0.603016,0.681202,-0.0747577,1.19997,0.285848
0.736697,-0.164874,0.367523,-0.241756,-0.610439,0.682802,-0.0697013,1.20055,0.285396
0.731418,-0.157634,0.367595,-0.241151,-0.617802,0.684373,-0.0646275,1.20108,0.284952
0.72605,-0.150392,0.367688,-0.240474,-0.625105,0.685916,-0.059536,1.20154,0.284516
0.720592,-0.143148,0.367802,-0.239726,-0.632347,0.68743,-0.0544268,1.20193,0.284088
0.715047,-0.135903,0.367936,-0.238907,-0.639527,0.688916,-0.0492998,1.20227,0.283669
0.709414,-0.128657,0.368089,-0.238019,-0.646645,0.690373,-0.0441547,1.20254,0.283258
0.703693,-0.12141,0.368263,-0.237062,-0.6537,0.691802,-0.0389915,1.20275,0.282855
0.697886,-0.114162,0.368458,-0.236036,-0.660691,0.693202,-0.03381,1.20289,0.28246
0.691993,-0.106914,0.368672,-0.234943,-0.667618,0.694574,-0.0286101,1.20297,0.282074
0.686015,-0.0996657,0.368906,-0.233783,-0.674479,0.695918,-0.0233916,1.20299,0.281696
0.679951,-0.0924172,0.36916,-0.232557,-0.681276,0.697233,-0.0181544,1.20293,0.281327
0.673804,-0.0851687,0.369433,-0.231265,-0.688006,0.698521,-0.0128983,1.20281,0.280966
0.667572,-0.07792,0.369727,-0.229909,-0.69467,0.69978,-0.00762324,1.20263,0.280613
0.661258,-0.0706712,0.370039,-0.228489,-0.701266,0.701011,-0.002329,1.20238,0.280269
0.654861,-0.0634222,0.370371,-0.227006,-0.707795,0.702215,0.00298455,1.20206,0.279934
0.648383,-0.056173,0.370723,-0.22546,-0.714255,0.70339,0.00831754,1.20167,0.279607
0.641823,-0.0489233,0.371093,-0.223853,-0.720647,0.704538,0.0136701,1.20121,0.279289
0.635183,-0.041673,0.371482,-0.222185,-0.726969,0.705658,0.0190425,1.20068,0.278979
0.628463,-0.0344217,0.37189,-0.220458,-0.733221,0.706751,0.0244347,1.20008,0.278679
0.621664,-0.0271692,0.372316,-0.218671,-0.739403,0.707816,0.0298469,1.19941,0.278387
0.614787,-0.0199152,0.372761,-0.216827,-0.745514,0.708854,0.0352794,1.19867,0.278105
0.607833,-0.0126592,0.373224,-0.214925,-0.751554,0.709865,0.0407321,1.19785,0.277832
0.600801,-0.00540069,0.373704,-0.212966,-0.757522,0.710848,0.0462052,1.19696,0.277567
0.593694,0.00186079,0.374202,-0.210953,-0.763418,0.711805,0.0516989,1.196,0.277313
0.586511,0.00912584,0.374718,-0.208884,-0.769241,0.712735,0.0572132,1.19496,0.277068
0.579253,0.0163951,0.37525,-0.206762,-0.774992,0.713638,0.0627484,1.19384,0.276832
0.571922,0.0236693,0.375799,-0.204587,-0.780669,0.714514,0.0683044,1.19264,0.276606
0.564518,0.0309493,0.376365,-0.20236,-0.786272,0.715364,0.0738814,1.19136,0.27639
0.557042,0.0382358,0.376947,-0.200082,-0.791801,0.716188,0.0794795,1.19001,0.276185
0.549495,0.0455298,0.377545,-0.197754,-0.797256,0.716986,0.0850987,1.18857,0.275989
0.541877,0.0528323,0.378158,-0.195376,-0.802636,0.717758,0.0907391,1.18704,0.275804
0.53419,0.0601444,0.378786,-0.192951,-0.807941,0.718504,0.0964008,1.18544,0.27563
0.526434,0.0674672,0.37943,-0.190478,-0.813171,0.719224,0.102084,1.18374,0.275466
0.518611,0.0748019,0.380087,-0.187959,-0.818326,0.719919,0.107788,1.18196,0.275314
0.510721,0.0821498,0.380758,-0.185394,-0.823404,0.720589,0.113514,1.18009,0.275173
0.502765,0.0895124,0.381443,-0.182785,-0.828407,0.721234,0.119261,1.17813,0.275043
0.494744,0.0968911,0.382142,-0.180133,-0.833334,0.721853,0.125029,1.17608,0.274925
0.486659,0.104287,0.382852,-0.177438,-0.838184,0.722449,0.130818,1.17394,0.274819
0.478512,0.111703,0.383575,-0.174701,-0.842958,0.723019,0.136629,1.17169,0.274726
0.470303,0.11914,0.384309,-0.171923,-0.847655,0.723565,0.14246,1.16935,0.274645
0.462033,0.1266,0.385055,-0.169106,-0.852275,0.724088,0.148312,1.16691,0.274578
0.453704,0.134085,0.385811,-0.16625,-0.856818,0.724586,0.154185,1.16437,0.274523
0.445317,0.141597,0.386577,-0.163356,-0.861285,0.72506,0.160079,1.16173,0.274483
0.436873,0.149139,0.387352,-0.160425,-0.865674,0.725512,0.165992,1.15898,0.274457
0.428373,0.156712,0.388136,-0.157458,-0.869987,0.725939,0.171925,1.15612,0.274445
0.419818,0.164319,0.388928,-0.154456,-0.874222,0.726344,0.177878,1.15314,0.274448
0.41121,0.171963,0.389727,-0.151419,-0.87838,0.726726,0.183849,1.15006,0.274467
0.402551,0.179646,0.390533,-0.14835,-0.882462,0.727086,0.189839,1.14686,0.274502
0.393842,0.187372,0.391344,-0.145248,-0.886466,0.727423,0.195846,1.14353,0.274553
0.385084,0.195143,0.392161,-0.142115,-0.890393,0.727737,0.201871,1.14009,0.274621
0.376279,0.202962,0.392982,-0.138951,-0.894243,0.72803,0.207912,1.13652,0.274708
0.367429,0.210833,0.393806,-0.135758,-0.898017,0.728302,0.213969,1.13282,0.274812
0.358536,0.218759,0.394633,-0.132536,-0.901714,0.728552,0.220041,1.12899,0.274936
0.349601,0.226744,0.395461,-0.129287,-0.905334,0.72878,0.226126,1.12503,0.275079
0.340627,0.234791,0.396289,-0.12601,-0.908878,0.728988,0.232223,1.12093,0.275243
0.331616,0.242905,0.397117,-0.122707,-0.912345,0.729175,0.238331,1.11668,0.275429
0.32257,0.25109,0.397942,-0.119379,-0.915737,0.729341,0.244449,1.11229,0.275636
0.313492,0.25935,0.398765,-0.116026,-0.919053,0.729488,0.250575,1.10774,0.275867
0.304384,0.267689,0.399584,-0.11265,-0.922293,0.729614,0.256706,1.10304,0.276122
0.295249,0.276113,0.400397,-0.109251,-0.925458,0.72972,0.262842,1.09818,0.276402
0.286091,0.284626,0.401204,-0.10583,-0.928548,0.729808,0.268979,1.09316,0.276709
0.276913,0.293234,0.402002,-0.102388,-0.931563,0.729875,0.275115,1.08797,0.277043
0.267718,0.301941,0.40279,-0.0989259,-0.934503,0.729924,0.281248,1.0826,0.277406
0.25851,0.310754,0.403566,-0.0954438,-0.937369,0.729954,0.287374,1.07706,0.2778
0.249294,0.319678,0.40433,-0.0919428,-0.940162,0.729966,0.293489,1.07132,0.278225
0.240073,0.328719,0.405078,-0.0884235,-0.94288,0.729959,0.29959,1.0654,0.278683
0.230854,0.337884,0.40581,-0.0848868,-0.945526,0.729934,0.305673,1.05928,0.279176
0.22164,0.347178,0.406523,-0.0813332,-0.948099,0.729891,0.311733,1.05296,0.279706
0.212439,0.356609,0.407215,-0.0777636,-0.950599,0.729831,0.317764,1.04643,0.280274
0.203256,0.366183,0.407883,-0.0741785,-0.953027,0.729754,0.323762,1.03968,0.280883
0.194099,0.375908,0.408526,-0.0705785,-0.955384,0.729659,0.329719,1.03272,0.281535
0.184975,0.38579,0.409141,-0.0669643,-0.957669,0.729548,0.33563,1.02552,0.282231
0.175891,0.395837,0.409725,-0.0633365,-0.959883,0.72942,0.341485,1.01809,0.282975
0.166858,0.406056,0.410275,-0.0596956,-0.962027,0.729276,0.347277,1.01041,0.283769
0.157885,0.416454,0.410789,-0.0560422,-0.964102,0.729115,0.352997,1.00249,0.284615
0.148983,0.42704,0.411264,-0.0523769,-0.966106,0.728939,0.358634,0.994306,0.285517
0.140163,0.437819,0.411696,-0.0487,-0.968042,0.728747,0.364177,0.985862,0.286478
0.131438,0.448801,0.412081,-0.0450122,-0.969909,0.728539,0.369614,0.977148,0.2875
0.122822,0.45999,0.412417,-0.0413139,-0.971707,0.728316,0.374932,0.968157,0.288587
0.114329,0.471395,0.412699,-0.0376056,-0.973438,0.728078,0.380116,0.958883,0.289743
0.105977,0.483021,0.412924,-0.0338875,-0.975102,0.727825,0.385151,0.949321,0.29097
0.0977819,0.494873,0.413088,-0.0301602,-0.976699,0.727558,0.390018,0.939466,0.292274
0.0897633,0.506956,0.413187,-0.026424,-0.97823,0.727276,0.394701,0.929314,0.293658
0.0819413,0.519273,0.413216,-0.0226793,-0.979695,0.726979,0.399178,0.918861,0.295125
0.0743374,0.531828,0.413172,-0.0189263,-0.981094,0.726669,0.403429,0.908106,0.296679
0.0669744,0.544619,0.41305,-0.0151654,-0.982428,0.726344,0.407431,0.897049,0.298326
0.0598764,0.557647,0.412846,-0.0113968,-0.983698,0.726006,0.41116,0.885691,0.300068
0.0530687,0.570907,0.412556,-0.00762084,-0.984903,0.725654,0.414592,0.874036,0.301909
0.0465771,0.584395,0.412178,-0.00383767,-0.986045,0.725289,0.417701,0.86209,0.303854
0.0404285,0.598102,0.411706,-4.75182e-05,-0.987123,0.72491,0.420459,0.849861,0.305904
0.0346497,0.612017,0.411138,0.00374944,-0.988139,0.724518,0.422841,0.837362,0.308064
0.0292675,0.626125,0.410473,0.00755304,-0.989091,0.724113,0.424819,0.824606,0.310334
0.0243082,0.640409,0.409707,0.0113632,-0.989981,0.723695,0.426369,0.811612,0.312718
0.0197967,0.654849,0.40884,0.0151797,-0.990809,0.723264,0.427464,0.7984,0.315216
0.0157563,0.669419,0.407872,0.0190025,-0.991575,0.72282,0.428081,0.784996,0.317829
0.0122079,0.684092,0.406802,0.0228315,-0.992279,0.722363,0.428201,0.771427,0.320555
0.00916918,0.698838,0.405634,0.0266667,-0.992922,0.721894,0.427804,0.757724,0.323393
0.00665454,0.713625,0.404368,0.0305079,-0.993504,0.721412,0.426878,0.743919,0.32634
0.00467418,0.728418,0.40301,0.0343553,-0.994024,0.720917,0.425411,0.730047,0.329392
0.0032339,0.74318,0.401563,0.0382086,-0.994484,0.72041,0.423397,0.716143,0.332546
0.00233487,0.757876,0.400033,0.042068,-0.994882,0.719891,0.420837,0.702245,0.335795
0.00197354,0.77247,0.398427,0.0459334,-0.995219,0.719359,0.417733,0.688389,0.339134
0.00214178,0.786927,0.39675,0.0498048,-0.995495,0.718815,0.414093,0.674608,0.342555
0.00282714,0.801213,0.395011,0.0536822,-0.995711,0.718258,0.409931,0.660937,0.346051
0.00401324,0.815297,0.393217,0.0575655,-0.995864,0.717689,0.405261,0.647407,0.349614
0.00568032,0.829152,0.391377,0.0614549,-0.995957,0.717107,0.400105,0.634045,0.353236
0.00780582,0.842752,0.389497,0.0653502,-0.995988,0.716513,0.394484,0.620876,0.35691
0.010365,0.856076,0.387585,0.0692515,-0.995957,0.715907,0.388424,0.607922,0.360628
0.0133316,0.869105,0.385649,0.0731587,-0.995864,0.715288,0.38195,0.5952,0.364383
0.0166784,0.881825,0.383697,0.0770718,-0.995709,0.714656,0.37509,0.582724,0.368167
0.0203779,0.894225,0.381733,0.0809907,-0.995492,0.714012,0.367871,0.570507,0.371975
0.0244024,0.906296,0.379766,0.0849154,-0.995211,0.713355,0.360322,0.558555,0.375799
0.028725,0.918033,0.377799,0.0888458,-0.994867,0.712685,0.352469,0.546873,0.379635
0.0333196,0.929434,0.375839,0.0927819,-0.994459,0.712003,0.344339,0.535465,0.383478
0.0381608,0.940498,0.373889,0.0967235,-0.993987,0.711308,0.335956,0.524329,0.387323
0.043225,0.951227,0.371953,0.10067,-0.99345,0.710601,0.327345,0.513464,0.391166
0.0484894,0.961622,0.370035,0.104623,-0.992848,0.70988,0.318528,0.502866,0.395005
0.0539332,0.97169,0.368138,0.10858,-0.992181,0.709146,0.309527,0.49253,0.398835
0.0595366,0.981436,0.366265,0.112542,-0.991447,0.7084,0.300361,0.482451,0.402655
0.0652814,0.990865,0.364417,0.116509,-0.990646,0.70764,0.291049,0.472621,0.406463
0.0711509,0.999985,0.362596,0.120481,-0.989778,0.706868,0.281608,0.463033,0.410257
0.0771298,1.0088,0.360804,0.124456,-0.988842,0.706082,0.272054,0.453678,0.414034
0.0832038,1.01733,0.359041,0.128436,-0.987838,0.705283,0.2624,0.444547,0.417795
0.0893602,1.02557,0.35731,0.13242,-0.986764,0.704471,0.25266,0.435632,0.421539
0.0955872,1.03354,0.35561,0.136406,-0.985621,0.703646,0.242846,0.426924,0.425264
0.101874,1.04123,0.353943,0.140396,-0.984407,0.702807,0.23297,0.418414,0.42897
0.108212,1.04867,0.352308,0.144389,-0.983122,0.701955,0.22304,0.410093,0.432657
0.11459,1.05585,0.350706,0.148384,-0.981766,0.70109,0.213066,0.401952,0.436324
0.121003,1.06279,0.349136,0.152381,-0.980337,0.700211,0.203056,0.393982,0.439973
0.127442,1.0695,0.347599,0.156379,-0.978835,0.699319,0.193019,0.386175,0.443601
0.133901,1.07598,0.346096,0.160378,-0.977259,0.698413,0.182961,0.378522,0.447211
0.140375,1.08223,0.344624,0.164378,-0.975609,0.697494,0.172887,0.371015,0.450801
0.146857,1.08828,0.343185,0.168378,-0.973884,0.696562,0.162805,0.363647,0.454373
0.153344,1.09411,0.341778,0.172378,-0.972083,0.695616,0.152718,0.356409,0.457926
0.159831,1.09975,0.340403,0.176376,-0.970206,0.694656,0.142633,0.349294,0.461461
0.166314,1.1052,0.339059,0.180373,-0.968251,0.693683,0.132553,0.342295,0.464978
0.17279,1.11045,0.337746,0.184368,-0.966219,0.692696,0.122482,0.335405,0.468477
0.179256,1.11553,0.336464,0.18836,-0.964108,0.691696,0.112424,0.328617,0.47196
0.185709,1.12043,0.335212,0.192348,-0.961918,0.690683,0.102383,0.321926,0.475425
0.192146,1.12516,0.333989,0.196333,-0.959648,0.689656,0.0923608,0.315324,0.478875
0.198567,1.12973,0.332796,0.200312,-0.957298,0.688615,0.0823609,0.308806,0.482309
0.204968,1.13414,0.331631,0.204286,-0.954866,0.687562,0.072386,0.302366,0.485727
0.211347,1.13839,0.330495,0.208254,-0.952352,0.686494,0.0624385,0.295998,0.489131
0.217704,1.1425,0.329387,0.212215,-0.949756,0.685414,0.0525207,0.289698,0.49252
0.224038,1.14646,0.328306,0.216168,-0.947077,0.68432,0.0426347,0.28346,0.495894
0.230346,1.15027,0.327251,0.220112,-0.944314,0.683213,0.0327825,0.27728,0.499256
0.236627,1.15395,0.326224,0.224047,-0.941466,0.682093,0.022966,0.271152,0.502604
0.242882,1.1575,0.325222,0.227971,-0.938534,0.68096,0.013187,0.265072,0.505939
0.249109,1.16092,0.324245,0.231884,-0.935515,0.679813,0.00344703,0.259036,0.509261
0.255307,1.16421,0.323294,0.235785,-0.932411,0.678654,-0.00625217,0.25304,0.512571
0.261476,1.16738,0.322368,0.239673,-0.929219,0.677482,-0.0159091,0.24708,0.51587
0.267616,1.17043,0.321465,0.243547,-0.92594,0.676298,-0.0255224,0.241152,0.519157
0.273725,1.17336,0.320587,0.247405,-0.922573,0.675101,-0.0350906,0.235252,0.522433
0.279804,1.17618,0.319732,0.251248,-0.919117,0.673891,-0.0446124,0.229377,0.525698
0.285852,1.17889,0.318899,0.255074,-0.915573,0.672669,-0.0540864,0.223524,0.528952
0.29187,1.18149,0.31809,0.258882,-0.911939,0.671434,-0.0635114,0.217688,0.532196
0.297856,1.18399,0.317303,0.26267,-0.908214,0.670188,-0.0728862,0.211868,0.535429
0.303811,1.18638,0.316537,0.266439,-0.904399,0.66893,-0.0822096,0.20606,0.538653
0.309735,1.18867,0.315793,0.270186,-0.900493,0.667659,-0.0914803,0.200262,0.541867
0.315627,1.19087,0.31507,0.27391,-0.896496,0.666377,-0.100697,0.19447,0.545072
0.321488,1.19296,0.314368,0.277611,-0.892406,0.665084,-0.109859,0.188683,0.548268
0.327318,1.19497,0.313687,0.281287,-0.888224,0.66378,-0.118965,0.182897,0.551454
0.333116,1.19688,0.313025,0.284938,-0.88395,0.662464,-0.128014,0.17711,0.554631
0.338883,1.1987,0.312384,0.288561,-0.879583,0.661137,-0.137004,0.171321,0.557799
0.344619,1.20044,0.311761,0.292156,-0.875122,0.6598,-0.145935,0.165526,0.560959
0.350324,1.20208,0.311159,0.295722,-0.870567,0.658452,-0.154806,0.159724,0.56411
0.355998,1.20365,0.310575,0.299256,-0.865918,0.657094,-0.163614,0.153913,0.567252
0.361641,1.20512,0.310009,0.302759,-0.861175,0.655725,-0.17236,0.148091,0.570386
0.367254,1.20652,0.309462,0.306228,-0.856338,0.654347,-0.181042,0.142256,0.573511
0.372836,1.20784,0.308933,0.309663,-0.851406,0.652959,-0.189659,0.136406,0.576627
0.378388,1.20908,0.308422,0.313062,-0.846379,0.651562,-0.19821,0.130541,0.579736
0.38391,1.21024,0.307929,0.316424,-0.841257,0.650156,-0.206694,0.124658,0.582835
0.389403,1.21132,0.307452,0.319747,-0.836039,0.648741,-0.21511,0.118756,0.585926
0.394865,1.21233,0.306993,0.323031,-0.830726,0.647317,-0.223456,0.112834,0.589009
0.400298,1.21327,0.306551,0.326273,-0.825318,0.645885,-0.231731,0.10689,0.592083
0.405702,1.21413,0.306126,0.329473,-0.819815,0.644446,-0.239934,0.100924,0.595149
0.411077,1.21492,0.305717,0.332628,-0.814216,0.642998,-0.248065,0.0949335,0.598205
0.416423,1.21564,0.305324,0.335739,-0.808521,0.641543,-0.256122,0.0889184,0.601253
0.42174,1.21629,0.304947,0.338803,-0.802731,0.64008,-0.264103,0.0828775,0.604292
0.427029,1.21688,0.304586,0.341819,-0.796845,0.638611,-0.272008,0.0768099,0.607322
0.43229,1.21739,0.304241,0.344786,-0.790865,0.637136,-0.279836,0.0707149,0.610343
0.437523,1.21784,0.303911,0.347702,-0.784789,0.635654,-0.287585,0.0645917,0.613355
0.442729,1.21822,0.303597,0.350566,-0.778618,0.634167,-0.295254,0.0584397,0.616357
0.447907,1.21853,0.303297,0.353376,-0.772352,0.632674,-0.302843,0.0522583,0.619349
0.453058,1.21878,0.303013,0.356131,-0.765992,0.631176,-0.310349,0.046047,0.622331
0.458181,1.21897,0.302743,0.35883,-0.759537,0.629673,-0.317772,0.0398053,0.625304
0.463278,1.2191,0.302489,0.361472,-0.752988,0.628165,-0.32511,0.0335328,0.628266
0.468349,1.21916,0.302248,0.364054,-0.746346,0.626654,-0.332363,0.0272293,0.631218
0.473393,1.21916,0.302022,0.366576,-0.73961,0.625139,-0.339529,0.0208945,0.634159
0.478411,1.21909,0.301811,0.369036,-0.732782,0.623621,-0.346607,0.0145282,0.637089
0.483403,1.21897,0.301613,0.371433,-0.72586,0.622099,-0.353596,0.00813033,0.640008
0.488369,1.21879,0.301429,0.373765,-0.718847,0.620576,-0.360494,0.00170078,0.642915
0.49331,1.21854,0.301259,0.376032,-0.711742,0.61905,-0.367302,-0.00476043,0.645811
0.498225,1.21824,0.301103,0.378231,-0.704546,0.617522,-0.374016,-0.0112532,0.648695
0.503115,1.21788,0.300961,0.380362,-0.69726,0.615993,-0.380637,-0.0177775,0.651566
0.50798,1.21746,0.300832,0.382423,-0.689883,0.614463,-0.387163,-0.024333,0.654425
0.51282,1.21698,0.300717,0.384413,-0.682418,0.612933,-0.393593,-0.0309195,0.657271
0.517636,1.21644,0.300615,0.38633,-0.674863,0.611402,-0.399926,-0.0375368,0.660103
0.522427,1.21585,0.300526,0.388173,-0.667221,0.609872,-0.406161,-0.0441843,0.662923
0.527194,1.21519,0.30045,0.389942,-0.659492,0.608342,-0.412296,-0.0508618,0.665728
0.531937,1.21448,0.300388,0.391634,-0.651676,0.606813,-0.418331,-0.0575688,0.668519
0.536656,1.21372,0.300338,0.393249,-0.643774,0.605287,-0.424265,-0.0643046,0.671295
0.541351,1.2129,0.300301,0.394785,-0.635788,0.603762,-0.430096,-0.0710688,0.674057
0.546022,1.21202,0.300278,0.396242,-0.627718,0.602239,-0.435824,-0.0778606,0.676803
0.550669,1.21108,0.300266,0.397618,-0.619564,0.600719,-0.441447,-0.0846794,0.679534
0.555293,1.21009,0.300268,0.398912,-0.611329,0.599203,-0.446965,-0.0915245,0.682249
0.559894,1.20905,0.300282,0.400122,-0.603012,0.59769,-0.452376,-0.0983949,0.684947
0.564472,1.20794,0.300309,0.401249,-0.594615,0.596182,-0.45768,-0.10529,0.687629
0.569026,1.20679,0.300349,0.40229,-0.586139,0.594678,-0.462876,-0.112209,0.690293
0.573557,1.20557,0.300401,0.403245,-0.577584,0.593179,-0.467963,-0.11915,0.69294
0.578066,1.20431,0.300465,0.404114,-0.568953,0.591685,-0.472939,-0.126113,0.69557
0.582551,1.20298,0.300542,0.404894,-0.560245,0.590197,-0.477805,-0.133097,0.69818
0.587014,1.2016,0.300632,0.405585,-0.551462,0.588716,-0.482559,-0.140101,0.700773
0.591454,1.20017,0.300733,0.406187,-0.542606,0.587241,-0.487201,-0.147123,0.703346
0.595871,1.19868,0.300848,0.406698,-0.533677,0.585773,-0.491729,-0.154162,0.7059
0.600266,1.19713,0.300974,0.407118,-0.524677,0.584312,-0.496144,-0.161218,0.708434
0.604638,1.19553,0.301113,0.407446,-0.515606,0.58286,-0.500444,-0.168288,0.710947
0.608987,1.19388,0.301264,0.407681,-0.506466,0.581416,-0.504628,-0.175372,0.713441
0.613314,1.19217,0.301427,0.407823,-0.497259,0.57998,-0.508697,-0.182468,0.715913
0.617618,1.1904,0.301603,0.407872,-0.487985,0.578554,-0.51265,-0.189575,0.718364
0.6219,1.18858,0.30179,0.407826,-0.478645,0.577137,-0.516486,-0.196691,0.720793
0.626159,1.1867,0.301991,0.407685,-0.469242,0.57573,-0.520204,-0.203816,0.7232
0.630396,1.18476,0.302203,0.407449,-0.459776,0.574333,-0.523805,-0.210947,0.725584
0.63461,1.18277,0.302428,0.407118,-0.450249,0.572946,-0.527287,-0.218083,0.727946
0.638801,1.18072,0.302665,0.40669,-0.440661,0.571571,-0.530651,-0.225222,0.730284
0.64297,1.17862,0.302914,0.406167,-0.431015,0.570207,-0.533896,-0.232364,0.732599
0.647116,1.17646,0.303176,0.405547,-0.421312,0.568854,-0.537022,-0.239506,0.73489
0.651238,1.17424,0.30345,0.404831,-0.411552,0.567513,-0.540029,-0.246647,0.737157
0.655338,1.17196,0.303737,0.404018,-0.401738,0.566185,-0.542916,-0.253786,0.739399
0.659415,1.16963,0.304036,0.403109,-0.39187,0.564869,-0.545684,-0.26092,0.741616
0.663469,1.16724,0.304347,0.402103,-0.381951,0.563566,-0.548332,-0.268048,0.743807
0.667499,1.16479,0.304671,0.401001,-0.37198,0.562275,-0.55086,-0.275168,0.745973
0.671506,1.16228,0.305008,0.399802,-0.361961,0.560999,-0.553268,-0.282279,0.748114
0.675489,1.15971,0.305357,0.398508,-0.351893,0.559736,-0.555557,-0.289379,0.750227
0.679448,1.15708,0.305719,0.397118,-0.341779,0.558486,-0.557726,-0.296466,0.752315
0.683383,1.1544,0.306094,0.395633,-0.331619,0.557251,-0.559776,-0.303539,0.754375
0.687294,1.15165,0.306481,0.394053,-0.321415,0.55603,-0.561707,-0.310596,0.756409
0.69118,1.14884,0.306882,0.392379,-0.311168,0.554823,-0.563519,-0.317635,0.758415
0.695042,1.14597,0.307295,0.390611,-0.300879,0.553631,-0.565213,-0.324654,0.760393
0.698878,1.14304,0.307722,0.38875,-0.29055,0.552454,-0.566788,-0.331652,0.762344
0.70269,1.14005,0.308162,0.386796,-0.280182,0.551292,-0.568246,-0.338627,0.764267
0.706475,1.13699,0.308615,0.384751,-0.269775,0.550145,-0.569586,-0.345578,0.766161
0.710234,1.13387,0.309081,0.382616,-0.259332,0.549012,-0.57081,-0.352502,0.768027
0.713968,1.13069,0.309561,0.380391,-0.248853,0.547896,-0.571918,-0.359398,0.769864
0.717674,1.12744,0.310054,0.378076,-0.238339,0.546794,-0.57291,-0.366265,0.771672
0.721353,1.12413,0.310561,0.375675,-0.227792,0.545708,-0.573788,-0.373101,0.773451
0.725005,1.12076,0.311082,0.373186,-0.217212,0.544637,-0.574551,-0.379903,0.775201
0.728628,1.11731,0.311617,0.370613,-0.206601,0.543581,-0.575201,-0.386671,0.776922
0.732223,1.1138,0.312166,0.367955,-0.195958,0.542541,-0.575738,-0.393403,0.778613
0.735789,1.11022,0.312729,0.365215,-0.185286,0.541516,-0.576164,-0.400097,0.780275
0.739325,1.10658,0.313306,0.362394,-0.174586,0.540507,-0.576479,-0.406752,0.781907
0.742831,1.10286,0.313898,0.359493,-0.163857,0.539513,-0.576684,-0.413366,0.783509
0.746306,1.09908,0.314505,0.356514,-0.1531,0.538534,-0.57678,-0.419938,0.785082
0.749749,1.09522,0.315126,0.353459,-0.142317,0.53757,-0.576769,-0.426466,0.786624
0.753161,1.0913,0.315763,0.350329,-0.131508,0.53662,-0.57665,-0.432949,0.788137
0.756539,1.0873,0.316414,0.347127,-0.120674,0.535686,-0.576426,-0.439385,0.78962
0.759884,1.08323,0.317081,0.343853,-0.109815,0.534766,-0.576097,-0.445773,0.791073
0.763194,1.07908,0.317764,0.340511,-0.098932,0.533861,-0.575665,-0.452113,0.792496
0.766469,1.07487,0.318462,0.337102,-0.088025,0.532969,-0.575131,-0.458401,0.793889
0.769708,1.07057,0.319176,0.333628,-0.0770947,0.532092,-0.574496,-0.464638,0.795252
0.77291,1.0662,0.319907,0.330091,-0.0661414,0.531228,-0.573761,-0.470822,0.796585
0.776073,1.06176,0.320653,0.326494,-0.0551653,0.530378,-0.572927,-0.476952,0.797889
0.779197,1.05723,0.321417,0.322839,-0.0441669,0.52954,-0.571997,-0.483026,0.799163
0.782281,1.05263,0.322197,0.319129,-0.0331461,0.528716,-0.57097,-0.489044,0.800407
0.785324,1.04795,0.322995,0.315365,-0.0221032,0.527904,-0.569849,-0.495005,0.801621
0.788324,1.04319,0.32381,0.311551,-0.0110383,0.527104,-0.568635,-0.500907,0.802807
0.79128,1.03834,0.324642,0.307689,4.86593e-05,0.526315,-0.56733,-0.50675,0.803963
0.794191,1.03341,0.325492,0.303783,0.0111577,0.525538,-0.565934,-0.512532,0.805089
0.797056,1.0284,0.326361,0.299833,0.0222888,0.524772,-0.564449,-0.518253,0.806187
0.799872,1.02331,0.327248,0.295844,0.0334423,0.524016,-0.562877,-0.523912,0.807256
0.802639,1.01813,0.328154,0.291819,0.0446181,0.52327,-0.561218,-0.529508,0.808296
0.805355,1.01286,0.329079,0.28776,0.0558167,0.522533,-0.559476,-0.535041,0.809308
0.808019,1.00751,0.330023,0.283671,0.0670382,0.521806,-0.55765,-0.54051,0.810292
0.810628,1.00207,0.330987,0.279554,0.0782829,0.521086,-0.555742,-0.545913,0.811247
0.81318,0.99654,0.331971,0.275414,0.0895513,0.520375,-0.553754,-0.551251,0.812174
0.815675,0.99092,0.332975,0.271253,0.100844,0.519671,-0.551687,-0.556524,0.813074
0.818109,0.985208,0.334,0.267074,0.112161,0.518974,-0.549543,-0.561729,0.813946
0.820481,0.979405,0.335046,0.262882,0.123502,0.518283,-0.547324,-0.566868,0.814791
0.822789,0.973509,0.336114,0.25868,0.13487,0.517597,-0.545029,-0.571939,0.815609
0.825031,0.96752,0.337203,0.254471,0.146263,0.516917,-0.542662,-0.576942,0.8164
0.827204,0.961435,0.338315,0.25026,0.157682,0.516241,-0.540223,-0.581878,0.817164
0.829305,0.955256,0.339449,0.246049,0.169129,0.515568,-0.537714,-0.586744,0.817903
0.831333,0.94898,0.340606,0.241844,0.180603,0.514899,-0.535137,-0.591543,0.818615
0.833285,0.942607,0.341787,0.237647,0.192105,0.514232,-0.532492,-0.596272,0.819301
0.835157,0.936137,0.342991,0.233464,0.203636,0.513567,-0.529781,-0.600932,0.819963
0.836948,0.929568,0.344219,0.229297,0.215195,0.512902,-0.527005,-0.605523,0.820599
0.838653,0.9229,0.345472,0.225153,0.226785,0.512238,-0.524166,-0.610045,0.821209
0.840271,0.916133,0.34675,0.221034,0.238405,0.511574,-0.521265,-0.614498,0.821796
0.841798,0.909266,0.348053,0.216945,0.250055,0.510909,-0.518303,-0.618881,0.822358
0.843231,0.902298,0.349383,0.212891,0.261736,0.510242,-0.515282,-0.623195,0.822896
0.844566,0.89523,0.350738,0.208877,0.273449,0.509572,-0.512203,-0.627439,0.82341
0.8458,0.888061,0.35212,0.204906,0.285193,0.508899,-0.509067,-0.631614,0.823901
0.84693,0.88079,0.35353,0.200985,0.29697,0.508222,-0.505875,-0.63572,0.824368
0.847951,0.873419,0.354966,0.197117,0.308778,0.507541,-0.502628,-0.639757,0.824812
0.84886,0.865947,0.356431,0.193308,0.320619,0.506854,-0.499328,-0.643725,0.825234
0.849653,0.858373,0.357924,0.189563,0.332491,0.506162,-0.495976,-0.647624,0.825634
0.850326,0.8507,0.359447,0.185886,0.344395,0.505462,-0.492572,-0.651455,0.826011
0.850875,0.842926,0.360998,0.182283,0.356332,0.504755,-0.489118,-0.655217,0.826367
0.851296,0.835053,0.362579,0.17876,0.368299,0.504041,-0.485616,-0.658912,0.826701
0.851584,0.827081,0.36419,0.175321,0.380297,0.503317,-0.482065,-0.662538,0.827014
0.851734,0.819012,0.365831,0.171972,0.392325,0.502584,-0.478466,-0.666097,0.827305
0.851744,0.810846,0.367503,0.168718,0.404382,0.501841,-0.474822,-0.669588,0.827576
0.851607,0.802586,0.369206,0.165565,0.416467,0.501087,-0.471132,-0.673012,0.827827
0.85132,0.794232,0.37094,0.162518,0.428578,0.500322,-0.467398,-0.67637,0.828057
0.850877,0.785786,0.372706,0.159582,0.440715,0.499546,-0.46362,-0.679661,0.828268
0.850275,0.777251,0.374504,0.156764,0.452876,0.498757,-0.459799,-0.682887,0.828459
0.849508,0.768628,0.376334,0.154069,0.465058,0.497956,-0.455936,-0.686046,0.82863
0.848571,0.75992,0.378197,0.151501,0.47726,0.497141,-0.452032,-0.68914,0.828782
0.847461,0.751131,0.380092,0.149067,0.489478,0.496313,-0.448088,-0.692169,0.828915
0.846171,0.742262,0.38202,0.146772,0.501711,0.49547,-0.444103,-0.695133,0.829029
0.844698,0.733317,0.383981,0.144621,0.513956,0.494614,-0.440079,-0.698033,0.829125
0.843037,0.7243,0.385974,0.14262,0.526208,0.493743,-0.436017,-0.700869,0.829203
0.841183,0.715215,0.388001,0.140773,0.538466,0.492857,-0.431916,-0.703641,0.829262
0.839132,0.706065,0.39006,0.139086,0.550724,0.491956,-0.427778,-0.706349,0.829303
0.83688,0.696856,0.392152,0.137563,0.562979,0.491041,-0.423603,-0.708995,0.829327
0.834422,0.68759,0.394277,0.13621,0.575227,0.49011,-0.419392,-0.711577,0.829333
0.831755,0.678275,0.396434,0.135029,0.587463,0.489164,-0.415145,-0.714098,0.829322
0.828874,0.668914,0.398623,0.134027,0.599682,0.488203,-0.410862,-0.716556,0.829293
0.825777,0.659514,0.400845,0.133207,0.611879,0.487228,-0.406543,-0.718953,0.829248
0.822459,0.650079,0.403097,0.132572,0.624048,0.486237,-0.40219,-0.721287,0.829185
0.818918,0.640617,0.405381,0.132125,0.636184,0.485233,-0.397803,-0.723561,0.829106
0.81515,0.631132,0.407695,0.131871,0.648282,0.484214,-0.393381,-0.725774,0.82901
0.811154,0.621632,0.410039,0.131812,0.660334,0.483182,-0.388926,-0.727926,0.828898
0.806927,0.612123,0.412413,0.13195,0.672335,0.482137,-0.384437,-0.730017,0.828769
0.802468,0.602611,0.414815,0.132287,0.684277,0.48108,-0.379915,-0.732048,0.828624
0.797774,0.593104,0.417246,0.132825,0.696156,0.480011,-0.375359,-0.734019,0.828463
0.792846,0.583608,0.419703,0.133564,0.707963,0.47893,-0.370771,-0.73593,0.828286
0.787683,0.57413,0.422187,0.134507,0.719692,0.47784,-0.366149,-0.737782,0.828093
0.782283,0.564678,0.424696,0.135652,0.731336,0.47674,-0.361495,-0.739573,0.827884
0.776648,0.555258,0.42723,0.137,0.742888,0.475631,-0.356809,-0.741305,0.827659
0.770779,0.545877,0.429787,0.138551,0.754341,0.474514,-0.35209,-0.742978,0.827419
0.764676,0.536543,0.432367,0.140302,0.765688,0.473391,-0.347338,-0.744591,0.827162
0.758341,0.527262,0.434968,0.142254,0.776923,0.472262,-0.342554,-0.746145,0.82689
0.751776,0.518041,0.437589,0.144403,0.788039,0.471129,-0.337738,-0.747639,0.826602
0.744983,0.508886,0.440229,0.146747,0.799028,0.469992,-0.33289,-0.749074,0.826299
0.737965,0.499804,0.442887,0.149283,0.809886,0.468853,-0.328008,-0.75045,0.82598
0.730726,0.490801,0.445562,0.152009,0.820605,0.467713,-0.323095,-0.751766,0.825645
0.723269,0.481883,0.448253,0.15492,0.831179,0.466573,-0.318149,-0.753022,0.825295
0.715598,0.473056,0.450958,0.158013,0.841603,0.465434,-0.313171,-0.754219,0.824929
0.707717,0.464324,0.453676,0.161282,0.851872,0.464297,-0.308159,-0.755356,0.824547
0.699631,0.455693,0.456406,0.164724,0.861979,0.463165,-0.303115,-0.756432,0.824149
0.691345,0.447167,0.459147,0.168333,0.871922,0.462037,-0.298038,-0.757448,0.823736
0.682864,0.43875,0.461898,0.172105,0.881693,0.460915,-0.292928,-0.758404,0.823307
0.674193,0.430447,0.464658,0.176032,0.891291,0.4598,-0.287785,-0.759298,0.822862
0.665337,0.422261,0.467426,0.180111,0.900711,0.458693,-0.282608,-0.760131,0.822401
0.656304,0.414194,0.4702,0.184334,0.909949,0.457596,-0.277398,-0.760903,0.821924
0.647098,0.40625,0.47298,0.188696,0.919002,0.45651,-0.272154,-0.761612,0.821431
0.637725,0.39843,0.475764,0.193191,0.927868,0.455434,-0.266876,-0.762259,0.820921
0.628192,0.390737,0.478553,0.197812,0.936545,0.454372,-0.261563,-0.762842,0.820395
0.618504,0.383172,0.481344,0.202553,0.945031,0.453323,-0.256217,-0.763362,0.819853
0.608668,0.375735,0.484138,0.207408,0.953323,0.452288,-0.250835,-0.763818,0.819294
0.598689,0.368428,0.486933,0.21237,0.961421,0.451269,-0.245419,-0.764209,0.818718
0.588575,0.36125,0.489729,0.217433,0.969324,0.450265,-0.239967,-0.764534,0.818126
0.57833,0.354201,0.492525,0.22259,0.977031,0.449279,-0.23448,-0.764793,0.817516
0.567961,0.347282,0.495321,0.227837,0.984543,0.44831,-0.228957,-0.764985,0.816889
0.557473,0.34049,0.498116,0.233166,0.991859,0.447359,-0.223399,-0.765109,0.816245
0.546873,0.333825,0.50091,0.238571,0.998979,0.446427,-0.217804,-0.765164,0.815582
0.536166,0.327285,0.503703,0.244046,1.0059,0.445515,-0.212172,-0.765149,0.814902
0.525357,0.320869,0.506493,0.249587,1.01264,0.444623,-0.206504,-0.765064,0.814204
0.514453,0.314573,0.509281,0.255186,1.01917,0.443751,-0.200799,-0.764907,0.813488
0.503457,0.308396,0.512067,0.260839,1.02552,0.4429,-0.195056,-0.764677,0.812753
0.492375,0.302336,0.51485,0.266541,1.03168,0.44207,-0.189276,-0.764374,0.812
0.481213,0.296388,0.517631,0.272286,1.03765,0.441262,-0.183459,-0.763995,0.811227
0.469974,0.290551,0.520409,0.278069,1.04343,0.440475,-0.177603,-0.76354,0.810436
0.458663,0.28482,0.523184,0.283886,1.04903,0.439711,-0.171709,-0.763007,0.809624
0.447284,0.279192,0.525957,0.289732,1.05444,0.43897,-0.165777,-0.762394,0.808793
0.435842,0.273663,0.528728,0.295603,1.05968,0.438251,-0.159806,-0.761702,0.807942
0.424341,0.26823,0.531496,0.301495,1.06474,0.437554,-0.153796,-0.760927,0.80707
0.412785,0.262888,0.534262,0.307403,1.06962,0.436881,-0.147747,-0.760069,0.806178
0.401176,0.257633,0.537026,0.313323,1.07433,0.43623,-0.14166,-0.759125,0.805264
0.38952,0.252461,0.539788,0.319253,1.07887,0.435602,-0.135533,-0.758094,0.80433
0.377818,0.247367,0.542549,0.325189,1.08325,0.434997,-0.129367,-0.756974,0.803373
0.366075,0.242347,0.545309,0.331126,1.08746,0.434416,-0.123161,-0.755764,0.802395
0.354293,0.237396,0.548069,0.337064,1.0915,0.433857,-0.116917,-0.754461,0.801394
0.342476,0.232509,0.550829,0.342998,1.09539,0.433321,-0.110633,-0.753063,0.80037
0.330625,0.227681,0.553589,0.348925,1.09913,0.432808,-0.104311,-0.751568,0.799323
0.318745,0.222907,0.556349,0.354844,1.10271,0.432318,-0.0979488,-0.749974,0.798253
0.306838,0.218182,0.559111,0.360751,1.10614,0.43185,-0.0915484,-0.748279,0.797159
0.294905,0.213501,0.561875,0.366645,1.10942,0.431405,-0.0851095,-0.74648,0.79604
0.28295,0.208859,0.564641,0.372523,1.11256,0.430982,-0.0786325,-0.744575,0.794897
0.270975,0.204251,0.56741,0.378383,1.11555,0.430581,-0.0721176,-0.742561,0.793729
0.258982,0.19967,0.570182,0.384224,1.11841,0.430203,-0.0655655,-0.740436,0.792535
0.246973,0.195112,0.572959,0.390043,1.12113,0.429846,-0.0589766,-0.738197,0.791315
0.234952,0.190571,0.57574,0.39584,1.12371,0.429511,-0.0523516,-0.735841,0.790069
0.222919,0.186041,0.578526,0.401612,1.12616,0.429198,-0.0456912,-0.733366,0.788796
0.210878,0.181518,0.581318,0.407358,1.12849,0.428906,-0.0389962,-0.730767,0.787496
0.19883,0.176995,0.584116,0.413078,1.13069,0.428635,-0.0322677,-0.728043,0.786169
0.186777,0.172466,0.586922,0.418769,1.13276,0.428385,-0.0255067,-0.72519,0.784813
0.174723,0.167927,0.589736,0.424431,1.13472,0.428155,-0.0187143,-0.722205,0.783429
0.162668,0.16337,0.592557,0.430063,1.13655,0.427946,-0.0118919,-0.719084,0.782016
0.150617,0.158791,0.595388,0.435664,1.13827,0.427758,-0.00504104,-0.715824,0.780574
0.13857,0.154184,0.598229,0.441234,1.13988,0.427589,0.0018367,-0.712421,0.779103
0.12653,0.149543,0.601079,0.44677,1.14137,0.42744,0.00873951,-0.708873,0.777601
0.114501,0.144861,0.603941,0.452273,1.14275,0.427311,0.0156654,-0.705174,0.776069
0.102485,0.140133,0.606814,0.457743,1.14403,0.427201,0.0226122,-0.701323,0.774506
0.0904842,0.135354,0.609698,0.463178,1.1452,0.42711,0.0295776,-0.697314,0.772912
0.0785024,0.130517,0.612596,0.468579,1.14627,0.427038,0.0365589,-0.693143,0.771287
0.0665425,0.125617,0.615506,0.473944,1.14723,0.426984,0.0435533,-0.688808,0.76963
0.0546078,0.120647,0.61843,0.479274,1.1481,0.426949,0.0505579,-0.684304,0.767941
0.0427021,0.115602,0.621367,0.484569,1.14886,0.426933,0.0575694,-0.679627,0.76622
0.0308289,0.110476,0.624319,0.489827,1.14954,0.426934,0.0645841,-0.674773,0.764467
0.0189924,0.105264,0.627286,0.495049,1.15011,0.426953,0.0715984,-0.669738,0.762681
0.00719666,0.0999597,0.630267,0.500235,1.1506,0.42699,0.0786081,-0.664519,0.760863
-0.00455378,0.0945577,0.633264,0.505385,1.15099,0.427044,0.0856088,-0.659111,0.759012
-0.0162542,0.0890529,0.636276,0.510498,1.1513,0.427115,0.092596,-0.653511,0.757129
-0.0278997,0.0834398,0.639304,0.515575,1.15151,0.427203,0.0995647,-0.647715,0.755213
-0.0394849,0.0777136,0.642347,0.520615,1.15164,0.427308,0.10651,-0.641718,0.753265
-0.0510043,0.0718692,0.645406,0.525619,1.15169,0.427429,0.113425,-0.635519,0.751285
-0.0624522,0.0659021,0.64848,0.530587,1.15165,0.427567,0.120305,-0.629113,0.749273
-0.0738223,0.0598079,0.651569,0.535518,1.15153,0.427721,0.127144,-0.622497,0.74723
-0.0851082,0.0535824,0.654674,0.540413,1.15133,0.42789,0.133935,-0.615669,0.745156
-0.0963034,0.0472218,0.657793,0.545272,1.15104,0.428076,0.140671,-0.608625,0.743051
-0.107401,0.0407226,0.660926,0.550095,1.15068,0.428277,0.147346,-0.601364,0.740917
-0.118393,0.0340818,0.664072,0.554882,1.15024,0.428494,0.153951,-0.593883,0.738754
-0.129273,0.0272967,0.667231,0.559634,1.14972,0.428726,0.160479,-0.58618,0.736562
-0.140033,0.0203651,0.670403,0.56435,1.14913,0.428973,0.166923,-0.578255,0.734344
-0.150665,0.0132852,0.673585,0.569031,1.14846,0.429236,0.173275,-0.570106,0.7321
-0.161161,0.00605572,0.676776,0.573676,1.14772,0.429513,0.179525,-0.561733,0.729831
-0.171513,-0.00132395,0.679977,0.578287,1.1469,0.429805,0.185666,-0.553136,0.727538
-0.181712,-0.00885396,0.683185,0.582863,1.14601,0.430111,0.191689,-0.544316,0.725224
-0.191751,-0.0165338,0.686399,0.587404,1.14505,0.430432,0.197587,-0.535273,0.722889
-0.20162,-0.0243625,0.689617,0.591911,1.14401,0.430767,0.203349,-0.52601,0.720535
-0.211312,-0.0323382,0.692838,0.596384,1.14291,0.431117,0.208968,-0.516529,0.718165
-0.220818,-0.0404585,0.69606,0.600822,1.14173,0.431481,0.214436,-0.506832,0.715779
-0.230131,-0.0487205,0.699282,0.605227,1.14048,0.431858,0.219744,-0.496923,0.71338
-0.239243,-0.0571204,0.7025,0.609598,1.13917,0.43225,0.224884,-0.486806,0.71097
-0.248145,-0.0656541,0.705714,0.613936,1.13778,0.432656,0.229849,-0.476487,0.708551
-0.256831,-0.0743165,0.70892,0.618241,1.13633,0.433075,0.234631,-0.465969,0.706125
-0.265295,-0.083102,0.712118,0.622512,1.1348,0.433508,0.239223,-0.455259,0.703694
-0.273529,-0.0920048,0.715304,0.62675,1.13321,0.433955,0.243619,-0.444363,0.70126
-0.281528,-0.101018,0.718478,0.630955,1.13155,0.434415,0.247813,-0.433289,0.698827
-0.289286,-0.110135,0.721635,0.635127,1.12982,0.434889,0.251799,-0.422042,0.696395
-0.296799,-0.119347,0.724775,0.639267,1.12802,0.435377,0.255572,-0.410631,0.693968
-0.304063,-0.128647,0.727896,0.643374,1.12615,0.435878,0.259129,-0.399064,0.691547
-0.311074,-0.138027,0.730994,0.647448,1.12422,0.436392,0.262466,-0.387349,0.689134
-0.317829,-0.147478,0.734068,0.651489,1.12221,0.43692,0.265579,-0.375494,0.686732
-0.324326,-0.156992,0.737116,0.655498,1.12014,0.437462,0.268468,-0.363509,0.684342
-0.330564,-0.166559,0.740136,0.659474,1.118,0.438016,0.271129,-0.351401,0.681967
-0.336541,-0.17617,0.743127,0.663418,1.11579,0.438584,0.273563,-0.33918,0.679609
-0.342258,-0.185817,0.746086,0.667329,1.11351,0.439166,0.27577,-0.326854,0.677268
-0.347716,-0.195491,0.749012,0.671207,1.11116,0.439761,0.277749,-0.314432,0.674947
-0.352914,-0.205183,0.751903,0.675052,1.10874,0.44037,0.279503,-0.301922,0.672648
-0.357856,-0.214884,0.754758,0.678863,1.10626,0.440992,0.281033,-0.289333,0.67037
-0.362543,-0.224586,0.757576,0.682642,1.1037,0.441627,0.282341,-0.276672,0.668117
-0.366977,-0.23428,0.760356,0.686386,1.10107,0.442276,0.283431,-0.263949,0.665888
-0.371163,-0.243959,0.763097,0.690098,1.09837,0.442939,0.284306,-0.251168,0.663684
-0.375105,-0.253615,0.765797,0.693774,1.09559,0.443615,0.28497,-0.238339,0.661508
-0.378805,-0.263241,0.768457,0.697417,1.09275,0.444305,0.285428,-0.225468,0.659358
-0.382269,-0.27283,0.771075,0.701025,1.08983,0.445009,0.285684,-0.212561,0.657236
-0.385501,-0.282375,0.773651,0.704597,1.08684,0.445727,0.285744,-0.199623,0.655142
-0.388506,-0.29187,0.776184,0.708134,1.08377,0.446459,0.285612,-0.186661,0.653077
-0.39129,-0.30131,0.778675,0.711635,1.08063,0.447205,0.285295,-0.17368,0.65104
-0.393858,-0.310689,0.781123,0.715099,1.07741,0.447965,0.284799,-0.160683,0.649032
-0.396216,-0.320002,0.783528,0.718526,1.07412,0.448739,0.28413,-0.147676,0.647053
-0.398369,-0.329245,0.78589,0.721915,1.07075,0.449527,0.283294,-0.134662,0.645102
-0.400323,-0.338413,0.78821,0.725265,1.0673,0.450331,0.282298,-0.121644,0.64318
-0.402084,-0.347503,0.790486,0.728577,1.06377,0.451148,0.281147,-0.108625,0.641286
-0.403657,-0.356511,0.792721,0.731848,1.06016,0.451981,0.279849,-0.0956082,0.639419
-0.405048,-0.365434,0.794913,0.735078,1.05647,0.452828,0.27841,-0.0825952,0.637579
-0.406264,-0.374269,0.797063,0.738267,1.0527,0.45369,0.276838,-0.0695881,0.635766
-0.40731,-0.383014,0.799172,0.741412,1.04884,0.454568,0.275137,-0.0565882,0.63398
-0.40819,-0.391667,0.80124,0.744514,1.0449,0.455461,0.273316,-0.0435967,0.632219
-0.408912,-0.400226,0.803268,0.747572,1.04088,0.456369,0.27138,-0.0306143,0.630482
-0.40948,-0.408689,0.805256,0.750583,1.03677,0.457294,0.269337,-0.0176417,0.62877
-0.4099,-0.417055,0.807205,0.753547,1.03257,0.458233,0.267193,-0.00467893,0.627082
-0.410176,-0.425323,0.809115,0.756462,1.02829,0.459189,0.264954,0.00827388,0.625416
-0.410314,-0.433492,0.810987,0.759328,1.02392,0.460162,0.262626,0.021217,0.623771
-0.410319,-0.441561,0.812822,0.762142,1.01945,0.46115,0.260217,0.034151,0.622148
-0.410196,-0.44953,0.814619,0.764903,1.01489,0.462156,0.257732,0.0470764,0.620545
-0.409948,-0.457399,0.816381,0.76761,1.01024,0.463178,0.255178,0.0599942,0.618961
-0.409581,-0.465166,0.818107,0.77026,1.0055,0.464217,0.252561,0.0729054,0.617396
-0.409099,-0.472833,0.819798,0.772853,1.00066,0.465273,0.249887,0.0858113,0.615849
-0.408507,-0.4804,0.821456,0.775385,0.995726,0.466347,0.247162,0.0987132,0.614318
-0.407807,-0.487866,0.823079,0.777855,0.990693,0.467438,0.244392,0.111612,0.612802
-0.407005,-0.495232,0.82467,0.780261,0.985561,0.468548,0.241583,0.124511,0.611302
-0.406103,-0.502498,0.826229,0.782601,0.980328,0.469676,0.238742,0.13741,0.609816
-0.405105,-0.509665,0.827756,0.784872,0.974993,0.470822,0.235873,0.150312,0.608342
-0.404016,-0.516734,0.829252,0.787072,0.969556,0.471986,0.232984,0.163218,0.606881
-0.402837,-0.523705,0.830718,0.789197,0.964015,0.47317,0.23008,0.17613,0.605432
-0.401573,-0.530579,0.832155,0.791246,0.958368,0.474373,0.227167,0.189051,0.603992
-0.400227,-0.537357,0.833563,0.793216,0.952614,0.475595,0.224251,0.201982,0.602562
-0.3988,-0.544039,0.834942,0.795103,0.946753,0.476837,0.221337,0.214926,0.601141
-0.397297,-0.550627,0.836293,0.796904,0.940783,0.478099,0.218433,0.227884,0.599728
-0.395719,-0.557121,0.837618,0.798616,0.934703,0.479381,0.215543,0.240858,0.598321
-0.39407,-0.563523,0.838916,0.800236,0.928512,0.480683,0.212674,0.253851,0.596921
-0.392352,-0.569833,0.840187,0.801759,0.922208,0.482006,0.209833,0.266864,0.595526
-0.390566,-0.576052,0.841434,0.803182,0.915792,0.483351,0.207024,0.2799,0.594136
-0.388716,-0.582182,0.842655,0.804501,0.909261,0.484716,0.204255,0.292961,0.592749
-0.386804,-0.588223,0.843852,0.805712,0.902615,0.486103,0.201532,0.306047,0.591365
-0.384831,-0.594176,0.845025,0.80681,0.895854,0.487511,0.198861,0.319162,0.589983
-0.382799,-0.600043,0.846175,0.80779,0.888977,0.488942,0.196249,0.332306,0.588603
-0.380711,-0.605825,0.847302,0.808648,0.881983,0.490394,0.193703,0.345482,0.587224
-0.378568,-0.611522,0.848407,0.809379,0.874872,0.491869,0.191228,0.35869,0.585844
-0.376371,-0.617136,0.84949,0.809978,0.867643,0.493366,0.188833,0.371932,0.584464
-0.374123,-0.622667,0.850551,0.810439,0.860298,0.494887,0.186523,0.38521,0.583083
-0.371824,-0.628117,0.851591,0.810757,0.852835,0.49643,0.184307,0.398523,0.5817
-0.369477,-0.633487,0.85261,0.810925,0.845255,0.497996,0.182191,0.411872,0.580314
-0.367082,-0.638777,0.85361,0.810938,0.837558,0.499585,0.180184,0.425259,0.578926
-0.364641,-0.643989,0.854589,0.81079,0.829746,0.501197,0.178291,0.438683,0.577534
-0.362155,-0.649124,0.855549,0.810473,0.82182,0.502833,0.176522,0.452144,0.576138
-0.359625,-0.654182,0.85649,0.809981,0.81378,0.504492,0.174883,0.465642,0.574738
-0.357052,-0.659165,0.857412,0.809308,0.80563,0.506174,0.173384,0.479176,0.573334
-0.354438,-0.664074,0.858316,0.808446,0.797369,0.50788,0.172031,0.492745,0.571925
-0.351783,-0.668909,0.859201,0.807389,0.789002,0.509608,0.170834,0.506347,0.57051
-0.349088,-0.673671,0.860069,0.806127,0.780531,0.51136,0.1698,0.51998,0.569091
-0.346354,-0.678361,0.86092,0.804656,0.771959,0.513134,0.168938,0.533642,0.567666
-0.343582,-0.68298,0.861753,0.802965,0.76329,0.514931,0.168256,0.547331,0.566236
-0.340772,-0.687529,0.86257,0.801049,0.754527,0.51675,0.167763,0.561042,0.5648
-0.337926,-0.692009,0.863369,0.798899,0.745677,0.518591,0.167467,0.574771,0.56336
-0.335043,-0.696419,0.864153,0.796507,0.736745,0.520452,0.167376,0.588515,0.561915
-0.332125,-0.700762,0.864921,0.793866,0.727735,0.522335,0.167499,0.602267,0.560465
-0.329172,-0.705038,0.865672,0.790968,0.718655,0.524237,0.167844,0.616023,0.559011
-0.326185,-0.709247,0.866408,0.787807,0.709512,0.526158,0.168419,0.629775,0.557553
-0.323164,-0.71339,0.867129,0.784373,0.700313,0.528098,0.169231,0.643517,0.556093
-0.32011,-0.717468,0.867834,0.780662,0.691067,0.530055,0.170288,0.657241,0.55463
-0.317022,-0.721481,0.868525,0.776666,0.681783,0.532029,0.171596,0.670938,0.553166
-0.313902,-0.72543,0.8692,0.772379,0.672471,0.534018,0.173163,0.6846,0.551702
-0.310749,-0.729315,0.869861,0.767795,0.66314,0.53602,0.174994,0.698216,0.550239
-0.307565,-0.733138,0.870507,0.76291,0.653802,0.538036,0.177095,0.711776,0.548777
-0.304349,-0.736897,0.871139,0.757719,0.644468,0.540062,0.17947,0.725269,0.547319
-0.301101,-0.740594,0.871757,0.752219,0.635149,0.542098,0.182122,0.738685,0.545865
-0.297822,-0.74423,0.87236,0.746406,0.625859,0.544142,0.185056,0.75201,0.544418
-0.294512,-0.747803,0.87295,0.74028,0.61661,0.546192,0.188272,0.765233,0.542978
-0.291172,-0.751316,0.873526,0.733839,0.607415,0.548246,0.191773,0.778341,0.541548
-0.2878,-0.754768,0.874087,0.727082,0.598286,0.550303,0.195558,0.791321,0.540129
-0.284398,-0.758159,0.874636,0.720013,0.589238,0.552361,0.199626,0.80416,0.538723
-0.280966,-0.761489,0.87517,0.712632,0.580283,0.554418,0.203974,0.816846,0.537332
-0.277503,-0.764759,0.875691,0.704943,0.571435,0.556471,0.2086,0.829364,0.535958
-0.27401,-0.767969,0.876198,0.69695,0.562706,0.55852,0.2135,0.841703,0.534602
-0.270487,-0.77112,0.876692,0.688661,0.554109,0.560561,0.218666,0.853851,0.533267
-0.266933,-0.77421,0.877173,0.68008,0.545655,0.562594,0.224094,0.865794,0.531954
-0.26335,-0.77724,0.87764,0.671215,0.537357,0.564616,0.229774,0.877523,0.530665
-0.259736,-0.78021,0.878093,0.662077,0.529224,0.566625,0.2357,0.889026,0.529402
-0.256093,-0.783121,0.878533,0.652673,0.521267,0.56862,0.24186,0.900293,0.528166
-0.252419,-0.785971,0.87896,0.643014,0.513495,0.5706,0.248245,0.911316,0.52696
-0.248715,-0.788761,0.879374,0.633112,0.505915,0.572563,0.254843,0.922086,0.525784
-0.244981,-0.791491,0.879774,0.622977,0.498534,0.574507,0.261644,0.932596,0.52464
-0.241217,-0.79416,0.88016,0.612623,0.49136,0.576431,0.268634,0.94284,0.523529
-0.237423,-0.796769,0.880533,0.60206,0.484396,0.578335,0.275803,0.952813,0.522452
-0.233599,-0.799316,0.880893,0.591303,0.477646,0.580217,0.283136,0.96251,0.521411
-0.229745,-0.801803,0.881239,0.580364,0.471114,0.582076,0.290621,0.971929,0.520405
-0.225861,-0.804228,0.881571,0.569256,0.464801,0.583913,0.298245,0.981067,0.519437
-0.221946,-0.806591,0.881889,0.55799,0.458708,0.585725,0.305996,0.989923,0.518505
-0.218002,-0.808892,0.882194,0.546581,0.452834,0.587514,0.313861,0.998497,0.517611
-0.214028,-0.81113,0.882485,0.53504,0.44718,0.589279,0.321828,1.00679,0.516755
-0.210024,-0.813305,0.882763,0.52338,0.441743,0.59102,0.329884,1.0148,0.515938
-0.20599,-0.815417,0.883026,0.511611,0.43652,0.592736,0.338019,1.02254,0.515158
-0.201926,-0.817464,0.883275,0.499746,0.431509,0.594429,0.34622,1.03,0.514416
-0.197832,-0.819447,0.88351,0.487795,0.426705,0.596097,0.354478,1.03718,0.513713
-0.193709,-0.821366,0.883731,0.475767,0.422104,0.597742,0.362782,1.0441,0.513047
-0.189556,-0.823218,0.883937,0.463674,0.417702,0.599364,0.371122,1.05076,0.512419
-0.185374,-0.825005,0.884129,0.451525,0.413492,0.600963,0.379489,1.05715,0.511827
-0.181163,-0.826725,0.884307,0.439327,0.409469,0.602541,0.387876,1.0633,0.511272
-0.176922,-0.828377,0.88447,0.427089,0.405627,0.604097,0.396273,1.06919,0.510754
-0.172653,-0.829962,0.884618,0.41482,0.401961,0.605632,0.404673,1.07484,0.51027
-0.168355,-0.831478,0.884751,0.402525,0.398463,0.607147,0.41307,1.08026,0.509822
-0.164028,-0.832925,0.88487,0.390212,0.395127,0.608643,0.421456,1.08544,0.509407
-0.159674,-0.834303,0.884973,0.377887,0.391947,0.61012,0.429827,1.0904,0.509027
-0.155291,-0.835609,0.885061,0.365555,0.388917,0.61158,0.438176,1.09513,0.508679
-0.150881,-0.836845,0.885134,0.353222,0.386028,0.613022,0.446499,1.09966,0.508364
-0.146443,-0.838009,0.885192,0.340893,0.383276,0.614448,0.45479,1.10397,0.508079
-0.141979,-0.839101,0.885234,0.328572,0.380653,0.61586,0.463047,1.10809,0.507826
-0.137488,-0.840119,0.885261,0.316264,0.378152,0.617256,0.471264,1.11201,0.507603
-0.132971,-0.841064,0.885272,0.303972,0.375768,0.618639,0.479439,1.11574,0.507409
-0.128428,-0.841934,0.885267,0.291699,0.373494,0.620009,0.487569,1.11928,0.507244
-0.12386,-0.842729,0.885246,0.279449,0.371325,0.621366,0.49565,1.12264,0.507107
-0.119266,-0.843448,0.88521,0.267225,0.369253,0.622713,0.503681,1.12584,0.506997
-0.114649,-0.844091,0.885157,0.255029,0.367272,0.624049,0.51166,1.12886,0.506914
-0.110008,-0.844656,0.885088,0.242864,0.365378,0.625375,0.519584,1.13172,0.506857
-0.105343,-0.845144,0.885004,0.230732,0.363565,0.626692,0.527451,1.13442,0.506825
-0.100656,-0.845553,0.884902,0.218635,0.361827,0.628001,0.535261,1.13697,0.506817
-0.0959469,-0.845883,0.884785,0.206575,0.360158,0.629302,0.543012,1.13936,0.506834
-0.0912161,-0.846133,0.88465,0.194554,0.358554,0.630596,0.550702,1.14162,0.506874
-0.0864644,-0.846302,0.8845,0.182572,0.35701,0.631884,0.558332,1.14373,0.506936
-0.0816925,-0.846391,0.884332,0.170632,0.35552,0.633166,0.5659,1.14571,0.507021
-0.0769011,-0.846398,0.884149,0.158735,0.354081,0.634443,0.573406,1.14756,0.507128
-0.0720909,-0.846322,0.883948,0.146882,0.352687,0.635716,0.580849,1.14928,0.507256
-0.0672626,-0.846164,0.88373,0.135074,0.351335,0.636985,0.588229,1.15087,0.507404
-0.0624169,-0.845922,0.883496,0.123312,0.350019,0.638251,0.595545,1.15234,0.507573
-0.0575546,-0.845597,0.883245,0.111597,0.348737,0.639514,0.602798,1.1537,0.507761
-0.0526765,-0.845186,0.882977,0.0999294,0.347484,0.640775,0.609987,1.15494,0.507968
-0.0477833,-0.844691,0.882692,0.0883107,0.346256,0.642035,0.617113,1.15607,0.508193
-0.042876,-0.84411,0.88239,0.0767414,0.345051,0.643293,0.624175,1.1571,0.508437
-0.0379552,-0.843444,0.882071,0.0652221,0.343863,0.64455,0.631173,1.15802,0.508699
-0.0330219,-0.84269,0.881735,0.0537535,0.342691,0.645807,0.638108,1.15884,0.508978
-0.0280769,-0.84185,0.881382,0.0423363,0.34153,0.647064,0.644981,1.15956,0.509274
-0.0231211,-0.840922,0.881012,0.0309709,0.340379,0.648322,0.65179,1.16018,0.509587
-0.0181554,-0.839907,0.880625,0.019658,0.339233,0.64958,0.658537,1.16071,0.509915
-0.0131806,-0.838804,0.88022,0.00839819,0.33809,0.65084,0.665222,1.16115,0.51026
-0.00819773,-0.837611,0.879799,-0.00280814,0.336948,0.652101,0.671846,1.1615,0.51062
-0.0032076,-0.836331,0.879361,-0.0139604,0.335804,0.653364,0.678408,1.16177,0.510995
0.00178882,-0.83496,0.878905,-0.0250582,0.334655,0.654629,0.684909,1.16195,0.511385
0.0067906,-0.833501,0.878433,-0.036101,0.333499,0.655897,0.69135,1.16204,0.51179
0.0117968,-0.831951,0.877944,-0.0470883,0.332334,0.657168,0.697732,1.16206,0.512208
0.0168065,-0.830312,0.877437,-0.0580197,0.331157,0.658441,0.704053,1.16199,0.512641
0.0218186,-0.828582,0.876914,-0.0688947,0.329968,0.659718,0.710316,1.16185,0.513087
0.0268324,-0.826762,0.876374,-0.0797129,0.328763,0.660999,0.716521,1.16164,0.513547
0.0318467,-0.824851,0.875817,-0.0904738,0.32754,0.662283,0.722667,1.16135,0.51402
0.0368607,-0.822849,0.875244,-0.101177,0.326299,0.663571,0.728756,1.16099,0.514506
0.0418734,-0.820756,0.874653,-0.111822,0.325037,0.664863,0.734789,1.16056,0.515004
0.0468837,-0.818572,0.874046,-0.122408,0.323754,0.666159,0.740765,1.16006,0.515515
0.0518908,-0.816297,0.873423,-0.132936,0.322446,0.66746,0.746685,1.15949,0.516038
0.0568936,-0.81393,0.872782,-0.143404,0.321114,0.668765,0.75255,1.15886,0.516573
0.0618913,-0.811472,0.872126,-0.153812,0.319755,0.670075,0.75836,1.15816,0.51712
0.0668827,-0.808923,0.871453,-0.164159,0.318368,0.671389,0.764116,1.15739,0.517678
0.071867,-0.806282,0.870764,-0.174446,0.316953,0.672709,0.769819,1.15657,0.518248
0.0768432,-0.803549,0.870058,-0.184671,0.315507,0.674033,0.775468,1.15568,0.518829
0.0818104,-0.800725,0.869336,-0.194835,0.314031,0.675363,0.781065,1.15473,0.519421
0.0867675,-0.79781,0.868599,-0.204937,0.312522,0.676697,0.786609,1.15373,0.520024
0.0917137,-0.794803,0.867845,-0.214976,0.31098,0.678037,0.792102,1.15266,0.520637
0.0966479,-0.791705,0.867076,-0.224951,0.309405,0.679382,0.797543,1.15154,0.521262
0.101569,-0.788515,0.866291,-0.234864,0.307795,0.680733,0.802934,1.15036,0.521896
0.106477,-0.785235,0.86549,-0.244712,0.30615,0.682088,0.808275,1.14912,0.522541
0.11137,-0.781863,0.864674,-0.254496,0.304468,0.68345,0.813566,1.14783,0.523196
0.116247,-0.7784,0.863843,-0.264215,0.30275,0.684816,0.818807,1.14649,0.523861
0.121108,-0.774847,0.862996,-0.273868,0.300994,0.686188,0.824,1.14509,0.524536
0.125951,-0.771203,0.862134,-0.283456,0.299201,0.687565,0.829144,1.14364,0.525221
0.130776,-0.767469,0.861257,-0.292977,0.297369,0.688948,0.834241,1.14214,0.525916
0.135582,-0.763644,0.860365,-0.302432,0.295499,0.690335,0.83929,1.14059,0.52662
0.140368,-0.75973,0.859458,-0.311819,0.293589,0.691729,0.844291,1.13898,0.527333
0.145133,-0.755726,0.858537,-0.321139,0.29164,0.693127,0.849246,1.13733,0.528056
0.149876,-0.751632,0.857601,-0.33039,0.289651,0.694531,0.854155,1.13562,0.528788
0.154596,-0.747449,0.856651,-0.339573,0.287622,0.69594,0.859018,1.13387,0.529529
0.159293,-0.743178,0.855687,-0.348687,0.285553,0.697354,0.863835,1.13207,0.530279
0.163965,-0.738817,0.854709,-0.357732,0.283443,0.698774,0.868606,1.13021,0.531038
0.168613,-0.734369,0.853716,-0.366707,0.281292,0.700198,0.873333,1.12832,0.531806
0.173235,-0.729832,0.85271,-0.375611,0.2791,0.701627,0.878016,1.12637,0.532583
0.17783,-0.725207,0.85169,-0.384444,0.276868,0.703062,0.882654,1.12438,0.533368
0.182398,-0.720496,0.850657,-0.393206,0.274595,0.704501,0.887249,1.12234,0.534162
0.186937,-0.715697,0.84961,-0.401897,0.272281,0.705945,0.8918,1.12026,0.534965
0.191448,-0.710811,0.84855,-0.410515,0.269925,0.707393,0.896307,1.11813,0.535776
0.195929,-0.705839,0.847477,-0.419061,0.267529,0.708847,0.900772,1.11595,0.536596
0.200379,-0.700781,0.846392,-0.427533,0.265092,0.710304,0.905194,1.11373,0.537424
0.204799,-0.695638,0.845293,-0.435933,0.262615,0.711766,0.909573,1.11146,0.538261
0.209187,-0.690409,0.844182,-0.444258,0.260096,0.713233,0.913911,1.10915,0.539105
0.213543,-0.685096,0.843058,-0.452509,0.257538,0.714703,0.918206,1.1068,0.539958
0.217865,-0.679698,0.841922,-0.460686,0.254939,0.716178,0.92246,1.1044,0.54082
0.222154,-0.674216,0.840774,-0.468787,0.252299,0.717657,0.926673,1.10196,0.541689
0.226409,-0.668651,0.839614,-0.476813,0.249621,0.71914,0.930844,1.09947,0.542566
0.230629,-0.663003,0.838442,-0.484764,0.246902,0.720626,0.934975,1.09694,0.543452
0.234813,-0.657272,0.837259,-0.492638,0.244144,0.722116,0.939064,1.09437,0.544345
0.238962,-0.651458,0.836064,-0.500435,0.241347,0.72361,0.943113,1.09175,0.545247
0.243074,-0.645563,0.834857,-0.508155,0.238512,0.725106,0.947122,1.08909,0.546156
0.247148,-0.639586,0.83364,-0.515798,0.235637,0.726607,0.95109,1.08639,0.547074
0.251185,-0.633529,0.832411,-0.523364,0.232725,0.72811,0.955018,1.08364,0.547999
0.255184,-0.627391,0.831172,-0.530851,0.229776,0.729616,0.958907,1.08086,0.548932
0.259145,-0.621173,0.829922,-0.53826,0.226788,0.731125,0.962755,1.07802,0.549873
0.263066,-0.614875,0.828661,-0.54559,0.223764,0.732637,0.966564,1.07515,0.550822
0.266947,-0.608498,0.82739,-0.552841,0.220704,0.734152,0.970333,1.07223,0.551778
0.270789,-0.602043,0.826109,-0.560012,0.217607,0.735669,0.974063,1.06928,0.552743
0.27459,-0.595509,0.824817,-0.567104,0.214475,0.737188,0.977754,1.06627,0.553715
0.278351,-0.588897,0.823516,-0.574116,0.211308,0.738709,0.981405,1.06323,0.554695
0.28207,-0.582209,0.822205,-0.581048,0.208106,0.740233,0.985017,1.06014,0.555682
0.285748,-0.575443,0.820884,-0.587898,0.20487,0.741758,0.98859,1.05701,0.556678
0.289384,-0.568601,0.819554,-0.594668,0.201601,0.743285,0.992124,1.05384,0.557681
0.292978,-0.561684,0.818215,-0.601357,0.198298,0.744814,0.995619,1.05063,0.558691
0.296529,-0.55469,0.816866,-0.607964,0.194963,0.746344,0.999075,1.04737,0.55971
0.300038,-0.547622,0.815509,-0.614489,0.191595,0.747875,1.00249,1.04407,0.560736
0.303503,-0.54048,0.814142,-0.620933,0.188196,0.749408,1.00587,1.04072,0.56177
0.306925,-0.533263,0.812767,-0.627294,0.184766,0.750941,1.00921,1.03734,0.562812
0.310304,-0.525972,0.811384,-0.633572,0.181306,0.752475,1.01251,1.03391,0.563861
0.313639,-0.518609,0.809992,-0.639768,0.177816,0.75401,1.01577,1.03043,0.564918
0.31693,-0.511173,0.808592,-0.645881,0.174297,0.755545,1.01899,1.02692,0.565983
0.320177,-0.503664,0.807184,-0.65191,0.170749,0.757081,1.02217,1.02335,0.567055
0.32338,-0.496084,0.805768,-0.657857,0.167174,0.758617,1.02532,1.01975,0.568135
0.326538,-0.488432,0.804344,-0.663719,0.163571,0.760153,1.02842,1.0161,0.569223
0.329652,-0.48071,0.802912,-0.669498,0.159941,0.761689,1.03149,1.01241,0.570319
0.332722,-0.472917,0.801473,-0.675193,0.156286,0.763224,1.03451,1.00867,0.571422
0.335747,-0.465053,0.800027,-0.680804,0.152604,0.764759,1.0375,1.00489,0.572534
0.338728,-0.45712,0.798573,-0.68633,0.148899,0.766294,1.04044,1.00106,0.573653
0.341664,-0.449118,0.797113,-0.691772,0.145169,0.767828,1.04335,0.997189,0.574779
0.344555,-0.441047,0.795645,-0.697129,0.141415,0.769361,1.04621,0.993272,0.575914
0.347402,-0.432907,0.794171,-0.702402,0.137639,0.770892,1.04904,0.989308,0.577057
0.350205,-0.4247,0.79269,-0.707589,0.133841,0.772423,1.05182,0.985299,0.578207
0.352963,-0.416424,0.791202,-0.712692,0.130021,0.773952,1.05457,0.981243,0.579365
0.355678,-0.408081,0.789709,-0.71771,0.126181,0.77548,1.05727,0.97714,0.580532
0.358348,-0.399671,0.788208,-0.722642,0.122321,0.777006,1.05993,0.972991,0.581706
0.360974,-0.391195,0.786702,-0.727489,0.118441,0.77853,1.06256,0.968794,0.582888
0.363557,-0.382652,0.78519,-0.732251,0.114543,0.780052,1.06513,0.964549,0.584078
0.366096,-0.374043,0.783671,-0.736927,0.110627,0.781572,1.06767,0.960256,0.585276
0.368592,-0.365369,0.782148,-0.741518,0.106694,0.78309,1.07017,0.955915,0.586483
0.371046,-0.356629,0.780618,-0.746023,0.102744,0.784605,1.07262,0.951525,0.587697
0.373456,-0.347824,0.779083,-0.750443,0.0987789,0.786118,1.07503,0.947085,0.58892
0.375825,-0.338954,0.777542,-0.754777,0.0947985,0.787627,1.07739,0.942596,0.59015
0.378152,-0.33002,0.775996,-0.759026,0.0908039,0.789134,1.07971,0.938056,0.591389
0.380438,-0.321022,0.774445,-0.763189,0.0867958,0.790638,1.08199,0.933466,0.592637
0.382683,-0.311959,0.772889,-0.767266,0.0827749,0.792138,1.08422,0.928824,0.593892
0.384888,-0.302833,0.771328,-0.771258,0.0787419,0.793636,1.08641,0.924131,0.595156
0.387053,-0.293643,0.769762,-0.775164,0.0746975,0.795129,1.08855,0.919385,0.596429
0.389179,-0.28439,0.768191,-0.778985,0.0706426,0.796619,1.09065,0.914587,0.597709
0.391266,-0.275073,0.766616,-0.78272,0.0665778,0.798105,1.09269,0.909735,0.598999
0.393315,-0.265693,0.765036,-0.786369,0.062504,0.799587,1.09469,0.904829,0.600297
0.395328,-0.256251,0.763452,-0.789934,0.0584217,0.801065,1.09665,0.899869,0.601603
0.397303,-0.246745,0.761863,-0.793413,0.0543318,0.802539,1.09855,0.894854,0.602918
0.399244,-0.237177,0.76027,-0.796807,0.0502351,0.804008,1.1004,0.889782,0.604242
0.401149,-0.227547,0.758673,-0.800115,0.0461322,0.805473,1.10221,0.884654,0.605574
0.403021,-0.217853,0.757071,-0.803339,0.0420239,0.806933,1.10396,0.879469,0.606916
0.404859,-0.208097,0.755466,-0.806478,0.0379109,0.808388,1.10566,0.874226,0.608266
0.406666,-0.198279,0.753857,-0.809532,0.0337941,0.809838,1.10731,0.868925,0.609625
0.408442,-0.188398,0.752244,-0.812502,0.029674,0.811284,1.1089,0.863564,0.610993
0.410189,-0.178455,0.750627,-0.815387,0.0255516,0.812723,1.11044,0.858143,0.61237
0.411906,-0.168449,0.749006,-0.818188,0.0214274,0.814158,1.11192,0.852661,0.613756
0.413597,-0.15838,0.747382,-0.820905,0.0173022,0.815587,1.11335,0.847118,0.615151
0.415261,-0.148249,0.745754,-0.823538,0.0131768,0.817011,1.11472,0.841512,0.616556
0.416901,-0.138054,0.744123,-0.826088,0.00905189,0.818428,1.11603,0.835842,0.617969
0.418518,-0.127797,0.742488,-0.828554,0.00492818,0.81984,1.11728,0.830109,0.619392
0.420113,-0.117476,0.74085,-0.830936,0.000806414,0.821246,1.11846,0.82431,0.620825
0.421688,-0.107092,0.739208,-0.833236,-0.00331271,0.822646,1.11959,0.818445,0.622266
0.423245,-0.0966443,0.737564,-0.835453,-0.00742847,0.824039,1.12065,0.812513,0.623717
0.424785,-0.0861325,0.735916,-0.837588,-0.0115402,0.825426,1.12164,0.806513,0.625178
0.426311,-0.0755565,0.734265,-0.839641,-0.0156471,0.826807,1.12257,0.800444,0.626649
0.427824,-0.0649159,0.732611,-0.841611,-0.0197485,0.828181,1.12343,0.794304,0.628129
0.429326,-0.0542104,0.730953,-0.843501,-0.0238438,0.829548,1.12421,0.788094,0.629618
0.43082,-0.0434395,0.729293,-0.845308,-0.0279322,0.830909,1.12493,0.781812,0.631118
0.432308,-0.0326029,0.727631,-0.847035,-0.0320131,0.832263,1.12557,0.775456,0.632627
0.433792,-0.0217001,0.725965,-0.848682,-0.0360858,0.833609,1.12613,0.769026,0.634146
0.435275,-0.0107306,0.724296,-0.850248,-0.0401497,0.834949,1.12661,0.76252,0.635675
0.436759,0.000306075,0.722625,-0.851734,-0.044204,0.836282,1.12701,0.755938,0.637213
0.438248,0.0114104,0.720951,-0.853141,-0.0482481,0.837607,1.12733,0.749278,0.638762
0.439744,0.0225831,0.719275,-0.854468,-0.0522814,0.838925,1.12756,0.742538,0.64032
0.44125,0.0338246,0.717596,-0.855717,-0.0563033,0.840235,1.12771,0.735719,0.641889
0.442771,0.0451355,0.715914,-0.856888,-0.0603131,0.841538,1.12776,0.728818,0.643467
0.444308,0.0565166,0.714231,-0.85798,-0.0643102,0.842834,1.12771,0.721834,0.645056
0.445866,0.0679684,0.712545,-0.858995,-0.068294,0.844121,1.12757,0.714766,0.646654
0.447448,0.0794917,0.710857,-0.859933,-0.072264,0.845401,1.12733,0.707612,0.648262
0.44906,0.091087,0.709167,-0.860795,-0.0762194,0.846674,1.12698,0.700372,0.64988
0.450704,0.102755,0.707475,-0.86158,-0.0801599,0.847938,1.12652,0.693045,0.651508
0.452386,0.114497,0.705781,-0.862289,-0.0840847,0.849194,1.12594,0.685628,0.653145
0.45411,0.126313,0.704085,-0.862924,-0.0879934,0.850442,1.12525,0.678121,0.654792
0.455882,0.138203,0.702389,-0.863483,-0.0918854,0.851683,1.12444,0.670522,0.656449
0.457706,0.15017,0.700691,-0.863968,-0.0957602,0.852915,1.1235,0.662831,0.658114
0.459589,0.162212,0.698992,-0.86438,-0.0996173,0.854139,1.12243,0.655045,0.659789
0.461536,0.174331,0.697292,-0.864718,-0.103456,0.855355,1.12122,0.647165,0.661473
0.463554,0.186527,0.695592,-0.864984,-0.107276,0.856563,1.11987,0.639189,0.663166
0.46565,0.198801,0.693891,-0.865177,-0.111077,0.857762,1.11837,0.631116,0.664867
0.46783,0.211153,0.692191,-0.865299,-0.114859,0.858953,1.11671,0.622946,0.666576
0.470103,0.223583,0.690492,-0.865349,-0.11862,0.860136,1.11489,0.614677,0.668293
0.472476,0.236092,0.688793,-0.865329,-0.122361,0.86131,1.11289,0.606309,0.670016
0.474958,0.248679,0.687097,-0.865239,-0.126081,0.862476,1.11072,0.597843,0.671747
0.477558,0.261343,0.685403,-0.865079,-0.12978,0.863634,1.10836,0.589277,0.673483
0.480285,0.274085,0.683712,-0.864851,-0.133457,0.864783,1.10581,0.580613,0.675225
0.48315,0.286903,0.682024,-0.864554,-0.137113,0.865924,1.10304,0.57185,0.676972
0.486164,0.299796,0.680342,-0.864189,-0.140746,0.867057,1.10006,0.56299,0.678722
0.489338,0.312762,0.678665,-0.863757,-0.144356,0.868181,1.09686,0.554034,0.680474
0.492685,0.3258,0.676995,-0.863258,-0.147943,0.869296,1.09341,0.544983,0.682228
0.496216,0.338905,0.675334,-0.862693,-0.151507,0.870404,1.08972,0.535842,0.683982
0.499947,0.352075,0.673683,-0.862062,-0.155048,0.871503,1.08576,0.526612,0.685735
0.503891,0.365306,0.672043,-0.861366,-0.158565,0.872593,1.08152,0.517299,0.687484
0.508063,0.378591,0.670416,-0.860606,-0.162058,0.873676,1.07698,0.507907,0.689228
0.512479,0.391925,0.668806,-0.859782,-0.165526,0.87475,1.07214,0.498442,0.690965
0.517157,0.405299,0.667213,-0.858894,-0.168971,0.875815,1.06698,0.488912,0.692692
0.522112,0.418705,0.665641,-0.857944,-0.172391,0.876873,1.06147,0.479326,0.694406
0.527365,0.432132,0.664093,-0.856931,-0.175786,0.877922,1.05561,0.469694,0.696105
0.532932,0.445566,0.662573,-0.855856,-0.179156,0.878963,1.04936,0.46003,0.697784
0.538833,0.458994,0.661084,-0.85472,-0.182502,0.879996,1.04273,0.450348,0.69944
0.545086,0.472397,0.659631,-0.853523,-0.185822,0.88102,1.03568,0.440665,0.701069
0.551712,0.485756,0.658218,-0.852265,-0.189117,0.882037,1.02819,0.431001,0.702665
0.558727,0.499049,0.656851,-0.850948,-0.192387,0.883046,1.02026,0.421378,0.704224
0.566151,0.51225,0.655535,-0.849571,-0.195632,0.884046,1.01186,0.411822,0.705739
0.573999,0.52533,0.654276,-0.848135,-0.198851,0.885039,1.00298,0.402362,0.707205
0.582285,0.538256,0.653081,-0.84664,-0.202046,0.886024,0.993595,0.393029,0.708615
0.591022,0.550995,0.651957,-0.845087,-0.205214,0.887001,0.983705,0.38386,0.709963
0.600217,0.563506,0.650911,-0.843476,-0.208358,0.88797,0.973299,0.374892,0.71124
0.609875,0.575751,0.64995,-0.841808,-0.211476,0.888931,0.962372,0.366165,0.712439
0.619996,0.587684,0.649081,-0.840081,-0.214569,0.889885,0.950926,0.357725,0.713554
0.630572,0.599262,0.648313,-0.838298,-0.217636,0.890831,0.938966,0.349614,0.714576
0.641591,0.610441,0.647651,-0.836457,-0.220678,0.89177,0.926507,0.341878,0.715499
0.653034,0.621175,0.647102,-0.83456,-0.223695,0.8927,0.913566,0.334561,0.716317
0.664876,0.631422,0.646672,-0.832606,-0.226687,0.893624,0.900171,0.327705,0.717024
0.677083,0.641144,0.646364,-0.830596,-0.229653,0.894539,0.886352,0.321349,0.717617
0.689619,0.650306,0.646182,-0.828528,-0.232594,0.895448,0.872149,0.315529,0.718091
0.70244,0.658879,0.646127,-0.826404,-0.23551,0.896348,0.857605,0.310271,0.718445
0.715498,0.666843,0.6462,-0.824224,-0.2384,0.897241,0.842766,0.305597,0.718679
0.728746,0.674182,0.6464,-0.821987,-0.241265,0.898127,0.827681,0.301524,0.718794
0.742131,0.680889,0.646723,-0.819693,-0.244105,0.899005,0.812402,0.298056,0.718792
0.755604,0.686964,0.647167,-0.817342,-0.246919,0.899875,0.796978,0.295195,0.718678
0.769117,0.692415,0.647726,-0.814934,-0.249708,0.900738,0.781457,0.292933,0.718456
0.782625,0.697254,0.648394,-0.812469,-0.252471,0.901593,0.765884,0.291257,0.718132
0.796084,0.701499,0.649166,-0.809946,-0.255207,0.902441,0.750302,0.290148,0.717713
0.809458,0.705174,0.650035,-0.807365,-0.257918,0.90328,0.734747,0.289584,0.717205
0.822713,0.708303,0.650993,-0.804726,-0.260602,0.904112,0.719254,0.28954,0.716614
0.83582,0.710914,0.652034,-0.802029,-0.26326,0.904936,0.703849,0.289987,0.71595
0.848756,0.713036,0.653151,-0.799273,-0.265891,0.905752,0.688557,0.290896,0.715217
0.8615,0.714698,0.654337,-0.796458,-0.268495,0.906559,0.673397,0.292237,0.714424
0.874037,0.715931,0.655585,-0.793583,-0.271072,0.907359,0.658386,0.293981,0.713576
0.886353,0.716762,0.65689,-0.790649,-0.27362,0.90815,0.643536,0.296098,0.71268
0.898439,0.71722,0.658246,-0.787654,-0.27614,0.908932,0.628855,0.29856,0.711741
0.910289,0.717332,0.659649,-0.784598,-0.278632,0.909706,0.614349,0.30134,0.710765
0.921898,0.717123,0.661092,-0.781482,-0.281095,0.910471,0.600023,0.304412,0.709757
0.933265,0.716617,0.662572,-0.778304,-0.283528,0.911227,0.585879,0.307751,0.708721
0.944387,0.715837,0.664084,-0.775064,-0.285931,0.911974,0.571917,0.311334,0.707662
0.955266,0.714803,0.665626,-0.771762,-0.288303,0.912712,0.558136,0.315141,0.706582
0.965904,0.713535,0.667193,-0.768397,-0.290645,0.91344,0.544534,0.31915,0.705487
0.976303,0.71205,0.668784,-0.76497,-0.292954,0.914159,0.531107,0.323344,0.704378
0.986466,0.710366,0.670394,-0.761479,-0.295232,0.914867,0.517852,0.327705,0.703259
0.996399,0.708499,0.672022,-0.757924,-0.297476,0.915566,0.504765,0.332218,0.702132
1.0061,0.706461,0.673666,-0.754304,-0.299687,0.916255,0.491841,0.336866,0.701
1.01559,0.704266,0.675323,-0.750621,-0.301864,0.916933,0.479075,0.341638,0.699864
1.02485,0.701926,0.676992,-0.746872,-0.304005,0.9176,0.466461,0.346519,0.698728
1.0339,0.699452,0.678672,-0.743058,-0.306111,0.918257,0.453996,0.351499,0.697592
1.04275,0.696854,0.68036,-0.739178,-0.308181,0.918902,0.441672,0.356567,0.696458
1.05139,0.694141,0.682056,-0.735233,-0.310213,0.919536,0.429485,0.361712,0.695328
1.05983,0.691322,0.683758,-0.731221,-0.312208,0.920159,0.417429,0.366926,0.694203
1.06808,0.688404,0.685466,-0.727142,-0.314163,0.92077,0.405499,0.372199,0.693085
1.07615,0.685396,0.687178,-0.722997,-0.316079,0.921368,0.39369,0.377524,0.691973
1.08403,0.682302,0.688895,-0.718784,-0.317955,0.921955,0.381996,0.382893,0.690871
1.09173,0.67913,0.690614,-0.714504,-0.319789,0.922529,0.370413,0.388299,0.689777
1.09926,0.675885,0.692336,-0.710156,-0.321582,0.92309,0.358936,0.393736,0.688695
1.10662,0.672572,0.694059,-0.70574,-0.323331,0.923638,0.34756,0.399198,0.687623
1.11382,0.669196,0.695784,-0.701256,-0.325036,0.924173,0.33628,0.404679,0.686563
1.12085,0.665762,0.69751,-0.696703,-0.326696,0.924694,0.325093,0.410174,0.685516
1.12773,0.662272,0.699236,-0.692082,-0.32831,0.925201,0.313993,0.415678,0.684483
1.13446,0.658732,0.700962,-0.687392,-0.329877,0.925694,0.302977,0.421185,0.683463
1.14103,0.655143,0.702688,-0.682634,-0.331396,0.926173,0.292041,0.426693,0.682458
1.14747,0.651511,0.704414,-0.677806,-0.332867,0.926637,0.28118,0.432196,0.681469
1.15376,0.647836,0.706139,-0.67291,-0.334287,0.927086,0.270392,0.437691,0.680495
1.15991,0.644123,0.707863,-0.667944,-0.335657,0.92752,0.259673,0.443174,0.679537
1.16593,0.640374,0.709585,-0.662908,-0.336974,0.927939,0.249019,0.448641,0.678596
1.17182,0.63659,0.711307,-0.657804,-0.338239,0.928341,0.238428,0.454089,0.677672
1.17757,0.632774,0.713026,-0.65263,-0.339449,0.928727,0.227896,0.459515,0.676766
1.18321,0.628929,0.714745,-0.647387,-0.340604,0.929097,0.21742,0.464915,0.675878
1.18872,0.625055,0.716461,-0.642075,-0.341703,0.929451,0.206997,0.470287,0.675008
1.19411,0.621155,0.718176,-0.636694,-0.342744,0.929787,0.196626,0.475629,0.674158
1.19938,0.61723,0.719888,-0.631243,-0.343726,0.930106,0.186303,0.480937,0.673326
1.20454,0.613281,0.721599,-0.625724,-0.344649,0.930407,0.176025,0.486208,0.672514
1.20958,0.609311,0.723307,-0.620136,-0.345511,0.93069,0.165792,0.49144,0.671722
1.21452,0.605319,0.725014,-0.614478,-0.346311,0.930956,0.1556,0.496632,0.670951
1.21935,0.601308,0.726718,-0.608753,-0.347048,0.931202,0.145447,0.50178,0.6702
1.22407,0.597279,0.72842,-0.602959,-0.34772,0.93143,0.135332,0.506882,0.66947
1.22868,0.593231,0.73012,-0.597097,-0.348327,0.931639,0.125253,0.511936,0.668761
1.2332,0.589167,0.731818,-0.591167,-0.348867,0.931828,0.115208,0.51694,0.668074
1.23761,0.585087,0.733513,-0.58517,-0.349339,0.931998,0.105196,0.521892,0.667409
1.24193,0.580992,0.735207,-0.579106,-0.349742,0.932148,0.0952139,0.52679,0.666766
1.24615,0.576883,0.736898,-0.572974,-0.350075,0.932277,0.0852618,0.531632,0.666146
1.25028,0.57276,0.738586,-0.566777,-0.350336,0.932386,0.0753379,0.536416,0.665548
1.25431,0.568625,0.740273,-0.560513,-0.350525,0.932473,0.0654411,0.54114,0.664974
1.25825,0.564477,0.741957,-0.554183,-0.350639,0.93254,0.0555703,0.545803,0.664423
1.2621,0.560316,0.74364,-0.547789,-0.350679,0.932585,0.0457243,0.550402,0.663895
1.26587,0.556145,0.74532,-0.54133,-0.350642,0.932608,0.0359023,0.554937,0.663392
1.26954,0.551963,0.746998,-0.534806,-0.350527,0.93261,0.0261035,0.559405,0.662913
1.27313,0.54777,0.748673,-0.528219,-0.350334,0.932588,0.016327,0.563804,0.662458
1.27664,0.543567,0.750347,-0.52157,-0.350061,0.932545,0.00657228,0.568134,0.662028
1.28006,0.539355,0.752019,-0.514857,-0.349706,0.932478,-0.00316138,0.572392,0.661623
1.2834,0.535133,0.753688,-0.508084,-0.34927,0.932388,-0.0128745,0.576577,0.661243
1.28666,0.530902,0.755356,-0.501249,-0.348749,0.932275,-0.0225674,0.580688,0.660889
1.28983,0.526662,0.757022,-0.494353,-0.348144,0.932138,-0.0322406,0.584722,0.660561
1.29293,0.522413,0.758686,-0.487399,-0.347453,0.931976,-0.0418942,0.58868,0.660258
1.29595,0.518157,0.760347,-0.480385,-0.346675,0.931791,-0.0515286,0.592558,0.659981
1.2989,0.513892,0.762007,-0.473313,-0.345809,0.931581,-0.0611438,0.596357,0.659731
1.30176,0.509619,0.763666,-0.466184,-0.344853,0.931346,-0.07074,0.600074,0.659508
1.30456,0.505339,0.765322,-0.458999,-0.343807,0.931087,-0.0803171,0.603708,0.659311
1.30727,0.501051,0.766977,-0.451759,-0.342669,0.930802,-0.089875,0.607258,0.659142
1.30992,0.496756,0.76863,-0.444464,-0.341438,0.930491,-0.0994137,0.610722,0.658999
1.31249,0.492453,0.770281,-0.437115,-0.340113,0.930155,-0.108933,0.6141,0.658884
1.31499,0.488143,0.771931,-0.429714,-0.338694,0.929793,-0.118432,0.61739,0.658796
1.31741,0.483826,0.773579,-0.422261,-0.337178,0.929404,-0.127912,0.620591,0.658737
1.31977,0.479503,0.775226,-0.414758,-0.335565,0.92899,-0.137371,0.623703,0.658705
1.32205,0.475172,0.776871,-0.407205,-0.333854,0.928548,-0.146808,0.626722,0.658701
1.32427,0.470834,0.778514,-0.399604,-0.332044,0.92808,-0.156225,0.62965,0.658726
1.32642,0.46649,0.780156,-0.391956,-0.330134,0.927585,-0.16562,0.632484,0.658779
1.32849,0.462138,0.781797,-0.384261,-0.328123,0.927063,-0.174991,0.635224,0.65886
1.3305,0.457781,0.783436,-0.376522,-0.32601,0.926514,-0.18434,0.637869,0.65897
1.33244,0.453416,0.785074,-0.368739,-0.323794,0.925937,-0.193664,0.640418,0.659109
1.33432,0.449045,0.786711,-0.360913,-0.321474,0.925332,-0.202964,0.642869,0.659277
1.33612,0.444667,0.788347,-0.353046,-0.319049,0.9247,-0.212238,0.645223,0.659474
1.33786,0.440282,0.789981,-0.34514,-0.316519,0.92404,-0.221485,0.647477,0.659699
1.33954,0.43589,0.791614,-0.337194,-0.313883,0.923352,-0.230705,0.649632,0.659954
1.34115,0.431492,0.793246,-0.329211,-0.311139,0.922635,-0.239896,0.651687,0.660239
1.34269,0.427088,0.794877,-0.321193,-0.308288,0.921891,-0.249058,0.65364,0.660552
1.34417,0.422676,0.796506,-0.313139,-0.305328,0.921118,-0.258189,0.655492,0.660895
1.34558,0.418258,0.798135,-0.305052,-0.30226,0.920317,-0.267288,0.657242,0.661268
1.34693,0.413833,0.799762,-0.296934,-0.299081,0.919488,-0.276354,0.658888,0.66167
1.34821,0.409401,0.801389,-0.288785,-0.295792,0.91863,-0.285386,0.660431,0.662101
1.34943,0.404962,0.803014,-0.280606,-0.292392,0.917744,-0.294382,0.66187,0.662562
1.35058,0.400517,0.804639,-0.2724,-0.288881,0.916829,-0.303342,0.663204,0.663052
1.35167,0.396064,0.806263,-0.264168,-0.285258,0.915885,-0.312264,0.664434,0.663572
1.3527,0.391604,0.807885,-0.255912,-0.281522,0.914913,-0.321146,0.665558,0.664121
1.35366,0.387137,0.809507,-0.247632,-0.277674,0.913913,-0.329987,0.666576,0.6647
1.35456,0.382664,0.811128,-0.23933,-0.273713,0.912884,-0.338786,0.667489,0.665308
1.35539,0.378183,0.812748,-0.231007,-0.269638,0.911827,-0.347542,0.668296,0.665946
1.35616,0.373694,0.814367,-0.222666,-0.265451,0.910741,-0.356252,0.668996,0.666612
1.35686,0.369199,0.815985,-0.214308,-0.261149,0.909627,-0.364915,0.66959,0.667308
1.3575,0.364696,0.817603,-0.205934,-0.256734,0.908485,-0.373531,0.670078,0.668032
1.35808,0.360185,0.819219,-0.197545,-0.252204,0.907315,-0.382096,0.670459,0.668786
1.35859,0.355668,0.820835,-0.189143,-0.247561,0.906117,-0.39061,0.670733,0.669568
1.35904,0.351142,0.82245,-0.18073,-0.242804,0.904891,-0.399072,0.670902,0.670379
1.35942,0.346609,0.824064,-0.172306,-0.237933,0.903637,-0.407478,0.670964,0.671219
1.35974,0.342068,0.825678,-0.163874,-0.232948,0.902356,-0.415829,0.67092,0.672086
1.36,0.33752,0.82729,-0.155435,-0.22785,0.901047,-0.424122,0.67077,0.672982
1.36018,0.332964,0.828902,-0.14699,-0.222639,0.899712,-0.432355,0.670515,0.673906
1.36031,0.328399,0.830513,-0.13854,-0.217315,0.898349,-0.440527,0.670155,0.674858
1.36036,0.323827,0.832123,-0.130088,-0.211878,0.89696,-0.448637,0.669691,0.675836
1.36036,0.319247,0.833732,-0.121633,-0.206329,0.895545,-0.456682,0.669122,0.676843
1.36028,0.314659,0.835341,-0.113178,-0.200668,0.894104,-0.464662,0.668449,0.677876
1.36014,0.310063,0.836948,-0.104724,-0.194897,0.892636,-0.472574,0.667674,0.678936
1.35993,0.305459,0.838555,-0.0962724,-0.189014,0.891143,-0.480416,0.666796,0.680022
1.35965,0.300846,0.84016,-0.0878236,-0.183022,0.889625,-0.488188,0.665816,0.681134
1.35931,0.296226,0.841765,-0.0793793,-0.176921,0.888082,-0.495888,0.664735,0.682272
1.35889,0.291597,0.843369,-0.0709404,-0.170712,0.886515,-0.503513,0.663555,0.683436
1.35841,0.28696,0.844972,-0.0625082,-0.164395,0.884924,-0.511063,0.662275,0.684625
1.35786,0.282315,0.846573,-0.0540835,-0.157971,0.883308,-0.518536,0.660897,0.685839
1.35724,0.277661,0.848174,-0.0456674,-0.151442,0.88167,-0.52593,0.659421,0.687077
1.35654,0.272999,0.849773,-0.0372609,-0.144809,0.880008,-0.533244,0.657849,0.688339
1.35578,0.268329,0.851371,-0.0288646,-0.138072,0.878324,-0.540476,0.656182,0.689625
1.35494,0.263651,0.852968,-0.0204796,-0.131232,0.876618,-0.547625,0.654421,0.690934
1.35404,0.258965,0.854563,-0.0121064,-0.124291,0.874891,-0.55469,0.652567,0.692266
1.35305,0.25427,0.856157,-0.00374575,-0.117251,0.873143,-0.561669,0.650621,0.693621
1.352,0.249567,0.857749,0.00460172,-0.110112,0.871374,-0.56856,0.648585,0.694997
1.35087,0.244857,0.85934,0.0129355,-0.102876,0.869585,-0.575363,0.646459,0.696396
1.34966,0.240138,0.860929,0.0212551,-0.0955441,0.867776,-0.582076,0.644246,0.697815
1.34838,0.235412,0.862516,0.0295602,-0.0881181,0.865949,-0.588699,0.641947,0.699255
1.34702,0.230677,0.864101,0.0378504,-0.0805995,0.864103,-0.595228,0.639562,0.700716
1.34558,0.225936,0.865684,0.0461256,-0.0729898,0.86224,-0.601665,0.637094,0.702196
1.34406,0.221186,0.867265,0.0543856,-0.0652908,0.860359,-0.608007,0.634545,0.703696
1.34246,0.21643,0.868843,0.0626304,-0.0575041,0.858462,-0.614254,0.631914,0.705215
1.34078,0.211666,0.87042,0.0708599,-0.0496316,0.856549,-0.620404,0.629205,0.706752
1.33902,0.206896,0.871993,0.0790743,-0.0416751,0.854621,-0.626456,0.626419,0.708306
1.33718,0.202119,0.873564,0.0872738,-0.0336364,0.852678,-0.63241,0.623558,0.709879
1.33525,0.197335,0.875131,0.0954588,-0.0255175,0.850721,-0.638265,0.620622,0.711468
1.33323,0.192546,0.876696,0.10363,-0.0173203,0.848751,-0.644021,0.617615,0.713074
1.33113,0.18775,0.878257,0.111787,-0.009047,0.846768,-0.649675,0.614537,0.714695
1.32894,0.18295,0.879814,0.119931,-0.000699563,0.844774,-0.655228,0.61139,0.716332
1.32666,0.178144,0.881368,0.128062,0.00771985,0.842768,-0.660679,0.608176,0.717984
1.32429,0.173334,0.882917,0.136182,0.0162091,0.840752,-0.666028,0.604897,0.719651
1.32182,0.16852,0.884462,0.144291,0.0247658,0.838727,-0.671274,0.601554,0.721331
1.31927,0.163703,0.886003,0.152391,0.0333879,0.836693,-0.676416,0.598149,0.723025
1.31661,0.158882,0.887538,0.160481,0.0420728,0.834651,-0.681455,0.594685,0.724731
1.31386,0.154059,0.889068,0.168565,0.0508184,0.832601,-0.686389,0.591162,0.726451
1.31102,0.149235,0.890593,0.176642,0.0596221,0.830545,-0.691219,0.587583,0.728182
1.30807,0.144409,0.892112,0.184714,0.0684814,0.828484,-0.695944,0.58395,0.729924
1.30502,0.139583,0.893624,0.192782,0.0773939,0.826418,-0.700565,0.580263,0.731678
1.30187,0.134758,0.89513,0.200849,0.086357,0.824348,-0.705081,0.576525,0.733442
1.29862,0.129934,0.896629,0.208916,0.0953679,0.822275,-0.709492,0.572738,0.735216
1.29525,0.125112,0.89812,0.216984,0.104424,0.8202,-0.713798,0.568904,0.737
1.29178,0.120294,0.899603,0.225056,0.113523,0.818124,-0.718,0.565023,0.738793
1.2882,0.115481,0.901078,0.233133,0.122661,0.816047,-0.722097,0.561098,0.740595
1.28451,0.110673,0.902543,0.241217,0.131837,0.813972,-0.726089,0.557131,0.742405
1.28071,0.105872,0.903999,0.249311,0.141046,0.811898,-0.729977,0.553122,0.744223
1.27679,0.101079,0.905445,0.257416,0.150286,0.809827,-0.733761,0.549075,0.746048
1.27275,0.0962961,0.906881,0.265535,0.159554,0.807759,-0.737442,0.54499,0.74788
1.26859,0.0915242,0.908305,0.27367,0.168847,0.805696,-0.741019,0.540869,0.749719
1.26431,0.086765,0.909717,0.281824,0.178162,0.803639,-0.744494,0.536713,0.751564
1.25991,0.0820203,0.911116,0.289999,0.187495,0.801589,-0.747866,0.532525,0.753415
1.25538,0.077292,0.912502,0.298197,0.196843,0.799546,-0.751136,0.528305,0.755272
1.25072,0.0725818,0.913874,0.306421,0.206203,0.797513,-0.754305,0.524055,0.757133
1.24594,0.0678918,0.915231,0.314673,0.215572,0.795489,-0.757372,0.519777,0.758999
1.24102,0.0632242,0.916572,0.322957,0.224945,0.793478,-0.76034,0.515471,0.76087
1.23597,0.0585813,0.917897,0.331274,0.234319,0.791478,-0.763208,0.51114,0.762745
1.23079,0.0539654,0.919204,0.339628,0.243691,0.789492,-0.765977,0.506784,0.764623
1.22547,0.0493791,0.920493,0.348021,0.253056,0.787522,-0.768647,0.502405,0.766505
1.22,0.0448251,0.921762,0.356455,0.26241,0.785567,-0.77122,0.498004,0.768391
1.2144,0.0403061,0.923011,0.364934,0.271751,0.78363,-0.773696,0.493583,0.770279
1.20866,0.0358251,0.924239,0.37346,0.281073,0.781712,-0.776076,0.489142,0.77217
1.20276,0.0313852,0.925444,0.382035,0.290372,0.779814,-0.77836,0.484683,0.774063
1.19673,0.0269896,0.926625,0.390663,0.299644,0.777937,-0.78055,0.480206,0.775958
1.19054,0.0226416,0.927781,0.399345,0.308885,0.776084,-0.782646,0.475713,0.777855
1.1842,0.0183449,0.928911,0.408085,0.31809,0.774254,-0.784649,0.471205,0.779754
1.17772,0.0141032,0.930014,0.416884,0.327254,0.772451,-0.786559,0.466683,0.781655
1.17107,0.00992017,0.931089,0.425744,0.336373,0.770675,-0.788378,0.462147,0.783556
1.16428,0.00579993,0.932133,0.434669,0.345441,0.768928,-0.790107,0.457599,0.785459
1.15733,0.00174658,0.933146,0.443659,0.354454,0.767211,-0.791745,0.453039,0.787363
1.15022,-0.00223556,0.934127,0.452718,0.363407,0.765526,-0.793295,0.448469,0.789267
1.14295,-0.00614207,0.935073,0.461846,0.372294,0.763875,-0.794756,0.443889,0.791172
1.13553,-0.00996836,0.935984,0.471045,0.38111,0.762258,-0.79613,0.439299,0.793078
1.12794,-0.0137097,0.936858,0.480316,0.389849,0.760679,-0.797417,0.434701,0.794983
1.1202,-0.0173613,0.937693,0.489662,0.398507,0.759137,-0.798619,0.430094,0.796889
1.11229,-0.0209181,0.938489,0.499082,0.407077,0.757636,-0.799735,0.425481,0.798795
1.10423,-0.024375,0.939242,0.508577,0.415554,0.756176,-0.800768,0.420861,0.800701
1.09601,-0.027727,0.939953,0.518149,0.423932,0.75476,-0.801716,0.416234,0.802607
1.08763,-0.0309686,0.940619,0.527796,0.432206,0.753388,-0.802582,0.411603,0.804513
1.07909,-0.0340945,0.941239,0.53752,0.440369,0.752063,-0.803367,0.406966,0.806418
1.07039,-0.0370995,0.941811,0.54732,0.448416,0.750786,-0.804069,0.402324,0.808323
1.06154,-0.0399778,0.942334,0.557195,0.45634,0.749558,-0.804691,0.397678,0.810227
1.05253,-0.0427242,0.942807,0.567144,0.464136,0.748382,-0.805234,0.393028,0.812131
1.04337,-0.0453332,0.943227,0.577166,0.471799,0.747259,-0.805697,0.388375,0.814035
1.03406,-0.0477991,0.943593,0.587259,0.479321,0.74619,-0.806081,0.383718,0.815937
1.02461,-0.0501167,0.943904,0.597422,0.486698,0.745176,-0.806387,0.379059,0.817839
1.015,-0.0522806,0.944159,0.607652,0.493924,0.74422,-0.806616,0.374397,0.819741
1.00526,-0.0542855,0.944356,0.617946,0.500993,0.743323,-0.806768,0.369733,0.821641
0.995382,-0.0561262,0.944495,0.628302,0.5079,0.742485,-0.806844,0.365066,0.823541
0.985368,-0.0577977,0.944573,0.638716,0.51464,0.741707,-0.806844,0.360398,0.82544
0.975224,-0.0592952,0.94459,0.649184,0.521207,0.740992,-0.806768,0.355728,0.827338
0.964954,-0.060614,0.944544,0.659703,0.527597,0.74034,-0.806617,0.351057,0.829235
0.954564,-0.0617495,0.944436,0.670269,0.533805,0.739752,-0.806392,0.346384,0.831132
0.944057,-0.0626977,0.944263,0.680876,0.539828,0.739229,-0.806093,0.34171,0.833028
0.933441,-0.0634545,0.944026,0.691519,0.545659,0.738771,-0.80572,0.337035,0.834922
0.922719,-0.0640164,0.943724,0.702195,0.551297,0.73838,-0.805273,0.332359,0.836816
0.911897,-0.0643798,0.943356,0.712896,0.556738,0.738055,-0.804754,0.327682,0.83871
0.900983,-0.0645418,0.942922,0.723618,0.561978,0.737797,-0.804161,0.323004,0.840602
0.88998,-0.0644998,0.942421,0.734355,0.567014,0.737606,-0.803495,0.318326,0.842493
0.878897,-0.0642513,0.941854,0.7451,0.571845,0.737482,-0.802757,0.313646,0.844384
0.867738,-0.0637944,0.94122,0.755848,0.576468,0.737426,-0.801946,0.308966,0.846273
0.856511,-0.0631276,0.94052,0.766592,0.580882,0.737437,-0.801063,0.304285,0.848162
0.845222,-0.0622496,0.939754,0.777326,0.585086,0.737515,-0.800108,0.299604,0.85005
0.833877,-0.0611597,0.938923,0.788043,0.589078,0.73766,-0.79908,0.294922,0.851937
0.822483,-0.0598575,0.938026,0.798738,0.592858,0.737871,-0.79798,0.290239,0.853824
0.811046,-0.0583428,0.937064,0.809403,0.596427,0.738147,-0.796808,0.285556,0.855709
0.799572,-0.0566162,0.936039,0.820032,0.599784,0.738488,-0.795563,0.280872,0.857594
0.788068,-0.0546783,0.93495,0.830618,0.602931,0.738892,-0.794246,0.276187,0.859477
0.77654,-0.0525303,0.9338,0.841157,0.605869,0.73936,-0.792856,0.271502,0.86136
0.764993,-0.0501737,0.932588,0.85164,0.608598,0.73989,-0.791393,0.266816,0.863242
0.753434,-0.0476102,0.931316,0.862063,0.611121,0.74048,-0.789857,0.262129,0.865124
0.741868,-0.0448421,0.929986,0.87242,0.613441,0.74113,-0.788247,0.257441,0.867004
0.7303,-0.0418718,0.928598,0.882704,0.615559,0.741838,-0.786564,0.252753,0.868883
0.718735,-0.0387021,0.927155,0.892911,0.617478,0.742603,-0.784806,0.248064,0.870762
0.707179,-0.0353359,0.925656,0.903035,0.619202,0.743424,-0.782974,0.243374,0.87264
0.695635,-0.0317767,0.924105,0.913071,0.620733,0.744299,-0.781066,0.238683,0.874516
0.684108,-0.0280279,0.922502,0.923015,0.622076,0.745226,-0.779083,0.233992,0.876392
0.672602,-0.0240933,0.92085,0.932861,0.623233,0.746204,-0.777023,0.2293,0.878266
0.661121,-0.0199767,0.919149,0.942606,0.624209,0.747231,-0.774887,0.224607,0.88014
0.649667,-0.0156823,0.917401,0.952246,0.625008,0.748307,-0.772673,0.219914,0.882012
0.638244,-0.0112142,0.915609,0.961777,0.625634,0.749428,-0.770381,0.21522,0.883883
0.626855,-0.006577,0.913773,0.971196,0.626092,0.750594,-0.76801,0.210525,0.885753
0.615501,-0.001775,0.911896,0.980498,0.626385,0.751803,-0.76556,0.20583,0.887622
0.604186,0.00318717,0.909979,0.989683,0.626518,0.753053,-0.763029,0.201135,0.889489
0.59291,0.00830489,0.908024,0.998746,0.626496,0.754342,-0.760416,0.196439,0.891354
0.581676,0.0135734,0.906032,1.00769,0.626324,0.75567,-0.757721,0.191743,0.893218
0.570483,0.0189881,0.904006,1.0165,0.626005,0.757033,-0.754943,0.187047,0.89508
0.559334,0.0245441,0.901947,1.02519,0.625545,0.758432,-0.75208,0.182351,0.896941
0.548228,0.0302366,0.899857,1.03374,0.624949,0.759864,-0.749132,0.177655,0.898799
0.537166,0.0360609,0.897738,1.04217,0.624219,0.761327,-0.746096,0.17296,0.900655
0.526148,0.0420122,0.89559,1.05046,0.623363,0.762821,-0.742973,0.168265,0.902509
0.515174,0.0480856,0.893417,1.05863,0.622382,0.764343,-0.739761,0.163572,0.90436
0.504242,0.0542765,0.891219,1.06666,0.621284,0.765893,-0.736458,0.15888,0.906209
0.493353,0.0605802,0.888997,1.07455,0.62007,0.767468,-0.733063,0.15419,0.908054
0.482505,0.066992,0.886755,1.08231,0.618747,0.769068,-0.729574,0.149501,0.909897
0.471696,0.0735071,0.884493,1.08993,0.617317,0.770692,-0.725991,0.144816,0.911736
0.460926,0.0801211,0.882212,1.09742,0.615786,0.772337,-0.722311,0.140133,0.913571
0.450193,0.0868294,0.879915,1.10478,0.614157,0.774003,-0.718533,0.135454,0.915402
0.439494,0.0936274,0.877603,1.112,0.612434,0.775688,-0.714655,0.130778,0.917229
0.428828,0.100511,0.875277,1.11909,0.610622,0.777392,-0.710675,0.126108,0.919052
0.418192,0.107475,0.872938,1.12604,0.608723,0.779113,-0.706591,0.121443,0.920869
0.407584,0.114515,0.870589,1.13286,0.606741,0.78085,-0.702403,0.116784,0.922681
0.397001,0.121628,0.868231,1.13955,0.60468,0.782602,-0.698106,0.112131,0.924487
0.38644,0.128809,0.865864,1.1461,0.602544,0.784369,-0.693701,0.107487,0.926287
0.375899,0.136053,0.863492,1.15252,0.600336,0.786149,-0.689183,0.102852,0.92808
0.365374,0.143356,0.861114,1.15882,0.598058,0.787941,-0.684552,0.0982258,0.929865
0.354861,0.150715,0.858732,1.16498,0.595714,0.789745,-0.679805,0.0936111,0.931643
0.344359,0.158124,0.856349,1.17102,0.593308,0.791559,-0.674939,0.0890087,0.933412
0.333861,0.16558,0.853965,1.17693,0.590841,0.793383,-0.669952,0.0844198,0.935172
0.323367,0.173078,0.851581,1.18272,0.588317,0.795217,-0.664842,0.0798459,0.936922
0.31287,0.180614,0.8492,1.18838,0.585738,0.797059,-0.659605,0.0752886,0.938662
0.302368,0.188184,0.846822,1.19391,0.583107,0.798908,-0.654241,0.0707497,0.94039
0.291857,0.195783,0.844449,1.19933,0.580426,0.800765,-0.648744,0.0662309,0.942105
0.281331,0.203408,0.842084,1.20462,0.577698,0.802629,-0.643114,0.0617342,0.943808
0.270788,0.211053,0.839726,1.2098,0.574925,0.804498,-0.637347,0.0572618,0.945496
0.260223,0.218715,0.837378,1.21486,0.572109,0.806373,-0.63144,0.052816,0.947169
0.249631,0.226388,0.835042,1.2198,0.569253,0.808252,-0.625389,0.0483993,0.948826
0.239008,0.234068,0.832719,1.22463,0.566357,0.810136,-0.619193,0.0440143,0.950465
0.22835,0.241751,0.83041,1.22934,0.563425,0.812024,-0.612848,0.039664,0.952085
0.217651,0.249431,0.828119,1.23394,0.560458,0.813916,-0.606351,0.0353513,0.953685
0.206908,0.257103,0.825846,1.23843,0.557457,0.815811,-0.599698,0.0310798,0.955263
0.196115,0.264762,0.823593,1.24281,0.554425,0.817708,-0.592887,0.0268528,0.956818
0.185269,0.272403,0.821363,1.24709,0.551362,0.819609,-0.585914,0.0226742,0.958349
0.174364,0.280021,0.819157,1.25125,0.548271,0.821511,-0.578776,0.0185482,0.959852
0.163396,0.287608,0.816978,1.25531,0.545153,0.823415,-0.57147,0.0144791,0.961327
0.15236,0.29516,0.814828,1.25927,0.542009,0.82532,-0.563992,0.0104716,0.962772
0.141252,0.30267,0.81271,1.26313,0.53884,0.827227,-0.55634,0.00653067,0.964183
0.130067,0.310131,0.810625,1.26688,0.535648,0.829135,-0.548511,0.00266168,0.965561
0.118802,0.317537,0.808576,1.27054,0.532433,0.831043,-0.5405,-0.00112968,0.9669
0.107451,0.32488,0.806567,1.2741,0.529197,0.832953,-0.532307,-0.00483737,0.968201
0.0960105,0.332154,0.804599,1.27756,0.525941,0.834862,-0.523927,-0.00845494,0.969459
0.0844773,0.33935,0.802676,1.28092,0.522666,0.836772,-0.515358,-0.0119756,0.970672
0.0728476,0.34646,0.800801,1.28419,0.519372,0.838682,-0.506598,-0.0153921,0.971837
0.061118,0.353476,0.798977,1.28737,0.516061,0.840592,-0.497645,-0.0186968,0.97295
0.0492856,0.360389,0.797208,1.29045,0.512733,0.842502,-0.488498,-0.0218818,0.97401
0.0373478,0.36719,0.795496,1.29345,0.509389,0.844411,-0.479154,-0.0249385,0.975012
0.0253026,0.373869,0.793846,1.29635,0.506029,0.846321,-0.469613,-0.0278581,0.975954
0.0131483,0.380416,0.79226,1.29917,0.502655,0.848229,-0.459874,-0.0306313,0.97683
0.000883951,0.386822,0.790744,1.30189,0.499267,0.850137,-0.449937,-0.0332485,0.977639
-0.011491,0.393075,0.7893,1.30453,0.495864,0.852045,-0.439803,-0.0356998,0.978375
-0.0239762,0.399166,0.787932,1.30709,0.492449,0.853952,-0.429474,-0.0379748,0.979036
-0.0365708,0.405082,0.786646,1.30956,0.489021,0.855858,-0.41895,-0.0400628,0.979616
-0.0492728,0.410812,0.785444,1.31195,0.485581,0.857764,-0.408235,-0.0419532,0.980113
-0.0620797,0.416346,0.784331,1.31425,0.482129,0.859668,-0.397333,-0.0436347,0.980521
-0.0749877,0.421671,0.78331,1.31647,0.478665,0.861572,-0.386247,-0.0450964,0.980838
-0.0879923,0.426777,0.782386,1.31862,0.47519,0.863476,-0.374984,-0.0463271,0.981058
-0.101088,0.431652,0.781563,1.32068,0.471704,0.865378,-0.363549,-0.0473156,0.981179
-0.114267,0.436284,0.780844,1.32266,0.468207,0.86728,-0.351951,-0.0480512,0.981196
-0.127524,0.440664,0.780234,1.32456,0.464699,0.86918,-0.340196,-0.0485232,0.981106
-0.140848,0.44478,0.779734,1.32638,0.461181,0.87108,-0.328296,-0.0487214,0.980905
-0.154229,0.448623,0.779349,1.32813,0.457653,0.87298,-0.31626,-0.0486362,0.980591
-0.167657,0.452184,0.779081,1.3298,0.454115,0.874878,-0.3041,-0.0482586,0.98016
-0.18112,0.455454,0.778933,1.33139,0.450566,0.876776,-0.291829,-0.0475805,0.979611
-0.194606,0.458427,0.778907,1.3329,0.447008,0.878673,-0.279459,-0.0465945,0.978941
-0.208099,0.461095,0.779003,1.33434,0.443439,0.880569,-0.267004,-0.0452944,0.978148
-0.221587,0.463454,0.779224,1.33571,0.439861,0.882465,-0.25448,-0.0436752,0.977231
-0.235054,0.4655,0.779569,1.33699,0.436273,0.88436,-0.241901,-0.0417331,0.976191
-0.248485,0.467231,0.780039,1.33821,0.432675,0.886254,-0.229282,-0.0394655,0.975027
-0.261865,0.468644,0.780634,1.33935,0.429067,0.888148,-0.21664,-0.0368712,0.973739
-0.275177,0.469741,0.781351,1.34041,0.425449,0.890041,-0.203991,-0.0339506,0.972328
-0.288408,0.470523,0.78219,1.3414,0.421822,0.891933,-0.191348,-0.0307052,0.970796
-0.301541,0.470994,0.783149,1.34231,0.418184,0.893825,-0.178729,-0.0271379,0.969146
-0.314561,0.471156,0.784224,1.34315,0.414537,0.895717,-0.166147,-0.0232531,0.967379
-0.327456,0.471017,0.785413,1.34391,0.410879,0.897607,-0.153616,-0.0190562,0.965499
-0.34021,0.470582,0.786713,1.3446,0.407212,0.899498,-0.14115,-0.0145541,0.96351
-0.352812,0.46986,0.788119,1.34521,0.403534,0.901387,-0.128761,-0.00975431,0.961414
-0.365251,0.46886,0.789628,1.34575,0.399846,0.903276,-0.116461,-0.00466558,0.959216
-0.377515,0.467589,0.791235,1.34621,0.396148,0.905164,-0.10426,0.000702644,0.956921
-0.389594,0.46606,0.792936,1.3466,0.39244,0.907052,-0.092167,0.00634024,0.954532
-0.401481,0.464282,0.794725,1.34691,0.388721,0.908939,-0.0801903,0.0122365,0.952056
-0.413168,0.462267,0.796599,1.34714,0.384992,0.910825,-0.0683368,0.0183805,0.949496
-0.424649,0.460026,0.798553,1.3473,0.381253,0.91271,-0.0566125,0.0247607,0.946857
-0.435918,0.457571,0.800581,1.34738,0.377504,0.914594,-0.0450221,0.0313656,0.944145
-0.446971,0.454912,0.802679,1.34738,0.373744,0.916478,-0.0335692,0.0381837,0.941364
-0.457805,0.452063,0.804842,1.3473,0.369974,0.91836,-0.0222566,0.0452035,0.938518
-0.468418,0.449033,0.807065,1.34714,0.366194,0.920241,-0.0110859,0.0524134,0.935614
-0.478807,0.445835,0.809345,1.34691,0.362403,0.922121,-5.79343e-05,0.0598022,0.932654
-0.488973,0.442479,0.811676,1.34659,0.358602,0.923999,0.0108273,0.067359,0.929644
-0.498915,0.438975,0.814056,1.34618,0.354792,0.925876,0.0215704,0.0750731,0.926588
-0.508635,0.435335,0.816479,1.3457,0.350971,0.927751,0.0321731,0.0829341,0.923491
-0.518132,0.431567,0.818942,1.34513,0.347141,0.929624,0.0426372,0.0909321,0.920355
-0.527409,0.427682,0.821441,1.34448,0.3433,0.931495,0.0529654,0.0990575,0.917184
-0.536468,0.423688,0.823973,1.34375,0.339451,0.933364,0.0631608,0.107301,0.913983
-0.545312,0.419594,0.826535,1.34293,0.335592,0.93523,0.0732269,0.115654,0.910755
-0.553943,0.415408,0.829124,1.34202,0.331724,0.937093,0.0831675,0.124108,0.907503
-0.562365,0.411137,0.831737,1.34102,0.327847,0.938954,0.0929868,0.132656,0.90423
-0.57058,0.406789,0.834371,1.33993,0.323962,0.940811,0.102689,0.141289,0.900938
-0.578593,0.402371,0.837024,1.33875,0.320069,0.942664,0.112279,0.15,0.897632
-0.586407,0.397889,0.839693,1.33749,0.316168,0.944514,0.121762,0.158783,0.894313
-0.594026,0.393349,0.842377,1.33612,0.312259,0.94636,0.131143,0.167632,0.890983
-0.601454,0.388756,0.845074,1.33467,0.308344,0.948201,0.140426,0.17654,0.887645
-0.608695,0.384116,0.847781,1.33312,0.304422,0.950037,0.149617,0.185501,0.884302
-0.615752,0.379434,0.850497,1.33147,0.300494,0.951868,0.158721,0.194511,0.880955
-0.62263,0.374715,0.85322,1.32973,0.296561,0.953693,0.167743,0.203564,0.877606
-0.629333,0.369962,0.85595,1.32788,0.292623,0.955512,0.176689,0.212655,0.874258
-0.635865,0.36518,0.858684,1.32594,0.288681,0.957325,0.185564,0.221779,0.870911
-0.642229,0.360372,0.861421,1.32389,0.284736,0.95913,0.194374,0.230933,0.867568
-0.648429,0.355541,0.864161,1.32175,0.280787,0.960928,0.203122,0.240111,0.864231
-0.65447,0.350692,0.866902,1.31949,0.276837,0.962718,0.211816,0.249311,0.8609
-0.660354,0.345826,0.869644,1.31714,0.272886,0.964499,0.220459,0.258528,0.857577
-0.666086,0.340947,0.872384,1.31467,0.268935,0.966271,0.229057,0.267759,0.854264
-0.671669,0.336056,0.875124,1.31209,0.264984,0.968033,0.237615,0.277,0.850963
-0.677107,0.331157,0.877862,1.30941,0.261036,0.969785,0.246139,0.286247,0.847673
-0.682403,0.326251,0.880596,1.30661,0.25709,0.971526,0.254632,0.295499,0.844398
-0.68756,0.321341,0.883328,1.3037,0.253148,0.973254,0.2631,0.304751,0.841137
-0.692582,0.316428,0.886056,1.30068,0.249212,0.974971,0.271547,0.314,0.837893
-0.697472,0.311514,0.88878,1.29753,0.245283,0.976674,0.279979,0.323244,0.834666
-0.702232,0.3066,0.891499,1.29427,0.241361,0.978363,0.2884,0.332479,0.831459
-0.706867,0.301688,0.894213,1.29089,0.237449,0.980036,0.296814,0.341704,0.828271
-0.711378,0.296779,0.896922,1.28739,0.233547,0.981695,0.305225,0.350914,0.825104
-0.715768,0.291874,0.899624,1.28377,0.229658,0.983336,0.313639,0.360107,0.821959
-0.720041,0.286975,0.902321,1.28002,0.225784,0.98496,0.32206,0.369281,0.818838
-0.724198,0.282082,0.905012,1.27615,0.221925,0.986566,0.33049,0.378433,0.815742
-0.728242,0.277197,0.907696,1.27215,0.218084,0.988151,0.338936,0.38756,0.812672
-0.732176,0.272319,0.910374,1.26802,0.214262,0.989717,0.3474,0.396659,0.809629
-0.736003,0.26745,0.913045,1.26376,0.210462,0.991261,0.355886,0.405727,0.806614
-0.739723,0.262591,0.915709,1.25936,0.206686,0.992782,0.364399,0.414763,0.803629
-0.74334,0.257742,0.918366,1.25484,0.202936,0.994279,0.372941,0.423762,0.800675
-0.746856,0.252904,0.921016,1.25018,0.199214,0.995751,0.381517,0.432722,0.797753
-0.750272,0.248077,0.923659,1.24538,0.195522,0.997196,0.39013,0.441641,0.794864
-0.753591,0.243261,0.926295,1.24045,0.191864,0.998615,0.398783,0.450515,0.792011
-0.756814,0.238458,0.928923,1.23538,0.188241,1,0.407479,0.459342,0.789193
-0.759944,0.233666,0.931544,1.23016,0.184656,1.00136,0.416222,0.468117,0.786413
-0.762982,0.228888,0.934157,1.22481,0.181113,1.00269,0.425014,0.476839,0.783672
-0.76593,0.224122,0.936763,1.21931,0.177613,1.00399,0.433858,0.485504,0.780971
-0.768789,0.21937,0.939362,1.21367,0.174161,1.00525,0.442757,0.494109,0.778312
-0.771561,0.214631,0.941954,1.20789,0.170758,1.00647,0.451714,0.502651,0.775696
-0.774248,0.209906,0.944538,1.20196,0.167409,1.00766,0.460731,0.511126,0.773125
-0.77685,0.205194,0.947115,1.19588,0.164116,1.00881,0.469809,0.51953,0.7706
-0.77937,0.200496,0.949684,1.18966,0.160883,1.00991,0.478952,0.527861,0.768123
-0.781808,0.195812,0.952247,1.18329,0.157714,1.01098,0.488162,0.536114,0.765696
-0.784167,0.191142,0.954802,1.17677,0.154611,1.012,0.497439,0.544287,0.763319
-0.786446,0.186486,0.95735,1.1701,0.151579,1.01297,0.506785,0.552374,0.760996
-0.788648,0.181845,0.959891,1.16328,0.148622,1.0139,0.516203,0.560373,0.758727
-0.790773,0.177217,0.962425,1.15632,0.145743,1.01478,0.525693,0.568279,0.756513
-0.792823,0.172604,0.964952,1.14921,0.142947,1.01561,0.535256,0.576089,0.754358
-0.794798,0.168005,0.967472,1.14195,0.140237,1.01639,0.544893,0.583798,0.752262
-0.7967,0.16342,0.969985,1.13454,0.137618,1.01711,0.554604,0.591402,0.750228
-0.798529,0.158849,0.972491,1.12698,0.135093,1.01777,0.56439,0.598898,0.748256
-0.800287,0.154292,0.974991,1.11928,0.132668,1.01838,0.574252,0.60628,0.746349
-0.801973,0.14975,0.977484,1.11143,0.130346,1.01893,0.584188,0.613544,0.744509
-0.80359,0.145221,0.97997,1.10343,0.128131,1.01941,0.594198,0.620687,0.742737
-0.805137,0.140707,0.98245,1.09529,0.126029,1.01984,0.604283,0.627704,0.741035
-0.806616,0.136206,0.984923,1.08702,0.124044,1.02019,0.614441,0.63459,0.739404
-0.808027,0.131719,0.98739,1.0786,0.12218,1.02048,0.62467,0.641341,0.737847
-0.809371,0.127246,0.989851,1.07004,0.120441,1.0207,0.63497,0.647953,0.736365
-0.810648,0.122787,0.992305,1.06135,0.118832,1.02086,0.645339,0.654421,0.73496
-0.811859,0.118341,0.994753,1.05252,0.117358,1.02093,0.655775,0.660741,0.733633
-0.813004,0.113909,0.997195,1.04357,0.116022,1.02094,0.666275,0.666909,0.732386
-0.814084,0.10949,0.999631,1.03449,0.11483,1.02087,0.676837,0.67292,0.73122
-0.8151,0.105085,1.00206,1.02528,0.113785,1.02072,0.687458,0.678771,0.730138
-0.816052,0.100693,1.00449,1.01596,0.112891,1.0205,0.698136,0.684456,0.729139
-0.81694,0.0963143,1.0069,1.00651,0.112153,1.02019,0.708866,0.689973,0.728227
-0.817764,0.091949,1.00932,0.99696,0.111574,1.0198,0.719645,0.695317,0.727401
-0.818526,0.0875968,1.01172,0.987297,0.111159,1.01934,0.730468,0.700485,0.726662
-0.819225,0.0832577,1.01412,0.977532,0.11091,1.01878,0.741333,0.705472,0.726013
-0.819861,0.0789316,1.01652,0.967667,0.110832,1.01815,0.752234,0.710277,0.725454
-0.820435,0.0746185,1.01891,0.957708,0.110927,1.01743,0.763167,0.714895,0.724985
-0.820947,0.0703184,1.02129,0.947661,0.111198,1.01662,0.774126,0.719324,0.724608
-0.821397,0.0660312,1.02367,0.937531,0.111649,1.01573,0.785106,0.72356,0.724323
-0.821786,0.0617568,1.02604,0.927323,0.112281,1.01475,0.796103,0.727602,0.72413
-0.822113,0.0574953,1.02841,0.917043,0.113097,1.01368,0.80711,0.731448,0.724029
-0.822378,0.0532466,1.03077,0.906696,0.114099,1.01253,0.818122,0.735094,0.724022
-0.822582,0.0490107,1.03312,0.89629,0.115289,1.01129,0.829133,0.738541,0.724107
-0.822725,0.0447877,1.03547,0.885829,0.116667,1.00996,0.840136,0.741785,0.724286
-0.822806,0.0405774,1.03782,0.87532,0.118235,1.00855,0.851127,0.744828,0.724556
-0.822827,0.03638,1.04016,0.864769,0.119994,1.00704,0.862098,0.747667,0.724919
-0.822785,0.0321954,1.04249,0.854182,0.121943,1.00546,0.873044,0.750302,0.725374
-0.822683,0.0280238,1.04482,0.843565,0.124083,1.00379,0.883957,0.752733,0.725919
-0.822519,0.023865,1.04714,0.832926,0.126414,1.00203,0.894833,0.754961,0.726553
-0.822294,0.0197193,1.04945,0.822268,0.128935,1.00019,0.905665,0.756986,0.727277
-0.822006,0.0155867,1.05176,0.8116,0.131644,0.998267,0.916446,0.758809,0.728089
-0.821658,0.0114673,1.05407,0.800926,0.134541,0.996264,0.927171,0.760432,0.728987
-0.821247,0.00736109,1.05637,0.790253,0.137624,0.994182,0.937834,0.761855,0.72997
-0.820774,0.00326829,1.05866,0.779586,0.140891,0.992023,0.948428,0.763081,0.731037
-0.820239,-0.000810997,1.06095,0.76893,0.144339,0.989787,0.958948,0.764112,0.732186
-0.819641,-0.00487663,1.06323,0.758292,0.147966,0.987478,0.969389,0.764951,0.733415
-0.818981,-0.00892845,1.0655,0.747675,0.15177,0.985096,0.979746,0.765599,0.734722
-0.818258,-0.0129663,1.06777,0.737086,0.155746,0.982644,0.990012,0.76606,0.736106
-0.817471,-0.01699,1.07003,0.726528,0.159892,0.980124,1.00018,0.766338,0.737565
-0.816621,-0.0209992,1.07229,0.716006,0.164204,0.977538,1.01026,0.766435,0.739095
-0.815708,-0.0249939,1.07454,0.705525,0.168679,0.974888,1.02022,0.766355,0.740696
-0.814731,-0.0289738,1.07678,0.695088,0.173312,0.972177,1.03008,0.766102,0.742366
-0.813689,-0.0329385,1.07901,0.684698,0.178098,0.969407,1.03983,0.76568,0.744101
-0.812583,-0.0368879,1.08124,0.67436,0.183035,0.966581,1.04946,0.765093,0.745899
-0.811412,-0.0408216,1.08346,0.664076,0.188116,0.9637,1.05898,0.764345,0.747759
-0.810175,-0.0447393,1.08567,0.65385,0.193338,0.960767,1.06837,0.763441,0.749678
-0.808874,-0.0486407,1.08788,0.643682,0.198696,0.957786,1.07763,0.762384,0.751654
-0.807506,-0.0525255,1.09008,0.633577,0.204186,0.954758,1.08677,0.76118,0.753684
-0.806072,-0.0563933,1.09227,0.623536,0.209801,0.951685,1.09578,0.759832,0.755767
-0.804572,-0.0602437,1.09445,0.61356,0.215538,0.948571,1.10465,0.758346,0.757899
-0.803005,-0.0640763,1.09662,0.603652,0.221391,0.945417,1.11339,0.756725,0.760079
-0.801371,-0.0678907,1.09879,0.593811,0.227355,0.942227,1.122,0.754975,0.762305
-0.799669,-0.0716864,1.10094,0.584041,0.233427,0.939002,1.13047,0.7531,0.764574
-0.7979,-0.075463,1.10309,0.57434,0.239599,0.935745,1.1388,0.751104,0.766884
-0.796062,-0.0792201,1.10523,0.56471,0.245869,0.932458,1.14699,0.748991,0.769232
-0.794156,-0.082957,1.10736,0.555151,0.25223,0.929144,1.15505,0.746767,0.771618
-0.792182,-0.0866734,1.10948,0.545663,0.258678,0.925805,1.16296,0.744436,0.774039
-0.790138,-0.0903687,1.11158,0.536246,0.265208,0.922443,1.17073,0.742001,0.776493
-0.788025,-0.0940423,1.11368,0.526901,0.271815,0.919061,1.17836,0.739467,0.778978
-0.785842,-0.0976938,1.11577,0.517625,0.278495,0.91566,1.18586,0.736838,0.781492
-0.783589,-0.101322,1.11784,0.50842,0.285244,0.912242,1.19321,0.734119,0.784034
-0.781266,-0.104928,1.11991,0.499285,0.292056,0.90881,1.20042,0.731312,0.786602
-0.778873,-0.108509,1.12196,0.490217,0.298927,0.905366,1.2075,0.728422,0.789193
-0.776409,-0.112066,1.124,0.481218,0.305853,0.901911,1.21443,0.725453,0.791808
-0.773874,-0.115597,1.12603,0.472285,0.31283,0.898447,1.22123,0.722407,0.794443
-0.771268,-0.119102,1.12805,0.463418,0.319853,0.894976,1.22789,0.71929,0.797098
-0.768591,-0.122581,1.13005,0.454616,0.326919,0.891501,1.23442,0.716103,0.79977
-0.765842,-0.126033,1.13204,0.445876,0.334023,0.888022,1.24081,0.71285,0.80246
-0.763022,-0.129457,1.13401,0.437199,0.341162,0.884541,1.24706,0.709535,0.805165
-0.760129,-0.132852,1.13598,0.428582,0.348331,0.88106,1.25319,0.706161,0.807884
-0.757165,-0.136218,1.13792,0.420025,0.355528,0.877581,1.25918,0.702729,0.810617
-0.754129,-0.139553,1.13985,0.411525,0.362749,0.874105,1.26504,0.699244,0.813361
-0.75102,-0.142858,1.14177,0.403082,0.36999,0.870632,1.27078,0.695708,0.816116
-0.747839,-0.146132,1.14367,0.394694,0.377248,0.867166,1.27639,0.692124,0.818881
-0.744587,-0.149373,1.14556,0.386359,0.384519,0.863707,1.28187,0.688493,0.821655
-0.741261,-0.152581,1.14743,0.378075,0.391802,0.860256,1.28723,0.684819,0.824436
-0.737864,-0.155755,1.14928,0.369843,0.399091,0.856815,1.29246,0.681104,0.827225
-0.734394,-0.158895,1.15112,0.361659,0.406385,0.853385,1.29758,0.67735,0.83002
-0.730852,-0.161999,1.15293,0.353522,0.413681,0.849967,1.30257,0.673558,0.83282
-0.727238,-0.165067,1.15473,0.345432,0.420975,0.846562,1.30745,0.669732,0.835626
-0.723552,-0.168099,1.15651,0.337386,0.428265,0.843171,1.31221,0.665873,0.838435
-0.719793,-0.171092,1.15828,0.329383,0.435549,0.839795,1.31685,0.661983,0.841247
-0.715963,-0.174048,1.16002,0.321422,0.442824,0.836436,1.32138,0.658064,0.844063
-0.712062,-0.176964,1.16175,0.313501,0.450088,0.833095,1.3258,0.654116,0.84688
-0.708088,-0.17984,1.16345,0.305619,0.457337,0.829771,1.33011,0.650143,0.849699
-0.704044,-0.182676,1.16513,0.297774,0.46457,0.826467,1.33431,0.646145,0.852519
-0.699928,-0.18547,1.1668,0.289966,0.471785,0.823182,1.3384,0.642124,0.85534
-0.695741,-0.188221,1.16844,0.282193,0.47898,0.819918,1.34239,0.638082,0.858161
-0.691484,-0.19093,1.17006,0.274453,0.486152,0.816676,1.34627,0.634018,0.860982
-0.687156,-0.193595,1.17166,0.266747,0.493299,0.813457,1.35005,0.629936,0.863802
-0.682758,-0.196215,1.17324,0.259072,0.50042,0.810261,1.35373,0.625836,0.866621
-0.678291,-0.19879,1.17479,0.251427,0.507512,0.807088,1.3573,0.621718,0.869438
-0.673754,-0.201319,1.17633,0.243812,0.514574,0.80394,1.36078,0.617585,0.872254
-0.669148,-0.203801,1.17783,0.236225,0.521604,0.800817,1.36416,0.613437,0.875068
-0.664474,-0.206236,1.17932,0.228666,0.5286,0.79772,1.36745,0.609276,0.87788
-0.659731,-0.208622,1.18078,0.221133,0.535562,0.79465,1.37064,0.605101,0.880689
-0.65492,-0.21096,1.18222,0.213626,0.542486,0.791607,1.37373,0.600914,0.883495
-0.650042,-0.213248,1.18363,0.206144,0.549372,0.788591,1.37674,0.596716,0.886298
-0.645097,-0.215485,1.18502,0.198685,0.556218,0.785603,1.37965,0.592508,0.889098
-0.640086,-0.217672,1.18638,0.19125,0.563022,0.782644,1.38248,0.588289,0.891895
-0.635008,-0.219807,1.18772,0.183838,0.569785,0.779715,1.38521,0.584062,0.894688
-0.629865,-0.221889,1.18903,0.176448,0.576503,0.776815,1.38786,0.579826,0.897477
-0.624657,-0.223919,1.19031,0.169079,0.583176,0.773945,1.39042,0.575583,0.900263
-0.619384,-0.225894,1.19157,0.16173,0.589803,0.771105,1.39289,0.571332,0.903044
-0.614048,-0.227816,1.1928,0.154402,0.596382,0.768297,1.39529,0.567074,0.905821
-0.608648,-0.229683,1.19401,0.147094,0.602912,0.76552,1.39759,0.562811,0.908594
-0.603185,-0.231494,1.19518,0.139804,0.609393,0.762774,1.39982,0.558541,0.911362
-0.59766,-0.233249,1.19633,0.132534,0.615822,0.760061,1.40197,0.554267,0.914126
-0.592073,-0.234947,1.19745,0.125282,0.6222,0.757381,1.40403,0.549987,0.916885
-0.586425,-0.236589,1.19855,0.118048,0.628525,0.754733,1.40602,0.545703,0.91964
-0.580717,-0.238172,1.19961,0.110832,0.634797,0.752118,1.40792,0.541416,0.92239
-0.574949,-0.239697,1.20065,0.103634,0.641013,0.749537,1.40976,0.537124,0.925135
-0.569121,-0.241164,1.20166,0.0964523,0.647175,0.746989,1.41151,0.532829,0.927876
-0.563235,-0.242571,1.20263,0.089288,0.65328,0.744475,1.41319,0.528531,0.930611
-0.557291,-0.243918,1.20358,0.0821406,0.659328,0.741996,1.41479,0.524231,0.933342
-0.551289,-0.245205,1.2045,0.0750099,0.665318,0.739551,1.41632,0.519928,0.936067
-0.545231,-0.246432,1.20539,0.0678958,0.671249,0.737141,1.41777,0.515623,0.938788
-0.539116,-0.247597,1.20625,0.0607981,0.677121,0.734766,1.41916,0.511315,0.941504
-0.532946,-0.2487,1.20708,0.0537169,0.682933,0.732425,1.42047,0.507006,0.944214
-0.526721,-0.249741,1.20788,0.0466521,0.688685,0.730121,1.42171,0.502696,0.94692
-0.520442,-0.25072,1.20865,0.0396037,0.694376,0.727852,1.42288,0.498384,0.949621
-0.51411,-0.251636,1.20939,0.0325717,0.700005,0.725618,1.42398,0.494071,0.952316
-0.507725,-0.252488,1.21009,0.0255561,0.705571,0.723421,1.42501,0.489757,0.955007
-0.501287,-0.253277,1.21077,0.018557,0.711075,0.721259,1.42597,0.485442,0.957693
-0.494798,-0.254002,1.21141,0.0115745,0.716516,0.719134,1.42686,0.481126,0.960373
-0.488258,-0.254662,1.21203,0.0046086,0.721892,0.717045,1.42769,0.47681,0.963049
-0.481668,-0.255258,1.21261,-0.00234045,0.727205,0.714992,1.42845,0.472493,0.965719
-0.475029,-0.255789,1.21316,-0.00927256,0.732453,0.712976,1.42914,0.468176,0.968385
-0.46834,-0.256254,1.21368,-0.0161876,0.737635,0.710996,1.42977,0.463859,0.971045
-0.461604,-0.256654,1.21417,-0.0230853,0.742753,0.709054,1.43033,0.459541,0.973701
-0.454819,-0.256988,1.21462,-0.0299655,0.747804,0.707148,1.43082,0.455223,0.976351
-0.447988,-0.257255,1.21504,-0.036828,0.75279,0.705279,1.43126,0.450905,0.978997
-0.441111,-0.257456,1.21544,-0.0436725,0.757709,0.703447,1.43162,0.446587,0.981638
-0.434187,-0.257591,1.21579,-0.0504989,0.762561,0.701652,1.43193,0.442269,0.984274
-0.427219,-0.257658,1.21612,-0.0573069,0.767347,0.699894,1.43217,0.437951,0.986905
-0.420206,-0.257658,1.21642,-0.064096,0.772065,0.698173,1.43234,0.433634,0.989532
-0.41315,-0.257591,1.21668,-0.0708662,0.776715,0.696489,1.43246,0.429316,0.992153
-0.40605,-0.257457,1.21691,-0.0776171,0.781298,0.694843,1.43251,0.424998,0.99477
-0.398908,-0.257254,1.2171,-0.0843483,0.785813,0.693233,1.4325,0.420681,0.997382
-0.391724,-0.256983,1.21727,-0.0910596,0.79026,0.691661,1.43242,0.416364,0.99999
-0.384499,-0.256645,1.2174,-0.0977505,0.794638,0.690126,1.43229,0.412047,1.00259
-0.377233,-0.256238,1.2175,-0.104421,0.798948,0.688629,1.43209,0.40773,1.00519
-0.369926,-0.255762,1.21757,-0.11107,0.803189,0.687168,1.43184,0.403413,1.00778
-0.362581,-0.255218,1.2176,-0.117698,0.807362,0.685745,1.43152,0.399096,1.01037
-0.355196,-0.254606,1.2176,-0.124304,0.811466,0.684359,1.43114,0.39478,1.01296
-0.347772,-0.253924,1.21757,-0.130888,0.815501,0.683011,1.4307,0.390464,1.01554
-0.340311,-0.253173,1.21751,-0.13745,0.819466,0.681699,1.4302,0.386147,1.01811
-0.332812,-0.252354,1.21741,-0.143988,0.823363,0.680425,1.42964,0.381831,1.02069
-0.325277,-0.251465,1.21728,-0.150504,0.827191,0.679187,1.42902,0.377514,1.02325
-0.317705,-0.250507,1.21712,-0.156995,0.830949,0.677987,1.42834,0.373198,1.02581
-0.310097,-0.24948,1.21692,-0.163462,0.834638,0.676824,1.4276,0.368882,1.02837
-0.302454,-0.248383,1.2167,-0.169905,0.838258,0.675698,1.4268,0.364565,1.03093
-0.294776,-0.247216,1.21643,-0.176322,0.841808,0.674608,1.42594,0.360248,1.03348
-0.287064,-0.245981,1.21614,-0.182715,0.845289,0.673556,1.42502,0.355931,1.03602
-0.279317,-0.244675,1.21582,-0.189081,0.848701,0.67254,1.42404,0.351614,1.03856
-0.271538,-0.2433,1.21546,-0.19542,0.852044,0.671561,1.423,0.347296,1.0411
-0.263725,-0.241856,1.21507,-0.201733,0.855318,0.670618,1.4219,0.342978,1.04363
-0.25588,-0.240342,1.21464,-0.208019,0.858522,0.669713,1.42074,0.33866,1.04616
-0.248002,-0.238758,1.21419,-0.214277,0.861657,0.668843,1.41952,0.334341,1.04869
-0.240092,-0.237104,1.2137,-0.220506,0.864724,0.66801,1.41824,0.330021,1.05121
-0.232151,-0.235381,1.21318,-0.226707,0.867721,0.667214,1.4169,0.3257,1.05373
-0.224179,-0.233589,1.21263,-0.232879,0.870649,0.666453,1.4155,0.321379,1.05624
-0.216177,-0.231726,1.21204,-0.239021,0.873509,0.665729,1.41404,0.317057,1.05875
-0.208143,-0.229794,1.21142,-0.245133,0.8763,0.665041,1.41252,0.312734,1.06125
-0.20008,-0.227793,1.21078,-0.251214,0.879022,0.664388,1.41093,0.30841,1.06376
-0.191987,-0.225722,1.21009,-0.257265,0.881676,0.663772,1.40929,0.304085,1.06625
-0.183864,-0.223581,1.20938,-0.263283,0.884262,0.663191,1.40759,0.299759,1.06875
-0.175712,-0.221371,1.20864,-0.26927,0.886779,0.662645,1.40582,0.295432,1.07124
-0.167531,-0.219092,1.20786,-0.275224,0.889229,0.662135,1.40399,0.291103,1.07372
-0.159321,-0.216743,1.20705,-0.281144,0.89161,0.661661,1.40211,0.286773,1.07621
-0.151082,-0.214325,1.20621,-0.287032,0.893924,0.661222,1.40015,0.282441,1.07868
-0.142815,-0.211838,1.20534,-0.292885,0.89617,0.660817,1.39814,0.278108,1.08116
-0.134519,-0.209282,1.20444,-0.298704,0.898349,0.660448,1.39606,0.273772,1.08363
-0.126196,-0.206656,1.20351,-0.304487,0.900461,0.660114,1.39392,0.269436,1.0861
-0.117844,-0.203962,1.20254,-0.310235,0.902505,0.659814,1.39172,0.265097,1.08856
-0.109464,-0.201199,1.20155,-0.315947,0.904483,0.659549,1.38945,0.260756,1.09102
-0.101057,-0.198368,1.20052,-0.321623,0.906394,0.659318,1.38712,0.256413,1.09348
-0.0926209,-0.195467,1.19947,-0.327261,0.908239,0.659121,1.38472,0.252068,1.09593
-0.0841573,-0.192499,1.19838,-0.332862,0.910018,0.658959,1.38226,0.247721,1.09838
-0.0756658,-0.189462,1.19727,-0.338425,0.911731,0.65883,1.37973,0.243371,1.10082
-0.0671463,-0.186357,1.19612,-0.343949,0.913378,0.658736,1.37714,0.239019,1.10327
-0.0585988,-0.183184,1.19494,-0.349434,0.914959,0.658675,1.37447,0.234664,1.1057
-0.050023,-0.179942,1.19374,-0.35488,0.916476,0.658647,1.37174,0.230307,1.10814
-0.041419,-0.176634,1.1925,-0.360285,0.917927,0.658653,1.36894,0.225947,1.11057
-0.0327864,-0.173257,1.19123,-0.36565,0.919314,0.658692,1.36608,0.221584,1.11299
-0.0241251,-0.169814,1.18994,-0.370974,0.920636,0.658764,1.36314,0.217218,1.11542
-0.0154348,-0.166303,1.18862,-0.376257,0.921894,0.658869,1.36013,0.212848,1.11783
-0.0067152,-0.162725,1.18727,-0.381497,0.923088,0.659007,1.35705,0.208476,1.12025
0.00203395,-0.15908,1.18588,-0.386695,0.924219,0.659177,1.3539,0.204101,1.12266
0.0108131,-0.155368,1.18448,-0.39185,0.925287,0.659379,1.35068,0.199722,1.12506
0.0196226,-0.15159,1.18304,-0.396962,0.926291,0.659614,1.34738,0.19534,1.12747
0.028463,-0.147746,1.18157,-0.402029,0.927233,0.65988,1.34401,0.190954,1.12986
0.0373347,-0.143836,1.18008,-0.407052,0.928112,0.660179,1.34056,0.186564,1.13226
0.0462383,-0.139861,1.17856,-0.41203,0.928929,0.660509,1.33703,0.182171,1.13465
0.0551745,-0.13582,1.17702,-0.416962,0.929685,0.66087,1.33343,0.177775,1.13703
0.0641438,-0.131713,1.17544,-0.421849,0.930379,0.661262,1.32975,0.173374,1.13941
0.0731471,-0.127542,1.17384,-0.426689,0.931012,0.661686,1.32598,0.16897,1.14179
0.082185,-0.123306,1.17222,-0.431482,0.931585,0.66214,1.32214,0.164561,1.14416
0.0912586,-0.119006,1.17057,-0.436228,0.932097,0.662625,1.31821,0.160149,1.14653
0.100369,-0.114642,1.16889,-0.440927,0.932549,0.663141,1.3142,0.155733,1.14889
0.109516,-0.110214,1.16719,-0.445577,0.932942,0.663686,1.3101,0.151312,1.15124
0.118702,-0.105723,1.16546,-0.450178,0.933275,0.664262,1.30592,0.146888,1.15359
0.127928,-0.101169,1.16371,-0.45473,0.933549,0.664867,1.30164,0.142459,1.15594
0.137194,-0.0965518,1.16194,-0.459232,0.933765,0.665502,1.29728,0.138027,1.15828
0.146503,-0.091873,1.16014,-0.463685,0.933923,0.666167,1.29282,0.13359,1.16061
0.155855,-0.0871324,1.15832,-0.468087,0.934023,0.66686,1.28827,0.129149,1.16294
0.165252,-0.0823305,1.15648,-0.472437,0.934066,0.667583,1.28363,0.124705,1.16526
0.174696,-0.0774679,1.15461,-0.476737,0.934052,0.668334,1.27888,0.120256,1.16757
0.184189,-0.0725449,1.15273,-0.480985,0.933981,0.669114,1.27404,0.115804,1.16988
0.193731,-0.0675622,1.15082,-0.48518,0.933854,0.669922,1.26909,0.111348,1.17218
0.203326,-0.0625204,1.1489,-0.489323,0.933672,0.670758,1.26404,0.106888,1.17447
0.212975,-0.0574199,1.14695,-0.493413,0.933435,0.671622,1.25888,0.102425,1.17675
0.222681,-0.0522616,1.14498,-0.497449,0.933142,0.672514,1.25361,0.0979592,1.17902
0.232446,-0.047046,1.143,-0.501432,0.932796,0.673433,1.24823,0.0934902,1.18129
0.242272,-0.0417739,1.141,-0.50536,0.932395,0.674379,1.24273,0.0890186,1.18354
0.252162,-0.0364462,1.13898,-0.509234,0.931941,0.675352,1.23711,0.0845447,1.18579
0.262119,-0.0310637,1.13695,-0.513052,0.931435,0.676351,1.23137,0.080069,1.18802
0.272147,-0.0256273,1.1349,-0.516816,0.930875,0.677377,1.22551,0.0755919,1.19024
0.282248,-0.0201381,1.13284,-0.520523,0.930264,0.678429,1.21952,0.071114,1.19245
0.292426,-0.0145971,1.13077,-0.524175,0.929601,0.679507,1.21339,0.0666358,1.19464
0.302685,-0.00900551,1.12869,-0.52777,0.928887,0.680611,1.20712,0.0621581,1.19682
0.313029,-0.00336467,1.12659,-0.531308,0.928123,0.68174,1.20072,0.0576817,1.19899
0.323462,0.002324,1.12449,-0.53479,0.927309,0.682894,1.19417,0.0532075,1.20114
0.333988,0.00805896,1.12238,-0.538214,0.926444,0.684073,1.18747,0.0487365,1.20327
0.344614,0.0138385,1.12026,-0.54158,0.925531,0.685277,1.18061,0.0442701,1.20538
0.355343,0.0196607,1.11814,-0.544888,0.92457,0.686505,1.17358,0.0398095,1.20747
0.366183,0.0255235,1.11602,-0.548139,0.92356,0.687758,1.1664,0.0353563,1.20954
0.377138,0.0314245,1.1139,-0.55133,0.922503,0.689034,1.15903,0.0309124,1.21158
0.388216,0.0373612,1.11179,-0.554463,0.921399,0.690334,1.15149,0.0264798,1.2136
0.399424,0.0433307,1.10967,-0.557537,0.920248,0.691657,1.14375,0.0220608,1.21559
0.410769,0.0493298,1.10757,-0.560552,0.919052,0.693003,1.13582,0.0176582,1.21755
0.422259,0.0553547,1.10548,-0.563507,0.91781,0.694373,1.12769,0.013275,1.21947
0.433904,0.0614015,1.1034,-0.566403,0.916524,0.695764,1.11934,0.00891493,1.22135
0.445712,0.0674655,1.10135,-0.569239,0.915193,0.697178,1.11077,0.00458193,1.2232
0.457695,0.0735414,1.09931,-0.572015,0.913818,0.698614,1.10196,0.000280762,1.22499
0.469863,0.0796232,1.09731,-0.574731,0.9124,0.700072,1.09291,-0.00398311,1.22674
0.482228,0.085704,1.09534,-0.577387,0.910939,0.701551,1.0836,-0.00820336,1.22843
0.494803,0.091776,1.09341,-0.579982,0.909437,0.703052,1.07402,-0.0123727,1.23006
0.507602,0.0978302,1.09153,-0.582517,0.907892,0.704574,1.06416,-0.0164825,1.23162
0.52064,0.103856,1.0897,-0.584991,0.906307,0.706116,1.05399,-0.0205229,1.2331
0.533933,0.109841,1.08794,-0.587405,0.904681,0.707679,1.04351,-0.0244821,1.2345
0.547499,0.115771,1.08626,-0.589758,0.903015,0.709262,1.0327,-0.0283466,1.2358
0.561357,0.12163,1.08466,-0.59205,0.90131,0.710865,1.02153,-0.0321,1.23699
0.575527,0.127397,1.08317,-0.594282,0.899566,0.712488,1.00999,-0.0357235,1.23806
0.590029,0.13305,1.0818,-0.596452,0.897784,0.71413,0.998064,-0.0391943,1.23899
0.604886,0.138562,1.08057,-0.598563,0.895964,0.715791,0.985717,-0.0424855,1.23975
0.620121,0.143899,1.07951,-0.600612,0.894106,0.717472,0.972931,-0.0455651,1.24034
0.635757,0.149023,1.07863,-0.602601,0.892212,0.719171,0.959684,-0.0483948,1.24072
0.651816,0.153888,1.07797,-0.60453,0.890281,0.720888,0.945953,-0.0509288,1.24086
0.668321,0.158438,1.07757,-0.606398,0.888315,0.722625,0.931717,-0.0531122,1.24073
0.685286,0.162607,1.07747,-0.608206,0.886313,0.724379,0.91696,-0.0548798,1.24027
0.702723,0.166318,1.07771,-0.609954,0.884276,0.726151,0.901671,-0.0561539,1.23946
0.720631,0.169479,1.07836,-0.611642,0.882204,0.727941,0.88585,-0.0568432,1.23821
0.738994,0.171984,1.07948,-0.61327,0.880099,0.729748,0.869516,-0.0568423,1.23649
0.757771,0.173712,1.08114,-0.614839,0.877959,0.731573,0.852707,-0.0560316,1.23421
0.776892,0.174535,1.0834,-0.616348,0.875786,0.733415,0.835496,-0.0542815,1.23131
0.796246,0.174319,1.08633,-0.617798,0.87358,0.735275,0.817992,-0.051459,1.22772
0.815677,0.172939,1.08999,-0.619189,0.871341,0.737151,0.800352,-0.0474395,1.22338
0.834982,0.170296,1.09442,-0.620521,0.869068,0.739045,0.782779,-0.0421245,1.21825
0.853925,0.166336,1.09962,-0.621794,0.866763,0.740955,0.765509,-0.0354598,1.21234
0.872254,0.161066,1.10555,-0.623009,0.864426,0.742883,0.748794,-0.0274517,1.20569
0.889733,0.154558,1.11214,-0.624164,0.862055,0.744827,0.732871,-0.0181733,1.19835
0.906168,0.146945,1.11928,-0.625261,0.859652,0.746788,0.717933,-0.00775747,1.19045
0.921428,0.138401,1.12685,-0.626299,0.857217,0.748766,0.704111,0.00362187,1.18211
0.93545,0.129118,1.13472,-0.627277,0.854748,0.750761,0.691467,0.0157737,1.17344
0.948233,0.119282,1.14277,-0.628196,0.852246,0.752773,0.680003,0.0285115,1.16457
0.95982,0.10906,1.15092,-0.629056,0.849712,0.754802,0.669676,0.0416678,1.1556
0.970282,0.0985941,1.15908,-0.629855,0.847144,0.756848,0.660412,0.0551019,1.14659
0.97971,0.0879968,1.16719,-0.630593,0.844543,0.758911,0.652123,0.0687003,1.13761
0.988194,0.0773561,1.17522,-0.63127,0.841908,0.76099,0.644716,0.0823756,1.12871
0.995828,0.0667384,1.18313,-0.631886,0.83924,0.763087,0.638098,0.0960614,1.11991
1.0027,0.0561924,1.1909,-0.632439,0.836538,0.765201,0.632182,0.109709,1.11122
1.00888,0.045753,1.19852,-0.632929,0.833803,0.767331,0.626891,0.123284,1.10267
1.01444,0.0354449,1.20599,-0.633356,0.831034,0.769479,0.622153,0.136761,1.09425
1.01945,0.0252847,1.2133,-0.633718,0.828231,0.771643,0.617904,0.150124,1.08598
1.02397,0.0152833,1.22046,-0.634016,0.825394,0.773823,0.614089,0.163362,1.07784
1.02803,0.005447,1.22746,-0.634248,0.822524,0.776021,0.610658,0.176469,1.06984
1.03169,-0.00422089,1.23431,-0.634414,0.81962,0.778235,0.607567,0.189441,1.06198
1.03497,-0.0137195,1.24101,-0.634513,0.816682,0.780465,0.604779,0.202278,1.05424
1.03792,-0.0230495,1.24757,-0.634544,0.81371,0.782711,0.60226,0.214979,1.04664
1.04057,-0.032213,1.254,-0.634506,0.810705,0.784974,0.59998,0.227548,1.03915
1.04293,-0.0412127,1.26029,-0.634399,0.807667,0.787253,0.597911,0.239986,1.03178
1.04503,-0.050052,1.26645,-0.634222,0.804595,0.789547,0.596032,0.252297,1.02452
1.04689,-0.0587346,1.27249,-0.633975,0.80149,0.791857,0.59432,0.264485,1.01737
1.04854,-0.0672645,1.27841,-0.633655,0.798352,0.794183,0.592757,0.276552,1.01032
1.04998,-0.0756458,1.28422,-0.633263,0.795181,0.796524,0.591326,0.288504,1.00337
1.05123,-0.0838825,1.28993,-0.632799,0.791978,0.79888,0.590011,0.300345,0.996514
1.0523,-0.0919788,1.29552,-0.63226,0.788742,0.801251,0.5888,0.312077,0.989747
1.05321,-0.0999387,1.30102,-0.631646,0.785474,0.803636,0.587679,0.323705,0.983067
1.05396,-0.107766,1.30642,-0.630956,0.782174,0.806036,0.586638,0.335232,0.976469
1.05457,-0.115465,1.31172,-0.630191,0.778843,0.80845,0.585665,0.346662,0.969951
1.05503,-0.123039,1.31693,-0.629348,0.77548,0.810878,0.584753,0.357999,0.963509
1.05538,-0.130492,1.32206,-0.628426,0.772086,0.813319,0.583891,0.369245,0.957141
1.05559,-0.137826,1.3271,-0.627426,0.768662,0.815774,0.583073,0.380404,0.950843
1.0557,-0.145047,1.33206,-0.626347,0.765207,0.818242,0.58229,0.391479,0.944614
1.05569,-0.152156,1.33695,-0.625187,0.761723,0.820723,0.581537,0.402473,0.93845
1.05558,-0.159156,1.34175,-0.623945,0.758209,0.823216,0.580806,0.413388,0.93235
1.05537,-0.166052,1.34649,-0.622622,0.754666,0.825721,0.580092,0.424226,0.926311
1.05507,-0.172845,1.35115,-0.621216,0.751094,0.828238,0.579391,0.434991,0.920332
1.05467,-0.179538,1.35574,-0.619726,0.747494,0.830767,0.578695,0.445684,0.91441
1.05419,-0.186134,1.36027,-0.618151,0.743866,0.833307,0.578002,0.456307,0.908544
1.05362,-0.192634,1.36473,-0.616492,0.740211,0.835857,0.577307,0.466863,0.902733
1.05298,-0.199043,1.36913,-0.614746,0.736529,0.838418,0.576605,0.477354,0.896974
1.05226,-0.205361,1.37346,-0.612913,0.732821,0.840989,0.575892,0.48778,0.891267
1.05147,-0.211591,1.37774,-0.610993,0.729088,0.843569,0.575166,0.498144,0.88561
1.0506,-0.217735,1.38196,-0.608984,0.725329,0.846159,0.574422,0.508446,0.880002
1.04967,-0.223795,1.38612,-0.606886,0.721546,0.848758,0.573657,0.51869,0.874442
1.04867,-0.229773,1.39023,-0.604699,0.717738,0.851364,0.572869,0.528875,0.868928
1.04761,-0.235671,1.39428,-0.60242,0.713908,0.853979,0.572054,0.539003,0.86346
1.04648,-0.241489,1.39828,-0.60005,0.710054,0.856602,0.571209,0.549075,0.858038
1.04529,-0.247231,1.40223,-0.597588,0.706179,0.859231,0.570333,0.559092,0.852659
1.04405,-0.252897,1.40613,-0.595033,0.702282,0.861867,0.569423,0.569055,0.847324
1.04275,-0.25849,1.40998,-0.592385,0.698365,0.86451,0.568475,0.578964,0.842031
1.04139,-0.264009,1.41378,-0.589642,0.694428,0.867158,0.567489,0.588822,0.836781
1.03998,-0.269458,1.41754,-0.586804,0.690471,0.869811,0.566461,0.598627,0.831572
1.03852,-0.274837,1.42125,-0.58387,0.686496,0.872469,0.56539,0.608381,0.826404
1.03701,-0.280147,1.42491,-0.58084,0.682503,0.875131,0.564274,0.618084,0.821277
1.03544,-0.28539,1.42853,-0.577713,0.678493,0.877797,0.563112,0.627738,0.81619
1.03383,-0.290567,1.43211,-0.574488,0.674467,0.880466,0.5619,0.637341,0.811143
1.03217,-0.295679,1.43565,-0.571164,0.670425,0.883138,0.560638,0.646894,0.806135
1.03046,-0.300727,1.43914,-0.567742,0.666369,0.885812,0.559324,0.656399,0.801167
1.0287,-0.305712,1.44259,-0.56422,0.662299,0.888488,0.557957,0.665854,0.796238
1.0269,-0.310635,1.44601,-0.560597,0.658216,0.891165,0.556534,0.67526,0.791348
1.02506,-0.315498,1.44938,-0.556874,0.654121,0.893842,0.555056,0.684617,0.786496
1.02317,-0.3203,1.45272,-0.553049,0.650015,0.896519,0.553519,0.693925,0.781683
1.02124,-0.325043,1.45602,-0.549123,0.645898,0.899196,0.551924,0.703184,0.776909
1.01927,-0.329727,1.45928,-0.545093,0.641772,0.901871,0.550268,0.712395,0.772174
1.01725,-0.334354,1.4625,-0.540961,0.637638,0.904545,0.548551,0.721556,0.767477
1.01519,-0.338924,1.46569,-0.536725,0.633497,0.907216,0.546772,0.730667,0.762818
1.0131,-0.343438,1.46884,-0.532385,0.629348,0.909884,0.544929,0.739729,0.758198
1.01096,-0.347896,1.47195,-0.52794,0.625195,0.912549,0.543022,0.748741,0.753618
1.00878,-0.3523,1.47504,-0.523391,0.621037,0.915209,0.541049,0.757703,0.749076
1.00657,-0.35665,1.47808,-0.518736,0.616875,0.917865,0.53901,0.766615,0.744573
1.00431,-0.360946,1.4811,-0.513975,0.612711,0.920515,0.536904,0.775475,0.740109
1.00202,-0.365189,1.48408,-0.509107,0.608545,0.923159,0.53473,0.784284,0.735685
0.999687,-0.36938,1.48702,-0.504133,0.604379,0.925797,0.532487,0.793041,0.7313
0.997318,-0.373519,1.48994,-0.499052,0.600213,0.928427,0.530175,0.801745,0.726956
0.994912,-0.377607,1.49282,-0.493864,0.59605,0.931049,0.527793,0.810397,0.722651
0.992468,-0.381643,1.49567,-0.488568,0.591889,0.933663,0.52534,0.818995,0.718387
0.989989,-0.38563,1.49849,-0.483165,0.587731,0.936267,0.522816,0.827539,0.714164
0.987472,-0.389566,1.50128,-0.477653,0.583579,0.938861,0.520221,0.836027,0.709983
0.984919,-0.393453,1.50403,-0.472032,0.579433,0.941445,0.517553,0.84446,0.705842
0.982331,-0.397291,1.50676,-0.466303,0.575294,0.944018,0.514813,0.852837,0.701744
0.979706,-0.40108,1.50945,-0.460466,0.571164,0.946578,0.512,0.861157,0.697688
0.977046,-0.404821,1.51212,-0.454519,0.567042,0.949126,0.509113,0.869418,0.693675
0.97435,-0.408513,1.51475,-0.448464,0.562932,0.951661,0.506154,0.877621,0.689704
0.971619,-0.412158,1.51736,-0.442299,0.558833,0.954182,0.50312,0.885764,0.685778
0.968852,-0.415755,1.51994,-0.436026,0.554747,0.956688,0.500013,0.893847,0.681895
0.966051,-0.419304,1.52248,-0.429643,0.550676,0.959179,0.496832,0.901869,0.678057
0.963214,-0.422807,1.525,-0.423151,0.546619,0.961654,0.493576,0.909828,0.674264
0.960343,-0.426263,1.52749,-0.41655,0.542579,0.964113,0.490247,0.917724,0.670517
0.957437,-0.429672,1.52995,-0.40984,0.538557,0.966554,0.486843,0.925556,0.666815
0.954496,-0.433035,1.53238,-0.403021,0.534553,0.968977,0.483365,0.933322,0.66316
0.95152,-0.436352,1.53479,-0.396093,0.530569,0.971382,0.479814,0.941023,0.659552
0.948509,-0.439623,1.53716,-0.389057,0.526606,0.973768,0.476188,0.948656,0.655991
0.945464,-0.442847,1.53951,-0.381913,0.522666,0.976133,0.472489,0.956221,0.652479
0.942384,-0.446026,1.54183,-0.374661,0.518749,0.978479,0.468716,0.963717,0.649015
0.93927,-0.449159,1.54412,-0.367301,0.514857,0.980803,0.464871,0.971142,0.645601
0.936121,-0.452246,1.54638,-0.359833,0.51099,0.983105,0.460953,0.978496,0.642236
0.932937,-0.455288,1.54861,-0.352259,0.50715,0.985385,0.456962,0.985778,0.638921
0.929718,-0.458284,1.55082,-0.344578,0.503339,0.987642,0.4529,0.992986,0.635658
0.926465,-0.461235,1.553,-0.336791,0.499556,0.989875,0.448766,1.00012,0.632446
0.923177,-0.46414,1.55515,-0.328899,0.495804,0.992084,0.444561,1.00718,0.629285
0.919854,-0.467,1.55727,-0.320901,0.492083,0.994268,0.440287,1.01416,0.626178
0.916497,-0.469814,1.55937,-0.312799,0.488395,0.996427,0.435942,1.02106,0.623123
0.913104,-0.472583,1.56144,-0.304594,0.48474,0.99856,0.431529,1.02788,0.620122
0.909677,-0.475306,1.56348,-0.296285,0.48112,1.00067,0.427048,1.03463,0.617176
0.906214,-0.477983,1.56549,-0.287874,0.477536,1.00275,0.4225,1.04129,0.614284
0.902717,-0.480614,1.56747,-0.279362,0.473988,1.0048,0.417885,1.04787,0.611447
0.899184,-0.483199,1.56943,-0.270748,0.470477,1.00682,0.413205,1.05436,0.608666
0.895615,-0.485739,1.57136,-0.262035,0.467005,1.00882,0.40846,1.06077,0.605942
0.892012,-0.488232,1.57326,-0.253223,0.463573,1.01079,0.403651,1.0671,0.603275
0.888372,-0.490679,1.57513,-0.244313,0.460181,1.01272,0.39878,1.07334,0.600665
0.884697,-0.493079,1.57698,-0.235305,0.456831,1.01463,0.393848,1.07949,0.598112
0.880987,-0.495432,1.57879,-0.226202,0.453522,1.01651,0.388856,1.08555,0.595619
0.87724,-0.497739,1.58058,-0.217004,0.450256,1.01836,0.383804,1.09152,0.593184
0.873457,-0.499998,1.58234,-0.207712,0.447034,1.02017,0.378695,1.0974,0.590808
0.869639,-0.502209,1.58407,-0.198328,0.443856,1.02196,0.373529,1.10319,0.588493
0.865783,-0.504373,1.58577,-0.188852,0.440724,1.02372,0.368308,1.10889,0.586237
0.861892,-0.506489,1.58744,-0.179285,0.437636,1.02544,0.363033,1.11449,0.584042
0.857964,-0.508556,1.58908,-0.16963,0.434596,1.02713,0.357706,1.12,0.581908
0.853999,-0.510575,1.59069,-0.159888,0.431601,1.02879,0.352329,1.12541,0.579836
0.849998,-0.512544,1.59228,-0.150059,0.428654,1.03042,0.346902,1.13073,0.577825
0.845959,-0.514465,1.59383,-0.140146,0.425755,1.03201,0.341427,1.13595,0.575876
0.841884,-0.516335,1.59535,-0.130149,0.422904,1.03358,0.335905,1.14107,0.573989
0.837771,-0.518154,1.59685,-0.120071,0.420101,1.03511,0.33034,1.14609,0.572166
0.833621,-0.519924,1.59831,-0.109912,0.417347,1.03661,0.324731,1.15102,0.570405
0.829434,-0.521641,1.59974,-0.0996747,0.414641,1.03808,0.319081,1.15584,0.568707
0.825208,-0.523307,1.60114,-0.0893602,0.411984,1.03951,0.313392,1.16056,0.567073
0.820946,-0.524921,1.6025,-0.0789702,0.409376,1.04091,0.307665,1.16518,0.565502
0.816645,-0.526483,1.60384,-0.0685064,0.406818,1.04228,0.301901,1.1697,0.563994
0.812306,-0.52799,1.60514,-0.0579704,0.404308,1.04362,0.296104,1.17412,0.562551
0.80793,-0.529444,1.60641,-0.047364,0.401847,1.04493,0.290274,1.17844,0.561172
0.803515,-0.530844,1.60765,-0.0366889,0.399434,1.04621,0.284414,1.18265,0.559856
0.799062,-0.532188,1.60886,-0.0259468,0.39707,1.04746,0.278525,1.18676,0.558604
0.79457,-0.533477,1.61003,-0.0151397,0.394753,1.04868,0.272609,1.19076,0.557417
0.790041,-0.534709,1.61116,-0.00426913,0.392484,1.04986,0.266669,1.19466,0.556293
0.785472,-0.535884,1.61227,0.00666292,0.390262,1.05102,0.260705,1.19846,0.555234
0.780866,-0.537002,1.61333,0.0176546,0.388087,1.05215,0.25472,1.20215,0.554238
0.77622,-0.538061,1.61436,0.0287042,0.385957,1.05325,0.248715,1.20574,0.553306
0.771537,-0.53906,1.61536,0.0398096,0.383873,1.05432,0.242694,1.20923,0.552438
0.766814,-0.54,1.61632,0.0509692,0.381832,1.05537,0.236657,1.21261,0.551633
0.762053,-0.540878,1.61724,0.0621808,0.379835,1.05639,0.230606,1.21588,0.550891
0.757254,-0.541695,1.61812,0.0734427,0.377881,1.05739,0.224543,1.21905,0.550212
0.752416,-0.542449,1.61897,0.084753,0.375967,1.05836,0.218471,1.22212,0.549597
0.74754,-0.54314,1.61978,0.0961096,0.374094,1.0593,0.212391,1.22509,0.549043
0.742625,-0.543766,1.62054,0.107511,0.372261,1.06022,0.206304,1.22795,0.548552
0.737672,-0.544327,1.62127,0.118954,0.370465,1.06113,0.200213,1.2307,0.548123
0.732682,-0.544822,1.62196,0.130439,0.368706,1.06201,0.19412,1.23336,0.547755
0.727653,-0.54525,1.62261,0.141961,0.366982,1.06287,0.188026,1.23591,0.547448
0.722587,-0.545609,1.62321,0.153521,0.365292,1.06371,0.181932,1.23836,0.547202
0.717483,-0.5459,1.62377,0.165115,0.363634,1.06453,0.175842,1.24071,0.547016
0.712342,-0.54612,1.62429,0.176743,0.362006,1.06534,0.169756,1.24295,0.546889
0.707164,-0.546269,1.62477,0.188401,0.360408,1.06613,0.163676,1.2451,0.546822
0.701949,-0.546345,1.6252,0.200088,0.358837,1.0669,0.157603,1.24715,0.546814
0.696698,-0.546349,1.62559,0.211801,0.357292,1.06767,0.15154,1.2491,0.546864
0.691412,-0.546277,1.62593,0.22354,0.35577,1.06842,0.145488,1.25095,0.546972
0.68609,-0.54613,1.62622,0.235302,0.35427,1.06916,0.139448,1.2527,0.547137
0.680733,-0.545907,1.62647,0.247086,0.352791,1.06989,0.133422,1.25436,0.547358
0.675341,-0.545605,1.62667,0.258888,0.351329,1.07061,0.127411,1.25592,0.547635
0.669916,-0.545224,1.62682,0.270708,0.349883,1.07133,0.121416,1.25738,0.547968
0.664457,-0.544764,1.62692,0.282543,0.348451,1.07204,0.11544,1.25875,0.548355
0.658966,-0.544221,1.62698,0.294391,0.347032,1.07275,0.109483,1.26003,0.548797
0.653443,-0.543597,1.62698,0.306251,0.345622,1.07345,0.103546,1.26121,0.549292
0.647889,-0.542888,1.62692,0.31812,0.344219,1.07416,0.0976313,1.26231,0.549839
0.642304,-0.542094,1.62682,0.329997,0.342822,1.07486,0.0917392,1.26331,0.550439
0.63669,-0.541215,1.62666,0.341879,0.341429,1.07557,0.0858711,1.26423,0.55109
0.631047,-0.540248,1.62645,0.353765,0.340036,1.07627,0.080028,1.26505,0.551792
0.625376,-0.539192,1.62619,0.365653,0.338643,1.07699,0.074211,1.26579,0.552544
0.619679,-0.538046,1.62587,0.37754,0.337246,1.07771,0.068421,1.26644,0.553346
0.613955,-0.53681,1.62549,0.389426,0.335844,1.07844,0.062659,1.26701,0.554196
0.608208,-0.535481,1.62505,0.401306,0.334434,1.07917,0.0569257,1.26749,0.555094
0.602437,-0.534059,1.62456,0.413181,0.333013,1.07992,0.0512222,1.26789,0.55604
0.596643,-0.532543,1.62401,0.425048,0.331581,1.08068,0.045549,1.2682,0.557032
0.590829,-0.530931,1.6234,0.436904,0.330134,1.08145,0.039907,1.26844,0.558071
0.584996,-0.529222,1.62273,0.448748,0.328671,1.08224,0.0342969,1.26859,0.559154
0.579144,-0.527415,1.62199,0.460577,0.327189,1.08304,0.0287193,1.26867,0.560283
0.573275,-0.525509,1.6212,0.47239,0.325686,1.08387,0.0231748,1.26866,0.561456
0.567391,-0.523502,1.62034,0.484185,0.32416,1.08471,0.017664,1.26858,0.562671
0.561494,-0.521395,1.61942,0.495959,0.322609,1.08557,0.0121874,1.26843,0.56393
0.555584,-0.519185,1.61844,0.50771,0.321031,1.08645,0.00674557,1.26819,0.565231
0.549664,-0.516873,1.61739,0.519437,0.319424,1.08736,0.00133887,1.26789,0.566573
0.543735,-0.514456,1.61628,0.531137,0.317785,1.08829,-0.00403224,1.26751,0.567956
0.5378,-0.511934,1.6151,0.542808,0.316114,1.08924,-0.0093674,1.26706,0.56938
0.531859,-0.509306,1.61385,0.554447,0.314407,1.09023,-0.0146662,1.26654,0.570842
0.525915,-0.506571,1.61254,0.566054,0.312664,1.09124,-0.0199285,1.26595,0.572344
0.51997,-0.503728,1.61116,0.577624,0.310883,1.09228,-0.0251538,1.26529,0.573885
0.514025,-0.500777,1.60971,0.589157,0.309061,1.09335,-0.030342,1.26456,0.575463
0.508083,-0.497717,1.60819,0.600649,0.307198,1.09445,-0.0354928,1.26376,0.577079
0.502146,-0.494547,1.6066,0.6121,0.305291,1.09558,-0.040606,1.2629,0.578732
0.496216,-0.491266,1.60495,0.623506,0.30334,1.09675,-0.0456815,1.26197,0.58042
0.490294,-0.487874,1.60322,0.634865,0.301342,1.09795,-0.0507191,1.26097,0.582145
0.484384,-0.484371,1.60143,0.646175,0.299297,1.09919,-0.0557186,1.25991,0.583905
0.478487,-0.480756,1.59956,0.657433,0.297203,1.10046,-0.0606801,1.25879,0.5857
0.472605,-0.477028,1.59762,0.668638,0.295058,1.10177,-0.0656033,1.25761,0.587529
0.466741,-0.473188,1.59561,0.679787,0.292863,1.10312,-0.0704883,1.25636,0.589391
0.460898,-0.469234,1.59353,0.690877,0.290616,1.1045,-0.075335,1.25506,0.591288
0.455076,-0.465168,1.59138,0.701907,0.288315,1.10593,-0.0801434,1.25369,0.593217
0.449279,-0.460987,1.58915,0.712874,0.28596,1.10739,-0.0849134,1.25227,0.595179
0.443509,-0.456694,1.58686,0.723776,0.283551,1.10889,-0.089645,1.25078,0.597173
0.437768,-0.452286,1.58449,0.73461,0.281086,1.11043,-0.0943384,1.24924,0.599198
0.432059,-0.447765,1.58205,0.745375,0.278565,1.11202,-0.0989934,1.24764,0.601255
0.426383,-0.44313,1.57954,0.756067,0.275987,1.11364,-0.10361,1.24598,0.603343
0.420744,-0.438382,1.57695,0.766685,0.273352,1.11531,-0.108189,1.24427,0.605462
0.415143,-0.433521,1.57429,0.777226,0.27066,1.11701,-0.112729,1.2425,0.607612
0.409583,-0.428547,1.57157,0.787688,0.267911,1.11876,-0.117231,1.24068,0.609791
0.404066,-0.423461,1.56877,0.798069,0.265103,1.12055,-0.121696,1.2388,0.612
0.398595,-0.418262,1.56589,0.808367,0.262238,1.12239,-0.126122,1.23686,0.614238
0.393171,-0.412952,1.56295,0.818579,0.259315,1.12426,-0.13051,1.23488,0.616506
0.387797,-0.40753,1.55994,0.828704,0.256334,1.12618,-0.134861,1.23284,0.618802
0.382475,-0.401998,1.55686,0.838738,0.253295,1.12814,-0.139174,1.23074,0.621128
0.377208,-0.396356,1.5537,0.848681,0.250199,1.13014,-0.143449,1.2286,0.623481
0.371997,-0.390605,1.55048,0.85853,0.247045,1.13218,-0.147687,1.2264,0.625863
0.366844,-0.384745,1.54718,0.868283,0.243835,1.13426,-0.151887,1.22415,0.628273
0.361752,-0.378778,1.54382,0.877938,0.240569,1.13639,-0.15605,1.22185,0.630711
0.356723,-0.372703,1.54039,0.887493,0.237247,1.13855,-0.160176,1.2195,0.633176
0.351758,-0.366523,1.53689,0.896946,0.23387,1.14076,-0.164264,1.21709,0.635669
0.34686,-0.360238,1.53333,0.906295,0.230439,1.143,-0.168316,1.21464,0.638189
0.342031,-0.353848,1.5297,0.915539,0.226954,1.14529,-0.17233,1.21213,0.640737
0.337271,-0.347356,1.526,0.924676,0.223417,1.14761,-0.176307,1.20958,0.643311
0.332584,-0.340762,1.52224,0.933704,0.219828,1.14997,-0.180248,1.20697,0.645912
0.32797,-0.334068,1.51841,0.942622,0.216188,1.15237,-0.184152,1.20432,0.64854
0.323432,-0.327273,1.51452,0.951427,0.212498,1.15481,-0.188019,1.20162,0.651195
0.31897,-0.320381,1.51057,0.960119,0.208759,1.15728,-0.191849,1.19886,0.653876
0.314587,-0.313391,1.50655,0.968696,0.204972,1.15979,-0.195643,1.19606,0.656584
0.310284,-0.306306,1.50247,0.977156,0.20114,1.16233,-0.1994,1.19321,0.659319
0.306063,-0.299126,1.49833,0.985498,0.197262,1.16491,-0.203121,1.1903,0.66208
0.301924,-0.291852,1.49414,0.993721,0.193339,1.16752,-0.206805,1.18735,0.664867
0.297869,-0.284487,1.48988,1.00182,0.189375,1.17016,-0.210453,1.18435,0.667681
0.293899,-0.277031,1.48556,1.00981,0.185369,1.17283,-0.214064,1.1813,0.670521
0.290015,-0.269486,1.48119,1.01766,0.181323,1.17554,-0.217639,1.1782,0.673387
0.286218,-0.261854,1.47676,1.0254,0.177239,1.17828,-0.221177,1.17505,0.67628
0.282509,-0.254134,1.47228,1.03301,0.173118,1.18104,-0.224678,1.17186,0.679199
0.27889,-0.24633,1.46774,1.04049,0.168961,1.18383,-0.228143,1.16861,0.682145
0.27536,-0.238442,1.46315,1.04785,0.164771,1.18665,-0.231572,1.16531,0.685117
0.27192,-0.230472,1.45851,1.05508,0.160548,1.1895,-0.234963,1.16196,0.688116
0.268572,-0.222421,1.45381,1.06219,0.156294,1.19236,-0.238318,1.15857,0.691141
0.265315,-0.214291,1.44907,1.06916,0.152011,1.19526,-0.241637,1.15512,0.694193
0.262151,-0.206083,1.44427,1.07601,0.1477,1.19818,-0.244918,1.15162,0.697272
0.259079,-0.197798,1.43943,1.08272,0.143363,1.20111,-0.248162,1.14807,0.700377
0.256099,-0.189438,1.43454,1.08931,0.139002,1.20407,-0.251369,1.14448,0.70351
0.253213,-0.181004,1.4296,1.09577,0.134618,1.20705,-0.254538,1.14083,0.706669
0.25042,-0.172497,1.42461,1.10209,0.130213,1.21005,-0.25767,1.13712,0.709856
0.24772,-0.163919,1.41958,1.10828,0.125789,1.21307,-0.260765,1.13337,0.71307
0.245113,-0.155272,1.41451,1.11435,0.121347,1.2161,-0.263821,1.12956,0.716312
0.2426,-0.146555,1.40939,1.12028,0.116889,1.21915,-0.266839,1.12571,0.719582
0.240179,-0.137772,1.40423,1.12608,0.112416,1.22221,-0.269819,1.1218,0.722879
0.237852,-0.128922,1.39903,1.13175,0.107931,1.22528,-0.27276,1.11783,0.726204
0.235616,-0.120007,1.39379,1.13729,0.103434,1.22837,-0.275662,1.11381,0.729558
0.233473,-0.111029,1.38851,1.14269,0.0989282,1.23147,-0.278524,1.10974,0.73294
0.23142,-0.101987,1.38319,1.14797,0.0944143,1.23458,-0.281347,1.10561,0.73635
0.229459,-0.0928846,1.37783,1.15311,0.0898942,1.2377,-0.28413,1.10143,0.73979
0.227588,-0.0837214,1.37244,1.15812,0.0853695,1.24083,-0.286872,1.09719,0.743259
0.225806,-0.0744986,1.367,1.16301,0.0808418,1.24396,-0.289574,1.0929,0.746757
0.224113,-0.0652173,1.36154,1.16776,0.0763128,1.2471,-0.292234,1.08854,0.750285
0.222507,-0.0558784,1.35603,1.17238,0.0717839,1.25024,-0.294852,1.08413,0.753843
0.220989,-0.0464827,1.3505,1.17688,0.0672567,1.25339,-0.297427,1.07967,0.757431
0.219555,-0.037031,1.34493,1.18124,0.0627329,1.25654,-0.29996,1.07514,0.76105
0.218206,-0.0275242,1.33932,1.18548,0.0582138,1.2597,-0.302449,1.07055,0.7647
0.21694,-0.0179628,1.33369,1.18959,0.053701,1.26285,-0.304893,1.0659,0.768381
0.215756,-0.00834768,1.32802,1.19358,0.049196,1.26601,-0.307293,1.06119,0.772094
0.214653,0.00132071,1.32232,1.19743,0.0447002,1.26916,-0.309647,1.05642,0.775839
0.213628,0.0110418,1.31659,1.20117,0.0402151,1.27231,-0.311954,1.05158,0.779616
0.21268,0.0208151,1.31083,1.20477,0.0357421,1.27546,-0.314214,1.04668,0.783425
0.211808,0.0306403,1.30505,1.20826,0.0312825,1.27861,-0.316425,1.04172,0.787268
0.21101,0.0405169,1.29923,1.21162,0.0268377,1.28175,-0.318587,1.03669,0.791145
0.210284,0.0504448,1.29338,1.21486,0.022409,1.28488,-0.320699,1.03159,0.795055
0.209627,0.0604237,1.28751,1.21797,0.0179978,1.28801,-0.322759,1.02642,0.799
0.209038,0.0704536,1.28161,1.22097,0.0136053,1.29113,-0.324767,1.02118,0.80298
0.208515,0.0805342,1.27568,1.22385,0.00923276,1.29425,-0.326721,1.01587,0.806995
0.208055,0.0906658,1.26972,1.2266,0.00488136,1.29735,-0.32862,1.01049,0.811046
0.207656,0.100848,1.26374,1.22925,0.000552302,1.30045,-0.330462,1.00504,0.815134
0.207315,0.111082,1.25773,1.23177,-0.00375326,1.30353,-0.332246,0.999511,0.819258
0.207029,0.121367,1.25169,1.23418,-0.00803419,1.30661,-0.33397,0.993907,0.82342
0.206797,0.131704,1.24563,1.23648,-0.0122894,1.30967,-0.335633,0.988225,0.827619
0.206615,0.142093,1.23954,1.23866,-0.0165179,1.31272,-0.337233,0.982465,0.831857
0.206479,0.152535,1.23343,1.24073,-0.0207186,1.31576,-0.338767,0.976623,0.836134
0.206387,0.16303,1.22729,1.24269,-0.0248904,1.31878,-0.340235,0.9707,0.840451
0.206336,0.17358,1.22112,1.24454,-0.0290326,1.32179,-0.341633,0.964693,0.844808
0.206321,0.184184,1.21493,1.24628,-0.033144,1.32478,-0.342959,0.9586,0.849205
0.20634,0.194844,1.20871,1.24791,-0.0372239,1.32776,-0.344212,0.95242,0.853644
0.206388,0.20556,1.20247,1.24944,-0.0412714,1.33072,-0.345387,0.946151,0.858125
0.206461,0.216334,1.1962,1.25086,-0.0452856,1.33367,-0.346483,0.939791,0.862648
0.206555,0.227167,1.18991,1.25218,-0.0492657,1.3366,-0.347496,0.933339,0.867214
0.206666,0.23806,1.18359,1.2534,-0.0532111,1.33951,-0.348423,0.926791,0.871824
0.206788,0.249015,1.17724,1.25451,-0.0571208,1.3424,-0.349261,0.920146,0.876478
0.206918,0.260033,1.17087,1.25553,-0.0609944,1.34527,-0.350005,0.913402,0.881177
0.207049,0.271114,1.16447,1.25644,-0.064831,1.34813,-0.350653,0.906557,0.885922
0.207177,0.282262,1.15804,1.25726,-0.0686301,1.35096,-0.351199,0.899608,0.890712
0.207294,0.293478,1.15159,1.25799,-0.0723911,1.35378,-0.35164,0.892553,0.895549
0.207396,0.304763,1.14512,1.25861,-0.0761134,1.35657,-0.351969,0.885391,0.900432
0.207476,0.316119,1.13861,1.25915,-0.0797965,1.35935,-0.352183,0.878117,0.905363
0.207527,0.327548,1.13208,1.25959,-0.0834399,1.3621,-0.352275,0.870731,0.910341
0.207542,0.339053,1.12552,1.25994,-0.0870431,1.36483,-0.35224,0.86323,0.915367
0.207512,0.350634,1.11894,1.2602,-0.0906057,1.36754,-0.35207,0.855612,0.920441
0.20743,0.362294,1.11233,1.26037,-0.0941273,1.37023,-0.35176,0.847873,0.925564
0.207288,0.374036,1.10569,1.26045,-0.0976076,1.37289,-0.351302,0.840012,0.930734
0.207075,0.38586,1.09903,1.26045,-0.101046,1.37554,-0.350687,0.832026,0.935953
0.206783,0.397769,1.09234,1.26036,-0.104443,1.37816,-0.349907,0.823914,0.941219
0.2064,0.409764,1.08563,1.26019,-0.107797,1.38076,-0.348953,0.815673,0.946533
0.205916,0.421848,1.07889,1.25994,-0.111109,1.38333,-0.347815,0.807301,0.951893
0.205319,0.434021,1.07214,1.2596,-0.114378,1.38588,-0.346482,0.798796,0.957299
0.204596,0.446286,1.06536,1.25919,-0.117604,1.38841,-0.344944,0.790158,0.962749
0.203734,0.458642,1.05856,1.25869,-0.120787,1.39092,-0.343187,0.781385,0.968241
0.20272,0.471091,1.05174,1.25812,-0.123927,1.3934,-0.3412,0.772476,0.973774
0.201537,0.483632,1.04491,1.25747,-0.127023,1.39586,-0.338967,0.763431,0.979345
0.20017,0.496266,1.03807,1.25674,-0.130076,1.3983,-0.336474,0.754251,0.984951
0.198602,0.50899,1.03122,1.25594,-0.133086,1.40071,-0.333705,0.744936,0.990587
0.196815,0.521803,1.02437,1.25507,-0.136052,1.4031,-0.330644,0.735489,0.996251
0.194791,0.534701,1.01752,1.25412,-0.138975,1.40546,-0.327273,0.725914,1.00194
0.192511,0.547681,1.01068,1.2531,-0.141854,1.4078,-0.323574,0.716213,1.00764
0.189953,0.560737,1.00385,1.25201,-0.14469,1.41012,-0.319526,0.706393,1.01335
0.187097,0.573861,0.997051,1.25085,-0.147483,1.41242,-0.315111,0.696462,1.01905
0.183922,0.587044,0.990281,1.24962,-0.150233,1.41469,-0.310307,0.686429,1.02475
0.180406,0.600274,0.983554,1.24833,-0.152939,1.41693,-0.305094,0.676305,1.03043
0.176527,0.613539,0.976883,1.24696,-0.155602,1.41916,-0.299451,0.666103,1.03608
0.172265,0.626822,0.970281,1.24553,-0.158223,1.42136,-0.293357,0.655841,1.04168
0.167598,0.640103,0.963763,1.24404,-0.160801,1.42354,-0.286794,0.645537,1.04722
0.162509,0.653362,0.957347,1.24247,-0.163336,1.4257,-0.279742,0.635213,1.05268
0.15698,0.666574,0.951049,1.24085,-0.165829,1.42783,-0.272186,0.624895,1.05804
0.150998,0.67971,0.944889,1.23915,-0.168279,1.42994,-0.264113,0.614609,1.06329
0.144552,0.69274,0.938887,1.2374,-0.170687,1.43203,-0.255512,0.604387,1.06841
0.137636,0.705633,0.933063,1.23558,-0.173054,1.43409,-0.246377,0.594261,1.07337
0.130248,0.718352,0.927439,1.2337,-0.175378,1.43613,-0.236709,0.584266,1.07815
0.122394,0.730863,0.922035,1.23176,-0.177661,1.43815,-0.226512,0.574438,1.08273
0.114082,0.743129,0.91687,1.22975,-0.179902,1.44015,-0.215795,0.564813,1.0871
0.105329,0.755114,0.911964,1.22768,-0.182102,1.44213,-0.204574,0.555428,1.09123
0.0961569,0.766785,0.907331,1.22556,-0.18426,1.44408,-0.192873,0.546315,1.0951
0.0865919,0.778109,0.902986,1.22336,-0.186377,1.44602,-0.180717,0.537508,1.09872
0.0766664,0.78906,0.89894,1.22111,-0.188453,1.44793,-0.168139,0.529033,1.10205
0.0664158,0.799612,0.8952,1.2188,-0.190488,1.44982,-0.155174,0.520916,1.1051
0.0558789,0.809746,0.89177,1.21642,-0.192481,1.45169,-0.141861,0.513175,1.10786
0.0450956,0.819448,0.88865,1.21398,-0.194433,1.45353,-0.12824,0.505825,1.11034
0.0341068,0.828709,0.88584,1.21148,-0.196344,1.45536,-0.114351,0.498875,1.11252
0.0229526,0.837524,0.883333,1.20892,-0.198213,1.45716,-0.100235,0.492329,1.11443
0.0116721,0.845893,0.881122,1.2063,-0.20004,1.45894,-0.0859301,0.486188,1.11606
0.000301907,0.853819,0.879198,1.20361,-0.201826,1.4607,-0.0714725,0.480446,1.11743
-0.0111236,0.861311,0.877549,1.20086,-0.203569,1.46243,-0.0568964,0.475097,1.11854
-0.0225732,0.86838,0.876164,1.19805,-0.20527,1.46414,-0.0422326,0.47013,1.11941
-0.0340187,0.875036,0.875028,1.19517,-0.206928,1.46584,-0.0275089,0.465532,1.12006
-0.0454351,0.881296,0.874129,1.19222,-0.208543,1.4675,-0.0127497,0.461287,1.12049
-0.0568007,0.887174,0.873453,1.18922,-0.210114,1.46915,0.00202351,0.457381,1.12072
-0.0680966,0.892686,0.872986,1.18614,-0.211642,1.47077,0.0167924,0.453795,1.12076
-0.0793067,0.897851,0.872716,1.18301,-0.213125,1.47237,0.0315415,0.450514,1.12064
-0.0904174,0.902683,0.87263,1.1798,-0.214562,1.47394,0.0462577,0.447519,1.12035
-0.101418,0.907201,0.872714,1.17653,-0.215954,1.47549,0.0609305,0.444794,1.11992
-0.112298,0.91142,0.872959,1.17319,-0.2173,1.47701,0.0755511,0.442321,1.11935
-0.123051,0.915355,0.873352,1.16978,-0.218599,1.47851,0.0901128,0.440084,1.11865
-0.133672,0.919023,0.873884,1.1663,-0.21985,1.47999,0.10461,0.438067,1.11785
-0.144155,0.922438,0.874545,1.16275,-0.221053,1.48143,0.11904,0.436255,1.11694
-0.154497,0.925614,0.875326,1.15914,-0.222206,1.48285,0.133399,0.434633,1.11594
-0.164697,0.928563,0.876219,1.15545,-0.22331,1.48425,0.147686,0.433187,1.11486
-0.174752,0.931298,0.877215,1.15169,-0.224362,1.48561,0.161901,0.431905,1.11369
-0.184663,0.93383,0.878308,1.14786,-0.225362,1.48695,0.176042,0.430772,1.11247
-0.194429,0.936172,0.879492,1.14396,-0.22631,1.48825,0.190111,0.429778,1.11118
-0.204051,0.938332,0.880759,1.13998,-0.227203,1.48953,0.204109,0.428911,1.10983
-0.213529,0.94032,0.882105,1.13593,-0.228041,1.49077,0.218037,0.428161,1.10844
-0.222865,0.942147,0.883524,1.13181,-0.228823,1.49199,0.231898,0.427517,1.10701
-0.23206,0.943819,0.885011,1.12761,-0.229548,1.49317,0.245692,0.426969,1.10554
-0.241116,0.945345,0.886563,1.12333,-0.230214,1.49432,0.259424,0.426509,1.10404
-0.250035,0.946733,0.888174,1.11898,-0.23082,1.49543,0.273094,0.426127,1.10252
-0.258819,0.947989,0.889841,1.11455,-0.231365,1.49651,0.286706,0.425816,1.10097
-0.26747,0.94912,0.891561,1.11005,-0.231847,1.49755,0.300263,0.425567,1.09941
-0.275991,0.950131,0.89333,1.10546,-0.232265,1.49855,0.313767,0.425374,1.09784
-0.284383,0.951029,0.895145,1.1008,-0.232617,1.49952,0.32722,0.425229,1.09626
-0.292649,0.951818,0.897004,1.09606,-0.232902,1.50045,0.340627,0.425124,1.09467
-0.300791,0.952504,0.898904,1.09124,-0.233119,1.50133,0.353989,0.425055,1.09308
-0.308812,0.953091,0.900842,1.08634,-0.233265,1.50218,0.36731,0.425013,1.0915
-0.316714,0.953584,0.902817,1.08136,-0.233338,1.50298,0.380592,0.424994,1.08992
-0.324499,0.953987,0.904827,1.0763,-0.233338,1.50373,0.393837,0.424991,1.08836
-0.332169,0.954303,0.906869,1.07116,-0.233262,1.50445,0.407049,0.424999,1.08681
-0.339727,0.954536,0.908942,1.06594,-0.233108,1.50511,0.42023,0.425012,1.08527
-0.347175,0.95469,0.911044,1.06063,-0.232875,1.50573,0.433382,0.425025,1.08375
-0.354516,0.954767,0.913174,1.05525,-0.23256,1.50629,0.446509,0.425033,1.08226
-0.36175,0.954771,0.915331,1.04978,-0.232161,1.5068,0.459611,0.42503,1.08079
-0.368881,0.954704,0.917513,1.04423,-0.231676,1.50726,0.472692,0.425012,1.07934
-0.375909,0.954568,0.919718,1.0386,-0.231102,1.50767,0.485752,0.424974,1.07793
-0.382838,0.954367,0.921947,1.03288,-0.230438,1.50802,0.498795,0.424911,1.07656
-0.38967,0.954103,0.924197,1.02709,-0.229681,1.50831,0.511823,0.424818,1.07522
-0.396405,0.953778,0.926468,1.02121,-0.228829,1.50854,0.524836,0.424691,1.07392
-0.403046,0.953393,0.928759,1.01525,-0.227879,1.5087,0.537836,0.424526,1.07266
-0.409594,0.952951,0.931069,1.00921,-0.226828,1.50881,0.550825,0.424317,1.07144
-0.416052,0.952453,0.933398,1.00309,-0.225674,1.50884,0.563804,0.424061,1.07028
-0.422421,0.951902,0.935744,0.996887,-0.224414,1.50881,0.576774,0.423752,1.06916
-0.428702,0.951298,0.938108,0.990606,-0.223046,1.50871,0.589736,0.423387,1.0681
-0.434897,0.950644,0.940488,0.984247,-0.221566,1.50853,0.60269,0.422962,1.0671
-0.441008,0.949941,0.942883,0.977809,-0.219971,1.50828,0.615639,0.422471,1.06615
-0.447035,0.949189,0.945294,0.971294,-0.218259,1.50795,0.628581,0.42191,1.06527
-0.452981,0.948391,0.94772,0.964704,-0.216427,1.50755,0.641517,0.421276,1.06445
-0.458847,0.947548,0.95016,0.95804,-0.214471,1.50706,0.654447,0.420563,1.0637
-0.464633,0.94666,0.952614,0.951302,-0.212388,1.50648,0.667371,0.419768,1.06302
-0.470342,0.945728,0.955082,0.944493,-0.210174,1.50582,0.680289,0.418886,1.06242
-0.475975,0.944755,0.957562,0.937615,-0.207828,1.50507,0.693199,0.417913,1.06189
-0.481532,0.94374,0.960056,0.93067,-0.205345,1.50422,0.706102,0.416845,1.06144
-0.487014,0.942684,0.962562,0.923659,-0.202721,1.50328,0.718995,0.415677,1.06108
-0.492424,0.941588,0.96508,0.916586,-0.199954,1.50224,0.731878,0.414406,1.0608
-0.497761,0.940454,0.96761,0.909453,-0.19704,1.5011,0.744748,0.413026,1.06061
-0.503028,0.939281,0.970152,0.902263,-0.193976,1.49985,0.757605,0.411535,1.06052
-0.508224,0.938071,0.972706,0.895019,-0.190758,1.4985,0.770445,0.409927,1.06052
-0.513351,0.936824,0.975271,0.887725,-0.187382,1.49703,0.783266,0.408198,1.06062
-0.518409,0.935541,0.977846,0.880384,-0.183846,1.49546,0.796065,0.406345,1.06082
-0.5234,0.934221,0.980433,0.873001,-0.180145,1.49376,0.808839,0.404364,1.06112
-0.528325,0.932867,0.98303,0.865579,-0.176277,1.49195,0.821585,0.40225,1.06154
-0.533183,0.931478,0.985638,0.858124,-0.172238,1.49002,0.834298,0.4,1.06206
-0.537976,0.930054,0.988256,0.850641,-0.168025,1.48796,0.846975,0.39761,1.0627
-0.542704,0.928597,0.990885,0.843134,-0.163634,1.48577,0.859611,0.395077,1.06346
-0.547369,0.927106,0.993524,0.835609,-0.159064,1.48345,0.8722,0.392398,1.06434
-0.55197,0.925582,0.996173,0.828073,-0.15431,1.481,0.884738,0.389568,1.06535
-0.556509,0.924025,0.998832,0.820531,-0.14937,1.47841,0.897218,0.386585,1.06648
-0.560986,0.922436,1.0015,0.81299,-0.144243,1.47569,0.909635,0.383447,1.06773
-0.5654,0.920814,1.00418,0.805458,-0.138924,1.47282,0.921983,0.38015,1.06912
-0.569754,0.919161,1.00687,0.797941,-0.133413,1.46981,0.934253,0.376692,1.07065
-0.574047,0.917476,1.00957,0.790447,-0.127708,1.46665,0.946441,0.373072,1.07231
-0.57828,0.915759,1.01227,0.782984,-0.121807,1.46334,0.958536,0.369288,1.0741
-0.582453,0.914012,1.01499,0.77556,-0.115709,1.45989,0.970533,0.365338,1.07604
-0.586566,0.912233,1.01772,0.768184,-0.109414,1.45628,0.982423,0.361221,1.07812
-0.59062,0.910423,1.02045,0.760864,-0.10292,1.45252,0.994197,0.356937,1.08034
-0.594616,0.908582,1.0232,0.753609,-0.0962287,1.44861,1.00585,0.352487,1.08271
-0.598552,0.906711,1.02595,0.746429,-0.08934,1.44455,1.01736,0.347869,1.08522
-0.60243,0.904809,1.02872,0.739332,-0.0822549,1.44033,1.02874,0.343086,1.08787
-0.60625,0.902876,1.03149,0.732328,-0.074975,1.43596,1.03996,0.338139,1.09067
-0.610012,0.900914,1.03427,0.725426,-0.0675022,1.43144,1.05103,0.333029,1.09361
-0.613715,0.898921,1.03707,0.718635,-0.0598389,1.42676,1.06192,0.327758,1.09669
-0.617361,0.896897,1.03987,0.711965,-0.0519884,1.42194,1.07264,0.322331,1.09992
-0.620949,0.894844,1.04268,0.705424,-0.043954,1.41696,1.08316,0.31675,1.10328
-0.624479,0.89276,1.0455,0.699022,-0.03574,1.41184,1.0935,0.31102,1.10678
-0.627952,0.890646,1.04833,0.692767,-0.0273508,1.40657,1.10362,0.305144,1.11042
-0.631366,0.888503,1.05116,0.686667,-0.0187917,1.40117,1.11354,0.299129,1.11419
-0.634723,0.886329,1.05401,0.68073,-0.0100681,1.39562,1.12323,0.29298,1.11809
-0.638021,0.884125,1.05687,0.674964,-0.00118622,1.38994,1.1327,0.286702,1.12211
-0.641262,0.881891,1.05973,0.669374,0.00784755,1.38413,1.14193,0.280302,1.12626
-0.644444,0.879627,1.0626,0.663969,0.0170263,1.3782,1.15092,0.273787,1.13052
-0.647568,0.877333,1.06548,0.658752,0.0263429,1.37214,1.15966,0.267164,1.13489
-0.650634,0.875009,1.06837,0.65373,0.0357899,1.36598,1.16814,0.260441,1.13937
-0.653641,0.872655,1.07127,0.648907,0.0453594,1.3597,1.17637,0.253626,1.14395
-0.656588,0.870271,1.07418,0.644286,0.0550435,1.35331,1.18434,0.246726,1.14862
-0.659477,0.867857,1.0771,0.639871,0.0648341,1.34683,1.19205,0.239749,1.15339
-0.662306,0.865413,1.08002,0.635663,0.074723,1.34026,1.19948,0.232704,1.15824
-0.665075,0.86294,1.08295,0.631664,0.0847021,1.3336,1.20665,0.225598,1.16317
-0.667784,0.860436,1.08589,0.627875,0.094763,1.32686,1.21355,0.218441,1.16817
-0.670432,0.857903,1.08884,0.624296,0.104898,1.32005,1.22018,0.21124,1.17323
-0.67302,0.85534,1.0918,0.620927,0.115098,1.31317,1.22653,0.204002,1.17836
-0.675546,0.852747,1.09476,0.617765,0.125356,1.30623,1.23262,0.196737,1.18353
-0.678011,0.850125,1.09773,0.61481,0.135664,1.29923,1.23844,0.189451,1.18876
-0.680414,0.847474,1.10071,0.612058,0.146015,1.29218,1.244,0.182152,1.19403
-0.682755,0.844793,1.10369,0.609508,0.1564,1.28509,1.24929,0.174847,1.19933
-0.685032,0.842082,1.10669,0.607154,0.166815,1.27797,1.25432,0.167543,1.20467
-0.687247,0.839343,1.10968,0.604994,0.17725,1.27081,1.25909,0.160247,1.21003
-0.689398,0.836575,1.11269,0.603023,0.187701,1.26362,1.26361,0.152964,1.21541
-0.691485,0.833778,1.1157,0.601237,0.198162,1.25642,1.26789,0.145701,1.2208
-0.693508,0.830952,1.11871,0.599629,0.208626,1.2492,1.27192,0.138462,1.22621
-0.695465,0.828098,1.12174,0.598196,0.219088,1.24196,1.27571,0.131255,1.23162
-0.697358,0.825215,1.12476,0.596932,0.229543,1.23472,1.27927,0.124082,1.23704
-0.699185,0.822305,1.1278,0.59583,0.239986,1.22747,1.28259,0.116949,1.24245
-0.700945,0.819367,1.13083,0.594885,0.250414,1.22023,1.2857,0.109859,1.24786
-0.702639,0.816402,1.13387,0.594092,0.260821,1.21299,1.28859,0.102817,1.25326
-0.704267,0.813409,1.13692,0.593444,0.271205,1.20576,1.29126,0.0958264,1.25864
-0.705827,0.810389,1.13997,0.592936,0.281561,1.19854,1.29373,0.0888896,1.26401
-0.707319,0.807343,1.14302,0.59256,0.291887,1.19133,1.296,0.0820098,1.26937
-0.708743,0.804271,1.14608,0.592313,0.30218,1.18415,1.29807,0.0751897,1.2747
-0.710099,0.801172,1.14913,0.592186,0.312436,1.17698,1.29995,0.0684315,1.28001
-0.711386,0.798048,1.15219,0.592176,0.322655,1.16983,1.30165,0.0617372,1.28529
-0.712604,0.794899,1.15526,0.592275,0.332832,1.16272,1.30317,0.0551087,1.29055
-0.713752,0.791725,1.15832,0.592478,0.342968,1.15562,1.30451,0.0485476,1.29578
-0.714831,0.788526,1.16139,0.59278,0.353059,1.14856,1.30569,0.0420551,1.30097
-0.71584,0.785304,1.16445,0.593176,0.363104,1.14153,1.3067,0.0356326,1.30614
-0.716778,0.782057,1.16752,0.593659,0.373102,1.13453,1.30756,0.0292808,1.31127
-0.717646,0.778788,1.17059,0.594225,0.383051,1.12757,1.30826,0.0230008,1.31637
-0.718443,0.775496,1.17365,0.594869,0.392951,1.12064,1.30881,0.016793,1.32143
-0.719169,0.772181,1.17672,0.595586,0.402801,1.11375,1.30922,0.0106581,1.32646
-0.719824,0.768845,1.17978,0.596371,0.412599,1.10689,1.30949,0.00459639,1.33144
-0.720407,0.765487,1.18285,0.59722,0.422345,1.10008,1.30963,-0.00139185,1.33639
-0.720919,0.762108,1.18591,0.598128,0.432039,1.0933,1.30963,-0.00730648,1.34131
-0.721359,0.758708,1.18897,0.599092,0.441679,1.08657,1.30951,-0.0131474,1.34618
-0.721727,0.755289,1.19203,0.600106,0.451266,1.07988,1.30926,-0.0189148,1.35101
-0.722022,0.75185,1.19508,0.601168,0.460799,1.07323,1.30889,-0.0246087,1.35581
-0.722246,0.748392,1.19813,0.602273,0.470277,1.06662,1.30841,-0.0302292,1.36056
-0.722398,0.744916,1.20118,0.603418,0.479701,1.06006,1.30782,-0.0357767,1.36528
-0.722477,0.741421,1.20422,0.604599,0.489071,1.05354,1.30712,-0.0412515,1.36995
-0.722483,0.737909,1.20726,0.605813,0.498385,1.04707,1.30631,-0.046654,1.37459
-0.722418,0.734379,1.2103,0.607057,0.507645,1.04064,1.3054,-0.0519846,1.37918
-0.72228,0.730833,1.21332,0.608328,0.51685,1.03426,1.30439,-0.0572437,1.38374
-0.722069,0.727271,1.21635,0.609623,0.526,1.02792,1.30329,-0.0624318,1.38825
-0.721786,0.723694,1.21937,0.610938,0.535096,1.02163,1.30209,-0.0675495,1.39272
-0.72143,0.720101,1.22238,0.612273,0.544136,1.01539,1.3008,-0.0725973,1.39716
-0.721002,0.716494,1.22538,0.613623,0.553122,1.00919,1.29942,-0.0775757,1.40155
-0.720502,0.712872,1.22838,0.614987,0.562053,1.00304,1.29795,-0.0824855,1.4059
-0.719929,0.709237,1.23137,0.616362,0.57093,0.996932,1.29641,-0.0873271,1.41022
-0.719284,0.705588,1.23435,0.617746,0.579753,0.990873,1.29478,-0.0921012,1.41449
-0.718567,0.701927,1.23733,0.619137,0.588521,0.984862,1.29307,-0.0968085,1.41873
-0.717777,0.698254,1.2403,0.620533,0.597236,0.978897,1.29128,-0.10145,1.42293
-0.716916,0.694569,1.24326,0.621932,0.605896,0.972979,1.28942,-0.106025,1.42708
-0.715983,0.690872,1.24621,0.623333,0.614503,0.967108,1.28749,-0.110535,1.4312
-0.714978,0.687165,1.24915,0.624733,0.623057,0.961284,1.28548,-0.114982,1.43529
-0.713901,0.683447,1.25208,0.626131,0.631557,0.955507,1.28341,-0.119364,1.43933
-0.712753,0.679719,1.255,0.627526,0.640004,0.949777,1.28127,-0.123684,1.44334
-0.711533,0.675982,1.25792,0.628915,0.648399,0.944094,1.27906,-0.127941,1.44731
-0.710242,0.672236,1.26082,0.630298,0.656741,0.938457,1.27678,-0.132136,1.45124
-0.70888,0.668481,1.26371,0.631674,0.66503,0.932868,1.27445,-0.136271,1.45514
-0.707448,0.664718,1.26659,0.633041,0.673267,0.927325,1.27205,-0.140345,1.459
-0.705944,0.660947,1.26946,0.634397,0.681452,0.921829,1.26959,-0.144359,1.46283
-0.70437,0.657168,1.27232,0.635742,0.689585,0.916379,1.26707,-0.148314,1.46662
-0.702725,0.653383,1.27517,0.637075,0.697667,0.910975,1.26449,-0.15221,1.47038
-0.701011,0.64959,1.27801,0.638395,0.705697,0.905618,1.26186,-0.156048,1.4741
-0.699226,0.645792,1.28083,0.639701,0.713676,0.900308,1.25916,-0.159828,1.47778
-0.697371,0.641988,1.28364,0.640992,0.721604,0.895043,1.25642,-0.163552,1.48143
-0.695447,0.638178,1.28644,0.642266,0.729482,0.889824,1.25362,-0.16722,1.48505
-0.693454,0.634363,1.28923,0.643524,0.737308,0.884652,1.25077,-0.170831,1.48864
-0.691391,0.630544,1.29201,0.644765,0.745084,0.879525,1.24787,-0.174388,1.49219
-0.689259,0.62672,1.29477,0.645987,0.75281,0.874443,1.24491,-0.17789,1.49571
-0.687058,0.622891,1.29752,0.647191,0.760486,0.869407,1.24191,-0.181337,1.49919
-0.684789,0.619059,1.30026,0.648375,0.768112,0.864417,1.23885,-0.184731,1.50265
-0.682451,0.615224,1.30298,0.649539,0.775688,0.859472,1.23575,-0.188072,1.50607
-0.680045,0.611386,1.30569,0.650683,0.783215,0.854572,1.2326,-0.191361,1.50946
-0.677571,0.607544,1.30838,0.651806,0.790692,0.849717,1.2294,-0.194597,1.51282
-0.675029,0.6037,1.31107,0.652907,0.798121,0.844907,1.22616,-0.197781,1.51615
-0.672419,0.599854,1.31373,0.653986,0.8055,0.840141,1.22287,-0.200914,1.51944
-0.669742,0.596007,1.31639,0.655043,0.81283,0.835421,1.21954,-0.203996,1.52271
-0.666998,0.592157,1.31903,0.656077,0.820111,0.830744,1.21616,-0.207028,1.52595
-0.664187,0.588306,1.32165,0.657087,0.827344,0.826112,1.21274,-0.21001,1.52915
-0.661308,0.584454,1.32427,0.658075,0.834529,0.821524,1.20927,-0.212943,1.53233
-0.658364,0.580601,1.32686,0.659038,0.841665,0.816981,1.20577,-0.215826,1.53548
-0.655352,0.576747,1.32944,0.659978,0.848753,0.812481,1.20221,-0.218661,1.5386
-0.652275,0.572894,1.33201,0.660893,0.855793,0.808025,1.19862,-0.221447,1.54168
-0.649131,0.56904,1.33456,0.661783,0.862786,0.803613,1.19499,-0.224185,1.54475
-0.645922,0.565186,1.3371,0.662649,0.86973,0.799244,1.19131,-0.226876,1.54778
-0.642646,0.561332,1.33962,0.663489,0.876627,0.794918,1.1876,-0.229519,1.55078
-0.639306,0.557479,1.34213,0.664304,0.883476,0.790636,1.18384,-0.232115,1.55376
-0.635899,0.553627,1.34462,0.665094,0.890278,0.786397,1.18005,-0.234665,1.5567
-0.632428,0.549775,1.34709,0.665858,0.897033,0.782201,1.17621,-0.237168,1.55963
-0.628891,0.545925,1.34955,0.666597,0.903741,0.778048,1.17233,-0.239625,1.56252
-0.62529,0.542076,1.352,0.667309,0.910401,0.773937,1.16842,-0.242037,1.56538
-0.621624,0.538228,1.35443,0.667996,0.917015,0.769869,1.16447,-0.244403,1.56822
-0.617893,0.534383,1.35684,0.668657,0.923581,0.765844,1.16048,-0.246724,1.57104
-0.614097,0.530539,1.35924,0.669291,0.930101,0.761861,1.15645,-0.249,1.57382
-0.610238,0.526697,1.36162,0.669899,0.936575,0.75792,1.15238,-0.251231,1.57658
-0.606314,0.522857,1.36399,0.670481,0.943001,0.754022,1.14827,-0.253418,1.57931
-0.602326,0.519019,1.36633,0.671037,0.949382,0.750165,1.14413,-0.255561,1.58202
-0.598274,0.515184,1.36867,0.671566,0.955716,0.746351,1.13995,-0.25766,1.5847
-0.594158,0.511351,1.37099,0.672069,0.962003,0.742578,1.13573,-0.259715,1.58736
-0.589979,0.507521,1.37329,0.672545,0.968245,0.738846,1.13147,-0.261726,1.58999
-0.585736,0.503694,1.37557,0.672995,0.97444,0.735157,1.12718,-0.263694,1.59259
-0.581429,0.49987,1.37784,0.673418,0.980589,0.731508,1.12285,-0.265619,1.59517
-0.577059,0.496049,1.38009,0.673815,0.986692,0.727902,1.11848,-0.267501,1.59772
-0.572625,0.49223,1.38233,0.674185,0.992749,0.724336,1.11408,-0.26934,1.60025
-0.568128,0.488415,1.38455,0.674529,0.998761,0.720811,1.10964,-0.271136,1.60276
-0.563568,0.484604,1.38675,0.674846,1.00473,0.717328,1.10516,-0.27289,1.60524
-0.558945,0.480795,1.38894,0.675137,1.01065,0.713885,1.10065,-0.274601,1.60769
-0.554259,0.47699,1.39111,0.675402,1.01652,0.710483,1.0961,-0.27627,1.61012
-0.549509,0.473189,1.39327,0.67564,1.02235,0.707122,1.09151,-0.277897,1.61253
-0.544697,0.469391,1.39541,0.675852,1.02813,0.703802,1.08688,-0.279482,1.61491
-0.539821,0.465596,1.39753,0.676038,1.03387,0.700522,1.08222,-0.281025,1.61727
-0.534883,0.461805,1.39964,0.676198,1.03956,0.697282,1.07753,-0.282526,1.6196
-0.529881,0.458018,1.40172,0.676331,1.04521,0.694083,1.07279,-0.283985,1.62191
-0.524816,0.454235,1.4038,0.676439,1.05081,0.690924,1.06802,-0.285402,1.6242
-0.519689,0.450455,1.40585,0.67652,1.05636,0.687805,1.06321,-0.286778,1.62646
-0.514498,0.446679,1.40789,0.676576,1.06187,0.684726,1.05836,-0.288111,1.6287
-0.509245,0.442906,1.40992,0.676605,1.06734,0.681687,1.05348,-0.289404,1.63091
-0.503928,0.439137,1.41193,0.67661,1.07276,0.678689,1.04856,-0.290654,1.6331
-0.498548,0.435372,1.41392,0.676588,1.07813,0.67573,1.0436,-0.291863,1.63527
-0.493105,0.431611,1.41589,0.676541,1.08346,0.67281,1.0386,-0.293031,1.63742
-0.487599,0.427853,1.41785,0.676468,1.08874,0.669931,1.03357,-0.294157,1.63954
-0.482029,0.424099,1.41979,0.676371,1.09398,0.667091,1.0285,-0.295241,1.64164
-0.476396,0.420348,1.42172,0.676247,1.09918,0.66429,1.02339,-0.296284,1.64371
-0.470699,0.416601,1.42363,0.676099,1.10432,0.661529,1.01824,-0.297285,1.64576
-0.464939,0.412857,1.42553,0.675926,1.10943,0.658807,1.01305,-0.298244,1.64779
-0.459115,0.409117,1.4274,0.675728,1.11448,0.656125,1.00783,-0.299161,1.64979
-0.453227,0.40538,1.42927,0.675505,1.1195,0.653482,1.00256,-0.300036,1.65177
-0.447275,0.401646,1.43111,0.675257,1.12446,0.650878,0.997258,-0.30087,1.65373
-0.441259,0.397915,1.43294,0.674985,1.12939,0.648313,0.991914,-0.301661,1.65567
-0.435178,0.394187,1.43476,0.674688,1.13426,0.645787,0.98653,-0.302411,1.65758
-0.429033,0.390462,1.43656,0.674367,1.1391,0.643301,0.981106,-0.303117,1.65946
-0.422823,0.386739,1.43834,0.674022,1.14388,0.640853,0.975641,-0.303782,1.66133
-0.416548,0.383019,1.44011,0.673652,1.14862,0.638444,0.970135,-0.304404,1.66317
-0.410207,0.379302,1.44186,0.673259,1.15332,0.636074,0.964588,-0.304983,1.66499
-0.403801,0.375587,1.44359,0.672842,1.15797,0.633742,0.958999,-0.305519,1.66678
-0.397329,0.371873,1.44532,0.672401,1.16258,0.631449,0.953368,-0.306012,1.66855
-0.390792,0.368162,1.44702,0.671937,1.16714,0.629196,0.947695,-0.306461,1.6703
-0.384187,0.364452,1.44871,0.671449,1.17165,0.62698,0.941978,-0.306867,1.67203
-0.377516,0.360744,1.45039,0.670938,1.17613,0.624803,0.936218,-0.307229,1.67373
-0.370778,0.357037,1.45205,0.670404,1.18055,0.622665,0.930414,-0.307547,1.6754
-0.363973,0.35333,1.4537,0.669847,1.18493,0.620565,0.924566,-0.30782,1.67706
-0.3571,0.349625,1.45533,0.669267,1.18926,0.618504,0.918672,-0.308049,1.67869
-0.350158,0.345919,1.45695,0.668665,1.19355,0.616481,0.912733,-0.308233,1.68029
-0.343148,0.342214,1.45855,0.66804,1.1978,0.614497,0.906748,-0.308371,1.68187
-0.336068,0.338508,1.46014,0.667392,1.202,0.61255,0.900716,-0.308463,1.68343
-0.328919,0.334802,1.46171,0.666722,1.20615,0.610643,0.894637,-0.30851,1.68496
-0.3217,0.331094,1.46328,0.66603,1.21026,0.608773,0.88851,-0.30851,1.68647
-0.31441,0.327386,1.46482,0.665316,1.21432,0.606942,0.882334,-0.308462,1.68796
-0.307049,0.323675,1.46636,0.664581,1.21833,0.605148,0.876108,-0.308368,1.68941
-0.299616,0.319962,1.46788,0.663824,1.2223,0.603393,0.869833,-0.308225,1.69085
-0.292111,0.316246,1.46939,0.663045,1.22623,0.601676,0.863506,-0.308034,1.69226
-0.284532,0.312527,1.47088,0.662245,1.23011,0.599998,0.857128,-0.307794,1.69364
-0.27688,0.308804,1.47237,0.661424,1.23394,0.598357,0.850696,-0.307504,1.695
-0.269153,0.305076,1.47384,0.660582,1.23773,0.596754,0.844212,-0.307164,1.69633
-0.261351,0.301344,1.4753,0.659719,1.24147,0.59519,0.837672,-0.306774,1.69763
-0.253472,0.297606,1.47675,0.658835,1.24517,0.593663,0.831077,-0.306331,1.69891
-0.245517,0.293862,1.47819,0.657931,1.24881,0.592175,0.824426,-0.305837,1.70016
-0.237484,0.290111,1.47961,0.657007,1.25242,0.590724,0.817717,-0.305289,1.70138
-0.229371,0.286352,1.48103,0.656062,1.25598,0.589312,0.810949,-0.304687,1.70258
-0.221179,0.282584,1.48243,0.655098,1.25949,0.587937,0.804121,-0.304031,1.70375
-0.212906,0.278807,1.48383,0.654113,1.26295,0.5866,0.797233,-0.303319,1.70489
-0.204551,0.27502,1.48522,0.653109,1.26637,0.585301,0.790281,-0.30255,1.706
-0.196112,0.271221,1.4866,0.652086,1.26974,0.584041,0.783266,-0.301724,1.70708
-0.187589,0.26741,1.48797,0.651044,1.27307,0.582818,0.776186,-0.300839,1.70813
-0.178981,0.263586,1.48933,0.649982,1.27635,0.581632,0.769039,-0.299894,1.70916
-0.170285,0.259747,1.49069,0.648901,1.27958,0.580485,0.761824,-0.298888,1.71015
-0.1615,0.255893,1.49204,0.647802,1.28277,0.579376,0.754538,-0.297819,1.71111
-0.152625,0.252021,1.49338,0.646684,1.28591,0.578304,0.747181,-0.296687,1.71204
-0.143659,0.24813,1.49472,0.645548,1.289,0.577271,0.739751,-0.295489,1.71293
-0.134599,0.24422,1.49605,0.644394,1.29204,0.576275,0.732245,-0.294224,1.71379
-0.125443,0.240288,1.49739,0.643222,1.29504,0.575317,0.724661,-0.29289,1.71462
-0.11619,0.236332,1.49871,0.642032,1.29799,0.574396,0.716998,-0.291486,1.71541
-0.106837,0.232352,1.50004,0.640824,1.3009,0.573514,0.709253,-0.29001,1.71616
-0.0973833,0.228343,1.50137,0.6396,1.30376,0.572669,0.701424,-0.288459,1.71688
-0.0878251,0.224306,1.5027,0.638358,1.30657,0.571863,0.693508,-0.286831,1.71756
-0.0781603,0.220237,1.50402,0.637099,1.30933,0.571094,0.685502,-0.285124,1.7182
-0.0683863,0.216133,1.50536,0.635823,1.31204,0.570362,0.677403,-0.283335,1.7188
-0.0585003,0.211992,1.50669,0.634531,1.31471,0.569669,0.66921,-0.281462,1.71936
-0.0484992,0.207811,1.50804,0.633222,1.31733,0.569013,0.660917,-0.279501,1.71987
-0.0383797,0.203588,1.50939,0.631898,1.3199,0.568395,0.652522,-0.277449,1.72034
-0.0281383,0.199317,1.51075,0.630557,1.32243,0.567815,0.644021,-0.275303,1.72076
-0.0177713,0.194996,1.51212,0.629201,1.3249,0.567273,0.635411,-0.273058,1.72113
-0.00727462,0.19062,1.5135,0.627829,1.32733,0.566769,0.626686,-0.27071,1.72145
0.00335609,0.186185,1.51491,0.626442,1.32971,0.566302,0.617842,-0.268255,1.72171
0.0141255,0.181686,1.51633,0.62504,1.33204,0.565873,0.608874,-0.265688,1.72192
0.0250388,0.177117,1.51777,0.623624,1.33433,0.565481,0.599778,-0.263003,1.72207
0.0361014,0.172472,1.51924,0.622192,1.33656,0.565128,0.590546,-0.260193,1.72215
0.0473194,0.167744,1.52074,0.620747,1.33875,0.564812,0.581174,-0.257252,1.72217
0.0586991,0.162926,1.52227,0.619287,1.34089,0.564534,0.571654,-0.254172,1.72212
0.0702479,0.158009,1.52383,0.617814,1.34298,0.564293,0.561979,-0.250945,1.72199
0.0819734,0.152984,1.52545,0.616326,1.34502,0.564091,0.55214,-0.24756,1.72178
0.0938842,0.147839,1.52711,0.614826,1.34701,0.563926,0.54213,-0.244008,1.72149
0.10599,0.142563,1.52883,0.613312,1.34895,0.563798,0.531938,-0.240275,1.72109
0.1183,0.13714,1.53061,0.611786,1.35085,0.563708,0.521554,-0.236347,1.7206
0.130828,0.131556,1.53247,0.610247,1.35269,0.563656,0.510966,-0.232208,1.71999
0.143584,0.125791,1.53441,0.608695,1.35449,0.563642,0.500161,-0.22784,1.71927
0.156584,0.119823,1.53645,0.607132,1.35624,0.563665,0.489124,-0.223219,1.7184
0.169843,0.113626,1.53861,0.605556,1.35793,0.563725,0.47784,-0.21832,1.71738
0.183379,0.107169,1.5409,0.603969,1.35958,0.563823,0.466291,-0.213112,1.7162
0.197212,0.100415,1.54335,0.602371,1.36118,0.563959,0.454456,-0.207558,1.71482
0.211364,0.0933176,1.54598,0.600762,1.36273,0.564132,0.442314,-0.20161,1.71321
0.225859,0.0858197,1.54883,0.599142,1.36423,0.564342,0.429839,-0.195213,1.71135
0.240725,0.0778497,1.55195,0.597511,1.36569,0.564589,0.417004,-0.188295,1.70918
0.25599,0.0693148,1.5554,0.59587,1.36709,0.564874,0.403781,-0.180762,1.70665
0.271682,0.0600923,1.55926,0.594219,1.36844,0.565196,0.390139,-0.172492,1.70367
0.287826,0.0500162,1.56365,0.592558,1.36974,0.565555,0.376056,-0.163319,1.70012
0.304431,0.0388533,1.56873,0.590888,1.371,0.565951,0.361521,-0.15301,1.69584
0.321462,0.0262653,1.57475,0.589209,1.3722,0.566384,0.346569,-0.141227,1.69058
0.338765,0.0117437,1.58212,0.587521,1.37336,0.566854,0.331354,-0.12746,1.68395
0.355863,-0.00548638,1.59148,0.585824,1.37446,0.56736,0.316353,-0.110936,1.67528
0.371353,-0.0264949,1.60388,0.584118,1.37552,0.567903,0.302969,-0.0905848,1.66354
0.381583,-0.0518506,1.62045,0.582404,1.37653,0.568483,0.294853,-0.0658371,1.64759
0.381304,-0.0785687,1.64007,0.580682,1.37749,0.569098,0.297254,-0.039678,1.62855
0.371148,-0.101072,1.65859,0.578952,1.3784,0.56975,0.30954,-0.0176852,1.61058
0.356563,-0.118139,1.67406,0.577213,1.37926,0.570438,0.326264,-0.00107888,1.59562
0.340806,-0.131235,1.68691,0.575466,1.38007,0.571162,0.344168,0.0116047,1.58325
0.325056,-0.14167,1.69783,0.573712,1.38083,0.571923,0.362072,0.0216763,1.57277
0.309696,-0.150269,1.70735,0.571949,1.38155,0.572721,0.379595,0.0299617,1.56365
0.294833,-0.157542,1.71582,0.570179,1.38221,0.573554,0.396628,0.0369712,1.55555
0.280478,-0.163817,1.72347,0.568401,1.38282,0.574425,0.413161,0.0430322,1.54823
0.266609,-0.169313,1.73046,0.566616,1.38339,0.575332,0.429215,0.0483648,1.54153
0.253192,-0.174185,1.73691,0.564824,1.3839,0.576276,0.444824,0.053123,1.53533
0.240194,-0.178544,1.74291,0.563025,1.38437,0.577257,0.460022,0.0574183,1.52955
0.227579,-0.182473,1.74853,0.56122,1.38478,0.578274,0.474841,0.0613343,1.52411
0.215319,-0.186036,1.75381,0.559408,1.38514,0.579329,0.489313,0.0649348,1.51898
0.203387,-0.189282,1.7588,0.55759,1.38545,0.58042,0.503463,0.0682699,1.5141
0.191757,-0.192252,1.76354,0.555767,1.38571,0.581548,0.517316,0.0713795,1.50943
0.180409,-0.194978,1.76804,0.553938,1.38592,0.582713,0.530893,0.074296,1.50497
0.169323,-0.197486,1.77233,0.552104,1.38608,0.583915,0.544213,0.0770461,1.50067
0.158482,-0.199798,1.77644,0.550265,1.38619,0.585155,0.557292,0.0796519,1.49653
0.147872,-0.201934,1.78037,0.548422,1.38624,0.586431,0.570147,0.0821321,1.49252
0.137477,-0.203908,1.78414,0.546574,1.38625,0.587743,0.582789,0.0845026,1.48864
0.127287,-0.205734,1.78777,0.544722,1.3862,0.589093,0.595231,0.0867769,1.48486
0.117289,-0.207424,1.79126,0.542867,1.3861,0.59048,0.607484,0.0889669,1.48118
0.107473,-0.208987,1.79462,0.541008,1.38594,0.591904,0.619559,0.0910827,1.47759
0.0978306,-0.210434,1.79787,0.539147,1.38574,0.593365,0.631463,0.0931333,1.47409
0.088353,-0.211771,1.801,0.537282,1.38548,0.594862,0.643205,0.0951267,1.47065
0.0790325,-0.213005,1.80403,0.535415,1.38518,0.596397,0.654792,0.0970699,1.46729
0.0698619,-0.214143,1.80697,0.533546,1.38481,0.597969,0.666232,0.098969,1.46398
0.0608348,-0.215191,1.80981,0.531676,1.3844,0.599577,0.67753,0.10083,1.46074
0.0519452,-0.216152,1.81256,0.529803,1.38393,0.601222,0.688692,0.102657,1.45754
0.0431874,-0.217031,1.81522,0.52793,1.38342,0.602904,0.699723,0.104456,1.45439
0.0345564,-0.217834,1.81781,0.526055,1.38284,0.604623,0.710628,0.106229,1.45129
0.0260472,-0.218562,1.82032,0.524181,1.38222,0.606378,0.721412,0.107982,1.44822
0.0176555,-0.219219,1.82275,0.522306,1.38154,0.608171,0.732079,0.109717,1.4452
0.00937711,-0.21981,1.82512,0.520431,1.38081,0.61,0.742632,0.111438,1.4422
0.00120808,-0.220335,1.82741,0.518556,1.38003,0.611865,0.753076,0.113146,1.43924
-0.0068552,-0.220798,1.82965,0.516682,1.37919,0.613768,0.763413,0.114846,1.43631
-0.0148161,-0.221201,1.83182,0.51481,1.3783,0.615707,0.773647,0.116539,1.4334
-0.022678,-0.221546,1.83392,0.512938,1.37736,0.617682,0.78378,0.118228,1.43051
-0.0304437,-0.221836,1.83597,0.511069,1.37636,0.619694,0.793815,0.119914,1.42765
-0.0381162,-0.222072,1.83797,0.509201,1.37531,0.621743,0.803755,0.1216,1.42481
-0.0456981,-0.222255,1.83991,0.507336,1.37421,0.623828,0.813602,0.123288,1.42199
-0.0531919,-0.222388,1.84179,0.505473,1.37305,0.62595,0.823359,0.124978,1.41918
-0.0606,-0.222472,1.84362,0.503614,1.37184,0.628108,0.833026,0.126673,1.41639
-0.0679248,-0.222507,1.84541,0.501757,1.37057,0.630302,0.842607,0.128374,1.41361
-0.0751683,-0.222497,1.84714,0.499905,1.36925,0.632532,0.852104,0.130082,1.41085
-0.0823326,-0.222441,1.84882,0.498056,1.36788,0.634799,0.861517,0.131799,1.4081
-0.0894196,-0.22234,1.85046,0.496212,1.36645,0.637102,0.870848,0.133526,1.40535
-0.0964312,-0.222197,1.85206,0.494372,1.36497,0.639441,0.880099,0.135264,1.40262
-0.103369,-0.222012,1.85361,0.492537,1.36344,0.641817,0.889272,0.137014,1.3999
-0.110235,-0.221785,1.85511,0.490708,1.36185,0.644228,0.898367,0.138776,1.39718
-0.11703,-0.221518,1.85658,0.488884,1.3602,0.646676,0.907386,0.140553,1.39447
-0.123757,-0.221211,1.858,0.487066,1.35851,0.649159,0.916331,0.142344,1.39176
-0.130415,-0.220866,1.85938,0.485254,1.35675,0.651678,0.925201,0.144152,1.38906
-0.137008,-0.220482,1.86072,0.483449,1.35495,0.654234,0.933999,0.145975,1.38636
-0.143536,-0.220062,1.86203,0.48165,1.35309,0.656825,0.942725,0.147816,1.38367
-0.15,-0.219604,1.86329,0.479859,1.35117,0.659452,0.951381,0.149675,1.38098
-0.156402,-0.219111,1.86452,0.478076,1.3492,0.662115,0.959966,0.151552,1.37829
-0.162743,-0.218582,1.86571,0.4763,1.34717,0.664813,0.968482,0.153449,1.3756
-0.169023,-0.218017,1.86686,0.474533,1.34509,0.667547,0.97693,0.155365,1.37291
-0.175245,-0.217419,1.86798,0.472774,1.34296,0.670317,0.985311,0.157302,1.37022
-0.181408,-0.216786,1.86906,0.471024,1.34077,0.673122,0.993624,0.15926,1.36754
-0.187514,-0.21612,1.87011,0.469283,1.33852,0.675963,1.00187,0.161239,1.36485
-0.193564,-0.215421,1.87112,0.467552,1.33622,0.678839,1.01005,0.163241,1.36216
-0.199559,-0.21469,1.8721,0.46583,1.33387,0.68175,1.01817,0.165265,1.35947
-0.205499,-0.213926,1.87305,0.464119,1.33145,0.684697,1.02622,0.167312,1.35678
-0.211386,-0.21313,1.87396,0.462418,1.32899,0.68768,1.03421,0.169382,1.35408
-0.21722,-0.212303,1.87484,0.460728,1.32647,0.690697,1.04213,0.171476,1.35138
-0.223002,-0.211444,1.87569,0.45905,1.32389,0.69375,1.04999,0.173594,1.34868
-0.228732,-0.210555,1.87651,0.457383,1.32126,0.696838,1.05779,0.175737,1.34597
-0.234412,-0.209635,1.87729,0.455727,1.31857,0.699961,1.06552,0.177905,1.34327
-0.240042,-0.208685,1.87805,0.454084,1.31583,0.703118,1.0732,0.180099,1.34055
-0.245622,-0.207704,1.87877,0.452454,1.31303,0.706311,1.08081,0.182317,1.33783
-0.251154,-0.206694,1.87947,0.450836,1.31017,0.709539,1.08836,0.184562,1.33511
-0.256637,-0.205655,1.88013,0.449232,1.30726,0.712802,1.09585,0.186834,1.33239
-0.262073,-0.204586,1.88077,0.447641,1.30429,0.716099,1.10327,0.189131,1.32965
-0.267462,-0.203488,1.88137,0.446064,1.30127,0.719432,1.11064,0.191456,1.32692
-0.272805,-0.202361,1.88195,0.444501,1.29819,0.722798,1.11794,0.193808,1.32417
-0.278101,-0.201206,1.8825,0.442953,1.29506,0.7262,1.12519,0.196187,1.32142
-0.283353,-0.200022,1.88301,0.44142,1.29187,0.729636,1.13237,0.198594,1.31867
-0.288559,-0.19881,1.8835,0.439902,1.28862,0.733107,1.1395,0.201029,1.31591
-0.29372,-0.19757,1.88397,0.4384,1.28532,0.736612,1.14656,0.203492,1.31314
-0.298838,-0.196302,1.8844,0.436914,1.28196,0.740151,1.15356,0.205983,1.31037
-0.303911,-0.195006,1.88481,0.435444,1.27854,0.743725,1.16051,0.208503,1.30759
-0.308942,-0.193682,1.88518,0.43399,1.27507,0.747333,1.16739,0.211051,1.3048
-0.313929,-0.192331,1.88554,0.432554,1.27154,0.750975,1.17422,0.213629,1.30201
-0.318874,-0.190952,1.88586,0.431135,1.26796,0.754652,1.18098,0.216236,1.29921
-0.323777,-0.189546,1.88616,0.429734,1.26431,0.758362,1.18768,0.218871,1.2964
-0.328638,-0.188113,1.88643,0.428351,1.26062,0.762107,1.19433,0.221537,1.29359
-0.333457,-0.186653,1.88667,0.426987,1.25686,0.765885,1.20091,0.224232,1.29077
-0.338236,-0.185165,1.88688,0.425641,1.25305,0.769697,1.20743,0.226957,1.28794
-0.342973,-0.183651,1.88707,0.424314,1.24918,0.773544,1.2139,0.229711,1.2851
-0.347669,-0.18211,1.88724,0.423008,1.24525,0.777423,1.2203,0.232496,1.28226
-0.352326,-0.180542,1.88738,0.42172,1.24127,0.781337,1.22665,0.235311,1.27941
-0.356942,-0.178947,1.88749,0.420454,1.23723,0.785284,1.23293,0.238156,1.27655
-0.361518,-0.177326,1.88757,0.419207,1.23313,0.789264,1.23915,0.241032,1.27368
-0.366054,-0.175678,1.88763,0.417982,1.22898,0.793278,1.24531,0.243938,1.27081
-0.370551,-0.174003,1.88766,0.416778,1.22477,0.797325,1.25141,0.246875,1.26793
-0.375009,-0.172302,1.88767,0.415596,1.2205,0.801406,1.25745,0.249843,1.26504
-0.379428,-0.170575,1.88765,0.414437,1.21617,0.80552,1.26343,0.252841,1.26215
-0.383808,-0.168821,1.88761,0.413299,1.21179,0.809666,1.26935,0.25587,1.25925
-0.388149,-0.16704,1.88754,0.412185,1.20735,0.813846,1.2752,0.258931,1.25634
-0.392452,-0.165233,1.88744,0.411093,1.20285,0.818059,1.281,0.262022,1.25342
-0.396717,-0.1634,1.88732,0.410026,1.1983,0.822305,1.28673,0.265144,1.25049
-0.400943,-0.16154,1.88718,0.408982,1.19368,0.826583,1.2924,0.268298,1.24756
-0.405131,-0.159654,1.887,0.407963,1.18901,0.830894,1.29801,0.271483,1.24462
-0.409282,-0.157742,1.88681,0.406968,1.18428,0.835237,1.30355,0.274699,1.24168
-0.413394,-0.155803,1.88659,0.405999,1.1795,0.839613,1.30904,0.277946,1.23872
-0.417469,-0.153838,1.88634,0.405055,1.17465,0.844022,1.31445,0.281225,1.23576
-0.421506,-0.151847,1.88607,0.404137,1.16975,0.848462,1.31981,0.284534,1.23279
-0.425506,-0.149829,1.88577,0.403246,1.16479,0.852935,1.3251,0.287876,1.22982
-0.429468,-0.147784,1.88545,0.402381,1.15978,0.85744,1.33033,0.291248,1.22683
-0.433392,-0.145714,1.8851,0.401543,1.1547,0.861976,1.33549,0.294652,1.22385
-0.437279,-0.143616,1.88472,0.400732,1.14957,0.866545,1.34059,0.298087,1.22085
-0.441129,-0.141493,1.88433,0.39995,1.14438,0.871145,1.34562,0.301554,1.21785
-0.444942,-0.139342,1.8839,0.399196,1.13913,0.875776,1.35059,0.305052,1.21484
-0.448717,-0.137166,1.88345,0.39847,1.13382,0.880439,1.35549,0.308581,1.21183
-0.452455,-0.134962,1.88298,0.397774,1.12846,0.885134,1.36032,0.312142,1.20881
-0.456156,-0.132732,1.88248,0.397107,1.12304,0.889859,1.36509,0.315733,1.20578
-0.45982,-0.130475,1.88196,0.396469,1.11756,0.894616,1.36979,0.319356,1.20275
-0.463446,-0.128192,1.88141,0.395862,1.11202,0.899403,1.37442,0.32301,1.19971
-0.467035,-0.125881,1.88084,0.395286,1.10643,0.904222,1.37899,0.326694,1.19666
-0.470586,-0.123544,1.88024,0.39474,1.10077,0.90907,1.38349,0.33041,1.19361
-0.474101,-0.12118,1.87961,0.394226,1.09506,0.91395,1.38791,0.334157,1.19056
-0.477577,-0.118789,1.87896,0.393744,1.08929,0.918859,1.39227,0.337934,1.1875
-0.481016,-0.116371,1.87829,0.393294,1.08347,0.923799,1.39656,0.341742,1.18444
-0.484418,-0.113926,1.87758,0.392876,1.07759,0.928768,1.40078,0.345581,1.18137
-0.487782,-0.111453,1.87686,0.392492,1.07164,0.933768,1.40493,0.349449,1.17829
-0.491108,-0.108953,1.87611,0.39214,1.06564,0.938797,1.40901,0.353349,1.17522
-0.494397,-0.106426,1.87533,0.391823,1.05959,0.943855,1.41301,0.357278,1.17214
-0.497647,-0.103872,1.87453,0.391539,1.05347,0.948943,1.41695,0.361237,1.16905
-0.500859,-0.10129,1.8737,0.39129,1.0473,0.954059,1.42081,0.365226,1.16596
-0.504033,-0.0986805,1.87284,0.391075,1.04108,0.959205,1.4246,0.369245,1.16287
-0.507169,-0.0960433,1.87196,0.390896,1.03479,0.964379,1.42831,0.373293,1.15978
-0.510266,-0.0933784,1.87106,0.390753,1.02845,0.969581,1.43195,0.37737,1.15668
-0.513324,-0.0906856,1.87013,0.390645,1.02205,0.974812,1.43552,0.381477,1.15358
-0.516343,-0.0879649,1.86917,0.390574,1.01559,0.98007,1.43901,0.385612,1.15048
-0.519324,-0.0852162,1.86819,0.390539,1.00908,0.985357,1.44242,0.389776,1.14738
-0.522265,-0.0824393,1.86718,0.390541,1.00251,0.99067,1.44576,0.393968,1.14427
-0.525166,-0.0796342,1.86614,0.390581,0.995886,0.996011,1.44903,0.398189,1.14117
-0.528028,-0.0768009,1.86508,0.390658,0.989204,1.00138,1.45221,0.402437,1.13806
-0.53085,-0.073939,1.86399,0.390773,0.982467,1.00677,1.45532,0.406712,1.13496
-0.533631,-0.0710487,1.86287,0.390926,0.975674,1.01219,1.45834,0.411015,1.13185
-0.536372,-0.0681298,1.86173,0.391118,0.968825,1.01764,1.46129,0.415345,1.12875
-0.539073,-0.0651821,1.86056,0.391349,0.961921,1.02312,1.46416,0.419701,1.12564
-0.541732,-0.0622057,1.85937,0.391619,0.954962,1.02861,1.46695,0.424084,1.12254
-0.54435,-0.0592003,1.85815,0.391929,0.947948,1.03414,1.46966,0.428493,1.11943
-0.546926,-0.0561658,1.8569,0.392278,0.940879,1.03969,1.47229,0.432927,1.11633
-0.549461,-0.0531023,1.85562,0.392667,0.933757,1.04526,1.47483,0.437386,1.11324
-0.551953,-0.0500095,1.85432,0.393097,0.92658,1.05086,1.4773,0.44187,1.11014
-0.554402,-0.0468874,1.85299,0.393567,0.919349,1.05648,1.47968,0.446378,1.10705
-0.556808,-0.0437358,1.85163,0.394077,0.912066,1.06212,1.48197,0.45091,1.10396
-0.559171,-0.0405547,1.85025,0.394629,0.904729,1.06779,1.48418,0.455466,1.10088
-0.561491,-0.037344,1.84884,0.395221,0.89734,1.07348,1.48631,0.460044,1.0978
-0.563766,-0.0341035,1.8474,0.395855,0.889899,1.0792,1.48835,0.464645,1.09473
-0.565996,-0.0308332,1.84593,0.39653,0.882405,1.08493,1.49031,0.469268,1.09166
-0.568181,-0.0275329,1.84443,0.397247,0.874861,1.09069,1.49217,0.473912,1.0886
-0.570321,-0.0242027,1.84291,0.398006,0.867265,1.09647,1.49396,0.478577,1.08554
-0.572415,-0.0208423,1.84136,0.398806,0.859619,1.10227,1.49565,0.483263,1.08249
-0.574463,-0.0174517,1.83977,0.399648,0.851923,1.10809,1.49726,0.487968,1.07945
-0.576464,-0.0140309,1.83817,0.400532,0.844178,1.11393,1.49877,0.492693,1.07642
-0.578417,-0.0105796,1.83653,0.401457,0.836384,1.11979,1.5002,0.497436,1.0734
-0.580322,-0.00709796,1.83486,0.402425,0.828541,1.12567,1.50154,0.502197,1.07039
-0.582179,-0.00358577,1.83317,0.403434,0.820651,1.13157,1.50278,0.506975,1.06739
-0.583987,-4.29888e-05,1.83144,0.404486,0.812713,1.13748,1.50394,0.51177,1.06439
-0.585745,0.00353044,1.82969,0.405579,0.804729,1.14341,1.50501,0.51658,1.06141
-0.587453,0.00713457,1.82791,0.406713,0.796699,1.14936,1.50598,0.521406,1.05844
-0.58911,0.0107695,1.8261,0.407889,0.788624,1.15533,1.50686,0.526246,1.05549
-0.590716,0.0144351,1.82426,0.409107,0.780504,1.16131,1.50765,0.5311,1.05255
-0.59227,0.0181317,1.82239,0.410365,0.772341,1.16731,1.50834,0.535967,1.04962
-0.593771,0.0218591,1.82049,0.411665,0.764135,1.17333,1.50895,0.540846,1.0467
-0.595219,0.0256174,1.81856,0.413005,0.755886,1.17935,1.50945,0.545737,1.0438
-0.596612,0.0294066,1.81661,0.414385,0.747596,1.18539,1.50987,0.550638,1.04092
-0.597951,0.0332267,1.81462,0.415805,0.739265,1.19145,1.51019,0.555548,1.03805
-0.599235,0.0370777,1.8126,0.417265,0.730895,1.19752,1.51041,0.560468,1.0352
-0.600462,0.0409596,1.81055,0.418764,0.722486,1.20359,1.51054,0.565395,1.03237
-0.601633,0.0448724,1.80848,0.420302,0.714038,1.20968,1.51057,0.570329,1.02956
-0.602745,0.048816,1.80637,0.421878,0.705554,1.21579,1.51051,0.57527,1.02677
-0.6038,0.0527904,1.80423,0.423491,0.697034,1.2219,1.51035,0.580215,1.02399
-0.604795,0.0567955,1.80206,0.425142,0.688479,1.22802,1.51009,0.585165,1.02124
-0.60573,0.0608313,1.79986,0.426829,0.67989,1.23415,1.50974,0.590119,1.01851
-0.606604,0.0648976,1.79764,0.428552,0.671268,1.24029,1.50929,0.595074,1.0158
-0.607416,0.0689944,1.79538,0.430309,0.662615,1.24643,1.50875,0.600031,1.01311
-0.608166,0.0731215,1.79309,0.432102,0.65393,1.25258,1.5081,0.604988,1.01045
-0.608852,0.0772788,1.79077,0.433927,0.645216,1.25874,1.50736,0.609945,1.00781
-0.609474,0.0814662,1.78842,0.435786,0.636474,1.2649,1.50653,0.6149,1.0052
-0.610031,0.0856835,1.78604,0.437676,0.627704,1.27107,1.50559,0.619853,1.00261
-0.610521,0.0899304,1.78363,0.439597,0.618908,1.27725,1.50456,0.624801,1.00005
-0.610945,0.0942069,1.78118,0.441548,0.610088,1.28342,1.50344,0.629745,0.997514
-0.611301,0.0985127,1.77871,0.443527,0.601244,1.2896,1.50221,0.634683,0.995007
-0.611587,0.102847,1.77621,0.445535,0.592378,1.29578,1.50089,0.639615,0.992529
-0.611804,0.107211,1.77368,0.447569,0.583491,1.30196,1.49948,0.644538,0.99008
-0.611951,0.111603,1.77112,0.449629,0.574584,1.30814,1.49796,0.649453,0.987661
-0.612025,0.116023,1.76852,0.451713,0.565659,1.31433,1.49635,0.654357,0.985272
-0.612027,0.120472,1.7659,0.45382,0.556718,1.32051,1.49465,0.659251,0.982914
-0.611955,0.124947,1.76325,0.455948,0.547761,1.32669,1.49285,0.664132,0.980589
-0.611808,0.12945,1.76056,0.458098,0.53879,1.33286,1.49095,0.669,0.978295
-0.611586,0.13398,1.75785,0.460266,0.529806,1.33903,1.48896,0.673854,0.976035
-0.611287,0.138536,1.75511,0.462452,0.520811,1.3452,1.48687,0.678693,0.973808
-0.610911,0.143118,1.75234,0.464655,0.511806,1.35137,1.4847,0.683516,0.971616
-0.610456,0.147725,1.74954,0.466872,0.502794,1.35753,1.48242,0.688321,0.969458
-0.609921,0.152357,1.7467,0.469103,0.493774,1.36368,1.48006,0.693108,0.967336
-0.609306,0.157014,1.74385,0.471345,0.484749,1.36982,1.4776,0.697876,0.965249
-0.608609,0.161695,1.74096,0.473598,0.475721,1.37596,1.47505,0.702624,0.963199
-0.60783,0.166399,1.73804,0.47586,0.46669,1.38209,1.47241,0.70735,0.961186
-0.606967,0.171127,1.7351,0.478129,0.457659,1.38821,1.46968,0.712054,0.959211
-0.60602,0.175876,1.73212,0.480403,0.448629,1.39432,1.46686,0.716735,0.957273
-0.604988,0.180647,1.72912,0.482681,0.439601,1.40042,1.46395,0.721392,0.955373
-0.603869,0.185439,1.7261,0.484962,0.430578,1.40651,1.46095,0.726024,0.953513
-0.602663,0.190251,1.72304,0.487243,0.42156,1.41259,1.45786,0.73063,0.951691
-0.601369,0.195083,1.71996,0.489524,0.412549,1.41865,1.45469,0.735209,0.94991
-0.599986,0.199933,1.71685,0.491801,0.403546,1.4247,1.45142,0.73976,0.948168
-0.598513,0.204802,1.71372,0.494075,0.394555,1.43073,1.44808,0.744283,0.946466
-0.596949,0.209688,1.71056,0.496342,0.385575,1.43675,1.44465,0.748777,0.944806
-0.595293,0.214591,1.70738,0.498602,0.376608,1.44276,1.44113,0.753241,0.943186
-0.593545,0.219509,1.70417,0.500852,0.367656,1.44874,1.43753,0.757674,0.941607
-0.591703,0.224443,1.70094,0.503092,0.358721,1.45471,1.43385,0.762076,0.94007
-0.589768,0.229391,1.69768,0.505319,0.349804,1.46067,1.43009,0.766445,0.938575
-0.587737,0.234352,1.6944,0.507531,0.340907,1.4666,1.42625,0.770781,0.937122
-0.585611,0.239325,1.69109,0.509728,0.332031,1.47251,1.42232,0.775084,0.935712
-0.583389,0.24431,1.68777,0.511908,0.323177,1.47841,1.41832,0.779352,0.934343
-0.581069,0.249306,1.68442,0.514068,0.314348,1.48428,1.41424,0.783586,0.933018
-0.578652,0.254311,1.68105,0.516208,0.305545,1.49014,1.41008,0.787784,0.931735
-0.576136,0.259325,1.67766,0.518325,0.296769,1.49597,1.40585,0.791946,0.930495
-0.573521,0.264347,1.67425,0.520419,0.288021,1.50177,1.40154,0.796072,0.929299
-0.570807,0.269376,1.67082,0.522488,0.279304,1.50756,1.39716,0.80016,0.928145
-0.567992,0.274411,1.66737,0.524531,0.270619,1.51332,1.3927,0.804211,0.927035
-0.565077,0.279451,1.6639,0.526546,0.261966,1.51905,1.38817,0.808223,0.925969
-0.56206,0.284494,1.66041,0.528531,0.253348,1.52477,1.38357,0.812197,0.924946
-0.558942,0.289541,1.6569,0.530486,0.244766,1.53045,1.3789,0.816133,0.923966
-0.555722,0.29459,1.65338,0.532408,0.236222,1.53611,1.37415,0.820028,0.92303
-0.552398,0.29964,1.64984,0.534298,0.227716,1.54174,1.36934,0.823884,0.922137
-0.548972,0.304689,1.64629,0.536153,0.21925,1.54734,1.36446,0.8277,0.921288
-0.545442,0.309738,1.64272,0.537973,0.210826,1.55292,1.35951,0.831476,0.920483
-0.541809,0.314785,1.63913,0.539756,0.202445,1.55846,1.35449,0.83521,0.919722
-0.538071,0.319829,1.63554,0.541501,0.194107,1.56398,1.34941,0.838904,0.919004
-0.53423,0.324868,1.63192,0.543207,0.185815,1.56947,1.34426,0.842556,0.918329
-0.530283,0.329903,1.6283,0.544873,0.17757,1.57492,1.33905,0.846167,0.917698
-0.526232,0.334932,1.62466,0.546499,0.169373,1.58035,1.33377,0.849735,0.917111
-0.522075,0.339954,1.62101,0.548083,0.161224,1.58574,1.32843,0.853262,0.916567
-0.517813,0.344968,1.61735,0.549624,0.153126,1.5911,1.32303,0.856746,0.916066
-0.513446,0.349972,1.61368,0.551121,0.14508,1.59643,1.31756,0.860188,0.915609
-0.508973,0.354967,1.61,0.552575,0.137086,1.60172,1.31204,0.863587,0.915195
-0.504395,0.359951,1.60631,0.553983,0.129146,1.60698,1.30645,0.866942,0.914824
-0.49971,0.364924,1.60262,0.555345,0.121261,1.61221,1.30081,0.870255,0.914496
-0.49492,0.369883,1.59891,0.556662,0.113432,1.6174,1.2951,0.873525,0.914212
-0.490024,0.374829,1.5952,0.557931,0.105661,1.62255,1.28933,0.876751,0.91397
-0.485022,0.37976,1.59148,0.559153,0.097947,1.62767,1.28351,0.879933,0.913771
-0.479915,0.384675,1.58775,0.560326,0.0902928,1.63275,1.27763,0.883072,0.913616
-0.474701,0.389574,1.58402,0.561451,0.0826989,1.6378,1.27169,0.886167,0.913502
-0.469381,0.394456,1.58029,0.562527,0.0751663,1.6428,1.26569,0.889218,0.913432
-0.463956,0.399319,1.57655,0.563554,0.0676959,1.64777,1.25964,0.892225,0.913404
-0.458425,0.404163,1.5728,0.564531,0.0602888,1.6527,1.25353,0.895188,0.913419
-0.452788,0.408987,1.56905,0.565457,0.052946,1.65759,1.24737,0.898107,0.913476
-0.447045,0.413791,1.5653,0.566333,0.0456682,1.66244,1.24115,0.900981,0.913575
-0.441197,0.418572,1.56155,0.567159,0.0384565,1.66725,1.23488,0.903811,0.913717
-0.435243,0.423332,1.55779,0.567934,0.0313117,1.67202,1.22855,0.906597,0.913901
-0.429184,0.428068,1.55404,0.568657,0.0242347,1.67675,1.22217,0.909337,0.914127
-0.42302,0.43278,1.55028,0.56933,0.0172263,1.68144,1.21573,0.912034,0.914396
-0.416751,0.437468,1.54653,0.569951,0.0102874,1.68609,1.20924,0.914685,0.914706
-0.410377,0.44213,1.54277,0.57052,0.00341883,1.69069,1.2027,0.917291,0.915059
-0.403899,0.446766,1.53901,0.571038,-0.00337865,1.69525,1.1961,0.919853,0.915453
-0.397315,0.451375,1.53526,0.571505,-0.0101042,1.69977,1.18945,0.92237,0.91589
-0.390627,0.455956,1.53151,0.57192,-0.0167572,1.70425,1.18275,0.924841,0.916368
-0.383835,0.460509,1.52775,0.572284,-0.0233367,1.70868,1.17599,0.927267,0.916889
-0.376939,0.465034,1.52401,0.572596,-0.0298422,1.71306,1.16918,0.929648,0.917451
-0.369939,0.469529,1.52026,0.572858,-0.0362727,1.7174,1.16232,0.931984,0.918056
-0.362835,0.473994,1.51652,0.573068,-0.0426277,1.7217,1.15541,0.934274,0.918702
-0.355627,0.478428,1.51278,0.573227,-0.0489064,1.72595,1.14844,0.936518,0.919391
-0.348315,0.482832,1.50904,0.573335,-0.0551082,1.73015,1.14142,0.938717,0.920121
-0.3409,0.487203,1.50531,0.573393,-0.0612324,1.73431,1.13435,0.940869,0.920894
-0.333382,0.491543,1.50159,0.5734,-0.0672784,1.73842,1.12722,0.942976,0.921709
-0.325761,0.495849,1.49787,0.573357,-0.0732455,1.74249,1.12004,0.945036,0.922566
-0.318036,0.500123,1.49415,0.573265,-0.0791331,1.7465,1.11281,0.94705,0.923465
-0.310209,0.504363,1.49044,0.573122,-0.0849405,1.75047,1.10553,0.949018,0.924407
-0.302278,0.508569,1.48674,0.572931,-0.0906672,1.75439,1.09819,0.950938,0.925392
-0.294245,0.51274,1.48304,0.57269,-0.0963127,1.75826,1.09079,0.952812,0.926419
-0.286108,0.516877,1.47935,0.572401,-0.101876,1.76208,1.08335,0.954639,0.927489
-0.277869,0.520979,1.47566,0.572064,-0.107357,1.76585,1.07585,0.956418,0.928602
-0.269527,0.525045,1.47198,0.571679,-0.112755,1.76958,1.06829,0.95815,0.929758
-0.261083,0.529076,1.46831,0.571246,-0.11807,1.77325,1.06068,0.959834,0.930958
-0.252535,0.53307,1.46465,0.570767,-0.1233,1.77687,1.05301,0.96147,0.932202
-0.243885,0.537029,1.46099,0.570241,-0.128446,1.78044,1.04528,0.963057,0.933489
-0.235131,0.540951,1.45734,0.569669,-0.133507,1.78396,1.0375,0.964595,0.934821
-0.226274,0.544837,1.45369,0.569051,-0.138482,1.78743,1.02966,0.966085,0.936198
-0.217314,0.548686,1.45005,0.568388,-0.14337,1.79085,1.02177,0.967525,0.937619
-0.20825,0.552498,1.44642,0.56768,-0.148173,1.79421,1.01381,0.968914,0.939085
-0.199083,0.556274,1.4428,0.566929,-0.152888,1.79752,1.00579,0.970254,0.940597
-0.189811,0.560012,1.43918,0.566133,-0.157515,1.80078,0.997718,0.971543,0.942155
-0.180435,0.563714,1.43558,0.565295,-0.162055,1.80399,0.98958,0.97278,0.94376
-0.170954,0.56738,1.43197,0.564414,-0.166505,1.80714,0.981381,0.973966,0.945411
-0.161368,0.571008,1.42838,0.563491,-0.170867,1.81023,0.973117,0.975099,0.94711
-0.151677,0.574601,1.42479,0.562527,-0.175139,1.81328,0.96479,0.976179,0.948857
-0.141879,0.578157,1.4212,0.561522,-0.179322,1.81627,0.956397,0.977205,0.950653
-0.131974,0.581677,1.41762,0.560477,-0.183414,1.8192,0.947937,0.978177,0.952498
-0.121962,0.585161,1.41405,0.559392,-0.187415,1.82208,0.939409,0.979094,0.954393
-0.111841,0.588611,1.41048,0.558269,-0.191326,1.8249,0.930812,0.979955,0.956339
-0.101611,0.592025,1.40692,0.557107,-0.195144,1.82767,0.922144,0.980759,0.958336
-0.0912715,0.595406,1.40335,0.555908,-0.198871,1.83038,0.913404,0.981505,0.960386
-0.0808207,0.598752,1.3998,0.554671,-0.202505,1.83303,0.904589,0.982193,0.962489
-0.0702577,0.602066,1.39624,0.553399,-0.206046,1.83563,0.895699,0.98282,0.964647
-0.0595813,0.605348,1.39269,0.552091,-0.209495,1.83817,0.886731,0.983386,0.96686
-0.0487902,0.608599,1.38914,0.550748,-0.212849,1.84065,0.877682,0.98389,0.96913
-0.0378829,0.611819,1.38558,0.549371,-0.21611,1.84308,0.868552,0.98433,0.971458
-0.0268577,0.615011,1.38203,0.54796,-0.219276,1.84545,0.859337,0.984705,0.973845
-0.0157129,0.618175,1.37847,0.546517,-0.222348,1.84776,0.850036,0.985013,0.976293
-0.00444663,0.621312,1.37491,0.545042,-0.225324,1.85001,0.840644,0.985252,0.978803
0.00694334,0.624424,1.37135,0.543536,-0.228205,1.8522,0.831161,0.985421,0.981378
0.0184593,0.627514,1.36777,0.541999,-0.230991,1.85433,0.821581,0.985517,0.984019
0.0301038,0.630582,1.36419,0.540433,-0.23368,1.8564,0.811903,0.985537,0.986728
0.0418796,0.633632,1.3606,0.538838,-0.236273,1.85841,0.802123,0.98548,0.989507
0.0537897,0.636666,1.357,0.537215,-0.238769,1.86036,0.792235,0.985343,0.992359
0.0658376,0.639685,1.35338,0.535564,-0.241167,1.86225,0.782238,0.985122,0.995287
0.0780268,0.642694,1.34974,0.533888,-0.243469,1.86409,0.772125,0.984814,0.998294
0.0903615,0.645697,1.34608,0.532185,-0.245673,1.86586,0.761893,0.984416,1.00138
0.102846,0.648696,1.3424,0.530458,-0.247779,1.86756,0.751536,0.983923,1.00456
0.115485,0.651696,1.33869,0.528708,-0.249786,1.86921,0.741047,0.98333,1.00782
0.128285,0.654702,1.33495,0.526934,-0.251695,1.87079,0.730422,0.982633,1.01118
0.14125,0.65772,1.33117,0.525138,-0.253505,1.87232,0.719652,0.981825,1.01463
0.154388,0.660756,1.32735,0.523321,-0.255216,1.87378,0.708731,0.9809,1.01819
0.167707,0.663818,1.32348,0.521483,-0.256828,1.87518,0.69765,0.97985,1.02186
0.181213,0.666914,1.31956,0.519626,-0.25834,1.87651,0.686401,0.978667,1.02565
0.194917,0.670053,1.31557,0.517751,-0.259753,1.87778,0.674973,0.97734,1.02957
0.208828,0.673247,1.31151,0.515858,-0.261066,1.87899,0.663355,0.975859,1.03362
0.222958,0.676509,1.30737,0.513948,-0.262278,1.88013,0.651535,0.97421,1.03781
0.237319,0.679854,1.30314,0.512023,-0.263391,1.88122,0.639499,0.972377,1.04217
0.251926,0.683301,1.29879,0.510082,-0.264403,1.88223,0.627232,0.970342,1.04669
0.266794,0.686872,1.29432,0.508128,-0.265314,1.88319,0.614717,0.968082,1.05141
0.281943,0.690593,1.28971,0.506162,-0.266125,1.88407,0.601935,0.965572,1.05634
0.297392,0.694497,1.28493,0.504183,-0.266836,1.8849,0.588865,0.962779,1.0615
0.313165,0.698624,1.27994,0.502193,-0.267445,1.88566,0.575482,0.959662,1.06692
0.329287,0.703024,1.27473,0.500194,-0.267955,1.88635,0.561759,0.95617,1.07264
0.345788,0.707764,1.26923,0.498185,-0.268363,1.88698,0.547667,0.952239,1.07871
0.362696,0.712927,1.26339,0.496168,-0.268671,1.88755,0.533175,0.947784,1.08518
0.380045,0.718627,1.25714,0.494145,-0.268878,1.88805,0.518251,0.942691,1.09213
0.39786,0.725019,1.25037,0.492115,-0.268986,1.88849,0.502866,0.936807,1.09966
0.416154,0.73232,1.24296,0.490079,-0.268993,1.88886,0.487007,0.929913,1.1079
0.434901,0.740845,1.23471,0.488039,-0.2689,1.88917,0.470699,0.921695,1.11705
0.453976,0.751059,1.22536,0.485996,-0.268708,1.88941,0.454068,0.911689,1.12735
0.47301,0.763651,1.21457,0.48395,-0.268417,1.88959,0.437481,0.899206,1.13916
0.49107,0.779556,1.20197,0.481901,-0.268028,1.8897,0.421869,0.883312,1.15285
0.50615,0.79961,1.18745,0.47985,-0.26754,1.88975,0.409239,0.86317,1.16852
0.51538,0.823307,1.1719,0.477798,-0.266954,1.88974,0.402462,0.839287,1.18528
0.517459,0.848035,1.15719,0.475744,-0.266271,1.88966,0.402837,0.814276,1.20127
0.514018,0.871256,1.14454,0.473689,-0.265489,1.88952,0.408733,0.790673,1.21526
0.507391,0.892132,1.13397,0.471631,-0.264609,1.88932,0.417818,0.769317,1.22724
0.499124,0.910812,1.12507,0.469573,-0.263629,1.88905,0.428544,0.750057,1.2376
0.490046,0.927672,1.11746,0.467513,-0.262549,1.88872,0.440082,0.732517,1.24675
0.480587,0.943061,1.11082,0.465452,-0.261367,1.88832,0.452001,0.716345,1.25498
0.470975,0.957255,1.10494,0.46339,-0.260082,1.88785,0.464075,0.701267,1.26252
0.461332,0.970462,1.09967,0.46133,-0.258694,1.88732,0.476178,0.687072,1.26952
0.451729,0.982844,1.0949,0.45927,-0.2572,1.88672,0.488241,0.673596,1.2761
0.442202,0.994523,1.09055,0.457212,-0.2556,1.88605,0.500226,0.660717,1.28232
0.432774,1.0056,1.08654,0.455156,-0.253893,1.88531,0.51211,0.648336,1.28827
0.423454,1.01614,1.08284,0.453105,-0.252076,1.8845,0.523881,0.636375,1.29398
0.414248,1.02622,1.07939,0.451059,-0.250149,1.88362,0.535533,0.62477,1.29951
0.405157,1.03588,1.07618,0.449018,-0.248111,1.88266,0.547064,0.61347,1.30487
0.396181,1.04517,1.07318,0.446985,-0.24596,1.88163,0.558474,0.60243,1.31011
0.387316,1.05412,1.07036,0.444961,-0.243694,1.88053,0.569763,0.591613,1.31524
0.378559,1.06276,1.0677,0.442947,-0.241313,1.87935,0.580933,0.580989,1.32027
0.369909,1.07112,1.0652,0.440945,-0.238815,1.87809,0.591986,0.570531,1.32524
0.361359,1.07922,1.06283,0.438957,-0.236198,1.87675,0.602924,0.560215,1.33014
0.352908,1.08708,1.0606,0.436984,-0.23346,1.87533,0.613748,0.55002,1.33499
0.344551,1.09471,1.05848,0.435028,-0.230602,1.87383,0.624461,0.539927,1.33981
0.336284,1.10214,1.05647,0.433091,-0.22762,1.87225,0.635065,0.529922,1.3446
0.328104,1.10936,1.05457,0.431176,-0.224513,1.87058,0.645559,0.519989,1.34937
0.320009,1.11641,1.05276,0.429285,-0.221281,1.86883,0.655946,0.510116,1.35413
0.311994,1.12327,1.05104,0.42742,-0.217921,1.867,0.666227,0.50029,1.35888
0.304056,1.12997,1.04941,0.425583,-0.214432,1.86507,0.676401,0.4905,1.36364
0.296193,1.13651,1.04786,0.423777,-0.210811,1.86305,0.68647,0.480737,1.3684
0.288403,1.14291,1.04639,0.422006,-0.207059,1.86095,0.696432,0.470992,1.37318
0.280682,1.14916,1.04499,0.420271,-0.203173,1.85875,0.706287,0.461256,1.37798
0.273028,1.15527,1.04366,0.418577,-0.199151,1.85646,0.716036,0.451521,1.3828
0.265438,1.16125,1.0424,0.416926,-0.194993,1.85407,0.725676,0.44178,1.38765
0.257912,1.16711,1.0412,0.415322,-0.190696,1.85159,0.735206,0.432027,1.39253
0.250446,1.17284,1.04007,0.413768,-0.186259,1.849,0.744625,0.422255,1.39745
0.243039,1.17846,1.03899,0.41227,-0.18168,1.84632,0.753932,0.412459,1.40241
0.235689,1.18397,1.03798,0.410829,-0.176959,1.84354,0.763122,0.402632,1.40741
0.228393,1.18936,1.03701,0.409452,-0.172093,1.84065,0.772195,0.39277,1.41246
0.221152,1.19465,1.0361,0.408142,-0.167082,1.83766,0.781146,0.382868,1.41756
0.213962,1.19984,1.03525,0.406904,-0.161924,1.83456,0.789974,0.372922,1.42271
0.206823,1.20493,1.03444,0.405743,-0.156617,1.83135,0.798674,0.362927,1.42792
0.199733,1.20992,1.03369,0.404665,-0.151161,1.82804,0.807242,0.352879,1.4332
0.192692,1.21482,1.03298,0.403674,-0.145555,1.82461,0.815674,0.342775,1.43853
0.185696,1.21963,1.03232,0.402778,-0.139798,1.82107,0.823966,0.332612,1.44393
0.178747,1.22434,1.0317,0.401981,-0.133888,1.81742,0.832112,0.322387,1.4494
0.171841,1.22897,1.03113,0.401291,-0.127825,1.81365,0.840108,0.312096,1.45495
0.164979,1.23351,1.0306,0.400714,-0.121609,1.80976,0.847947,0.301738,1.46056
0.15816,1.23797,1.03012,0.400256,-0.11524,1.80576,0.855624,0.29131,1.46625
0.151382,1.24235,1.02967,0.399927,-0.108717,1.80163,0.863131,0.280811,1.47202
0.144645,1.24664,1.02927,0.399732,-0.10204,1.79739,0.870463,0.27024,1.47786
0.137947,1.25086,1.02891,0.399681,-0.0952102,1.79302,0.877612,0.259595,1.48379
0.131289,1.25499,1.02858,0.399781,-0.0882281,1.78854,0.884569,0.248875,1.4898
0.124669,1.25905,1.0283,0.400042,-0.0810948,1.78393,0.891329,0.238082,1.49589
0.118087,1.26304,1.02806,0.400472,-0.0738116,1.77919,0.897881,0.227214,1.50207
0.111542,1.26695,1.02785,0.401081,-0.0663806,1.77434,0.904217,0.216273,1.50834
0.105033,1.27078,1.02768,0.401878,-0.058804,1.76935,0.910328,0.20526,1.51469
0.0985607,1.27455,1.02755,0.402874,-0.0510847,1.76425,0.916205,0.194177,1.52112
0.0921235,1.27824,1.02745,0.404078,-0.0432261,1.75902,0.921838,0.183026,1.52765
0.0857214,1.28186,1.02739,0.405501,-0.0352321,1.75368,0.927217,0.171811,1.53426
0.079354,1.28541,1.02736,0.407154,-0.0271073,1.74821,0.932332,0.160536,1.54095
0.0730208,1.28889,1.02737,0.409047,-0.0188571,1.74262,0.937172,0.149205,1.54773
0.0667216,1.2923,1.02742,0.411191,-0.0104874,1.73692,0.941727,0.137824,1.55458
0.060456,1.29565,1.0275,0.413597,-0.00200493,1.7311,0.945987,0.126398,1.56152
0.0542237,1.29892,1.02761,0.416275,0.0065827,1.72518,0.949941,0.114934,1.56853
0.0480247,1.30213,1.02776,0.419236,0.0152672,1.71914,0.953579,0.103442,1.57562
0.0418586,1.30527,1.02794,0.42249,0.0240393,1.71301,0.956891,0.0919284,1.58277
0.0357254,1.30835,1.02815,0.426047,0.032889,1.70678,0.959868,0.0804038,1.58999
0.029625,1.31136,1.0284,0.429915,0.0418055,1.70046,0.9625,0.0688785,1.59726
0.0235572,1.3143,1.02868,0.434104,0.0507772,1.69405,0.964779,0.0573638,1.60459
0.017522,1.31718,1.02899,0.43862,0.0597915,1.68757,0.966698,0.0458718,1.61196
0.0115195,1.31999,1.02934,0.443471,0.0688353,1.68101,0.968249,0.0344154,1.61937
0.00554959,1.32274,1.02971,0.448662,0.0778949,1.6744,0.969428,0.023008,1.62681
-0.000387552,1.32542,1.03012,0.454197,0.0869559,1.66773,0.970231,0.0116637,1.63427
-0.00629186,1.32804,1.03056,0.460079,0.0960034,1.66102,0.970653,0.000397136,1.64174
-0.0121632,1.33059,1.03104,0.466309,0.105022,1.65427,0.970694,-0.010777,1.64921
-0.0180015,1.33309,1.03154,0.472888,0.113998,1.6475,0.970353,-0.0218435,1.65668
-0.0238064,1.33551,1.03207,0.479813,0.122914,1.64072,0.969633,-0.0327874,1.66413
-0.0295778,1.33788,1.03264,0.487081,0.131755,1.63393,0.968537,-0.0435937,1.67155
-0.0353156,1.34018,1.03324,0.494687,0.140508,1.62715,0.967069,-0.0542479,1.67893
-0.0410193,1.34242,1.03386,0.502623,0.149157,1.62039,0.965236,-0.0647357,1.68627
-0.0466887,1.34459,1.03452,0.510882,0.157689,1.61366,0.963047,-0.0750438,1.69354
-0.0523236,1.34671,1.0352,0.519453,0.166091,1.60697,0.96051,-0.0851594,1.70075
-0.0579236,1.34876,1.03592,0.528326,0.17435,1.60032,0.957638,-0.0950707,1.70788
-0.0634885,1.35075,1.03667,0.537486,0.182456,1.59374,0.954442,-0.104767,1.71492
-0.0690179,1.35268,1.03744,0.546922,0.190398,1.58722,0.950936,-0.114239,1.72186
-0.0745114,1.35455,1.03824,0.556618,0.198169,1.58077,0.947134,-0.123477,1.7287
-0.0799689,1.35636,1.03907,0.566558,0.20576,1.57441,0.943051,-0.132475,1.73543
-0.0853898,1.3581,1.03993,0.576727,0.213166,1.56814,0.938702,-0.141228,1.74205
-0.0907739,1.35979,1.04082,0.587109,0.22038,1.56196,0.934105,-0.149729,1.74854
-0.0961209,1.36142,1.04174,0.597688,0.2274,1.55588,0.929273,-0.157976,1.7549
-0.10143,1.36298,1.04268,0.608446,0.234222,1.54991,0.924225,-0.165966,1.76114
-0.106702,1.36449,1.04365,0.619367,0.240844,1.54404,0.918975,-0.173698,1.76723
-0.111936,1.36595,1.04464,0.630436,0.247267,1.53828,0.91354,-0.181173,1.77319
-0.117132,1.36734,1.04566,0.641637,0.253491,1.53264,0.907935,-0.188389,1.77901
-0.122289,1.36868,1.04671,0.652955,0.259515,1.52712,0.902174,-0.19535,1.78469
-0.127407,1.36995,1.04778,0.664375,0.265343,1.52171,0.896272,-0.202058,1.79023
-0.132486,1.37118,1.04888,0.675883,0.270977,1.51641,0.890243,-0.208515,1.79563
-0.137526,1.37235,1.05,0.687466,0.27642,1.51124,0.8841,-0.214726,1.80088
-0.142526,1.37346,1.05115,0.699112,0.281675,1.50618,0.877855,-0.220693,1.80599
-0.147487,1.37452,1.05232,0.710808,0.286746,1.50124,0.871519,-0.226423,1.81097
-0.152409,1.37552,1.05351,0.722544,0.291638,1.49641,0.865105,-0.231919,1.8158
-0.15729,1.37647,1.05473,0.734309,0.296354,1.49169,0.858621,-0.237186,1.8205
-0.162132,1.37737,1.05596,0.746093,0.300901,1.48709,0.852078,-0.242231,1.82506
-0.166933,1.37822,1.05723,0.757888,0.305281,1.4826,0.845485,-0.247057,1.82949
-0.171694,1.37901,1.05851,0.769685,0.309502,1.47822,0.838849,-0.251672,1.83379
-0.176416,1.37975,1.05981,0.781477,0.313566,1.47394,0.832178,-0.256079,1.83797
-0.181097,1.38045,1.06114,0.793256,0.31748,1.46977,0.82548,-0.260286,1.84201
-0.185738,1.38109,1.06249,0.805016,0.321248,1.4657,0.818761,-0.264297,1.84594
-0.190338,1.38168,1.06385,0.816752,0.324875,1.46173,0.812027,-0.268117,1.84974
-0.194899,1.38223,1.06524,0.828457,0.328366,1.45786,0.805282,-0.271753,1.85342
-0.199419,1.38272,1.06665,0.840126,0.331726,1.45408,0.798533,-0.275209,1.85699
-0.2039,1.38317,1.06807,0.851756,0.334958,1.45039,0.791784,-0.278491,1.86045
-0.20834,1.38357,1.06952,0.863342,0.338069,1.4468,0.785039,-0.281604,1.8638
-0.212741,1.38393,1.07098,0.87488,0.341061,1.4433,0.778301,-0.284552,1.86704
-0.217101,1.38424,1.07247,0.886367,0.34394,1.43988,0.771574,-0.28734,1.87018
-0.221422,1.3845,1.07397,0.897801,0.34671,1.43654,0.764862,-0.289973,1.87321
-0.225704,1.38472,1.07549,0.909178,0.349374,1.43328,0.758166,-0.292456,1.87615
-0.229946,1.3849,1.07703,0.920496,0.351936,1.43011,0.75149,-0.294793,1.87899
-0.234148,1.38503,1.07858,0.931752,0.3544,1.42701,0.744836,-0.296988,1.88173
-0.238311,1.38512,1.08015,0.942946,0.35677,1.42399,0.738206,-0.299045,1.88438
-0.242436,1.38516,1.08174,0.954074,0.359048,1.42104,0.731601,-0.300968,1.88694
-0.246521,1.38516,1.08335,0.965137,0.361239,1.41816,0.725024,-0.302761,1.88942
-0.250567,1.38512,1.08497,0.976131,0.363346,1.41535,0.718476,-0.304427,1.8918
-0.254575,1.38504,1.08661,0.987057,0.365371,1.41261,0.711958,-0.305971,1.89411
-0.258544,1.38492,1.08826,0.997913,0.367317,1.40993,0.705471,-0.307394,1.89633
-0.262475,1.38475,1.08993,1.0087,0.369188,1.40731,0.699016,-0.308701,1.89847
-0.266368,1.38455,1.09162,1.01941,0.370985,1.40476,0.692595,-0.309894,1.90054
-0.270223,1.3843,1.09332,1.03005,0.372713,1.40227,0.686208,-0.310978,1.90253
-0.27404,1.38402,1.09504,1.04062,0.374372,1.39984,0.679856,-0.311953,1.90444
-0.277819,1.3837,1.09677,1.05112,0.375965,1.39747,0.673539,-0.312824,1.90629
-0.281561,1.38334,1.09851,1.06154,0.377496,1.39515,0.667258,-0.313592,1.90806
-0.285265,1.38294,1.10027,1.07189,0.378965,1.39288,0.661013,-0.314261,1.90976
-0.288933,1.3825,1.10205,1.08217,0.380375,1.39067,0.654805,-0.314833,1.9114
-0.292563,1.38202,1.10384,1.09237,0.381728,1.38851,0.648634,-0.31531,1.91297
-0.296157,1.38151,1.10564,1.1025,0.383026,1.3864,0.642501,-0.315694,1.91447
-0.299714,1.38096,1.10746,1.11255,0.38427,1.38435,0.636404,-0.315988,1.91591
-0.303234,1.38037,1.10929,1.12253,0.385464,1.38233,0.630345,-0.316193,1.91729
-0.306719,1.37975,1.11114,1.13243,0.386607,1.38037,0.624324,-0.316312,1.91861
-0.310167,1.37908,1.113,1.14227,0.387702,1.37845,0.61834,-0.316347,1.91987
-0.313579,1.37839,1.11487,1.15202,0.388751,1.37658,0.612394,-0.316298,1.92107
-0.316956,1.37765,1.11676,1.16171,0.389754,1.37475,0.606486,-0.316169,1.92222
-0.320297,1.37689,1.11865,1.17132,0.390714,1.37296,0.600615,-0.315961,1.92331
-0.323602,1.37608,1.12057,1.18086,0.391632,1.37121,0.594782,-0.315675,1.92434
-0.326873,1.37524,1.12249,1.19033,0.392509,1.36951,0.588986,-0.315313,1.92532
-0.330108,1.37437,1.12443,1.19972,0.393346,1.36784,0.583228,-0.314877,1.92625
-0.333308,1.37346,1.12638,1.20904,0.394144,1.36621,0.577507,-0.314367,1.92713
-0.336473,1.37252,1.12835,1.21829,0.394906,1.36462,0.571822,-0.313786,1.92795
-0.339604,1.37154,1.13032,1.22747,0.395631,1.36307,0.566175,-0.313134,1.92873
-0.3427,1.37053,1.13231,1.23658,0.396321,1.36156,0.560564,-0.312414,1.92945
-0.345762,1.36949,1.13431,1.24561,0.396978,1.36008,0.554989,-0.311625,1.93013
-0.34879,1.36841,1.13633,1.25458,0.397601,1.35863,0.549451,-0.31077,1.93076
-0.351784,1.3673,1.13835,1.26348,0.398193,1.35722,0.543949,-0.30985,1.93134
-0.354743,1.36615,1.14039,1.2723,0.398753,1.35584,0.538482,-0.308865,1.93188
-0.357669,1.36497,1.14244,1.28106,0.399284,1.3545,0.533051,-0.307817,1.93238
-0.360562,1.36376,1.14451,1.28975,0.399785,1.35319,0.527655,-0.306706,1.93283
-0.36342,1.36252,1.14658,1.29837,0.400258,1.35191,0.522293,-0.305534,1.93323
-0.366246,1.36124,1.14867,1.30692,0.400703,1.35066,0.516967,-0.304302,1.93359
-0.369038,1.35993,1.15077,1.3154,0.401122,1.34944,0.511675,-0.30301,1.93391
-0.371796,1.35858,1.15288,1.32382,0.401515,1.34825,0.506417,-0.30166,1.93419
-0.374522,1.35721,1.155,1.33217,0.401882,1.34708,0.501192,-0.300251,1.93443
-0.377215,1.3558,1.15714,1.34045,0.402225,1.34595,0.496001,-0.298786,1.93463
-0.379875,1.35436,1.15929,1.34867,0.402543,1.34485,0.490844,-0.297265,1.93479
-0.382502,1.35289,1.16144,1.35682,0.402839,1.34377,0.485719,-0.295688,1.93491
-0.385097,1.35138,1.16361,1.36491,0.403112,1.34272,0.480627,-0.294056,1.93499
-0.387659,1.34985,1.1658,1.37293,0.403363,1.3417,0.475568,-0.292371,1.93503
-0.390189,1.34828,1.16799,1.38089,0.403593,1.3407,0.47054,-0.290632,1.93503
-0.392686,1.34668,1.1702,1.38878,0.403801,1.33973,0.465544,-0.28884,1.935
-0.395151,1.34505,1.17241,1.39661,0.40399,1.33878,0.460579,-0.286997,1.93493
-0.397584,1.34338,1.17464,1.40438,0.404159,1.33786,0.455646,-0.285102,1.93482
-0.399984,1.34169,1.17688,1.41208,0.404309,1.33696,0.450743,-0.283155,1.93468
-0.402353,1.33996,1.17913,1.41972,0.40444,1.33609,0.445871,-0.281159,1.9345
-0.40469,1.3382,1.1814,1.4273,0.404553,1.33524,0.441029,-0.279112,1.93429
-0.406995,1.33641,1.18367,1.43482,0.404648,1.33441,0.436217,-0.277017,1.93404
-0.409268,1.33459,1.18596,1.44227,0.404726,1.3336,0.431435,-0.274872,1.93376
-0.411509,1.33273,1.18826,1.44967,0.404787,1.33282,0.426681,-0.272679,1.93344
-0.413718,1.33085,1.19056,1.457,0.404832,1.33206,0.421957,-0.270438,1.93309
-0.415896,1.32893,1.19289,1.46427,0.404861,1.33132,0.417262,-0.26815,1.93271
-0.418043,1.32698,1.19522,1.47149,0.404875,1.3306,0.412594,-0.265814,1.9323
-0.420157,1.325,1.19756,1.47864,0.404873,1.32991,0.407955,-0.263432,1.93185
-0.422241,1.32299,1.19992,1.48574,0.404857,1.32923,0.403344,-0.261003,1.93137
-0.424292,1.32094,1.20228,1.49277,0.404827,1.32858,0.39876,-0.258528,1.93086
-0.426313,1.31887,1.20466,1.49975,0.404782,1.32794,0.394203,-0.256008,1.93032
-0.428302,1.31676,1.20705,1.50667,0.404724,1.32732,0.389673,-0.253443,1.92974
-0.430259,1.31462,1.20945,1.51353,0.404652,1.32673,0.385169,-0.250832,1.92914
-0.432185,1.31245,1.21187,1.52033,0.404568,1.32615,0.380692,-0.248177,1.9285
-0.43408,1.31025,1.21429,1.52708,0.404471,1.32559,0.376241,-0.245477,1.92784
-0.435944,1.30801,1.21673,1.53377,0.404362,1.32505,0.371815,-0.242734,1.92714
-0.437776,1.30575,1.21918,1.5404,0.404241,1.32453,0.367415,-0.239946,1.92641
-0.439577,1.30345,1.22164,1.54698,0.404108,1.32403,0.363039,-0.237115,1.92566
-0.441347,1.30112,1.22411,1.5535,0.403964,1.32354,0.358689,-0.23424,1.92487
-0.443085,1.29875,1.22659,1.55996,0.403809,1.32307,0.354362,-0.231323,1.92406
-0.444792,1.29636,1.22908,1.56637,0.403643,1.32262,0.35006,-0.228362,1.92321
-0.446468,1.29393,1.23159,1.57273,0.403466,1.32219,0.345782,-0.225358,1.92234
-0.448113,1.29147,1.23411,1.57903,0.40328,1.32177,0.341527,-0.222312,1.92144
-0.449726,1.28898,1.23664,1.58527,0.403083,1.32137,0.337296,-0.219224,1.92051
-0.451308,1.28646,1.23918,1.59146,0.402877,1.32098,0.333087,-0.216093,1.91955
-0.452858,1.2839,1.24174,1.5976,0.402661,1.32062,0.328901,-0.21292,1.91857
-0.454378,1.28131,1.2443,1.60368,0.402436,1.32026,0.324738,-0.209705,1.91756
-0.455865,1.27869,1.24688,1.60971,0.402202,1.31993,0.320596,-0.206448,1.91651
-0.457321,1.27603,1.24947,1.61569,0.401959,1.31961,0.316476,-0.20315,1.91545
-0.458746,1.27334,1.25207,1.62161,0.401708,1.3193,0.312378,-0.19981,1.91435
-0.460139,1.27062,1.25468,1.62748,0.401448,1.31901,0.3083,-0.196428,1.91323
-0.461501,1.26786,1.25731,1.6333,0.401181,1.31873,0.304244,-0.193005,1.91208
-0.462831,1.26508,1.25995,1.63906,0.400905,1.31847,0.300208,-0.18954,1.9109
-0.464129,1.26225,1.2626,1.64478,0.400622,1.31823,0.296192,-0.186034,1.90969
-0.465395,1.2594,1.26526,1.65044,0.400331,1.31799,0.292196,-0.182487,1.90846
-0.46663,1.2565,1.26794,1.65605,0.400033,1.31778,0.288219,-0.178898,1.9072
-0.467832,1.25358,1.27063,1.66161,0.399728,1.31757,0.284262,-0.175268,1.90592
-0.469003,1.25062,1.27333,1.66712,0.399417,1.31738,0.280324,-0.171597,1.90461
-0.470142,1.24763,1.27604,1.67258,0.399098,1.31721,0.276405,-0.167884,1.90327
-0.471248,1.2446,1.27877,1.67798,0.398773,1.31704,0.272504,-0.16413,1.90191
-0.472322,1.24153,1.28151,1.68334,0.398442,1.31689,0.26862,-0.160335,1.90052
-0.473363,1.23843,1.28426,1.68865,0.398105,1.31676,0.264755,-0.156499,1.8991
-0.474372,1.2353,1.28702,1.69391,0.397761,1.31664,0.260907,-0.152621,1.89766
-0.475349,1.23213,1.2898,1.69911,0.397412,1.31653,0.257076,-0.148701,1.8962
-0.476292,1.22892,1.29259,1.70427,0.397058,1.31643,0.253261,-0.144741,1.8947
-0.477203,1.22568,1.29539,1.70938,0.396697,1.31634,0.249463,-0.140738,1.89318
-0.478081,1.2224,1.29821,1.71444,0.396332,1.31627,0.245682,-0.136694,1.89164
-0.478926,1.21909,1.30104,1.71945,0.395961,1.31621,0.241915,-0.132608,1.89007
-0.479737,1.21573,1.30388,1.72441,0.395586,1.31616,0.238164,-0.12848,1.88847
-0.480515,1.21234,1.30674,1.72933,0.395205,1.31613,0.234429,-0.12431,1.88685
-0.481259,1.20892,1.30961,1.73419,0.39482,1.3161,0.230708,-0.120098,1.8852
-0.48197,1.20545,1.3125,1.73901,0.394431,1.31609,0.227001,-0.115844,1.88353
-0.482646,1.20195,1.3154,1.74378,0.394037,1.31609,0.223308,-0.111547,1.88183
-0.483289,1.19841,1.31831,1.7485,0.393639,1.3161,0.219629,-0.107207,1.88011
-0.483897,1.19483,1.32123,1.75317,0.393237,1.31612,0.215963,-0.102825,1.87836
-0.48447,1.19121,1.32418,1.7578,0.392831,1.31616,0.212309,-0.0983996,1.87659
-0.485009,1.18755,1.32713,1.76238,0.392421,1.3162,0.208669,-0.0939309,1.87479
-0.485513,1.18385,1.3301,1.76691,0.392007,1.31626,0.20504,-0.0894187,1.87296
-0.485981,1.18011,1.33308,1.7714,0.39159,1.31633,0.201423,-0.0848627,1.87111
-0.486414,1.17633,1.33608,1.77584,0.391169,1.3164,0.197817,-0.0802627,1.86923
-0.486812,1.17251,1.3391,1.78023,0.390745,1.31649,0.194223,-0.0756184,1.86733
-0.487173,1.16865,1.34212,1.78457,0.390319,1.31659,0.190638,-0.0709295,1.8654
-0.487498,1.16475,1.34517,1.78887,0.389889,1.3167,0.187064,-0.0661957,1.86345
-0.487787,1.1608,1.34823,1.79313,0.389456,1.31682,0.183499,-0.0614168,1.86147
-0.488039,1.15681,1.3513,1.79734,0.38902,1.31695,0.179944,-0.0565922,1.85947
-0.488254,1.15278,1.35439,1.8015,0.388582,1.31709,0.176397,-0.0517218,1.85744
-0.488431,1.1487,1.3575,1.80561,0.388141,1.31724,0.172858,-0.046805,1.85538
-0.488571,1.14458,1.36062,1.80968,0.387698,1.3174,0.169327,-0.0418416,1.8533
-0.488672,1.14042,1.36376,1.81371,0.387252,1.31757,0.165804,-0.0368311,1.85119
-0.488735,1.13621,1.36691,1.81769,0.386804,1.31775,0.162287,-0.031773,1.84906
-0.48876,1.13195,1.37008,1.82162,0.386354,1.31794,0.158777,-0.026667,1.8469
-0.488745,1.12765,1.37327,1.82551,0.385903,1.31814,0.155272,-0.0215125,1.84471
-0.48869,1.1233,1.37647,1.82936,0.385449,1.31835,0.151772,-0.016309,1.8425
-0.488595,1.1189,1.37969,1.83316,0.384994,1.31856,0.148278,-0.011056,1.84026
-0.48846,1.11446,1.38293,1.83691,0.384537,1.31879,0.144787,-0.00575302,1.838
-0.488284,1.10996,1.38619,1.84062,0.384078,1.31903,0.1413,-0.000399401,1.83571
-0.488067,1.10542,1.38946,1.84429,0.383618,1.31927,0.137815,0.00500543,1.83339
-0.487807,1.10082,1.39275,1.84791,0.383157,1.31953,0.134333,0.0104621,1.83104
-0.487505,1.09617,1.39606,1.85149,0.382695,1.31979,0.130853,0.0159713,1.82867
-0.48716,1.09148,1.39939,1.85503,0.382231,1.32006,0.127374,0.0215336,1.82627
-0.486772,1.08672,1.40273,1.85852,0.381767,1.32034,0.123895,0.0271499,1.82384
-0.486339,1.08192,1.4061,1.86196,0.381301,1.32063,0.120415,0.0328208,1.82139
-0.485862,1.07706,1.40948,1.86537,0.380835,1.32093,0.116934,0.0385471,1.81891
-0.485339,1.07214,1.41289,1.86873,0.380368,1.32124,0.113452,0.0443298,1.8164
-0.48477,1.06717,1.41631,1.87204,0.379901,1.32155,0.109967,0.0501695,1.81386
-0.484154,1.06214,1.41975,1.87532,0.379433,1.32187,0.106478,0.0560673,1.81129
-0.483491,1.05705,1.42322,1.87855,0.378964,1.3222,0.102985,0.0620241,1.8087
-0.482779,1.0519,1.4267,1.88173,0.378496,1.32254,0.0994863,0.0680409,1.80607
-0.482018,1.04669,1.43021,1.88488,0.378027,1.32289,0.0959818,0.0741187,1.80342
-0.481207,1.04142,1.43374,1.88798,0.377558,1.32325,0.0924701,0.0802586,1.80074
-0.480345,1.03609,1.43728,1.89103,0.377089,1.32361,0.0889502,0.0864618,1.79803
-0.479431,1.03069,1.44085,1.89405,0.37662,1.32398,0.0854212,0.0927295,1.79528
-0.478464,1.02523,1.44445,1.89702,0.376151,1.32436,0.0818819,0.0990629,1.79251
-0.477444,1.01969,1.44806,1.89995,0.375682,1.32475,0.0783311,0.105463,1.78971
-0.476368,1.01409,1.4517,1.90284,0.375214,1.32514,0.0747677,0.111932,1.78688
-0.475236,1.00842,1.45537,1.90569,0.374747,1.32554,0.0711903,0.118471,1.78401
-0.474046,1.00268,1.45905,1.90849,0.374279,1.32595,0.0675978,0.125082,1.78112
-0.472798,0.996862,1.46277,1.91125,0.373813,1.32637,0.0639885,0.131765,1.77819
-0.471489,0.990969,1.4665,1.91397,0.373347,1.32679,0.0603612,0.138524,1.77523
-0.470119,0.984999,1.47027,1.91664,0.372882,1.32722,0.0567142,0.145359,1.77223
-0.468685,0.97895,1.47406,1.91928,0.372418,1.32766,0.0530458,0.152273,1.7692
-0.467187,0.972818,1.47787,1.92187,0.371954,1.32811,0.0493544,0.159267,1.76614
-0.465622,0.966603,1.48171,1.92442,0.371492,1.32856,0.0456381,0.166345,1.76305
-0.463988,0.960301,1.48559,1.92693,0.371031,1.32902,0.0418949,0.173508,1.75992
-0.462284,0.953911,1.48948,1.9294,0.370571,1.32948,0.0381228,0.180758,1.75675
-0.460507,0.947429,1.49341,1.93183,0.370113,1.32996,0.0343195,0.188098,1.75355
-0.458655,0.940852,1.49737,1.93421,0.369656,1.33044,0.0304826,0.195532,1.75031
-0.456726,0.934178,1.50136,1.93656,0.3692,1.33092,0.0266096,0.203062,1.74704
-0.454717,0.927403,1.50538,1.93886,0.368746,1.33142,0.0226978,0.21069,1.74372
-0.452625,0.920524,1.50944,1.94112,0.368294,1.33192,0.0187443,0.218422,1.74037
-0.450446,0.913538,1.51352,1.94334,0.367843,1.33242,0.0147459,0.226259,1.73698
-0.448179,0.906439,1.51764,1.94552,0.367395,1.33294,0.0106992,0.234207,1.73354
-0.445818,0.899224,1.5218,1.94766,0.366948,1.33345,0.00660058,0.242269,1.73007
-0.443361,0.891888,1.52599,1.94975,0.366503,1.33398,0.00244596,0.25045,1.72655
-0.440802,0.884426,1.53022,1.95181,0.36606,1.33451,-0.00176896,0.258754,1.72299
-0.438138,0.876833,1.53448,1.95383,0.365619,1.33505,-0.00604894,0.267188,1.71939
-0.435362,0.869103,1.53879,1.9558,0.365181,1.33559,-0.0103992,0.275757,1.71574
-0.43247,0.861229,1.54313,1.95774,0.364745,1.33614,-0.0148254,0.284467,1.71204
-0.429455,0.853204,1.54752,1.95963,0.364311,1.3367,-0.0193339,0.293325,1.7083
-0.426311,0.845022,1.55195,1.96148,0.36388,1.33726,-0.0239317,0.302339,1.70451
-0.423029,0.836672,1.55643,1.9633,0.363451,1.33783,-0.0286266,0.311517,1.70066
-0.4196,0.828147,1.56095,1.96507,0.363025,1.33841,-0.0334274,0.320868,1.69677
-0.416016,0.819435,1.56552,1.9668,0.362601,1.33899,-0.0383438,0.330403,1.69282
-0.412265,0.810525,1.57013,1.96849,0.362181,1.33957,-0.0433871,0.340134,1.68882
-0.408334,0.801404,1.5748,1.97014,0.361763,1.34016,-0.0485698,0.350073,1.68476
-0.404209,0.792058,1.57952,1.97176,0.361348,1.34076,-0.0539065,0.360234,1.68064
-0.399873,0.782469,1.5843,1.97333,0.360936,1.34136,-0.0594142,0.370635,1.67646
-0.395306,0.772618,1.58913,1.97486,0.360527,1.34197,-0.0651125,0.381295,1.67222
-0.390486,0.762484,1.59402,1.97635,0.360122,1.34258,-0.0710246,0.392235,1.66792
-0.385384,0.75204,1.59897,1.9778,0.359719,1.3432,-0.0771783,0.403481,1.66355
-0.379968,0.741257,1.60397,1.97922,0.35932,1.34383,-0.0836072,0.415063,1.65912
-0.374195,0.730098,1.60904,1.98059,0.358924,1.34446,-0.0903524,0.427017,1.65462
-0.368015,0.71852,1.61417,1.98192,0.358532,1.34509,-0.0974657,0.439388,1.65005
-0.361362,0.70647,1.61936,1.98321,0.358143,1.34573,-0.105013,0.452227,1.64542
-0.354148,0.693879,1.6246,1.98447,0.357758,1.34638,-0.113081,0.465604,1.64074
-0.346256,0.680661,1.62989,1.98568,0.357376,1.34703,-0.121788,0.479603,1.63601
-0.337521,0.666704,1.63519,1.98686,0.356998,1.34768,-0.131298,0.494338,1.63125
-0.327695,0.651851,1.64046,1.988,0.356624,1.34835,-0.141861,0.509965,1.62651
-0.316382,0.635884,1.64561,1.98909,0.356254,1.34901,-0.153871,0.526702,1.62189
-0.302879,0.618478,1.65043,1.99015,0.355887,1.34968,-0.168032,0.544875,1.61761
-0.285721,0.599165,1.6543,1.99117,0.355524,1.35036,-0.185809,0.564951,1.61426
-0.260988,0.577769,1.65475,1.99215,0.355166,1.35104,-0.211122,0.587105,1.61433
-0.222287,0.566749,1.63788,1.99309,0.354811,1.35172,-0.250365,0.59888,1.63172
-0.200886,0.584558,1.61024,1.994,0.35446,1.35242,-0.272269,0.581821,1.65987
-0.192473,0.604229,1.58981,1.99486,0.354113,1.35311,-0.281147,0.562898,1.6808
-0.188122,0.622251,1.57337,1.99569,0.35377,1.35381,-0.285923,0.545618,1.69774
-0.185639,0.638856,1.55928,1.99647,0.353432,1.35452,-0.288793,0.529752,1.71232
-0.184213,0.654344,1.54677,1.99722,0.353097,1.35523,-0.290568,0.514999,1.72532
-0.183458,0.668935,1.53541,1.99793,0.352766,1.35594,-0.291633,0.501139,1.73717
-0.183163,0.682785,1.52493,1.9986,0.352439,1.35666,-0.2922,0.488015,1.74813
-0.183198,0.696011,1.51517,1.99924,0.352117,1.35738,-0.292399,0.475512,1.75836
-0.183478,0.7087,1.506,1.99983,0.351799,1.35811,-0.292314,0.463542,1.76801
-0.183946,0.720919,1.49732,2.00039,0.351485,1.35885,-0.292003,0.452037,1.77715
-0.184561,0.732723,1.48907,2.00091,0.351175,1.35958,-0.291508,0.440943,1.78586
-0.185291,0.744154,1.4812,2.00139,0.350869,1.36033,-0.290859,0.430217,1.7942
-0.186112,0.755251,1.47365,2.00183,0.350567,1.36107,-0.29008,0.419822,1.80219
-0.187008,0.766041,1.4664,2.00224,0.35027,1.36182,-0.28919,0.409729,1.80989
-0.187964,0.776551,1.45942,2.00261,0.349976,1.36258,-0.288202,0.399912,1.81732
-0.188968,0.786803,1.45268,2.00294,0.349687,1.36334,-0.287128,0.390349,1.8245
-0.19001,0.796816,1.44615,2.00323,0.349403,1.3641,-0.285978,0.381021,1.83146
-0.191084,0.806606,1.43983,2.00348,0.349122,1.36487,-0.28476,0.371912,1.83821
-0.192183,0.816187,1.4337,2.0037,0.348846,1.36565,-0.283479,0.363007,1.84477
-0.1933,0.825573,1.42774,2.00388,0.348574,1.36643,-0.282142,0.354294,1.85116
-0.194432,0.834774,1.42194,2.00403,0.348306,1.36721,-0.280753,0.34576,1.85737
-0.195576,0.843801,1.41629,2.00413,0.348042,1.36799,-0.279316,0.337397,1.86344
-0.196726,0.852663,1.41078,2.0042,0.347783,1.36878,-0.277835,0.329194,1.86935
-0.197881,0.861369,1.40541,2.00423,0.347528,1.36958,-0.276312,0.321143,1.87513
-0.199038,0.869925,1.40016,2.00423,0.347277,1.37038,-0.27475,0.313238,1.88078
-0.200195,0.87834,1.39503,2.00419,0.34703,1.37118,-0.273152,0.30547,1.88631
-0.201349,0.886618,1.39001,2.00411,0.346788,1.37199,-0.271519,0.297834,1.89172
-0.2025,0.894766,1.3851,2.00399,0.34655,1.3728,-0.269853,0.290325,1.89702
-0.203646,0.902788,1.38029,2.00384,0.346316,1.37362,-0.268155,0.282936,1.90221
-0.204784,0.910691,1.37558,2.00365,0.346086,1.37444,-0.266428,0.275663,1.9073
-0.205915,0.918478,1.37096,2.00343,0.345861,1.37526,-0.264672,0.268501,1.91229
-0.207037,0.926154,1.36643,2.00317,0.345639,1.37609,-0.262889,0.261447,1.91719
-0.208149,0.933722,1.36199,2.00287,0.345422,1.37692,-0.261079,0.254496,1.92201
-0.20925,0.941186,1.35763,2.00253,0.345209,1.37776,-0.259244,0.247645,1.92673
-0.21034,0.948549,1.35334,2.00216,0.345,1.3786,-0.257383,0.24089,1.93137
-0.211418,0.955815,1.34913,2.00176,0.344796,1.37945,-0.255499,0.234229,1.93594
-0.212482,0.962987,1.345,2.00131,0.344595,1.3803,-0.253591,0.227657,1.94042
-0.213534,0.970067,1.34093,2.00083,0.344399,1.38115,-0.251661,0.221174,1.94483
-0.214571,0.977058,1.33694,2.00032,0.344207,1.38201,-0.249708,0.214775,1.94917
-0.215595,0.983962,1.333,1.99977,0.344019,1.38287,-0.247734,0.208459,1.95344
-0.216603,0.990782,1.32914,1.99918,0.343835,1.38374,-0.245738,0.202222,1.95764
-0.217596,0.99752,1.32533,1.99856,0.343656,1.38461,-0.243722,0.196064,1.96178
-0.218574,1.00418,1.32158,1.9979,0.34348,1.38548,-0.241685,0.189982,1.96585
-0.219536,1.01076,1.3179,1.9972,0.343309,1.38636,-0.239628,0.183973,1.96986
-0.220482,1.01726,1.31426,1.99647,0.343141,1.38725,-0.237552,0.178037,1.97381
-0.221411,1.02369,1.31069,1.99571,0.342978,1.38813,-0.235456,0.172171,1.9777
-0.222324,1.03005,1.30716,1.9949,0.342819,1.38902,-0.233341,0.166373,1.98153
-0.22322,1.03633,1.30369,1.99407,0.342664,1.38992,-0.231207,0.160643,1.98531
-0.224098,1.04255,1.30027,1.99319,0.342512,1.39082,-0.229055,0.154978,1.98903
-0.22496,1.0487,1.2969,1.99228,0.342365,1.39172,-0.226884,0.149378,1.9927
-0.225804,1.05478,1.29357,1.99134,0.342222,1.39263,-0.224695,0.14384,1.99632
-0.226631,1.06079,1.2903,1.99036,0.342083,1.39354,-0.222488,0.138363,1.99988
-0.22744,1.06675,1.28707,1.98934,0.341948,1.39446,-0.220263,0.132947,2.0034
-0.228231,1.07263,1.28388,1.98829,0.341817,1.39538,-0.21802,0.12759,2.00686
-0.229004,1.07846,1.28074,1.9872,0.34169,1.3963,-0.21576,0.12229,2.01028
-0.229758,1.08423,1.27764,1.98608,0.341567,1.39723,-0.213483,0.117047,2.01365
-0.230495,1.08993,1.27458,1.98492,0.341447,1.39816,-0.211188,0.111861,2.01698
-0.231214,1.09558,1.27156,1.98373,0.341332,1.3991,-0.208876,0.106728,2.02026
-0.231914,1.10117,1.26859,1.9825,0.341221,1.40004,-0.206547,0.10165,2.02349
-0.232595,1.1067,1.26565,1.98124,0.341113,1.40099,-0.204201,0.0966242,2.02668
-0.233258,1.11218,1.26275,1.97994,0.34101,1.40194,-0.201838,0.0916505,2.02983
-0.233903,1.1176,1.25989,1.9786,0.34091,1.40289,-0.199458,0.0867279,2.03294
-0.234528,1.12297,1.25707,1.97723,0.340814,1.40385,-0.197062,0.0818555,2.03601
-0.235136,1.12829,1.25428,1.97582,0.340722,1.40481,-0.194648,0.0770327,2.03903
-0.235724,1.13355,1.25153,1.97438,0.340634,1.40578,-0.192219,0.0722586,2.04202
-0.236293,1.13876,1.24881,1.97291,0.340549,1.40675,-0.189772,0.0675325,2.04496
-0.236844,1.14392,1.24613,1.97139,0.340468,1.40772,-0.18731,0.0628537,2.04787
-0.237375,1.14903,1.24348,1.96985,0.340392,1.4087,-0.18483,0.0582216,2.05074
-0.237888,1.15409,1.24087,1.96826,0.340318,1.40968,-0.182335,0.0536354,2.05357
-0.238382,1.1591,1.23829,1.96664,0.340249,1.41067,-0.179823,0.0490946,2.05636
-0.238856,1.16406,1.23574,1.96499,0.340183,1.41166,-0.177294,0.0445985,2.05912
-0.239312,1.16897,1.23323,1.9633,0.340121,1.41266,-0.174749,0.0401466,2.06184
-0.239748,1.17384,1.23074,1.96158,0.340063,1.41366,-0.172188,0.0357383,2.06452
-0.240165,1.17866,1.22829,1.95982,0.340008,1.41466,-0.169611,0.031373,2.06717
-0.240564,1.18343,1.22586,1.95802,0.339958,1.41567,-0.167017,0.0270503,2.06978
-0.240943,1.18816,1.22347,1.95619,0.33991,1.41669,-0.164407,0.0227696,2.07236
-0.241302,1.19284,1.22111,1.95432,0.339866,1.4177,-0.161781,0.0185304,2.07491
-0.241643,1.19748,1.21877,1.95242,0.339826,1.41873,-0.159139,0.0143323,2.07742
-0.241964,1.20208,1.21647,1.95048,0.33979,1.41975,-0.15648,0.0101748,2.0799
-0.242266,1.20663,1.21419,1.94851,0.339757,1.42078,-0.153805,0.00605745,2.08235
-0.242549,1.21113,1.21194,1.9465,0.339727,1.42182,-0.151114,0.00197984,2.08476
-0.242813,1.2156,1.20972,1.94446,0.339701,1.42286,-0.148406,-0.00205844,2.08714
-0.243057,1.22002,1.20753,1.94238,0.339679,1.4239,-0.145682,-0.00605781,2.08949
-0.243282,1.2244,1.20536,1.94026,0.33966,1.42495,-0.142942,-0.0100186,2.09181
-0.243488,1.22874,1.20322,1.93811,0.339645,1.426,-0.140186,-0.0139413,2.0941
-0.243674,1.23303,1.20111,1.93593,0.339632,1.42706,-0.137413,-0.0178262,2.09635
-0.243841,1.23729,1.19902,1.9337,0.339624,1.42812,-0.134624,-0.0216736,2.09858
-0.243989,1.24151,1.19696,1.93145,0.339619,1.42919,-0.131818,-0.025484,2.10077
-0.244117,1.24568,1.19492,1.92915,0.339617,1.43026,-0.128996,-0.0292575,2.10294
-0.244226,1.24982,1.19291,1.92682,0.339618,1.43134,-0.126158,-0.0329946,2.10507
-0.244315,1.25391,1.19093,1.92446,0.339623,1.43242,-0.123303,-0.0366955,2.10718
-0.244385,1.25797,1.18897,1.92206,0.339631,1.4335,-0.120431,-0.0403606,2.10925
-0.244436,1.26199,1.18703,1.91962,0.339643,1.43459,-0.117543,-0.0439901,2.1113
-0.244467,1.26597,1.18512,1.91715,0.339657,1.43568,-0.114639,-0.0475843,2.11332
-0.244479,1.26991,1.18323,1.91464,0.339675,1.43678,-0.111717,-0.0511435,2.11531
-0.244471,1.27381,1.18137,1.91209,0.339697,1.43789,-0.10878,-0.054668,2.11727
-0.244444,1.27768,1.17952,1.90951,0.339721,1.43899,-0.105825,-0.0581579,2.1192
-0.244397,1.28151,1.17771,1.90689,0.339749,1.44011,-0.102854,-0.0616136,2.12111
-0.244331,1.2853,1.17591,1.90424,0.339779,1.44123,-0.0998658,-0.0650352,2.12298
-0.244246,1.28905,1.17414,1.90155,0.339813,1.44235,-0.0968609,-0.0684231,2.12483
-0.244141,1.29277,1.17239,1.89882,0.33985,1.44348,-0.0938391,-0.0717774,2.12665
-0.244016,1.29645,1.17067,1.89606,0.33989,1.44461,-0.0908004,-0.0750983,2.12845
-0.243872,1.30009,1.16896,1.89326,0.339933,1.44574,-0.0877447,-0.078386,2.13021
-0.243709,1.3037,1.16728,1.89042,0.339979,1.44689,-0.084672,-0.0816408,2.13195
-0.243526,1.30727,1.16562,1.88755,0.340028,1.44803,-0.0815821,-0.0848629,2.13367
-0.243323,1.31081,1.16398,1.88464,0.340081,1.44919,-0.0784751,-0.0880523,2.13535
-0.243101,1.31431,1.16236,1.88169,0.340136,1.45034,-0.0753509,-0.0912094,2.13701
-0.242859,1.31778,1.16077,1.87871,0.340194,1.4515,-0.0722094,-0.0943342,2.13865
-0.242598,1.32121,1.15919,1.87569,0.340254,1.45267,-0.0690505,-0.097427,2.14025
-0.242317,1.32461,1.15764,1.87263,0.340318,1.45384,-0.0658743,-0.100488,2.14184
-0.242017,1.32797,1.15611,1.86954,0.340385,1.45502,-0.0626805,-0.103517,2.14339
-0.241696,1.3313,1.1546,1.86641,0.340454,1.4562,-0.0594692,-0.106514,2.14492
-0.241357,1.33459,1.15311,1.86324,0.340526,1.45739,-0.0562403,-0.109481,2.14642
-0.240997,1.33785,1.15164,1.86003,0.340601,1.45858,-0.0529937,-0.112415,2.1479
-0.240618,1.34108,1.15019,1.85679,0.340679,1.45978,-0.0497294,-0.115319,2.14935
-0.240219,1.34427,1.14876,1.85351,0.340759,1.46098,-0.0464472,-0.118191,2.15078
-0.239801,1.34743,1.14735,1.85019,0.340842,1.46219,-0.043147,-0.121033,2.15218
-0.239362,1.35056,1.14596,1.84683,0.340927,1.46341,-0.0398289,-0.123844,2.15356
-0.238905,1.35365,1.14459,1.84344,0.341015,1.46463,-0.0364927,-0.126624,2.15491
-0.238427,1.35671,1.14324,1.84001,0.341106,1.46585,-0.0331383,-0.129373,2.15623
-0.237929,1.35973,1.14191,1.83654,0.341199,1.46708,-0.0297657,-0.132092,2.15753
-0.237412,1.36273,1.1406,1.83303,0.341295,1.46832,-0.0263748,-0.134781,2.15881
-0.236875,1.36569,1.13931,1.82948,0.341393,1.46956,-0.0229654,-0.137439,2.16006
-0.236318,1.36861,1.13803,1.8259,0.341494,1.4708,-0.0195375,-0.140067,2.16128
-0.235741,1.37151,1.13678,1.82227,0.341596,1.47206,-0.016091,-0.142664,2.16248
-0.235145,1.37437,1.13555,1.81861,0.341702,1.47332,-0.0126257,-0.145232,2.16366
-0.234528,1.3772,1.13433,1.81491,0.341809,1.47458,-0.00914173,-0.14777,2.16481
-0.233892,1.38,1.13313,1.81117,0.341919,1.47585,-0.00563882,-0.150278,2.16594
-0.233235,1.38276,1.13196,1.80739,0.342031,1.47712,-0.0021169,-0.152756,2.16704
-0.232559,1.3855,1.1308,1.80357,0.342145,1.47841,0.00142412,-0.155204,2.16812
-0.231862,1.3882,1.12966,1.79972,0.342262,1.47969,0.00498435,-0.157622,2.16917
-0.231146,1.39087,1.12854,1.79582,0.34238,1.48099,0.0085639,-0.16001,2.1702
-0.23041,1.39351,1.12743,1.79189,0.3425,1.48229,0.0121629,-0.162369,2.1712
-0.229653,1.39612,1.12635,1.78791,0.342623,1.48359,0.0157814,-0.164699,2.17218
-0.228876,1.39869,1.12528,1.7839,0.342747,1.4849,0.0194195,-0.166998,2.17313
-0.22808,1.40123,1.12423,1.77984,0.342874,1.48622,0.0230775,-0.169268,2.17407
-0.227263,1.40375,1.1232,1.77575,0.343002,1.48754,0.0267553,-0.171509,2.17497
-0.226426,1.40623,1.12219,1.77161,0.343132,1.48887,0.0304531,-0.17372,2.17585
-0.225568,1.40868,1.1212,1.76744,0.343264,1.49021,0.0341711,-0.175901,2.17671
-0.224691,1.4111,1.12022,1.76322,0.343397,1.49155,0.0379093,-0.178053,2.17754
-0.223793,1.41348,1.11927,1.75896,0.343532,1.4929,0.0416679,-0.180176,2.17835
-0.222874,1.41584,1.11832,1.75467,0.343669,1.49426,0.045447,-0.182269,2.17914
-0.221936,1.41817,1.1174,1.75033,0.343807,1.49562,0.0492467,-0.184332,2.1799
-0.220977,1.42046,1.1165,1.74595,0.343947,1.49699,0.0530673,-0.186366,2.18063
-0.219997,1.42272,1.11561,1.74153,0.344088,1.49837,0.0569087,-0.188371,2.18134
-0.218997,1.42496,1.11474,1.73707,0.344231,1.49975,0.0607712,-0.190346,2.18203
-0.217977,1.42716,1.11389,1.73256,0.344375,1.50114,0.064655,-0.192291,2.18269
-0.216936,1.42933,1.11305,1.72802,0.34452,1.50253,0.06856,-0.194207,2.18333
-0.215874,1.43147,1.11224,1.72343,0.344666,1.50394,0.0724866,-0.196094,2.18395
-0.214792,1.43358,1.11144,1.7188,0.344813,1.50535,0.0764348,-0.19795,2.18453
-0.213689,1.43566,1.11066,1.71412,0.344962,1.50676,0.0804049,-0.199777,2.1851
-0.212566,1.4377,1.10989,1.70941,0.345111,1.50819,0.0843969,-0.201575,2.18564
-0.211421,1.43972,1.10914,1.70465,0.345262,1.50962,0.088411,-0.203342,2.18615
-0.210256,1.44171,1.10841,1.69985,0.345413,1.51106,0.0924475,-0.20508,2.18665
-0.20907,1.44366,1.1077,1.695,0.345565,1.51251,0.0965064,-0.206788,2.18711
-0.207863,1.44559,1.107,1.69012,0.345718,1.51396,0.100588,-0.208466,2.18755
-0.206636,1.44748,1.10633,1.68518,0.345871,1.51542,0.104692,-0.210114,2.18797
-0.205387,1.44935,1.10566,1.68021,0.346025,1.51689,0.10882,-0.211732,2.18836
-0.204117,1.45118,1.10502,1.67519,0.346179,1.51837,0.11297,-0.21332,2.18873
-0.202826,1.45298,1.10439,1.67012,0.346334,1.51986,0.117144,-0.214878,2.18907
-0.201514,1.45476,1.10378,1.66501,0.346489,1.52135,0.121341,-0.216405,2.18939
-0.20018,1.4565,1.10319,1.65986,0.346644,1.52285,0.125562,-0.217902,2.18968
-0.198826,1.45821,1.10261,1.65466,0.346799,1.52436,0.129808,-0.219369,2.18994
-0.19745,1.45989,1.10206,1.64941,0.346954,1.52588,0.134077,-0.220805,2.19018
-0.196052,1.46154,1.10151,1.64412,0.347109,1.52741,0.13837,-0.22221,2.1904
-0.194634,1.46316,1.10099,1.63879,0.347264,1.52894,0.142688,-0.223584,2.19059
-0.193193,1.46475,1.10048,1.6334,0.347418,1.53049,0.147031,-0.224927,2.19075
-0.191732,1.46631,1.09999,1.62797,0.347572,1.53204,0.151399,-0.22624,2.19089
-0.190248,1.46784,1.09951,1.6225,0.347725,1.5336,0.155792,-0.227521,2.19101
-0.188743,1.46933,1.09906,1.61697,0.347878,1.53517,0.160211,-0.22877,2.19109
-0.187217,1.4708,1.09862,1.6114,0.34803,1.53675,0.164655,-0.229989,2.19115
-0.185668,1.47223,1.09819,1.60578,0.348181,1.53834,0.169125,-0.231175,2.19119
-0.184098,1.47364,1.09779,1.60012,0.348331,1.53994,0.173621,-0.23233,2.1912
-0.182505,1.47501,1.0974,1.5944,0.34848,1.54154,0.178144,-0.233452,2.19118
-0.180891,1.47636,1.09703,1.58864,0.348627,1.54316,0.182693,-0.234543,2.19113
-0.179254,1.47767,1.09667,1.58282,0.348774,1.54479,0.18727,-0.235601,2.19106
-0.177596,1.47895,1.09633,1.57696,0.348918,1.54642,0.191873,-0.236627,2.19096
-0.175915,1.4802,1.09601,1.57105,0.349061,1.54807,0.196504,-0.237619,2.19084
-0.174212,1.48142,1.09571,1.56509,0.349201,1.54973,0.201163,-0.238579,2.19068
-0.172487,1.48261,1.09542,1.55908,0.34934,1.5514,0.205849,-0.239506,2.1905
-0.170739,1.48376,1.09515,1.55301,0.349477,1.55308,0.210564,-0.240399,2.19029
-0.168969,1.48489,1.0949,1.5469,0.349611,1.55476,0.215308,-0.241259,2.19006
-0.167176,1.48598,1.09466,1.54074,0.349742,1.55646,0.22008,-0.242084,2.18979
-0.16536,1.48705,1.09444,1.53452,0.349871,1.55818,0.224882,-0.242876,2.1895
-0.163522,1.48808,1.09424,1.52825,0.349996,1.5599,0.229713,-0.243633,2.18918
-0.161661,1.48908,1.09406,1.52193,0.350119,1.56163,0.234574,-0.244355,2.18883
-0.159777,1.49005,1.09389,1.51555,0.350238,1.56338,0.239465,-0.245043,2.18845
-0.15787,1.49098,1.09374,1.50912,0.350353,1.56513,0.244387,-0.245695,2.18805
-0.15594,1.49189,1.0936,1.50264,0.350465,1.5669,0.249339,-0.246311,2.18761
-0.153986,1.49276,1.09349,1.4961,0.350572,1.56869,0.254323,-0.246892,2.18715
-0.15201,1.4936,1.09339,1.48951,0.350676,1.57048,0.259339,-0.247436,2.18665
-0.15001,1.49441,1.09331,1.48286,0.350774,1.57229,0.264386,-0.247944,2.18612
-0.147987,1.49519,1.09325,1.47616,0.350868,1.57411,0.269466,-0.248415,2.18557
-0.14594,1.49593,1.0932,1.4694,0.350957,1.57594,0.274578,-0.248848,2.18498
-0.143869,1.49664,1.09317,1.46259,0.35104,1.57779,0.279724,-0.249244,2.18436
-0.141775,1.49732,1.09316,1.45571,0.351118,1.57965,0.284903,-0.249602,2.18371
-0.139657,1.49797,1.09317,1.44878,0.351189,1.58152,0.290116,-0.249921,2.18303
-0.137515,1.49859,1.09319,1.44179,0.351255,1.58341,0.295364,-0.250201,2.18232
