x0,y0,z0,x1,y1,z1,x2,y2,z2
-0.999999,0.0005,0,0,0,0,0.999999,-0.0005,0
-0.999924,0.00549986,0,0,0,0,0.999924,-0.00549986,0
-0.999724,0.010499,0,0,0,0,0.999724,-0.010499,0
-0.999399,0.0154969,0,0,0,0,0.999399,-0.0154969,0
-0.998949,0.0204928,0,0,0,0,0.998949,-0.0204928,0
-0.998374,0.0254862,0,0,0,0,0.998374,-0.0254862,0
-0.997673,0.0304763,0,0,0,0,0.997673,-0.0304763,0
-0.996847,0.0354627,0,0,0,0,0.996847,-0.0354627,0
-0.995895,0.0404445,0,0,0,0,0.995895,-0.0404445,0
-0.994818,0.0454213,0,0,0,0,0.994818,-0.0454213,0
-0.993615,0.0503923,0,0,0,0,0.993615,-0.0503923,0
-0.992285,0.0553569,0,0,0,0,0.992285,-0.0553569,0
-0.99083,0.0603144,0,0,0,0,0.99083,-0.0603144,0
-0.989247,0.0652643,0,0,0,0,0.989247,-0.0652643,0
-0.987538,0.0702057,0,0,0,0,0.987538,-0.0702057,0
-0.985702,0.0751382,0,0,0,0,0.985702,-0.0751382,0
-0.983738,0.0800609,0,0,0,0,0.983738,-0.0800609,0
-0.981646,0.0849732,0,0,0,0,0.981646,-0.0849732,0
-0.979426,0.0898744,0,0,0,0,0.979426,-0.0898744,0
-0.977077,0.0947638,0,0,0,0,0.977077,-0.0947638,0
-0.974599,0.0996406,0,0,0,0,0.974599,-0.0996406,0
-0.971991,0.104504,0,0,0,0,0.971991,-0.104504,0
-0.969254,0.109354,0,0,0,0,0.969254,-0.109354,0
-0.966385,0.114189,0,0,0,0,0.966385,-0.114189,0
-0.963386,0.119008,0,0,0,0,0.963386,-0.119008,0
-0.960255,0.123811,0,0,0,0,0.960255,-0.123811,0
-0.956992,0.128597,0,0,0,0,0.956992,-0.128597,0
-0.953596,0.133366,0,0,0,0,0.953596,-0.133366,0
-0.950066,0.138115,0,0,0,0,0.950066,-0.138115,0
-0.946403,0.142845,0,0,0,0,0.946403,-0.142845,0
-0.942604,0.147555,0,0,0,0,0.942604,-0.147555,0
-0.93867,0.152243,0,0,0,0,0.93867,-0.152243,0
-0.934599,0.15691,0,0,0,0,0.934599,-0.15691,0
-0.930391,0.161553,0,0,0,0,0.930391,-0.161553,0
-0.926045,0.166172,0,0,0,0,0.926045,-0.166172,0
-0.921559,0.170767,0,0,0,0,0.921559,-0.170767,0
-0.916934,0.175335,0,0,0,0,0.916934,-0.175335,0
-0.912168,0.179876,0,0,0,0,0.912168,-0.179876,0
-0.90726,0.18439,0,0,0,0,0.90726,-0.18439,0
-0.90221,0.188874,0,0,0,0,0.90221,-0.188874,0
-0.897015,0.193329,0,0,0,0,0.897015,-0.193329,0
-0.891675,0.197752,0,0,0,0,0.891675,-0.197752,0
-0.886189,0.202142,0,0,0,0,0.886189,-0.202142,0
-0.880555,0.206499,0,0,0,0,0.880555,-0.206499,0
-0.874772,0.210821,0,0,0,0,0.874772,-0.210821,0
-0.86884,0.215107,0,0,0,0,0.86884,-0.215107,0
-0.862756,0.219355,0,0,0,0,0.862756,-0.219355,0
-0.856519,0.223565,0,0,0,0,0.856519,-0.223565,0
-0.850128,0.227734,0,0,0,0,0.850128,-0.227734,0
-0.84358,0.231861,0,0,0,0,0.84358,-0.231861,0
-0.836876,0.235946,0,0,0,0,0.836876,-0.235946,0
-0.830012,0.239985,0,0,0,0,0.830012,-0.239985,0
-0.822987,0.243978,0,0,0,0,0.822987,-0.243978,0
-0.8158,0.247922,0,0,0,0,0.8158,-0.247922,0
-0.808448,0.251817,0,0,0,0,0.808448,-0.251817,0
-0.80093,0.255659,0,0,0,0,0.80093,-0.255659,0
-0.793243,0.259448,0,0,0,0,0.793243,-0.259448,0
-0.785386,0.263181,0,0,0,0,0.785386,-0.263181,0
-0.777356,0.266856,0,0,0,0,0.777356,-0.266856,0
-0.769151,0.270472,0,0,0,0,0.769151,-0.270472,0
-0.760768,0.274024,0,0,0,0,0.760768,-0.274024,0
-0.752206,0.277512,0,0,0,0,0.752206,-0.277512,0
-0.743461,0.280933,0,0,0,0,0.743461,-0.280933,0
-0.734531,0.284284,0,0,0,0,0.734531,-0.284284,0
-0.725413,0.287561,0,0,0,0,0.725413,-0.287561,0
-0.716104,0.290764,0,0,0,0,0.716104,-0.290764,0
-0.706602,0.293887,0,0,0,0,0.706602,-0.293887,0
-0.696902,0.296929,0,0,0,0,0.696902,-0.296929,0
-0.687002,0.299885,0,0,0,0,0.687002,-0.299885,0
-0.676898,0.302752,0,0,0,0,0.676898,-0.302752,0
-0.666586,0.305526,0,0,0,0,0.666586,-0.305526,0
-0.656063,0.308204,0,0,0,0,0.656063,-0.308204,0
-0.645325,0.31078,0,0,0,0,0.645325,-0.31078,0
-0.634367,0.31325,0,0,0,0,0.634367,-0.31325,0
-0.623186,0.31561,0,0,0,0,0.623186,-0.31561,0
-0.611775,0.317854,0,0,0,0,0.611775,-0.317854,0
-0.600132,0.319977,0,0,0,0,0.600132,-0.319977,0
-0.58825,0.321973,0,0,0,0,0.58825,-0.321973,0
-0.576124,0.323835,0,0,0,0,0.576124,-0.323835,0
-0.563748,0.325557,0,0,0,0,0.563748,-0.325557,0
-0.551117,0.327131,0,0,0,0,0.551117,-0.327131,0
-0.538225,0.32855,0,0,0,0,0.538225,-0.32855,0
-0.525064,0.329805,0,0,0,0,0.525064,-0.329805,0
-0.511627,0.330887,0,0,0,0,0.511627,-0.330887,0
-0.497908,0.331786,0,0,0,0,0.497908,-0.331786,0
-0.483898,0.332492,0,0,0,0,0.483898,-0.332492,0
-0.46959,0.332992,0,0,0,0,0.46959,-0.332992,0
-0.454973,0.333274,0,0,0,0,0.454973,-0.333274,0
-0.44004,0.333323,0,0,0,0,0.44004,-0.333323,0
-0.424779,0.333125,0,0,0,0,0.424779,-0.333125,0
-0.409181,0.332661,0,0,0,0,0.409181,-0.332661,0
-0.393234,0.331914,0,0,0,0,0.393234,-0.331914,0
-0.376927,0.330863,0,0,0,0,0.376927,-0.330863,0
-0.360245,0.329483,0,0,0,0,0.360245,-0.329483,0
-0.343177,0.327749,0,0,0,0,0.343177,-0.327749,0
-0.325707,0.325632,0,0,0,0,0.325707,-0.325632,0
-0.307821,0.323097,0,0,0,0,0.307821,-0.323097,0
-0.289501,0.320107,0,0,0,0,0.289501,-0.320107,0
-0.270731,0.31662,0,0,0,0,0.270731,-0.31662,0
-0.251493,0.312584,0,0,0,0,0.251493,-0.312584,0
-0.231768,0.307942,0,0,0,0,0.231768,-0.307942,0
-0.211537,0.302627,0,0,0,0,0.211537,-0.302627,0
-0.190781,0.296559,0,0,0,0,0.190781,-0.296559,0
-0.169481,0.289644,0,0,0,0,0.169481,-0.289644,0
-0.147621,0.28177,0,0,0,0,0.147621,-0.28177,0
-0.125189,0.272798,0,0,0,0,0.125189,-0.272798,0
-0.102178,0.262563,0,0,0,0,0.102178,-0.262563,0
-0.0785984,0.250855,0,0,0,0,0.0785984,-0.250855,0
-0.0544811,0.237416,0,0,0,0,0.0544811,-0.237416,0
-0.0298981,0.221916,0,0,0,0,0.0298981,-0.221916,0
-0.00499217,0.203936,0,0,0,0,0.00499217,-0.203936,0
0.0199699,0.182941,0,0,0,0,-0.0199699,-0.182941,0
0.0445007,0.158268,0,0,0,0,-0.0445007,-0.158268,0
0.0677282,0.129143,0,0,0,0,-0.0677282,-0.129143,0
0.0881523,0.0948521,0,0,0,0,-0.0881523,-0.0948521,0
0.103446,0.0552187,0,0,0,0,-0.103446,-0.0552187,0
0.110794,0.0114849,0,0,0,0,-0.110794,-0.0114849,0
0.10836,-0.0332286,0,0,0,0,-0.10836,0.0332286,0
0.0967949,-0.0752365,0,0,0,0,-0.0967949,0.0752365,0
0.0786578,-0.112303,0,0,0,0,-0.0786578,0.112303,0
0.0566322,-0.143998,0,0,0,0,-0.0566322,0.143998,0
0.032632,-0.17085,0,0,0,0,-0.032632,0.17085,0
0.00781624,-0.193637,0,0,0,0,-0.00781624,0.193637,0
-0.0171571,-0.213087,0,0,0,0,0.0171571,0.213087,0
-0.0419241,-0.229801,0,0,0,0,0.0419241,0.229801,0
-0.0662874,-0.244252,0,0,0,0,0.0662874,0.244252,0
-0.0901438,-0.256814,0,0,0,0,0.0901438,0.256814,0
-0.113444,-0.267778,0,0,0,0,0.113444,0.267778,0
-0.136169,-0.277378,0,0,0,0,0.136169,0.277378,0
-0.158317,-0.2858,0,0,0,0,0.158317,0.2858,0
-0.179899,-0.293195,0,0,0,0,0.179899,0.293195,0
-0.200929,-0.299688,0,0,0,0,0.200929,0.299688,0
-0.221423,-0.305382,0,0,0,0,0.221423,0.305382,0
-0.241403,-0.310364,0,0,0,0,0.241403,0.310364,0
-0.260886,-0.314707,0,0,0,0,0.260886,0.314707,0
-0.279891,-0.318473,0,0,0,0,0.279891,0.318473,0
-0.298437,-0.321716,0,0,0,0,0.298437,0.321716,0
-0.316542,-0.324483,0,0,0,0,0.316542,0.324483,0
-0.334222,-0.326814,0,0,0,0,0.334222,0.326814,0
-0.351492,-0.328744,0,0,0,0,0.351492,0.328744,0
-0.368369,-0.330306,0,0,0,0,0.368369,0.330306,0
-0.384865,-0.331527,0,0,0,0,0.384865,0.331527,0
-0.400994,-0.332431,0,0,0,0,0.400994,0.332431,0
-0.416769,-0.333041,0,0,0,0,0.416769,0.333041,0
-0.4322,-0.333377,0,0,0,0,0.4322,0.333377,0
-0.447299,-0.333456,0,0,0,0,0.447299,0.333456,0
-0.462076,-0.333295,0,0,0,0,0.462076,0.333295,0
-0.476541,-0.332909,0,0,0,0,0.476541,0.332909,0
-0.490702,-0.332311,0,0,0,0,0.490702,0.332311,0
-0.504569,-0.331513,0,0,0,0,0.504569,0.331513,0
-0.518149,-0.330527,0,0,0,0,0.518149,0.330527,0
-0.53145,-0.329363,0,0,0,0,0.53145,0.329363,0
-0.544479,-0.32803,0,0,0,0,0.544479,0.32803,0
-0.557243,-0.326538,0,0,0,0,0.557243,0.326538,0
-0.569748,-0.324894,0,0,0,0,0.569748,0.324894,0
-0.582001,-0.323106,0,0,0,0,0.582001,0.323106,0
-0.594008,-0.321181,0,0,0,0,0.594008,0.321181,0
-0.605773,-0.319125,0,0,0,0,0.605773,0.319125,0
-0.617303,-0.316946,0,0,0,0,0.617303,0.316946,0
-0.628601,-0.314647,0,0,0,0,0.628601,0.314647,0
-0.639673,-0.312236,0,0,0,0,0.639673,0.312236,0
-0.650524,-0.309716,0,0,0,0,0.650524,0.309716,0
-0.661157,-0.307093,0,0,0,0,0.661157,0.307093,0
-0.671576,-0.30437,0,0,0,0,0.671576,0.30437,0
-0.681786,-0.301553,0,0,0,0,0.681786,0.301553,0
-0.691791,-0.298645,0,0,0,0,0.691791,0.298645,0
-0.701593,-0.295649,0,0,0,0,0.701593,0.295649,0
-0.711197,-0.29257,0,0,0,0,0.711197,0.29257,0
-0.720605,-0.28941,0,0,0,0,0.720605,0.28941,0
-0.729821,-0.286173,0,0,0,0,0.729821,0.286173,0
-0.738847,-0.282862,0,0,0,0,0.738847,0.282862,0
-0.747687,-0.279479,0,0,0,0,0.747687,0.279479,0
-0.756343,-0.276028,0,0,0,0,0.756343,0.276028,0
-0.764818,-0.27251,0,0,0,0,0.764818,0.27251,0
-0.773115,-0.268929,0,0,0,0,0.773115,0.268929,0
-0.781235,-0.265286,0,0,0,0,0.781235,0.265286,0
-0.789181,-0.261585,0,0,0,0,0.789181,0.261585,0
-0.796956,-0.257826,0,0,0,0,0.796956,0.257826,0
-0.804561,-0.254013,0,0,0,0,0.804561,0.254013,0
-0.811998,-0.250147,0,0,0,0,0.811998,0.250147,0
-0.819271,-0.24623,0,0,0,0,0.819271,0.24623,0
-0.826379,-0.242263,0,0,0,0,0.826379,0.242263,0
-0.833326,-0.238249,0,0,0,0,0.833326,0.238249,0
-0.840113,-0.23419,0,0,0,0,0.840113,0.23419,0
-0.846741,-0.230086,0,0,0,0,0.846741,0.230086,0
-0.853213,-0.22594,0,0,0,0,0.853213,0.22594,0
-0.85953,-0.221753,0,0,0,0,0.85953,0.221753,0
-0.865693,-0.217526,0,0,0,0,0.865693,0.217526,0
-0.871704,-0.213261,0,0,0,0,0.871704,0.213261,0
-0.877564,-0.208959,0,0,0,0,0.877564,0.208959,0
-0.883274,-0.204621,0,0,0,0,0.883274,0.204621,0
-0.888837,-0.200249,0,0,0,0,0.888837,0.200249,0
-0.894253,-0.195844,0,0,0,0,0.894253,0.195844,0
-0.899523,-0.191407,0,0,0,0,0.899523,0.191407,0
-0.904648,-0.186939,0,0,0,0,0.904648,0.186939,0
-0.90963,-0.182442,0,0,0,0,0.90963,0.182442,0
-0.91447,-0.177916,0,0,0,0,0.91447,0.177916,0
-0.919168,-0.173362,0,0,0,0,0.919168,0.173362,0
-0.923725,-0.168783,0,0,0,0,0.923725,0.168783,0
-0.928144,-0.164177,0,0,0,0,0.928144,0.164177,0
-0.932424,-0.159547,0,0,0,0,0.932424,0.159547,0
-0.936566,-0.154894,0,0,0,0,0.936566,0.154894,0
-0.940571,-0.150218,0,0,0,0,0.940571,0.150218,0
-0.94444,-0.14552,0,0,0,0,0.94444,0.14552,0
-0.948174,-0.140801,0,0,0,0,0.948174,0.140801,0
-0.951773,-0.136062,0,0,0,0,0.951773,0.136062,0
-0.955239,-0.131304,0,0,0,0,0.955239,0.131304,0
-0.958571,-0.126528,0,0,0,0,0.958571,0.126528,0
-0.961771,-0.121735,0,0,0,0,0.961771,0.121735,0
-0.964838,-0.116924,0,0,0,0,0.964838,0.116924,0
-0.967775,-0.112098,0,0,0,0,0.967775,0.112098,0
-0.97058,-0.107257,0,0,0,0,0.97058,0.107257,0
-0.973255,-0.102401,0,0,0,0,0.973255,0.102401,0
-0.975801,-0.0975314,0,0,0,0,0.975801,0.0975314,0
-0.978217,-0.092649,0,0,0,0,0.978217,0.092649,0
-0.980504,-0.0877544,0,0,0,0,0.980504,0.0877544,0
-0.982663,-0.0828483,0,0,0,0,0.982663,0.0828483,0
-0.984693,-0.0779314,0,0,0,0,0.984693,0.0779314,0
-0.986596,-0.0730044,0,0,0,0,0.986596,0.0730044,0
-0.988372,-0.068068,0,0,0,0,0.988372,0.068068,0
-0.99002,-0.0631228,0,0,0,0,0.99002,0.0631228,0
-0.991542,-0.0581695,0,0,0,0,0.991542,0.0581695,0
-0.992937,-0.0532088,0,0,0,0,0.992937,0.0532088,0
-0.994206,-0.0482414,0,0,0,0,0.994206,0.0482414,0
-0.995349,-0.0432678,0,0,0,0,0.995349,0.0432678,0
-0.996366,-0.0382887,0,0,0,0,0.996366,0.0382887,0
-0.997258,-0.0333049,0,0,0,0,0.997258,0.0333049,0
-0.998024,-0.0283168,0,0,0,0,0.998024,0.0283168,0
-0.998665,-0.0233252,0,0,0,0,0.998665,0.0233252,0
-0.99918,-0.0183306,0,0,0,0,0.99918,0.0183306,0
-0.99957,-0.0133338,0,0,0,0,0.99957,0.0133338,0
-0.999836,-0.0083353,0,0,0,0,0.999836,0.0083353,0
-0.999976,-0.00333575,0,0,0,0,0.999976,0.00333575,0
-0.999991,0.00166422,0,0,0,0,0.999991,-0.00166422,0
-0.999881,0.00666398,0,0,0,0,0.999881,-0.00666398,0
-0.999646,0.0116629,0,0,0,0,0.999646,-0.0116629,0
-0.999287,0.0166604,0,0,0,0,0.999287,-0.0166604,0
-0.998801,0.0216558,0,0,0,0,0.998801,-0.0216558,0
-0.998191,0.0266484,0,0,0,0,0.998191,-0.0266484,0
-0.997456,0.0316377,0,0,0,0,0.997456,-0.0316377,0
-0.996595,0.0366231,0,0,0,0,0.996595,-0.0366231,0
-0.995608,0.0416038,0,0,0,0,0.995608,-0.0416038,0
-0.994496,0.0465793,0,0,0,0,0.994496,-0.0465793,0
-0.993257,0.0515488,0,0,0,0,0.993257,-0.0515488,0
-0.991893,0.0565119,0,0,0,0,0.991893,-0.0565119,0
-0.990402,0.0614677,0,0,0,0,0.990402,-0.0614677,0
-0.988784,0.0664156,0,0,0,0,0.988784,-0.0664156,0
-0.987039,0.071355,0,0,0,0,0.987039,-0.071355,0
-0.985167,0.0762853,0,0,0,0,0.985167,-0.0762853,0
-0.983168,0.0812056,0,0,0,0,0.983168,-0.0812056,0
-0.98104,0.0861153,0,0,0,0,0.98104,-0.0861153,0
-0.978784,0.0910138,0,0,0,0,0.978784,-0.0910138,0
-0.976399,0.0959003,0,0,0,0,0.976399,-0.0959003,0
-0.973885,0.100774,0,0,0,0,0.973885,-0.100774,0
-0.971241,0.105635,0,0,0,0,0.971241,-0.105635,0
-0.968467,0.110481,0,0,0,0,0.968467,-0.110481,0
-0.965563,0.115312,0,0,0,0,0.965563,-0.115312,0
-0.962527,0.120128,0,0,0,0,0.962527,-0.120128,0
-0.959359,0.124927,0,0,0,0,0.959359,-0.124927,0
-0.956059,0.129709,0,0,0,0,0.956059,-0.129709,0
-0.952625,0.134473,0,0,0,0,0.952625,-0.134473,0
-0.949058,0.139218,0,0,0,0,0.949058,-0.139218,0
-0.945357,0.143943,0,0,0,0,0.945357,-0.143943,0
-0.94152,0.148648,0,0,0,0,0.94152,-0.148648,0
-0.937548,0.153331,0,0,0,0,0.937548,-0.153331,0
-0.933439,0.157992,0,0,0,0,0.933439,-0.157992,0
-0.929192,0.16263,0,0,0,0,0.929192,-0.16263,0
-0.924807,0.167243,0,0,0,0,0.924807,-0.167243,0
-0.920283,0.171831,0,0,0,0,0.920283,-0.171831,0
-0.915618,0.176393,0,0,0,0,0.915618,-0.176393,0
-0.910812,0.180928,0,0,0,0,0.910812,-0.180928,0
-0.905864,0.185435,0,0,0,0,0.905864,-0.185435,0
-0.900773,0.189912,0,0,0,0,0.900773,-0.189912,0
-0.895538,0.194359,0,0,0,0,0.895538,-0.194359,0
-0.890157,0.198774,0,0,0,0,0.890157,-0.198774,0
-0.884629,0.203156,0,0,0,0,0.884629,-0.203156,0
-0.878954,0.207505,0,0,0,0,0.878954,-0.207505,0
-0.873129,0.211818,0,0,0,0,0.873129,-0.211818,0
-0.867154,0.216095,0,0,0,0,0.867154,-0.216095,0
-0.861027,0.220334,0,0,0,0,0.861027,-0.220334,0
-0.854747,0.224534,0,0,0,0,0.854747,-0.224534,0
-0.848312,0.228693,0,0,0,0,0.848312,-0.228693,0
-0.84172,0.23281,0,0,0,0,0.84172,-0.23281,0
-0.834971,0.236883,0,0,0,0,0.834971,-0.236883,0
-0.828062,0.240911,0,0,0,0,0.828062,-0.240911,0
-0.820991,0.244892,0,0,0,0,0.820991,-0.244892,0
-0.813758,0.248824,0,0,0,0,0.813758,-0.248824,0
-0.806359,0.252706,0,0,0,0,0.806359,-0.252706,0
-0.798793,0.256535,0,0,0,0,0.798793,-0.256535,0
-0.791058,0.260311,0,0,0,0,0.791058,-0.260311,0
-0.783152,0.264029,0,0,0,0,0.783152,-0.264029,0
-0.775072,0.26769,0,0,0,0,0.775072,-0.26769,0
-0.766817,0.271289,0,0,0,0,0.766817,-0.271289,0
-0.758384,0.274826,0,0,0,0,0.758384,-0.274826,0
-0.74977,0.278297,0,0,0,0,0.74977,-0.278297,0
-0.740973,0.2817,0,0,0,0,0.740973,-0.2817,0
-0.731989,0.285033,0,0,0,0,0.731989,-0.285033,0
-0.722818,0.288292,0,0,0,0,0.722818,-0.288292,0
-0.713454,0.291474,0,0,0,0,0.713454,-0.291474,0
-0.703895,0.294577,0,0,0,0,0.703895,-0.294577,0
-0.694139,0.297597,0,0,0,0,0.694139,-0.297597,0
-0.684181,0.30053,0,0,0,0,0.684181,-0.30053,0
-0.674018,0.303374,0,0,0,0,0.674018,-0.303374,0
-0.663646,0.306123,0,0,0,0,0.663646,-0.306123,0
-0.653062,0.308775,0,0,0,0,0.653062,-0.308775,0
-0.642261,0.311324,0,0,0,0,0.642261,-0.311324,0
-0.63124,0.313766,0,0,0,0,0.63124,-0.313766,0
-0.619993,0.316096,0,0,0,0,0.619993,-0.316096,0
-0.608516,0.318309,0,0,0,0,0.608516,-0.318309,0
-0.596805,0.320399,0,0,0,0,0.596805,-0.320399,0
-0.584853,0.32236,0,0,0,0,0.584853,-0.32236,0
-0.572656,0.324186,0,0,0,0,0.572656,-0.324186,0
-0.560207,0.325869,0,0,0,0,0.560207,-0.325869,0
-0.547502,0.327403,0,0,0,0,0.547502,-0.327403,0
-0.534532,0.328779,0,0,0,0,0.534532,-0.328779,0
-0.521293,0.329989,0,0,0,0,0.521293,-0.329989,0
-0.507775,0.331023,0,0,0,0,0.507775,-0.331023,0
-0.493973,0.331871,0,0,0,0,0.493973,-0.331871,0
-0.479878,0.332522,0,0,0,0,0.479878,-0.332522,0
-0.465481,0.332964,0,0,0,0,0.465481,-0.332964,0
-0.450774,0.333184,0,0,0,0,0.450774,-0.333184,0
-0.435747,0.333168,0,0,0,0,0.435747,-0.333168,0
-0.420389,0.332899,0,0,0,0,0.420389,-0.332899,0
-0.404691,0.33236,0,0,0,0,0.404691,-0.33236,0
-0.388641,0.331531,0,0,0,0,0.388641,-0.331531,0
-0.372226,0.330392,0,0,0,0,0.372226,-0.330392,0
-0.355434,0.328917,0,0,0,0,0.355434,-0.328917,0
-0.33825,0.32708,0,0,0,0,0.33825,-0.32708,0
-0.32066,0.32485,0,0,0,0,0.32066,-0.32485,0
-0.302649,0.322193,0,0,0,0,0.302649,-0.322193,0
-0.2842,0.319069,0,0,0,0,0.2842,-0.319069,0
-0.265295,0.315433,0,0,0,0,0.265295,-0.315433,0
-0.245917,0.311234,0,0,0,0,0.245917,-0.311234,0
-0.226046,0.30641,0,0,0,0,0.226046,-0.30641,0
-0.205663,0.300891,0,0,0,0,0.205663,-0.300891,0
-0.18475,0.294595,0,0,0,0,0.18475,-0.294595,0
-0.163287,0.28742,0,0,0,0,0.163287,-0.28742,0
-0.14126,0.279249,0,0,0,0,0.14126,-0.279249,0
-0.118657,0.269937,0,0,0,0,0.118657,-0.269937,0
-0.0954769,0.259305,0,0,0,0,0.0954769,-0.259305,0
-0.0717333,0.247132,0,0,0,0,0.0717333,-0.247132,0
-0.0474673,0.233139,0,0,0,0,0.0474673,-0.233139,0
-0.0227672,0.216976,0,0,0,0,0.0227672,-0.216976,0
0.00219525,0.19819,0,0,0,0,-0.00219525,-0.19819,0
0.0271019,0.176211,0,0,0,0,-0.0271019,-0.176211,0
0.0513748,0.150336,0,0,0,0,-0.0513748,-0.150336,0
0.0739876,0.119784,0,0,0,0,-0.0739876,-0.119784,0
0.0932112,0.0839241,0,0,0,0,-0.0932112,-0.0839241,0
0.106498,0.0428926,0,0,0,0,-0.106498,-0.0428926,0
0.111119,-0.00151221,0,0,0,0,-0.111119,0.00151221,0
0.105868,-0.0457873,0,0,0,0,-0.105868,0.0457873,0
0.0921109,-0.0865068,0,0,0,0,-0.0921109,0.0865068,0
0.0726091,-0.122006,0,0,0,0,-0.0726091,0.122006,0
0.0498608,-0.152229,0,0,0,0,-0.0498608,0.152229,0
0.0255392,-0.177829,0,0,0,0,-0.0255392,0.177829,0
0.000632387,-0.199587,0,0,0,0,-0.000632387,0.199587,0
-0.0243041,-0.218196,0,0,0,0,0.0243041,0.218196,0
-0.0489647,-0.234217,0,0,0,0,0.0489647,0.234217,0
-0.0731848,-0.248093,0,0,0,0,0.0731848,0.248093,0
-0.09688,-0.260171,0,0,0,0,0.09688,0.260171,0
-0.120011,-0.270725,0,0,0,0,0.120011,0.270725,0
-0.142566,-0.279973,0,0,0,0,0.142566,0.279973,0
-0.164547,-0.288089,0,0,0,0,0.164547,0.288089,0
-0.185965,-0.295217,0,0,0,0,0.185965,0.295217,0
-0.206836,-0.301475,0,0,0,0,0.206836,0.301475,0
-0.227178,-0.30696,0,0,0,0,0.227178,0.30696,0
-0.24701,-0.311755,0,0,0,0,0.24701,0.311755,0
-0.266351,-0.31593,0,0,0,0,0.266351,0.31593,0
-0.285221,-0.319545,0,0,0,0,0.285221,0.319545,0
-0.303636,-0.322651,0,0,0,0,0.303636,0.322651,0
-0.321615,-0.325293,0,0,0,0,0.321615,0.325293,0
-0.339174,-0.32751,0,0,0,0,0.339174,0.32751,0
-0.356329,-0.329335,0,0,0,0,0.356329,0.329335,0
-0.373093,-0.3308,0,0,0,0,0.373093,0.3308,0
-0.389482,-0.331931,0,0,0,0,0.389482,0.331931,0
-0.405507,-0.332753,0,0,0,0,0.405507,0.332753,0
-0.42118,-0.333286,0,0,0,0,0.42118,0.333286,0
-0.436514,-0.33355,0,0,0,0,0.436514,0.33355,0
-0.451519,-0.333562,0,0,0,0,0.451519,0.333562,0
-0.466204,-0.333339,0,0,0,0,0.466204,0.333339,0
-0.48058,-0.332894,0,0,0,0,0.48058,0.332894,0
-0.494656,-0.332241,0,0,0,0,0.494656,0.332241,0
-0.508439,-0.331391,0,0,0,0,0.508439,0.331391,0
-0.521937,-0.330356,0,0,0,0,0.521937,0.330356,0
-0.535159,-0.329146,0,0,0,0,0.535159,0.329146,0
-0.548111,-0.32777,0,0,0,0,0.548111,0.32777,0
-0.5608,-0.326236,0,0,0,0,0.5608,0.326236,0
-0.573232,-0.324553,0,0,0,0,0.573232,0.324553,0
-0.585414,-0.322728,0,0,0,0,0.585414,0.322728,0
-0.59735,-0.320768,0,0,0,0,0.59735,0.320768,0
-0.609047,-0.31868,0,0,0,0,0.609047,0.31868,0
-0.62051,-0.316468,0,0,0,0,0.62051,0.316468,0
-0.631743,-0.31414,0,0,0,0,0.631743,0.31414,0
-0.642751,-0.3117,0,0,0,0,0.642751,0.3117,0
-0.653539,-0.309152,0,0,0,0,0.653539,0.309152,0
-0.66411,-0.306503,0,0,0,0,0.66411,0.306503,0
-0.67447,-0.303756,0,0,0,0,0.67447,0.303756,0
-0.684621,-0.300914,0,0,0,0,0.684621,0.300914,0
-0.694567,-0.297983,0,0,0,0,0.694567,0.297983,0
-0.704313,-0.294966,0,0,0,0,0.704313,0.294966,0
-0.71386,-0.291866,0,0,0,0,0.71386,0.291866,0
-0.723213,-0.288686,0,0,0,0,0.723213,0.288686,0
-0.732375,-0.285429,0,0,0,0,0.732375,0.285429,0
-0.741348,-0.2821,0,0,0,0,0.741348,0.2821,0
-0.750135,-0.278699,0,0,0,0,0.750135,0.278699,0
-0.758739,-0.275231,0,0,0,0,0.758739,0.275231,0
-0.767163,-0.271697,0,0,0,0,0.767163,0.271697,0
-0.775409,-0.2681,0,0,0,0,0.775409,0.2681,0
-0.78348,-0.264443,0,0,0,0,0.78348,0.264443,0
-0.791377,-0.260727,0,0,0,0,0.791377,0.260727,0
-0.799104,-0.256954,0,0,0,0,0.799104,0.256954,0
-0.806661,-0.253128,0,0,0,0,0.806661,0.253128,0
-0.814052,-0.249249,0,0,0,0,0.814052,0.249249,0
-0.821277,-0.245319,0,0,0,0,0.821277,0.245319,0
-0.82834,-0.241341,0,0,0,0,0.82834,0.241341,0
-0.835241,-0.237315,0,0,0,0,0.835241,0.237315,0
-0.841983,-0.233245,0,0,0,0,0.841983,0.233245,0
-0.848567,-0.229131,0,0,0,0,0.848567,0.229131,0
-0.854995,-0.224974,0,0,0,0,0.854995,0.224974,0
-0.861268,-0.220777,0,0,0,0,0.861268,0.220777,0
-0.867388,-0.216541,0,0,0,0,0.867388,0.216541,0
-0.873357,-0.212266,0,0,0,0,0.873357,0.212266,0
-0.879175,-0.207956,0,0,0,0,0.879175,0.207956,0
-0.884844,-0.203609,0,0,0,0,0.884844,0.203609,0
-0.890365,-0.199229,0,0,0,0,0.890365,0.199229,0
-0.895739,-0.194816,0,0,0,0,0.895739,0.194816,0
-0.900969,-0.190372,0,0,0,0,0.900969,0.190372,0
-0.906054,-0.185897,0,0,0,0,0.906054,0.185897,0
-0.910995,-0.181393,0,0,0,0,0.910995,0.181393,0
-0.915795,-0.17686,0,0,0,0,0.915795,0.17686,0
-0.920454,-0.1723,0,0,0,0,0.920454,0.1723,0
-0.924972,-0.167714,0,0,0,0,0.924972,0.167714,0
-0.929352,-0.163102,0,0,0,0,0.929352,0.163102,0
-0.933593,-0.158467,0,0,0,0,0.933593,0.158467,0
-0.937697,-0.153808,0,0,0,0,0.937697,0.153808,0
-0.941664,-0.149126,0,0,0,0,0.941664,0.149126,0
-0.945495,-0.144424,0,0,0,0,0.945495,0.144424,0
-0.949191,-0.1397,0,0,0,0,0.949191,0.1397,0
-0.952753,-0.134957,0,0,0,0,0.952753,0.134957,0
-0.956181,-0.130195,0,0,0,0,0.956181,0.130195,0
-0.959476,-0.125414,0,0,0,0,0.959476,0.125414,0
-0.962639,-0.120617,0,0,0,0,0.962639,0.120617,0
-0.96567,-0.115802,0,0,0,0,0.96567,0.115802,0
-0.968569,-0.110972,0,0,0,0,0.968569,0.110972,0
-0.971339,-0.106128,0,0,0,0,0.971339,0.106128,0
-0.973977,-0.101268,0,0,0,0,0.973977,0.101268,0
-0.976487,-0.0963959,0,0,0,0,0.976487,0.0963959,0
-0.978867,-0.0915106,0,0,0,0,0.978867,0.0915106,0
-0.981118,-0.0866132,0,0,0,0,0.981118,0.0866132,0
-0.983241,-0.0817045,0,0,0,0,0.983241,0.0817045,0
-0.985236,-0.0767852,0,0,0,0,0.985236,0.0767852,0
-0.987103,-0.0718559,0,0,0,0,0.987103,0.0718559,0
-0.988844,-0.0669173,0,0,0,0,0.988844,0.0669173,0
-0.990457,-0.0619702,0,0,0,0,0.990457,0.0619702,0
-0.991943,-0.0570151,0,0,0,0,0.991943,0.0570151,0
-0.993303,-0.0520528,0,0,0,0,0.993303,0.0520528,0
-0.994537,-0.0470838,0,0,0,0,0.994537,0.0470838,0
-0.995645,-0.0421089,0,0,0,0,0.995645,0.0421089,0
-0.996627,-0.0371287,0,0,0,0,0.996627,0.0371287,0
-0.997484,-0.0321438,0,0,0,0,0.997484,0.0321438,0
-0.998215,-0.0271548,0,0,0,0,0.998215,0.0271548,0
-0.998821,-0.0221625,0,0,0,0,0.998821,0.0221625,0
-0.999301,-0.0171673,0,0,0,0,0.999301,0.0171673,0
-0.999657,-0.0121701,0,0,0,0,0.999657,0.0121701,0
-0.999887,-0.00717125,0,0,0,0,0.999887,0.00717125,0
-0.999993,-0.00217155,0,0,0,0,0.999993,0.00217155,0
-0.999973,0.00282843,0,0,0,0,0.999973,-0.00282843,0
-0.999828,0.00782805,0,0,0,0,0.999828,-0.00782805,0
-0.999559,0.0128267,0,0,0,0,0.999559,-0.0128267,0
-0.999164,0.0178237,0,0,0,0,0.999164,-0.0178237,0
-0.998644,0.0228185,0,0,0,0,0.998644,-0.0228185,0
-0.997999,0.0278105,0,0,0,0,0.997999,-0.0278105,0
-0.997228,0.0327989,0,0,0,0,0.997228,-0.0327989,0
-0.996333,0.0377833,0,0,0,0,0.996333,-0.0377833,0
-0.995311,0.0427628,0,0,0,0,0.995311,-0.0427628,0
-0.994163,0.047737,0,0,0,0,0.994163,-0.047737,0
-0.99289,0.0527051,0,0,0,0,0.99289,-0.0527051,0
-0.99149,0.0576665,0,0,0,0,0.99149,-0.0576665,0
-0.989964,0.0626205,0,0,0,0,0.989964,-0.0626205,0
-0.988311,0.0675665,0,0,0,0,0.988311,-0.0675665,0
-0.986531,0.0725039,0,0,0,0,0.986531,-0.0725039,0
-0.984623,0.0774318,0,0,0,0,0.984623,-0.0774318,0
-0.982588,0.0823497,0,0,0,0,0.982588,-0.0823497,0
-0.980425,0.0872569,0,0,0,0,0.980425,-0.0872569,0
-0.978133,0.0921527,0,0,0,0,0.978133,-0.0921527,0
-0.975712,0.0970362,0,0,0,0,0.975712,-0.0970362,0
-0.973161,0.101907,0,0,0,0,0.973161,-0.101907,0
-0.970481,0.106764,0,0,0,0,0.970481,-0.106764,0
-0.967671,0.111607,0,0,0,0,0.967671,-0.111607,0
-0.96473,0.116435,0,0,0,0,0.96473,-0.116435,0
-0.961657,0.121246,0,0,0,0,0.961657,-0.121246,0
-0.958452,0.126042,0,0,0,0,0.958452,-0.126042,0
-0.955115,0.130819,0,0,0,0,0.955115,-0.130819,0
-0.951644,0.135579,0,0,0,0,0.951644,-0.135579,0
-0.94804,0.140319,0,0,0,0,0.94804,-0.140319,0
-0.9443,0.14504,0,0,0,0,0.9443,-0.14504,0
-0.940426,0.149739,0,0,0,0,0.940426,-0.149739,0
-0.936415,0.154417,0,0,0,0,0.936415,-0.154417,0
-0.932268,0.159073,0,0,0,0,0.932268,-0.159073,0
-0.927982,0.163705,0,0,0,0,0.927982,-0.163705,0
-0.923558,0.168312,0,0,0,0,0.923558,-0.168312,0
-0.918995,0.172894,0,0,0,0,0.918995,-0.172894,0
-0.914291,0.17745,0,0,0,0,0.914291,-0.17745,0
-0.909445,0.181978,0,0,0,0,0.909445,-0.181978,0
-0.904457,0.186478,0,0,0,0,0.904457,-0.186478,0
-0.899325,0.190948,0,0,0,0,0.899325,-0.190948,0
-0.894049,0.195387,0,0,0,0,0.894049,-0.195387,0
-0.888627,0.199794,0,0,0,0,0.888627,-0.199794,0
-0.883058,0.204169,0,0,0,0,0.883058,-0.204169,0
-0.877341,0.208509,0,0,0,0,0.877341,-0.208509,0
-0.871474,0.212813,0,0,0,0,0.871474,-0.212813,0
-0.865456,0.217081,0,0,0,0,0.865456,-0.217081,0
-0.859286,0.221311,0,0,0,0,0.859286,-0.221311,0
-0.852962,0.225501,0,0,0,0,0.852962,-0.225501,0
-0.846483,0.229649,0,0,0,0,0.846483,-0.229649,0
-0.839847,0.233756,0,0,0,0,0.839847,-0.233756,0
-0.833053,0.237818,0,0,0,0,0.833053,-0.237818,0
-0.826098,0.241834,0,0,0,0,0.826098,-0.241834,0
-0.818982,0.245803,0,0,0,0,0.818982,-0.245803,0
-0.811702,0.249723,0,0,0,0,0.811702,-0.249723,0
-0.804256,0.253592,0,0,0,0,0.804256,-0.253592,0
-0.796642,0.257408,0,0,0,0,0.796642,-0.257408,0
-0.788859,0.26117,0,0,0,0,0.788859,-0.26117,0
-0.780904,0.264874,0,0,0,0,0.780904,-0.264874,0
-0.772775,0.268519,0,0,0,0,0.772775,-0.268519,0
-0.764469,0.272103,0,0,0,0,0.764469,-0.272103,0
-0.755985,0.275623,0,0,0,0,0.755985,-0.275623,0
-0.747319,0.279078,0,0,0,0,0.747319,-0.279078,0
-0.738469,0.282463,0,0,0,0,0.738469,-0.282463,0
-0.729433,0.285777,0,0,0,0,0.729433,-0.285777,0
-0.720206,0.289017,0,0,0,0,0.720206,-0.289017,0
-0.710787,0.292179,0,0,0,0,0.710787,-0.292179,0
-0.701173,0.295261,0,0,0,0,0.701173,-0.295261,0
-0.691359,0.298259,0,0,0,0,0.691359,-0.298259,0
-0.681343,0.30117,0,0,0,0,0.681343,-0.30117,0
-0.671121,0.303989,0,0,0,0,0.671121,-0.303989,0
-0.660689,0.306714,0,0,0,0,0.660689,-0.306714,0
-0.650043,0.309339,0,0,0,0,0.650043,-0.309339,0
-0.639179,0.311861,0,0,0,0,0.639179,-0.311861,0
-0.628094,0.314274,0,0,0,0,0.628094,-0.314274,0
-0.616781,0.316574,0,0,0,0,0.616781,-0.316574,0
-0.605238,0.318755,0,0,0,0,0.605238,-0.318755,0
-0.593458,0.320812,0,0,0,0,0.593458,-0.320812,0
-0.581436,0.322738,0,0,0,0,0.581436,-0.322738,0
-0.569167,0.324526,0,0,0,0,0.569167,-0.324526,0
-0.556645,0.326171,0,0,0,0,0.556645,-0.326171,0
-0.543864,0.327663,0,0,0,0,0.543864,-0.327663,0
-0.530818,0.328996,0,0,0,0,0.530818,-0.328996,0
-0.517499,0.330159,0,0,0,0,0.517499,-0.330159,0
-0.5039,0.331145,0,0,0,0,0.5039,-0.331145,0
-0.490014,0.331941,0,0,0,0,0.490014,-0.331941,0
-0.475832,0.332537,0,0,0,0,0.475832,-0.332537,0
-0.461346,0.33292,0,0,0,0,0.461346,-0.33292,0
-0.446548,0.333077,0,0,0,0,0.446548,-0.333077,0
-0.431426,0.332994,0,0,0,0,0.431426,-0.332994,0
-0.415971,0.332653,0,0,0,0,0.415971,-0.332653,0
-0.400172,0.332037,0,0,0,0,0.400172,-0.332037,0
-0.384017,0.331125,0,0,0,0,0.384017,-0.331125,0
-0.367493,0.329896,0,0,0,0,0.367493,-0.329896,0
-0.350589,0.328324,0,0,0,0,0.350589,-0.328324,0
-0.333288,0.326381,0,0,0,0,0.333288,-0.326381,0
-0.315578,0.324036,0,0,0,0,0.315578,-0.324036,0
-0.29744,0.321253,0,0,0,0,0.29744,-0.321253,0
-0.27886,0.317991,0,0,0,0,0.27886,-0.317991,0
-0.259819,0.314203,0,0,0,0,0.259819,-0.314203,0
-0.240299,0.309835,0,0,0,0,0.240299,-0.309835,0
-0.22028,0.304823,0,0,0,0,0.22028,-0.304823,0
-0.199744,0.299094,0,0,0,0,0.199744,-0.299094,0
-0.178671,0.29256,0,0,0,0,0.178671,-0.29256,0
-0.157044,0.285116,0,0,0,0,0.157044,-0.285116,0
-0.134848,0.276637,0,0,0,0,0.134848,-0.276637,0
-0.112075,0.266969,0,0,0,0,0.112075,-0.266969,0
-0.0887263,0.255922,0,0,0,0,0.0887263,-0.255922,0
-0.0648219,0.24326,0,0,0,0,0.0648219,-0.24326,0
-0.040414,0.228685,0,0,0,0,0.040414,-0.228685,0
-0.0156105,0.21182,0,0,0,0,0.0156105,-0.21182,0
0.00938293,0.192181,0,0,0,0,-0.00938293,-0.192181,0
0.0341875,0.169158,0,0,0,0,-0.0341875,-0.169158,0
0.0581187,0.142015,0,0,0,0,-0.0581187,-0.142015,0
0.0799738,0.109978,0,0,0,0,-0.0799738,-0.109978,0
0.0977803,0.0725532,0,0,0,0,-0.0977803,-0.0725532,0
0.108819,0.0302717,0,0,0,0,-0.108819,-0.0302717,0
0.110604,-0.0144979,0,0,0,0,-0.110604,0.0144979,0
0.10266,-0.0580357,0,0,0,0,-0.10266,0.0580357,0
0.0869538,-0.0973307,0,0,0,0,-0.0869538,0.0973307,0
0.066299,-0.131266,0,0,0,0,-0.066299,0.131266,0
0.0429662,-0.160076,0,0,0,0,-0.0429662,0.160076,0
0.0184038,-0.184491,0,0,0,0,-0.0184038,0.184491,0
-0.00654911,-0.205278,0,0,0,0,0.00654911,0.205278,0
-0.0314243,-0.223092,0,0,0,0,0.0314243,0.223092,0
-0.0559654,-0.238457,0,0,0,0,0.0559654,0.238457,0
-0.0800358,-0.251787,0,0,0,0,0.0800358,0.251787,0
-0.103567,-0.263405,0,0,0,0,0.103567,0.263405,0
-0.126529,-0.273567,0,0,0,0,0.126529,0.273567,0
-0.148914,-0.282476,0,0,0,0,0.148914,0.282476,0
-0.170728,-0.290299,0,0,0,0,0.170728,0.290299,0
-0.191984,-0.29717,0,0,0,0,0.191984,0.29717,0
-0.212698,-0.3032,0,0,0,0,0.212698,0.3032,0
-0.232888,-0.308484,0,0,0,0,0.232888,0.308484,0
-0.252575,-0.313098,0,0,0,0,0.252575,0.313098,0
-0.271776,-0.317111,0,0,0,0,0.271776,0.317111,0
-0.290512,-0.320578,0,0,0,0,0.290512,0.320578,0
-0.308798,-0.323551,0,0,0,0,0.308798,0.323551,0
-0.326653,-0.32607,0,0,0,0,0.326653,0.32607,0
-0.344093,-0.328175,0,0,0,0,0.344093,0.328175,0
-0.361132,-0.329898,0,0,0,0,0.361132,0.329898,0
-0.377786,-0.331269,0,0,0,0,0.377786,0.331269,0
-0.394068,-0.332312,0,0,0,0,0.394068,0.332312,0
-0.409989,-0.333053,0,0,0,0,0.409989,0.333053,0
-0.425563,-0.33351,0,0,0,0,0.425563,0.33351,0
-0.440801,-0.333704,0,0,0,0,0.440801,0.333704,0
-0.455712,-0.333651,0,0,0,0,0.455712,0.333651,0
-0.470307,-0.333366,0,0,0,0,0.470307,0.333366,0
-0.484595,-0.332863,0,0,0,0,0.484595,0.332863,0
-0.498585,-0.332156,0,0,0,0,0.498585,0.332156,0
-0.512285,-0.331256,0,0,0,0,0.512285,0.331256,0
-0.525703,-0.330173,0,0,0,0,0.525703,0.330173,0
-0.538846,-0.328917,0,0,0,0,0.538846,0.328917,0
-0.551722,-0.327498,0,0,0,0,0.551722,0.327498,0
-0.564336,-0.325924,0,0,0,0,0.564336,0.325924,0
-0.576696,-0.324203,0,0,0,0,0.576696,0.324203,0
-0.588806,-0.322342,0,0,0,0,0.588806,0.322342,0
-0.600673,-0.320347,0,0,0,0,0.600673,0.320347,0
-0.612302,-0.318226,0,0,0,0,0.612302,0.318226,0
-0.623699,-0.315983,0,0,0,0,0.623699,0.315983,0
-0.634867,-0.313625,0,0,0,0,0.634867,0.313625,0
-0.645811,-0.311156,0,0,0,0,0.645811,0.311156,0
-0.656537,-0.308582,0,0,0,0,0.656537,0.308582,0
-0.667047,-0.305907,0,0,0,0,0.667047,0.305907,0
-0.677346,-0.303135,0,0,0,0,0.677346,0.303135,0
-0.687439,-0.30027,0,0,0,0,0.687439,0.30027,0
-0.697327,-0.297316,0,0,0,0,0.697327,0.297316,0
-0.707016,-0.294277,0,0,0,0,0.707016,0.294277,0
-0.716507,-0.291156,0,0,0,0,0.716507,0.291156,0
-0.725806,-0.287956,0,0,0,0,0.725806,0.287956,0
-0.734913,-0.284681,0,0,0,0,0.734913,0.284681,0
-0.743833,-0.281333,0,0,0,0,0.743833,0.281333,0
-0.752568,-0.277915,0,0,0,0,0.752568,0.277915,0
-0.761121,-0.27443,0,0,0,0,0.761121,0.27443,0
-0.769494,-0.27088,0,0,0,0,0.769494,0.27088,0
-0.77769,-0.267268,0,0,0,0,0.77769,0.267268,0
-0.785711,-0.263595,0,0,0,0,0.785711,0.263595,0
-0.79356,-0.259865,0,0,0,0,0.79356,0.259865,0
-0.801238,-0.256079,0,0,0,0,0.801238,0.256079,0
-0.808748,-0.252239,0,0,0,0,0.808748,0.252239,0
-0.816092,-0.248347,0,0,0,0,0.816092,0.248347,0
-0.823271,-0.244405,0,0,0,0,0.823271,0.244405,0
-0.830288,-0.240415,0,0,0,0,0.830288,0.240415,0
-0.837144,-0.236379,0,0,0,0,0.837144,0.236379,0
-0.843841,-0.232297,0,0,0,0,0.843841,0.232297,0
-0.850381,-0.228173,0,0,0,0,0.850381,0.228173,0
-0.856765,-0.224006,0,0,0,0,0.856765,0.224006,0
-0.862995,-0.219799,0,0,0,0,0.862995,0.219799,0
-0.869072,-0.215553,0,0,0,0,0.869072,0.215553,0
-0.874998,-0.21127,0,0,0,0,0.874998,0.21127,0
-0.880774,-0.20695,0,0,0,0,0.880774,0.20695,0
-0.886401,-0.202596,0,0,0,0,0.886401,0.202596,0
-0.891881,-0.198208,0,0,0,0,0.891881,0.198208,0
-0.897214,-0.193787,0,0,0,0,0.897214,0.193787,0
-0.902403,-0.189335,0,0,0,0,0.902403,0.189335,0
-0.907448,-0.184853,0,0,0,0,0.907448,0.184853,0
-0.912349,-0.180342,0,0,0,0,0.912349,0.180342,0
-0.91711,-0.175802,0,0,0,0,0.91711,0.175802,0
-0.921729,-0.171236,0,0,0,0,0.921729,0.171236,0
-0.926208,-0.166644,0,0,0,0,0.926208,0.166644,0
-0.930549,-0.162027,0,0,0,0,0.930549,0.162027,0
-0.934751,-0.157385,0,0,0,0,0.934751,0.157385,0
-0.938817,-0.152721,0,0,0,0,0.938817,0.152721,0
-0.942746,-0.148034,0,0,0,0,0.942746,0.148034,0
-0.946539,-0.143326,0,0,0,0,0.946539,0.143326,0
-0.950197,-0.138598,0,0,0,0,0.950197,0.138598,0
-0.953722,-0.13385,0,0,0,0,0.953722,0.13385,0
-0.957113,-0.129084,0,0,0,0,0.957113,0.129084,0
-0.960371,-0.124299,0,0,0,0,0.960371,0.124299,0
-0.963497,-0.119497,0,0,0,0,0.963497,0.119497,0
-0.966491,-0.114679,0,0,0,0,0.966491,0.114679,0
-0.969354,-0.109846,0,0,0,0,0.969354,0.109846,0
-0.972087,-0.104998,0,0,0,0,0.972087,0.104998,0
-0.974689,-0.100135,0,0,0,0,0.974689,0.100135,0
-0.977163,-0.0952597,0,0,0,0,0.977163,0.0952597,0
-0.979507,-0.0903715,0,0,0,0,0.979507,0.0903715,0
-0.981722,-0.0854714,0,0,0,0,0.981722,0.0854714,0
-0.983809,-0.0805601,0,0,0,0,0.983809,0.0805601,0
-0.985769,-0.0756384,0,0,0,0,0.985769,0.0756384,0
-0.987601,-0.0707069,0,0,0,0,0.987601,0.0707069,0
-0.989305,-0.0657662,0,0,0,0,0.989305,0.0657662,0
-0.990883,-0.0608172,0,0,0,0,0.990883,0.0608172,0
-0.992334,-0.0558603,0,0,0,0,0.992334,0.0558603,0
-0.993659,-0.0508964,0,0,0,0,0.993659,0.0508964,0
-0.994858,-0.045926,0,0,0,0,0.994858,0.045926,0
-0.995931,-0.0409498,0,0,0,0,0.995931,0.0409498,0
-0.996878,-0.0359684,0,0,0,0,0.996878,0.0359684,0
-0.9977,-0.0309825,0,0,0,0,0.9977,0.0309825,0
-0.998396,-0.0259927,0,0,0,0,0.998396,0.0259927,0
-0.998967,-0.0209996,0,0,0,0,0.998967,0.0209996,0
-0.999413,-0.0160039,0,0,0,0,0.999413,0.0160039,0
-0.999733,-0.0110062,0,0,0,0,0.999733,0.0110062,0
-0.999929,-0.00600716,0,0,0,0,0.999929,0.00600716,0
-0.999999,-0.00100733,0,0,0,0,0.999999,0.00100733,0
-0.999945,0.00399262,0,0,0,0,0.999945,-0.00399262,0
-0.999766,0.00899208,0,0,0,0,0.999766,-0.00899208,0
-0.999461,0.0139904,0,0,0,0,0.999461,-0.0139904,0
-0.999032,0.018987,0,0,0,0,0.999032,-0.018987,0
-0.998477,0.0239812,0,0,0,0,0.998477,-0.0239812,0
-0.997797,0.0289724,0,0,0,0,0.997797,-0.0289724,0
-0.996991,0.0339599,0,0,0,0,0.996991,-0.0339599,0
-0.996061,0.0389432,0,0,0,0,0.996061,-0.0389432,0
-0.995004,0.0439216,0,0,0,0,0.995004,-0.0439216,0
-0.993821,0.0488944,0,0,0,0,0.993821,-0.0488944,0
-0.992513,0.053861,0,0,0,0,0.992513,-0.053861,0
-0.991078,0.0588207,0,0,0,0,0.991078,-0.0588207,0
-0.989516,0.0637729,0,0,0,0,0.989516,-0.0637729,0
-0.987828,0.068717,0,0,0,0,0.987828,-0.068717,0
-0.986012,0.0736522,0,0,0,0,0.986012,-0.0736522,0
-0.984069,0.0785779,0,0,0,0,0.984069,-0.0785779,0
-0.981998,0.0834933,0,0,0,0,0.981998,-0.0834933,0
-0.979799,0.0883979,0,0,0,0,0.979799,-0.0883979,0
-0.977471,0.0932908,0,0,0,0,0.977471,-0.0932908,0
-0.975014,0.0981715,0,0,0,0,0.975014,-0.0981715,0
-0.972428,0.103039,0,0,0,0,0.972428,-0.103039,0
-0.969711,0.107893,0,0,0,0,0.969711,-0.107893,0
-0.966864,0.112732,0,0,0,0,0.966864,-0.112732,0
-0.963886,0.117556,0,0,0,0,0.963886,-0.117556,0
-0.960777,0.122364,0,0,0,0,0.960777,-0.122364,0
-0.957535,0.127155,0,0,0,0,0.957535,-0.127155,0
-0.95416,0.131929,0,0,0,0,0.95416,-0.131929,0
-0.950652,0.136684,0,0,0,0,0.950652,-0.136684,0
-0.94701,0.14142,0,0,0,0,0.94701,-0.14142,0
-0.943233,0.146135,0,0,0,0,0.943233,-0.146135,0
-0.939321,0.15083,0,0,0,0,0.939321,-0.15083,0
-0.935272,0.155503,0,0,0,0,0.935272,-0.155503,0
-0.931086,0.160152,0,0,0,0,0.931086,-0.160152,0
-0.926761,0.164779,0,0,0,0,0.926761,-0.164779,0
-0.922298,0.16938,0,0,0,0,0.922298,-0.16938,0
-0.917696,0.173956,0,0,0,0,0.917696,-0.173956,0
-0.912952,0.178505,0,0,0,0,0.912952,-0.178505,0
-0.908066,0.183026,0,0,0,0,0.908066,-0.183026,0
-0.903038,0.187519,0,0,0,0,0.903038,-0.187519,0
-0.897866,0.191982,0,0,0,0,0.897866,-0.191982,0
-0.892549,0.196413,0,0,0,0,0.892549,-0.196413,0
-0.887086,0.200813,0,0,0,0,0.887086,-0.200813,0
-0.881475,0.205179,0,0,0,0,0.881475,-0.205179,0
-0.875716,0.209511,0,0,0,0,0.875716,-0.209511,0
-0.869807,0.213806,0,0,0,0,0.869807,-0.213806,0
-0.863746,0.218065,0,0,0,0,0.863746,-0.218065,0
-0.857533,0.222285,0,0,0,0,0.857533,-0.222285,0
-0.851165,0.226465,0,0,0,0,0.851165,-0.226465,0
-0.844642,0.230603,0,0,0,0,0.844642,-0.230603,0
-0.837962,0.234699,0,0,0,0,0.837962,-0.234699,0
-0.831122,0.23875,0,0,0,0,0.831122,-0.23875,0
-0.824122,0.242755,0,0,0,0,0.824122,-0.242755,0
-0.81696,0.246712,0,0,0,0,0.81696,-0.246712,0
-0.809633,0.250619,0,0,0,0,0.809633,-0.250619,0
-0.80214,0.254475,0,0,0,0,0.80214,-0.254475,0
-0.794478,0.258278,0,0,0,0,0.794478,-0.258278,0
-0.786646,0.262025,0,0,0,0,0.786646,-0.262025,0
-0.778642,0.265715,0,0,0,0,0.778642,-0.265715,0
-0.770463,0.269345,0,0,0,0,0.770463,-0.269345,0
-0.762107,0.272913,0,0,0,0,0.762107,-0.272913,0
-0.753571,0.276417,0,0,0,0,0.753571,-0.276417,0
-0.744853,0.279854,0,0,0,0,0.744853,-0.279854,0
-0.735951,0.283221,0,0,0,0,0.735951,-0.283221,0
-0.72686,0.286517,0,0,0,0,0.72686,-0.286517,0
-0.717579,0.289737,0,0,0,0,0.717579,-0.289737,0
-0.708105,0.292879,0,0,0,0,0.708105,-0.292879,0
-0.698434,0.29594,0,0,0,0,0.698434,-0.29594,0
-0.688563,0.298916,0,0,0,0,0.688563,-0.298916,0
-0.678488,0.301803,0,0,0,0,0.678488,-0.301803,0
-0.668206,0.304599,0,0,0,0,0.668206,-0.304599,0
-0.657713,0.307298,0,0,0,0,0.657713,-0.307298,0
-0.647006,0.309897,0,0,0,0,0.647006,-0.309897,0
-0.636079,0.312391,0,0,0,0,0.636079,-0.312391,0
-0.624929,0.314775,0,0,0,0,0.624929,-0.314775,0
-0.613551,0.317044,0,0,0,0,0.613551,-0.317044,0
-0.60194,0.319193,0,0,0,0,0.60194,-0.319193,0
-0.590091,0.321216,0,0,0,0,0.590091,-0.321216,0
-0.577998,0.323106,0,0,0,0,0.577998,-0.323106,0
-0.565657,0.324857,0,0,0,0,0.565657,-0.324857,0
-0.553062,0.326462,0,0,0,0,0.553062,-0.326462,0
-0.540205,0.327913,0,0,0,0,0.540205,-0.327913,0
-0.52708,0.329201,0,0,0,0,0.52708,-0.329201,0
-0.513681,0.330317,0,0,0,0,0.513681,-0.330317,0
-0.5,0.331253,0,0,0,0,0.5,-0.331253,0
-0.48603,0.331996,0,0,0,0,0.48603,-0.331996,0
-0.471761,0.332536,0,0,0,0,0.471761,-0.332536,0
-0.457186,0.332859,0,0,0,0,0.457186,-0.332859,0
-0.442294,0.332953,0,0,0,0,0.442294,-0.332953,0
-0.427077,0.332801,0,0,0,0,0.427077,-0.332801,0
-0.411523,0.332386,0,0,0,0,0.411523,-0.332386,0
-0.395622,0.331691,0,0,0,0,0.395622,-0.331691,0
-0.379361,0.330695,0,0,0,0,0.379361,-0.330695,0
-0.362728,0.329373,0,0,0,0,0.362728,-0.329373,0
-0.34571,0.327702,0,0,0,0,0.34571,-0.327702,0
-0.328292,0.325651,0,0,0,0,0.328292,-0.325651,0
-0.310458,0.323188,0,0,0,0,0.310458,-0.323188,0
-0.292194,0.320276,0,0,0,0,0.292194,-0.320276,0
-0.273481,0.316872,0,0,0,0,0.273481,-0.316872,0
-0.254302,0.312927,0,0,0,0,0.254302,-0.312927,0
-0.234638,0.308385,0,0,0,0,0.234638,-0.308385,0
-0.21447,0.303179,0,0,0,0,0.21447,-0.303179,0
-0.193778,0.297233,0,0,0,0,0.193778,-0.297233,0
-0.172545,0.290453,0,0,0,0,0.172545,-0.290453,0
-0.150752,0.282729,0,0,0,0,0.150752,-0.282729,0
-0.128387,0.273929,0,0,0,0,0.128387,-0.273929,0
-0.105443,0.263889,0,0,0,0,0.105443,-0.263889,0
-0.0819269,0.252407,0,0,0,0,0.0819269,-0.252407,0
-0.0578656,0.239232,0,0,0,0,0.0578656,-0.239232,0
-0.0333244,0.224044,0,0,0,0,0.0333244,-0.224044,0
-0.00843382,0.206437,0,0,0,0,0.00843382,-0.206437,0
0.0165601,0.185893,0,0,0,0,-0.0165601,-0.185893,0
0.0412071,0.161763,0,0,0,0,-0.0412071,-0.161763,0
0.0646982,0.133285,0,0,0,0,-0.0646982,-0.133285,0
0.0856314,0.0997162,0,0,0,0,-0.0856314,-0.0997162,0
0.101788,0.0607641,0,0,0,0,-0.101788,-0.0607641,0
0.110357,0.0174323,0,0,0,0,-0.110357,-0.0174323,0
0.109261,-0.0273749,0,0,0,0,-0.109261,0.0273749,0
0.0988021,-0.0699159,0,0,0,0,-0.0988021,0.0699159,0
0.0813919,-0.107699,0,0,0,0,-0.0813919,0.107699,0
0.0597748,-0.140096,0,0,0,0,-0.0597748,0.140096,0
0.0359766,-0.167558,0,0,0,0,-0.0359766,0.167558,0
0.0112416,-0.190853,0,0,0,0,-0.0112416,0.190853,0
-0.0137196,-0.210724,0,0,0,0,0.0137196,0.210724,0
-0.0385129,-0.227787,0,0,0,0,0.0385129,0.227787,0
-0.0629237,-0.242532,0,0,0,0,0.0629237,0.242532,0
-0.0868391,-0.255343,0,0,0,0,0.0868391,0.255343,0
-0.110204,-0.266521,0,0,0,0,0.110204,0.266521,0
-0.132996,-0.276307,0,0,0,0,0.132996,0.276307,0
-0.155212,-0.284893,0,0,0,0,0.155212,0.284893,0
-0.176861,-0.292433,0,0,0,0,0.176861,0.292433,0
-0.197956,-0.299056,0,0,0,0,0.197956,0.299056,0
-0.218515,-0.304867,0,0,0,0,0.218515,0.304867,0
-0.238556,-0.309954,0,0,0,0,0.238556,0.309954,0
-0.258099,-0.314394,0,0,0,0,0.258099,0.314394,0
-0.277162,-0.318248,0,0,0,0,0.277162,0.318248,0
-0.295764,-0.321573,0,0,0,0,0.295764,0.321573,0
-0.313923,-0.324415,0,0,0,0,0.313923,0.324415,0
-0.331656,-0.326816,0,0,0,0,0.331656,0.326816,0
-0.348977,-0.328812,0,0,0,0,0.348977,0.328812,0
-0.365903,-0.330435,0,0,0,0,0.365903,0.330435,0
-0.382447,-0.331713,0,0,0,0,0.382447,0.331713,0
-0.398623,-0.332671,0,0,0,0,0.398623,0.332671,0
-0.414443,-0.333332,0,0,0,0,0.414443,0.333332,0
-0.429918,-0.333715,0,0,0,0,0.429918,0.333715,0
-0.44506,-0.33384,0,0,0,0,0.44506,0.33384,0
-0.459878,-0.333722,0,0,0,0,0.459878,0.333722,0
-0.474383,-0.333377,0,0,0,0,0.474383,0.333377,0
-0.488584,-0.332818,0,0,0,0,0.488584,0.332818,0
-0.50249,-0.332058,0,0,0,0,0.50249,0.332058,0
-0.516108,-0.331107,0,0,0,0,0.516108,0.331107,0
-0.529445,-0.329977,0,0,0,0,0.529445,0.329977,0
-0.542511,-0.328677,0,0,0,0,0.542511,0.328677,0
-0.55531,-0.327216,0,0,0,0,0.55531,0.327216,0
-0.567851,-0.325602,0,0,0,0,0.567851,0.325602,0
-0.580138,-0.323843,0,0,0,0,0.580138,0.323843,0
-0.592178,-0.321946,0,0,0,0,0.592178,0.321946,0
-0.603976,-0.319917,0,0,0,0,0.603976,0.319917,0
-0.615538,-0.317763,0,0,0,0,0.615538,0.317763,0
-0.626868,-0.31549,0,0,0,0,0.626868,0.31549,0
-0.637972,-0.313102,0,0,0,0,0.637972,0.313102,0
-0.648853,-0.310606,0,0,0,0,0.648853,0.310606,0
-0.659516,-0.308005,0,0,0,0,0.659516,0.308005,0
-0.669966,-0.305304,0,0,0,0,0.669966,0.305304,0
-0.680206,-0.302508,0,0,0,0,0.680206,0.302508,0
-0.69024,-0.299619,0,0,0,0,0.69024,0.299619,0
-0.700071,-0.296643,0,0,0,0,0.700071,0.296643,0
-0.709703,-0.293583,0,0,0,0,0.709703,0.293583,0
-0.719139,-0.290442,0,0,0,0,0.719139,0.290442,0
-0.728382,-0.287222,0,0,0,0,0.728382,0.287222,0
-0.737436,-0.283928,0,0,0,0,0.737436,0.283928,0
-0.746303,-0.280562,0,0,0,0,0.746303,0.280562,0
-0.754986,-0.277127,0,0,0,0,0.754986,0.277127,0
-0.763488,-0.273625,0,0,0,0,0.763488,0.273625,0
-0.77181,-0.270059,0,0,0,0,0.77181,0.270059,0
-0.779956,-0.266432,0,0,0,0,0.779956,0.266432,0
-0.787928,-0.262745,0,0,0,0,0.787928,0.262745,0
-0.795729,-0.259,0,0,0,0,0.795729,0.259,0
-0.803359,-0.2552,0,0,0,0,0.803359,0.2552,0
-0.810822,-0.251347,0,0,0,0,0.810822,0.251347,0
-0.818119,-0.247443,0,0,0,0,0.818119,0.247443,0
-0.825252,-0.243489,0,0,0,0,0.825252,0.243489,0
-0.832223,-0.239487,0,0,0,0,0.832223,0.239487,0
-0.839034,-0.23544,0,0,0,0,0.839034,0.23544,0
-0.845687,-0.231347,0,0,0,0,0.845687,0.231347,0
-0.852182,-0.227212,0,0,0,0,0.852182,0.227212,0
-0.858523,-0.223035,0,0,0,0,0.858523,0.223035,0
-0.864709,-0.218819,0,0,0,0,0.864709,0.218819,0
-0.870744,-0.214564,0,0,0,0,0.870744,0.214564,0
-0.876627,-0.210271,0,0,0,0,0.876627,0.210271,0
-0.882361,-0.205943,0,0,0,0,0.882361,0.205943,0
-0.887947,-0.201581,0,0,0,0,0.887947,0.201581,0
-0.893385,-0.197184,0,0,0,0,0.893385,0.197184,0
-0.898678,-0.192756,0,0,0,0,0.898678,0.192756,0
-0.903826,-0.188297,0,0,0,0,0.903826,0.188297,0
-0.90883,-0.183807,0,0,0,0,0.90883,0.183807,0
-0.913692,-0.179289,0,0,0,0,0.913692,0.179289,0
-0.918413,-0.174743,0,0,0,0,0.918413,0.174743,0
-0.922993,-0.170171,0,0,0,0,0.922993,0.170171,0
-0.927433,-0.165572,0,0,0,0,0.927433,0.165572,0
-0.931735,-0.160949,0,0,0,0,0.931735,0.160949,0
-0.935899,-0.156302,0,0,0,0,0.935899,0.156302,0
-0.939926,-0.151633,0,0,0,0,0.939926,0.151633,0
-0.943817,-0.146941,0,0,0,0,0.943817,0.146941,0
-0.947573,-0.142228,0,0,0,0,0.947573,0.142228,0
-0.951193,-0.137495,0,0,0,0,0.951193,0.137495,0
-0.95468,-0.132743,0,0,0,0,0.95468,0.132743,0
-0.958034,-0.127972,0,0,0,0,0.958034,0.127972,0
-0.961255,-0.123183,0,0,0,0,0.961255,0.123183,0
-0.964344,-0.118377,0,0,0,0,0.964344,0.118377,0
-0.967302,-0.113556,0,0,0,0,0.967302,0.113556,0
-0.970128,-0.108719,0,0,0,0,0.970128,0.108719,0
-0.972825,-0.103867,0,0,0,0,0.972825,0.103867,0
-0.975391,-0.0990015,0,0,0,0,0.975391,0.0990015,0
-0.977828,-0.0941228,0,0,0,0,0.977828,0.0941228,0
-0.980137,-0.0892317,0,0,0,0,0.980137,0.0892317,0
-0.982316,-0.0843289,0,0,0,0,0.982316,0.0843289,0
-0.984368,-0.0794152,0,0,0,0,0.984368,0.0794152,0
-0.986292,-0.0744911,0,0,0,0,0.986292,0.0744911,0
-0.988088,-0.0695574,0,0,0,0,0.988088,0.0695574,0
-0.989757,-0.0646147,0,0,0,0,0.989757,0.0646147,0
-0.9913,-0.0596638,0,0,0,0,0.9913,0.0596638,0
-0.992716,-0.0547052,0,0,0,0,0.992716,0.0547052,0
-0.994005,-0.0497397,0,0,0,0,0.994005,0.0497397,0
-0.995169,-0.0447679,0,0,0,0,0.995169,0.0447679,0
-0.996207,-0.0397904,0,0,0,0,0.996207,0.0397904,0
-0.997119,-0.0348079,0,0,0,0,0.997119,0.0348079,0
-0.997906,-0.029821,0,0,0,0,0.997906,0.029821,0
-0.998567,-0.0248304,0,0,0,0,0.998567,0.0248304,0
-0.999103,-0.0198366,0,0,0,0,0.999103,0.0198366,0
-0.999514,-0.0148404,0,0,0,0,0.999514,0.0148404,0
-0.9998,-0.00984234,0,0,0,0,0.9998,0.00984234,0
-0.999961,-0.00484303,0,0,0,0,0.999961,0.00484303,0
-0.999997,0.000156894,0,0,0,0,0.999997,-0.000156894,0
-0.999907,0.00515679,0,0,0,0,0.999907,-0.00515679,0
-0.999693,0.010156,0,0,0,0,0.999693,-0.010156,0
-0.999354,0.015154,0,0,0,0,0.999354,-0.015154,0
-0.99889,0.0201501,0,0,0,0,0.99889,-0.0201501,0
-0.9983,0.0251437,0,0,0,0,0.9983,-0.0251437,0
-0.997585,0.0301341,0,0,0,0,0.997585,-0.0301341,0
-0.996745,0.0351207,0,0,0,0,0.996745,-0.0351207,0
-0.995779,0.0401029,0,0,0,0,0.995779,-0.0401029,0
-0.994687,0.04508,0,0,0,0,0.994687,-0.04508,0
-0.993469,0.0500514,0,0,0,0,0.993469,-0.0500514,0
-0.992126,0.0550165,0,0,0,0,0.992126,-0.0550165,0
-0.990655,0.0599745,0,0,0,0,0.990655,-0.0599745,0
-0.989059,0.0649249,0,0,0,0,0.989059,-0.0649249,0
-0.987335,0.069867,0,0,0,0,0.987335,-0.069867,0
-0.985484,0.0748,0,0,0,0,0.985484,-0.0748,0
-0.983505,0.0797234,0,0,0,0,0.983505,-0.0797234,0
-0.981398,0.0846363,0,0,0,0,0.981398,-0.0846363,0
-0.979163,0.0895383,0,0,0,0,0.979163,-0.0895383,0
-0.976799,0.0944284,0,0,0,0,0.976799,-0.0944284,0
-0.974306,0.099306,0,0,0,0,0.974306,-0.099306,0
-0.971684,0.10417,0,0,0,0,0.971684,-0.10417,0
-0.968931,0.109021,0,0,0,0,0.968931,-0.109021,0
-0.966047,0.113857,0,0,0,0,0.966047,-0.113857,0
-0.963033,0.118677,0,0,0,0,0.963033,-0.118677,0
-0.959886,0.123481,0,0,0,0,0.959886,-0.123481,0
-0.956607,0.128268,0,0,0,0,0.956607,-0.128268,0
-0.953196,0.133037,0,0,0,0,0.953196,-0.133037,0
-0.94965,0.137788,0,0,0,0,0.94965,-0.137788,0
-0.94597,0.142519,0,0,0,0,0.94597,-0.142519,0
-0.942155,0.14723,0,0,0,0,0.942155,-0.14723,0
-0.938205,0.151919,0,0,0,0,0.938205,-0.151919,0
-0.934117,0.156587,0,0,0,0,0.934117,-0.156587,0
-0.929893,0.161231,0,0,0,0,0.929893,-0.161231,0
-0.92553,0.165851,0,0,0,0,0.92553,-0.165851,0
-0.921028,0.170447,0,0,0,0,0.921028,-0.170447,0
-0.916385,0.175016,0,0,0,0,0.916385,-0.175016,0
-0.911602,0.179559,0,0,0,0,0.911602,-0.179559,0
-0.906677,0.184073,0,0,0,0,0.906677,-0.184073,0
-0.901608,0.188559,0,0,0,0,0.901608,-0.188559,0
-0.896395,0.193014,0,0,0,0,0.896395,-0.193014,0
-0.891037,0.197438,0,0,0,0,0.891037,-0.197438,0
-0.885533,0.20183,0,0,0,0,0.885533,-0.20183,0
-0.87988,0.206187,0,0,0,0,0.87988,-0.206187,0
-0.874079,0.21051,0,0,0,0,0.874079,-0.21051,0
-0.868127,0.214797,0,0,0,0,0.868127,-0.214797,0
-0.862024,0.219046,0,0,0,0,0.862024,-0.219046,0
-0.855767,0.223257,0,0,0,0,0.855767,-0.223257,0
-0.849356,0.227427,0,0,0,0,0.849356,-0.227427,0
-0.842788,0.231555,0,0,0,0,0.842788,-0.231555,0
-0.836063,0.235639,0,0,0,0,0.836063,-0.235639,0
-0.829179,0.239679,0,0,0,0,0.829179,-0.239679,0
-0.822133,0.243673,0,0,0,0,0.822133,-0.243673,0
-0.814924,0.247617,0,0,0,0,0.814924,-0.247617,0
-0.80755,0.251512,0,0,0,0,0.80755,-0.251512,0
-0.80001,0.255355,0,0,0,0,0.80001,-0.255355,0
-0.7923,0.259144,0,0,0,0,0.7923,-0.259144,0
-0.78442,0.262877,0,0,0,0,0.78442,-0.262877,0
-0.776366,0.266552,0,0,0,0,0.776366,-0.266552,0
-0.768137,0.270167,0,0,0,0,0.768137,-0.270167,0
-0.75973,0.273719,0,0,0,0,0.75973,-0.273719,0
-0.751143,0.277206,0,0,0,0,0.751143,-0.277206,0
-0.742373,0.280626,0,0,0,0,0.742373,-0.280626,0
-0.733417,0.283975,0,0,0,0,0.733417,-0.283975,0
-0.724273,0.287252,0,0,0,0,0.724273,-0.287252,0
-0.714937,0.290452,0,0,0,0,0.714937,-0.290452,0
-0.705407,0.293574,0,0,0,0,0.705407,-0.293574,0
-0.695679,0.296613,0,0,0,0,0.695679,-0.296613,0
-0.68575,0.299566,0,0,0,0,0.68575,-0.299566,0
-0.675616,0.302431,0,0,0,0,0.675616,-0.302431,0
-0.665274,0.305201,0,0,0,0,0.665274,-0.305201,0
-0.654721,0.307875,0,0,0,0,0.654721,-0.307875,0
-0.643951,0.310447,0,0,0,0,0.643951,-0.310447,0
-0.63296,0.312913,0,0,0,0,0.63296,-0.312913,0
-0.621745,0.315267,0,0,0,0,0.621745,-0.315267,0
-0.610301,0.317506,0,0,0,0,0.610301,-0.317506,0
-0.598622,0.319622,0,0,0,0,0.598622,-0.319622,0
-0.586704,0.32161,0,0,0,0,0.586704,-0.32161,0
-0.57454,0.323464,0,0,0,0,0.57454,-0.323464,0
-0.562127,0.325177,0,0,0,0,0.562127,-0.325177,0
-0.549456,0.326742,0,0,0,0,0.549456,-0.326742,0
-0.536523,0.32815,0,0,0,0,0.536523,-0.32815,0
-0.52332,0.329394,0,0,0,0,0.52332,-0.329394,0
-0.50984,0.330463,0,0,0,0,0.50984,-0.330463,0
-0.496076,0.331347,0,0,0,0,0.496076,-0.331347,0
-0.482021,0.332037,0,0,0,0,0.482021,-0.332037,0
-0.467664,0.332519,0,0,0,0,0.467664,-0.332519,0
-0.452998,0.332782,0,0,0,0,0.452998,-0.332782,0
-0.438013,0.33281,0,0,0,0,0.438013,-0.33281,0
-0.4227,0.332588,0,0,0,0,0.4227,-0.332588,0
-0.407046,0.332099,0,0,0,0,0.407046,-0.332099,0
-0.391042,0.331323,0,0,0,0,0.391042,-0.331323,0
-0.374674,0.33024,0,0,0,0,0.374674,-0.33024,0
-0.357931,0.328824,0,0,0,0,0.357931,-0.328824,0
-0.340798,0.327051,0,0,0,0,0.340798,-0.327051,0
-0.32326,0.324889,0,0,0,0,0.32326,-0.324889,0
-0.305303,0.322305,0,0,0,0,0.305303,-0.322305,0
-0.286909,0.319261,0,0,0,0,0.286909,-0.319261,0
-0.268062,0.315711,0,0,0,0,0.268062,-0.315711,0
-0.248743,0.311604,0,0,0,0,0.248743,-0.311604,0
-0.228934,0.306883,0,0,0,0,0.228934,-0.306883,0
-0.208614,0.301477,0,0,0,0,0.208614,-0.301477,0
-0.187766,0.295305,0,0,0,0,0.187766,-0.295305,0
-0.16637,0.28827,0,0,0,0,0.16637,-0.28827,0
-0.14441,0.280256,0,0,0,0,0.14441,-0.280256,0
-0.121875,0.271121,0,0,0,0,0.121875,-0.271121,0
-0.0987613,0.260692,0,0,0,0,0.0987613,-0.260692,0
-0.0750795,0.248755,0,0,0,0,0.0750795,-0.248755,0
-0.0508663,0.23504,0,0,0,0,0.0508663,-0.23504,0
-0.026202,0.219204,0,0,0,0,0.026202,-0.219204,0
-0.00124403,0.200812,0,0,0,0,0.00124403,-0.200812,0
0.0237141,0.179308,0,0,0,0,-0.0237141,-0.179308,0
0.0481377,0.154008,0,0,0,0,-0.0481377,-0.154008,0
0.0710736,0.124129,0,0,0,0,-0.0710736,-0.124129,0
0.0908987,0.0889976,0,0,0,0,-0.0908987,-0.0889976,0
0.105161,0.0485953,0,0,0,0,-0.105161,-0.0485953,0
0.111073,0.00446289,0,0,0,0,-0.111073,-0.00446289,0
0.107124,-0.0400527,0,0,0,0,-0.107124,0.0400527,0
0.0943661,-0.0813856,0,0,0,0,-0.0943661,0.0813856,0
0.075488,-0.117612,0,0,0,0,-0.075488,0.117612,0
0.0530776,-0.148514,0,0,0,0,-0.0530776,0.148514,0
0.0289159,-0.174694,0,0,0,0,-0.0289159,0.174694,0
0.00406592,-0.196933,0,0,0,0,-0.00406592,0.196933,0
-0.0208719,-0.215939,0,0,0,0,0.0208719,0.215939,0
-0.0455661,-0.232292,0,0,0,0,0.0455661,0.232292,0
-0.0698378,-0.246448,0,0,0,0,0.0698378,0.246448,0
-0.093594,-0.258765,0,0,0,0,0.093594,0.258765,0
-0.116791,-0.269524,0,0,0,0,0.116791,0.269524,0
-0.139413,-0.278951,0,0,0,0,0.139413,0.278951,0
-0.161461,-0.287225,0,0,0,0,0.161461,0.287225,0
-0.182946,-0.294494,0,0,0,0,0.182946,0.294494,0
-0.203882,-0.300877,0,0,0,0,0.203882,0.300877,0
-0.224287,-0.306476,0,0,0,0,0.224287,0.306476,0
-0.244181,-0.311374,0,0,0,0,0.244181,0.311374,0
-0.263581,-0.315643,0,0,0,0,0.263581,0.315643,0
-0.282508,-0.319344,0,0,0,0,0.282508,0.319344,0
-0.300979,-0.32253,0,0,0,0,0.300979,0.32253,0
-0.319012,-0.325245,0,0,0,0,0.319012,0.325245,0
-0.336624,-0.32753,0,0,0,0,0.336624,0.32753,0
-0.353828,-0.32942,0,0,0,0,0.353828,0.32942,0
-0.370642,-0.330945,0,0,0,0,0.370642,0.330945,0
-0.387078,-0.332132,0,0,0,0,0.387078,0.332132,0
-0.403149,-0.333007,0,0,0,0,0.403149,0.333007,0
-0.418867,-0.33359,0,0,0,0,0.418867,0.33359,0
-0.434244,-0.333901,0,0,0,0,0.434244,0.333901,0
-0.449291,-0.333958,0,0,0,0,0.449291,0.333958,0
-0.464018,-0.333777,0,0,0,0,0.464018,0.333777,0
-0.478435,-0.333373,0,0,0,0,0.478435,0.333373,0
-0.492549,-0.332758,0,0,0,0,0.492549,0.332758,0
-0.506371,-0.331945,0,0,0,0,0.506371,0.331945,0
-0.519907,-0.330946,0,0,0,0,0.519907,0.330946,0
-0.533165,-0.329769,0,0,0,0,0.533165,0.329769,0
-0.546153,-0.328425,0,0,0,0,0.546153,0.328425,0
-0.558878,-0.326923,0,0,0,0,0.558878,0.326923,0
-0.571345,-0.325269,0,0,0,0,0.571345,0.325269,0
-0.58356,-0.323473,0,0,0,0,0.58356,0.323473,0
-0.59553,-0.321541,0,0,0,0,0.59553,0.321541,0
-0.60726,-0.319478,0,0,0,0,0.60726,0.319478,0
-0.618754,-0.317293,0,0,0,0,0.618754,0.317293,0
-0.630019,-0.314989,0,0,0,0,0.630019,0.314989,0
-0.641059,-0.312572,0,0,0,0,0.641059,0.312572,0
-0.651877,-0.310048,0,0,0,0,0.651877,0.310048,0
-0.662479,-0.307421,0,0,0,0,0.662479,0.307421,0
-0.672868,-0.304695,0,0,0,0,0.672868,0.304695,0
-0.683048,-0.301874,0,0,0,0,0.683048,0.301874,0
-0.693024,-0.298963,0,0,0,0,0.693024,0.298963,0
-0.702798,-0.295965,0,0,0,0,0.702798,0.295965,0
-0.712374,-0.292884,0,0,0,0,0.712374,0.292884,0
-0.721755,-0.289722,0,0,0,0,0.721755,0.289722,0
-0.730944,-0.286483,0,0,0,0,0.730944,0.286483,0
-0.739944,-0.283171,0,0,0,0,0.739944,0.283171,0
-0.748759,-0.279787,0,0,0,0,0.748759,0.279787,0
-0.75739,-0.276335,0,0,0,0,0.75739,0.276335,0
-0.76584,-0.272817,0,0,0,0,0.76584,0.272817,0
-0.774112,-0.269235,0,0,0,0,0.774112,0.269235,0
-0.782209,-0.265592,0,0,0,0,0.782209,0.265592,0
-0.790132,-0.26189,0,0,0,0,0.790132,0.26189,0
-0.797884,-0.258132,0,0,0,0,0.797884,0.258132,0
-0.805466,-0.254319,0,0,0,0,0.805466,0.254319,0
-0.812882,-0.250453,0,0,0,0,0.812882,0.250453,0
-0.820132,-0.246536,0,0,0,0,0.820132,0.246536,0
-0.827219,-0.24257,0,0,0,0,0.827219,0.24257,0
-0.834145,-0.238557,0,0,0,0,0.834145,0.238557,0
-0.840911,-0.234498,0,0,0,0,0.840911,0.234498,0
-0.847519,-0.230395,0,0,0,0,0.847519,0.230395,0
-0.853971,-0.226249,0,0,0,0,0.853971,0.226249,0
-0.860268,-0.222063,0,0,0,0,0.860268,0.222063,0
-0.866412,-0.217836,0,0,0,0,0.866412,0.217836,0
-0.872403,-0.213572,0,0,0,0,0.872403,0.213572,0
-0.878245,-0.209271,0,0,0,0,0.878245,0.209271,0
-0.883937,-0.204934,0,0,0,0,0.883937,0.204934,0
-0.889481,-0.200563,0,0,0,0,0.889481,0.200563,0
-0.894878,-0.196159,0,0,0,0,0.894878,0.196159,0
-0.90013,-0.191723,0,0,0,0,0.90013,0.191723,0
-0.905238,-0.187256,0,0,0,0,0.905238,0.187256,0
-0.910202,-0.18276,0,0,0,0,0.910202,0.18276,0
-0.915024,-0.178235,0,0,0,0,0.915024,0.178235,0
-0.919705,-0.173683,0,0,0,0,0.919705,0.173683,0
-0.924246,-0.169104,0,0,0,0,0.924246,0.169104,0
-0.928647,-0.1645,0,0,0,0,0.928647,0.1645,0
-0.93291,-0.159871,0,0,0,0,0.93291,0.159871,0
-0.937036,-0.155218,0,0,0,0,0.937036,0.155218,0
-0.941025,-0.150543,0,0,0,0,0.941025,0.150543,0
-0.944878,-0.145846,0,0,0,0,0.944878,0.145846,0
-0.948595,-0.141129,0,0,0,0,0.948595,0.141129,0
-0.952179,-0.136391,0,0,0,0,0.952179,0.136391,0
-0.955628,-0.131634,0,0,0,0,0.955628,0.131634,0
-0.958945,-0.126859,0,0,0,0,0.958945,0.126859,0
-0.962129,-0.122066,0,0,0,0,0.962129,0.122066,0
-0.965181,-0.117257,0,0,0,0,0.965181,0.117257,0
-0.968102,-0.112431,0,0,0,0,0.968102,0.112431,0
-0.970893,-0.107591,0,0,0,0,0.970893,0.107591,0
-0.973553,-0.102736,0,0,0,0,0.973553,0.102736,0
-0.976083,-0.0978669,0,0,0,0,0.976083,0.0978669,0
-0.978484,-0.0929853,0,0,0,0,0.978484,0.0929853,0
-0.980756,-0.0880914,0,0,0,0,0.980756,0.0880914,0
-0.9829,-0.0831859,0,0,0,0,0.9829,0.0831859,0
-0.984916,-0.0782697,0,0,0,0,0.984916,0.0782697,0
-0.986804,-0.0733433,0,0,0,0,0.986804,0.0733433,0
-0.988565,-0.0684074,0,0,0,0,0.988565,0.0684074,0
-0.990199,-0.0634627,0,0,0,0,0.990199,0.0634627,0
-0.991706,-0.0585099,0,0,0,0,0.991706,0.0585099,0
-0.993087,-0.0535497,0,0,0,0,0.993087,0.0535497,0
-0.994342,-0.0485826,0,0,0,0,0.994342,0.0485826,0
-0.99547,-0.0436094,0,0,0,0,0.99547,0.0436094,0
-0.996473,-0.0386307,0,0,0,0,0.996473,0.0386307,0
-0.99735,-0.0336471,0,0,0,0,0.99735,0.0336471,0
-0.998102,-0.0286593,0,0,0,0,0.998102,0.0286593,0
-0.998729,-0.0236679,0,0,0,0,0.998729,0.0236679,0
-0.99923,-0.0186735,0,0,0,0,0.99923,0.0186735,0
-0.999606,-0.0136768,0,0,0,0,0.999606,0.0136768,0
-0.999857,-0.00867837,0,0,0,0,0.999857,0.00867837,0
-0.999983,-0.00367886,0,0,0,0,0.999983,0.00367886,0
-0.999984,0.00132112,0,0,0,0,0.999984,-0.00132112,0
-0.99986,0.00632093,0,0,0,0,0.99986,-0.00632093,0
-0.999611,0.01132,0,0,0,0,0.999611,-0.01132,0
-0.999237,0.0163176,0,0,0,0,0.999237,-0.0163176,0
-0.998738,0.0213131,0,0,0,0,0.998738,-0.0213131,0
-0.998113,0.026306,0,0,0,0,0.998113,-0.026306,0
-0.997363,0.0312956,0,0,0,0,0.997363,-0.0312956,0
-0.996488,0.0362812,0,0,0,0,0.996488,-0.0362812,0
-0.995487,0.0412623,0,0,0,0,0.995487,-0.0412623,0
-0.99436,0.0462382,0,0,0,0,0.99436,-0.0462382,0
-0.993108,0.0512082,0,0,0,0,0.993108,-0.0512082,0
-0.991729,0.0561717,0,0,0,0,0.991729,-0.0561717,0
-0.990223,0.061128,0,0,0,0,0.990223,-0.061128,0
-0.988591,0.0660765,0,0,0,0,0.988591,-0.0660765,0
-0.986832,0.0710165,0,0,0,0,0.986832,-0.0710165,0
-0.984945,0.0759473,0,0,0,0,0.984945,-0.0759473,0
-0.982931,0.0808683,0,0,0,0,0.982931,-0.0808683,0
-0.980788,0.0857788,0,0,0,0,0.980788,-0.0857788,0
-0.978517,0.090678,0,0,0,0,0.978517,-0.090678,0
-0.976117,0.0955653,0,0,0,0,0.976117,-0.0955653,0
-0.973588,0.10044,0,0,0,0,0.973588,-0.10044,0
-0.970929,0.105301,0,0,0,0,0.970929,-0.105301,0
-0.96814,0.110148,0,0,0,0,0.96814,-0.110148,0
-0.96522,0.11498,0,0,0,0,0.96522,-0.11498,0
-0.962169,0.119797,0,0,0,0,0.962169,-0.119797,0
-0.958985,0.124597,0,0,0,0,0.958985,-0.124597,0
-0.955669,0.12938,0,0,0,0,0.955669,-0.12938,0
-0.95222,0.134145,0,0,0,0,0.95222,-0.134145,0
-0.948637,0.138891,0,0,0,0,0.948637,-0.138891,0
-0.94492,0.143617,0,0,0,0,0.94492,-0.143617,0
-0.941067,0.148323,0,0,0,0,0.941067,-0.148323,0
-0.937078,0.153007,0,0,0,0,0.937078,-0.153007,0
-0.932952,0.157669,0,0,0,0,0.932952,-0.157669,0
-0.928689,0.162308,0,0,0,0,0.928689,-0.162308,0
-0.924287,0.166922,0,0,0,0,0.924287,-0.166922,0
-0.919746,0.171512,0,0,0,0,0.919746,-0.171512,0
-0.915064,0.176075,0,0,0,0,0.915064,-0.176075,0
-0.910241,0.180611,0,0,0,0,0.910241,-0.180611,0
-0.905275,0.185118,0,0,0,0,0.905275,-0.185118,0
-0.900166,0.189597,0,0,0,0,0.900166,-0.189597,0
-0.894913,0.194044,0,0,0,0,0.894913,-0.194044,0
-0.889514,0.198461,0,0,0,0,0.889514,-0.198461,0
-0.883968,0.202844,0,0,0,0,0.883968,-0.202844,0
-0.878274,0.207194,0,0,0,0,0.878274,-0.207194,0
-0.87243,0.211508,0,0,0,0,0.87243,-0.211508,0
-0.866436,0.215786,0,0,0,0,0.866436,-0.215786,0
-0.860289,0.220026,0,0,0,0,0.860289,-0.220026,0
-0.853989,0.224226,0,0,0,0,0.853989,-0.224226,0
-0.847534,0.228386,0,0,0,0,0.847534,-0.228386,0
-0.840922,0.232504,0,0,0,0,0.840922,-0.232504,0
-0.834152,0.236577,0,0,0,0,0.834152,-0.236577,0
-0.827222,0.240606,0,0,0,0,0.827222,-0.240606,0
-0.82013,0.244587,0,0,0,0,0.82013,-0.244587,0
-0.812875,0.24852,0,0,0,0,0.812875,-0.24852,0
-0.805454,0.252402,0,0,0,0,0.805454,-0.252402,0
-0.797866,0.256232,0,0,0,0,0.797866,-0.256232,0
-0.790108,0.260007,0,0,0,0,0.790108,-0.260007,0
-0.782179,0.263725,0,0,0,0,0.782179,-0.263725,0
-0.774076,0.267385,0,0,0,0,0.774076,-0.267385,0
-0.765797,0.270985,0,0,0,0,0.765797,-0.270985,0
-0.757339,0.274521,0,0,0,0,0.757339,-0.274521,0
-0.7487,0.277991,0,0,0,0,0.7487,-0.277991,0
-0.739877,0.281393,0,0,0,0,0.739877,-0.281393,0
-0.730868,0.284724,0,0,0,0,0.730868,-0.284724,0
-0.721669,0.287982,0,0,0,0,0.721669,-0.287982,0
-0.712278,0.291162,0,0,0,0,0.712278,-0.291162,0
-0.702692,0.294263,0,0,0,0,0.702692,-0.294263,0
-0.692907,0.297281,0,0,0,0,0.692907,-0.297281,0
-0.68292,0.300211,0,0,0,0,0.68292,-0.300211,0
-0.672727,0.303052,0,0,0,0,0.672727,-0.303052,0
-0.662325,0.305798,0,0,0,0,0.662325,-0.305798,0
-0.65171,0.308446,0,0,0,0,0.65171,-0.308446,0
-0.640877,0.31099,0,0,0,0,0.640877,-0.31099,0
-0.629823,0.313427,0,0,0,0,0.629823,-0.313427,0
-0.618543,0.315752,0,0,0,0,0.618543,-0.315752,0
-0.607031,0.317959,0,0,0,0,0.607031,-0.317959,0
-0.595284,0.320042,0,0,0,0,0.595284,-0.320042,0
-0.583296,0.321996,0,0,0,0,0.583296,-0.321996,0
-0.571061,0.323813,0,0,0,0,0.571061,-0.323813,0
-0.558574,0.325488,0,0,0,0,0.558574,-0.325488,0
-0.545829,0.327011,0,0,0,0,0.545829,-0.327011,0
-0.532819,0.328376,0,0,0,0,0.532819,-0.328376,0
-0.519537,0.329574,0,0,0,0,0.519537,-0.329574,0
-0.505976,0.330594,0,0,0,0,0.505976,-0.330594,0
-0.492128,0.331428,0,0,0,0,0.492128,-0.331428,0
-0.477986,0.332063,0,0,0,0,0.477986,-0.332063,0
-0.463541,0.332487,0,0,0,0,0.463541,-0.332487,0
-0.448784,0.332687,0,0,0,0,0.448784,-0.332687,0
-0.433705,0.332649,0,0,0,0,0.433705,-0.332649,0
-0.418294,0.332356,0,0,0,0,0.418294,-0.332356,0
-0.40254,0.33179,0,0,0,0,0.40254,-0.33179,0
-0.386431,0.330932,0,0,0,0,0.386431,-0.330932,0
-0.369956,0.329759,0,0,0,0,0.369956,-0.329759,0
-0.3531,0.328248,0,0,0,0,0.3531,-0.328248,0
-0.335851,0.32637,0,0,0,0,0.335851,-0.32637,0
-0.318193,0.324095,0,0,0,0,0.318193,-0.324095,0
-0.30011,0.321387,0,0,0,0,0.30011,-0.321387,0
-0.281586,0.318206,0,0,0,0,0.281586,-0.318206,0
-0.262603,0.314506,0,0,0,0,0.262603,-0.314506,0
-0.243143,0.310233,0,0,0,0,0.243143,-0.310233,0
-0.223186,0.305327,0,0,0,0,0.223186,-0.305327,0
-0.202714,0.299713,0,0,0,0,0.202714,-0.299713,0
-0.181707,0.293308,0,0,0,0,0.181707,-0.293308,0
-0.160147,0.286008,0,0,0,0,0.160147,-0.286008,0
-0.138019,0.277692,0,0,0,0,0.138019,-0.277692,0
-0.115313,0.268208,0,0,0,0,0.115313,-0.268208,0
-0.0920296,0.257373,0,0,0,0,0.0920296,-0.257373,0
-0.0681851,0.244958,0,0,0,0,0.0681851,-0.244958,0
-0.0438262,0.230674,0,0,0,0,0.0438262,-0.230674,0
-0.0190513,0.214154,0,0,0,0,0.0190513,-0.214154,0
0.00595053,0.19493,0,0,0,0,-0.00595053,-0.19493,0
0.0308296,0.17241,0,0,0,0,-0.0308296,-0.17241,0
0.0549522,0.145871,0,0,0,0,-0.0549522,-0.145871,0
0.0771989,0.114532,0,0,0,0,-0.0771989,-0.114532,0
0.0957085,0.0778289,0,0,0,0,-0.0957085,-0.0778289,0
0.107831,0.0361014,0,0,0,0,-0.107831,-0.0361014,0
0.110948,-0.00854026,0,0,0,0,-0.110948,0.00854026,0
0.104243,-0.052452,0,0,0,0,-0.104243,0.052452,0
0.0894245,-0.0924176,0,0,0,0,-0.0894245,0.0924176,0
0.0692988,-0.127076,0,0,0,0,-0.0692988,0.127076,0
0.0462426,-0.156538,0,0,0,0,-0.0462426,0.156538,0
0.0218042,-0.181504,0,0,0,0,-0.0218042,0.181504,0
-0.00311209,-0.202746,0,0,0,0,0.00311209,0.202746,0
-0.0279998,-0.220937,0,0,0,0,0.0279998,0.220937,0
-0.0525809,-0.236618,0,0,0,0,0.0525809,0.236618,0
-0.0767062,-0.250214,0,0,0,0,0.0767062,0.250214,0
-0.1003,-0.262061,0,0,0,0,0.1003,0.262061,0
-0.123328,-0.272419,0,0,0,0,0.123328,0.272419,0
-0.145781,-0.281502,0,0,0,0,0.145781,0.281502,0
-0.167662,-0.289477,0,0,0,0,0.167662,0.289477,0
-0.188984,-0.296483,0,0,0,0,0.188984,0.296483,0
-0.209762,-0.302636,0,0,0,0,0.209762,0.302636,0
-0.230016,-0.308029,0,0,0,0,0.230016,0.308029,0
-0.249763,-0.312744,0,0,0,0,0.249763,0.312744,0
-0.269024,-0.316848,0,0,0,0,0.269024,0.316848,0
-0.287816,-0.3204,0,0,0,0,0.287816,0.3204,0
-0.306157,-0.32345,0,0,0,0,0.306157,0.32345,0
-0.324065,-0.326042,0,0,0,0,0.324065,0.326042,0
-0.341557,-0.328214,0,0,0,0,0.341557,0.328214,0
-0.358646,-0.33,0,0,0,0,0.358646,0.33,0
-0.375348,-0.331429,0,0,0,0,0.375348,0.331429,0
-0.391677,-0.332528,0,0,0,0,0.391677,0.332528,0
-0.407644,-0.333321,0,0,0,0,0.407644,0.333321,0
-0.423262,-0.333827,0,0,0,0,0.423262,0.333827,0
-0.438543,-0.334068,0,0,0,0,0.438543,0.334068,0
-0.453496,-0.334059,0,0,0,0,0.453496,0.334059,0
-0.468132,-0.333816,0,0,0,0,0.468132,0.333816,0
-0.48246,-0.333353,0,0,0,0,0.48246,0.333353,0
-0.496489,-0.332684,0,0,0,0,0.496489,0.332684,0
-0.510228,-0.33182,0,0,0,0,0.510228,0.33182,0
-0.523683,-0.330771,0,0,0,0,0.523683,0.330771,0
-0.536863,-0.329549,0,0,0,0,0.536863,0.329549,0
-0.549774,-0.328162,0,0,0,0,0.549774,0.328162,0
-0.562423,-0.326619,0,0,0,0,0.562423,0.326619,0
-0.574817,-0.324927,0,0,0,0,0.574817,0.324927,0
-0.586962,-0.323094,0,0,0,0,0.586962,0.323094,0
-0.598862,-0.321127,0,0,0,0,0.598862,0.321127,0
-0.610524,-0.319031,0,0,0,0,0.610524,0.319031,0
-0.621952,-0.316814,0,0,0,0,0.621952,0.316814,0
-0.633152,-0.31448,0,0,0,0,0.633152,0.31448,0
-0.644127,-0.312035,0,0,0,0,0.644127,0.312035,0
-0.654883,-0.309484,0,0,0,0,0.654883,0.309484,0
-0.665424,-0.30683,0,0,0,0,0.665424,0.30683,0
-0.675753,-0.304079,0,0,0,0,0.675753,0.304079,0
-0.685874,-0.301235,0,0,0,0,0.685874,0.301235,0
-0.695792,-0.298301,0,0,0,0,0.695792,0.298301,0
-0.705509,-0.295282,0,0,0,0,0.705509,0.295282,0
-0.715029,-0.292179,0,0,0,0,0.715029,0.292179,0
-0.724355,-0.288998,0,0,0,0,0.724355,0.288998,0
-0.73349,-0.28574,0,0,0,0,0.73349,0.28574,0
-0.742437,-0.282409,0,0,0,0,0.742437,0.282409,0
-0.751199,-0.279007,0,0,0,0,0.751199,0.279007,0
-0.759778,-0.275538,0,0,0,0,0.759778,0.275538,0
-0.768178,-0.272004,0,0,0,0,0.768178,0.272004,0
-0.7764,-0.268406,0,0,0,0,0.7764,0.268406,0
-0.784447,-0.264749,0,0,0,0,0.784447,0.264749,0
-0.792321,-0.261032,0,0,0,0,0.792321,0.261032,0
-0.800025,-0.25726,0,0,0,0,0.800025,0.25726,0
-0.80756,-0.253434,0,0,0,0,0.80756,0.253434,0
-0.814929,-0.249555,0,0,0,0,0.814929,0.249555,0
-0.822133,-0.245625,0,0,0,0,0.822133,0.245625,0
-0.829174,-0.241648,0,0,0,0,0.829174,0.241648,0
-0.836055,-0.237623,0,0,0,0,0.836055,0.237623,0
-0.842776,-0.233553,0,0,0,0,0.842776,0.233553,0
-0.84934,-0.229439,0,0,0,0,0.84934,0.229439,0
-0.855748,-0.225284,0,0,0,0,0.855748,0.225284,0
-0.862001,-0.221087,0,0,0,0,0.862001,0.221087,0
-0.868102,-0.216852,0,0,0,0,0.868102,0.216852,0
-0.874051,-0.212578,0,0,0,0,0.874051,0.212578,0
-0.87985,-0.208268,0,0,0,0,0.87985,0.208268,0
-0.8855,-0.203923,0,0,0,0,0.8855,0.203923,0
-0.891003,-0.199544,0,0,0,0,0.891003,0.199544,0
-0.896359,-0.195132,0,0,0,0,0.896359,0.195132,0
-0.901571,-0.190689,0,0,0,0,0.901571,0.190689,0
-0.906638,-0.186215,0,0,0,0,0.906638,0.186215,0
-0.911562,-0.181711,0,0,0,0,0.911562,0.181711,0
-0.916345,-0.17718,0,0,0,0,0.916345,0.17718,0
-0.920986,-0.172621,0,0,0,0,0.920986,0.172621,0
-0.925488,-0.168036,0,0,0,0,0.925488,0.168036,0
-0.92985,-0.163425,0,0,0,0,0.92985,0.163425,0
-0.934075,-0.158791,0,0,0,0,0.934075,0.158791,0
-0.938162,-0.154133,0,0,0,0,0.938162,0.154133,0
-0.942113,-0.149452,0,0,0,0,0.942113,0.149452,0
-0.945928,-0.144751,0,0,0,0,0.945928,0.144751,0
-0.949608,-0.140028,0,0,0,0,0.949608,0.140028,0
-0.953154,-0.135286,0,0,0,0,0.953154,0.135286,0
-0.956566,-0.130524,0,0,0,0,0.956566,0.130524,0
-0.959845,-0.125745,0,0,0,0,0.959845,0.125745,0
-0.962993,-0.120948,0,0,0,0,0.962993,0.120948,0
-0.966008,-0.116135,0,0,0,0,0.966008,0.116135,0
-0.968893,-0.111306,0,0,0,0,0.968893,0.111306,0
-0.971646,-0.106462,0,0,0,0,0.971646,0.106462,0
-0.97427,-0.101604,0,0,0,0,0.97427,0.101604,0
-0.976765,-0.0967317,0,0,0,0,0.976765,0.0967317,0
-0.97913,-0.0918471,0,0,0,0,0.97913,0.0918471,0
-0.981366,-0.0869504,0,0,0,0,0.981366,0.0869504,0
-0.983474,-0.0820424,0,0,0,0,0.983474,0.0820424,0
-0.985455,-0.0771236,0,0,0,0,0.985455,0.0771236,0
-0.987307,-0.072195,0,0,0,0,0.987307,0.072195,0
-0.989033,-0.067257,0,0,0,0,0.989033,0.067257,0
-0.990631,-0.0623103,0,0,0,0,0.990631,0.0623103,0
-0.992103,-0.0573557,0,0,0,0,0.992103,0.0573557,0
-0.993449,-0.0523938,0,0,0,0,0.993449,0.0523938,0
-0.994668,-0.0474253,0,0,0,0,0.994668,0.0474253,0
-0.995762,-0.0424507,0,0,0,0,0.995762,0.0424507,0
-0.99673,-0.0374708,0,0,0,0,0.99673,0.0374708,0
-0.997572,-0.0324862,0,0,0,0,0.997572,0.0324862,0
-0.998289,-0.0274974,0,0,0,0,0.998289,0.0274974,0
-0.99888,-0.0225053,0,0,0,0,0.99888,0.0225053,0
-0.999347,-0.0175103,0,0,0,0,0.999347,0.0175103,0
-0.999688,-0.0125131,0,0,0,0,0.999688,0.0125131,0
-0.999904,-0.00751435,0,0,0,0,0.999904,0.00751435,0
-0.999996,-0.00251466,0,0,0,0,0.999996,0.00251466,0
-0.999962,0.00248535,0,0,0,0,0.999962,-0.00248535,0
-0.999803,0.00748504,0,0,0,0,0.999803,-0.00748504,0
-0.999519,0.0124838,0,0,0,0,0.999519,-0.0124838,0
-0.99911,0.017481,0,0,0,0,0.99911,-0.017481,0
-0.998576,0.022476,0,0,0,0,0.998576,-0.022476,0
-0.997917,0.0274682,0,0,0,0,0.997917,-0.0274682,0
-0.997132,0.0324569,0,0,0,0,0.997132,-0.0324569,0
-0.996222,0.0374416,0,0,0,0,0.996222,-0.0374416,0
-0.995186,0.0424215,0,0,0,0,0.995186,-0.0424215,0
-0.994024,0.047396,0,0,0,0,0.994024,-0.047396,0
-0.992736,0.0523646,0,0,0,0,0.992736,-0.0523646,0
-0.991322,0.0573265,0,0,0,0,0.991322,-0.0573265,0
-0.989781,0.062281,0,0,0,0,0.989781,-0.062281,0
-0.988113,0.0672276,0,0,0,0,0.988113,-0.0672276,0
-0.986319,0.0721656,0,0,0,0,0.986319,-0.0721656,0
-0.984396,0.0770942,0,0,0,0,0.984396,-0.0770942,0
-0.982346,0.0820127,0,0,0,0,0.982346,-0.0820127,0
-0.980168,0.0869206,0,0,0,0,0.980168,-0.0869206,0
-0.977861,0.0918171,0,0,0,0,0.977861,-0.0918171,0
-0.975425,0.0967015,0,0,0,0,0.975425,-0.0967015,0
-0.97286,0.101573,0,0,0,0,0.97286,-0.101573,0
-0.970165,0.106431,0,0,0,0,0.970165,-0.106431,0
-0.967339,0.111275,0,0,0,0,0.967339,-0.111275,0
-0.964382,0.116103,0,0,0,0,0.964382,-0.116103,0
-0.961294,0.120916,0,0,0,0,0.961294,-0.120916,0
-0.958074,0.125712,0,0,0,0,0.958074,-0.125712,0
-0.954721,0.130491,0,0,0,0,0.954721,-0.130491,0
-0.951234,0.135251,0,0,0,0,0.951234,-0.135251,0
-0.947614,0.139993,0,0,0,0,0.947614,-0.139993,0
-0.943858,0.144714,0,0,0,0,0.943858,-0.144714,0
-0.939968,0.149415,0,0,0,0,0.939968,-0.149415,0
-0.935941,0.154094,0,0,0,0,0.935941,-0.154094,0
-0.931776,0.158751,0,0,0,0,0.931776,-0.158751,0
-0.927474,0.163384,0,0,0,0,0.927474,-0.163384,0
-0.923033,0.167992,0,0,0,0,0.923033,-0.167992,0
-0.918453,0.172575,0,0,0,0,0.918453,-0.172575,0
-0.913731,0.177132,0,0,0,0,0.913731,-0.177132,0
-0.908868,0.181661,0,0,0,0,0.908868,-0.181661,0
-0.903863,0.186162,0,0,0,0,0.903863,-0.186162,0
-0.898713,0.190633,0,0,0,0,0.898713,-0.190633,0
-0.893419,0.195073,0,0,0,0,0.893419,-0.195073,0
-0.887979,0.199482,0,0,0,0,0.887979,-0.199482,0
-0.882391,0.203857,0,0,0,0,0.882391,-0.203857,0
-0.876655,0.208198,0,0,0,0,0.876655,-0.208198,0
-0.870769,0.212504,0,0,0,0,0.870769,-0.212504,0
-0.864732,0.216772,0,0,0,0,0.864732,-0.216772,0
-0.858542,0.221003,0,0,0,0,0.858542,-0.221003,0
-0.852199,0.225193,0,0,0,0,0.852199,-0.225193,0
-0.8457,0.229343,0,0,0,0,0.8457,-0.229343,0
-0.839043,0.23345,0,0,0,0,0.839043,-0.23345,0
-0.832228,0.237513,0,0,0,0,0.832228,-0.237513,0
-0.825253,0.24153,0,0,0,0,0.825253,-0.24153,0
-0.818115,0.245499,0,0,0,0,0.818115,-0.245499,0
-0.810813,0.249419,0,0,0,0,0.810813,-0.249419,0
-0.803345,0.253288,0,0,0,0,0.803345,-0.253288,0
-0.795709,0.257105,0,0,0,0,0.795709,-0.257105,0
-0.787903,0.260866,0,0,0,0,0.787903,-0.260866,0
-0.779924,0.26457,0,0,0,0,0.779924,-0.26457,0
-0.771771,0.268215,0,0,0,0,0.771771,-0.268215,0
-0.763442,0.271798,0,0,0,0,0.763442,-0.271798,0
-0.754932,0.275318,0,0,0,0,0.754932,-0.275318,0
-0.746241,0.278771,0,0,0,0,0.746241,-0.278771,0
-0.737366,0.282156,0,0,0,0,0.737366,-0.282156,0
-0.728303,0.285468,0,0,0,0,0.728303,-0.285468,0
-0.71905,0.288707,0,0,0,0,0.71905,-0.288707,0
-0.709604,0.291867,0,0,0,0,0.709604,-0.291867,0
-0.699961,0.294947,0,0,0,0,0.699961,-0.294947,0
-0.690119,0.297942,0,0,0,0,0.690119,-0.297942,0
-0.680073,0.30085,0,0,0,0,0.680073,-0.30085,0
-0.669821,0.303667,0,0,0,0,0.669821,-0.303667,0
-0.659359,0.306388,0,0,0,0,0.659359,-0.306388,0
-0.648682,0.309009,0,0,0,0,0.648682,-0.309009,0
-0.637786,0.311526,0,0,0,0,0.637786,-0.311526,0
-0.626667,0.313935,0,0,0,0,0.626667,-0.313935,0
-0.615321,0.316229,0,0,0,0,0.615321,-0.316229,0
-0.603743,0.318404,0,0,0,0,0.603743,-0.318404,0
-0.591927,0.320453,0,0,0,0,0.591927,-0.320453,0
-0.579868,0.322372,0,0,0,0,0.579868,-0.322372,0
-0.567562,0.324152,0,0,0,0,0.567562,-0.324152,0
-0.555001,0.325787,0,0,0,0,0.555001,-0.325787,0
-0.54218,0.327269,0,0,0,0,0.54218,-0.327269,0
-0.529092,0.32859,0,0,0,0,0.529092,-0.32859,0
-0.51573,0.329741,0,0,0,0,0.51573,-0.329741,0
-0.502087,0.330713,0,0,0,0,0.502087,-0.330713,0
-0.488155,0.331494,0,0,0,0,0.488155,-0.331494,0
-0.473927,0.332073,0,0,0,0,0.473927,-0.332073,0
-0.459392,0.332438,0,0,0,0,0.459392,-0.332438,0
-0.444543,0.332575,0,0,0,0,0.444543,-0.332575,0
-0.429368,0.332469,0,0,0,0,0.429368,-0.332469,0
-0.413859,0.332103,0,0,0,0,0.413859,-0.332103,0
-0.398003,0.331459,0,0,0,0,0.398003,-0.331459,0
-0.381789,0.330517,0,0,0,0,0.381789,-0.330517,0
-0.365205,0.329254,0,0,0,0,0.365205,-0.329254,0
-0.348236,0.327644,0,0,0,0,0.348236,-0.327644,0
-0.33087,0.325659,0,0,0,0,0.33087,-0.325659,0
-0.313089,0.323267,0,0,0,0,0.313089,-0.323267,0
-0.29488,0.320432,0,0,0,0,0.29488,-0.320432,0
-0.276223,0.317111,0,0,0,0,0.276223,-0.317111,0
-0.257103,0.313256,0,0,0,0,0.257103,-0.313256,0
-0.2375,0.308812,0,0,0,0,0.2375,-0.308812,0
-0.217394,0.303714,0,0,0,0,0.217394,-0.303714,0
-0.196767,0.297887,0,0,0,0,0.196767,-0.297887,0
-0.1756,0.29124,0,0,0,0,0.1756,-0.29124,0
-0.153874,0.283665,0,0,0,0,0.153874,-0.283665,0
-0.131577,0.275033,0,0,0,0,0.131577,-0.275033,0
-0.108701,0.265185,0,0,0,0,0.108701,-0.265185,0
-0.0852488,0.253925,0,0,0,0,0.0852488,-0.253925,0
-0.061245,0.241008,0,0,0,0,0.061245,-0.241008,0
-0.0367481,0.226125,0,0,0,0,0.0367481,-0.226125,0
-0.0118777,0.208882,0,0,0,0,0.0118777,-0.208882,0
0.01314,0.188777,0,0,0,0,-0.01314,-0.188777,0
0.0378887,0.165179,0,0,0,0,-0.0378887,-0.165179,0
0.0616188,0.137335,0,0,0,0,-0.0616188,-0.137335,0
0.0830218,0.104482,0,0,0,0,-0.0830218,-0.104482,0
0.0999896,0.0662287,0,0,0,0,-0.0999896,-0.0662287,0
0.109741,0.0233521,0,0,0,0,-0.109741,-0.0233521,0
0.109988,-0.021479,0,0,0,0,-0.109988,0.021479,0
0.100681,-0.0645079,0,0,0,0,-0.100681,0.0645079,0
0.0840474,-0.102997,0,0,0,0,-0.0840474,0.102997,0
0.0628746,-0.136104,0,0,0,0,-0.0628746,0.136104,0
0.0393002,-0.164189,0,0,0,0,-0.0393002,0.164189,0
0.0146587,-0.188006,0,0,0,0,-0.0146587,0.188006,0
-0.0102831,-0.208308,0,0,0,0,0.0102831,0.208308,0
-0.0350985,-0.225728,0,0,0,0,0.0350985,0.225728,0
-0.0595545,-0.240773,0,0,0,0,0.0595545,0.240773,0
-0.0835275,-0.253838,0,0,0,0,0.0835275,0.253838,0
-0.106956,-0.265236,0,0,0,0,0.106956,0.265236,0
-0.129815,-0.275211,0,0,0,0,0.129815,0.275211,0
-0.152099,-0.283963,0,0,0,0,0.152099,0.283963,0
-0.173815,-0.291651,0,0,0,0,0.173815,0.291651,0
-0.194975,-0.298405,0,0,0,0,0.194975,0.298405,0
-0.215598,-0.304334,0,0,0,0,0.215598,0.304334,0
-0.235701,-0.309529,0,0,0,0,0.235701,0.309529,0
-0.255304,-0.314066,0,0,0,0,0.255304,0.314066,0
-0.274426,-0.31801,0,0,0,0,0.274426,0.31801,0
-0.293085,-0.321417,0,0,0,0,0.293085,0.321417,0
-0.311298,-0.324335,0,0,0,0,0.311298,0.324335,0
-0.329083,-0.326807,0,0,0,0,0.329083,0.326807,0
-0.346456,-0.328869,0,0,0,0,0.346456,0.328869,0
-0.363431,-0.330553,0,0,0,0,0.363431,0.330553,0
-0.380023,-0.331889,0,0,0,0,0.380023,0.331889,0
-0.396246,-0.332901,0,0,0,0,0.396246,0.332901,0
-0.41211,-0.333613,0,0,0,0,0.41211,0.333613,0
-0.42763,-0.334045,0,0,0,0,0.42763,0.334045,0
-0.442814,-0.334216,0,0,0,0,0.442814,0.334216,0
-0.457674,-0.334142,0,0,0,0,0.457674,0.334142,0
-0.47222,-0.333838,0,0,0,0,0.47222,0.333838,0
-0.486461,-0.333318,0,0,0,0,0.486461,0.333318,0
-0.500405,-0.332595,0,0,0,0,0.500405,0.332595,0
-0.514061,-0.331681,0,0,0,0,0.514061,0.331681,0
-0.527436,-0.330585,0,0,0,0,0.527436,0.330585,0
-0.540538,-0.329318,0,0,0,0,0.540538,0.329318,0
-0.553373,-0.327888,0,0,0,0,0.553373,0.327888,0
-0.565948,-0.326304,0,0,0,0,0.565948,0.326304,0
-0.57827,-0.324574,0,0,0,0,0.57827,0.324574,0
-0.590343,-0.322705,0,0,0,0,0.590343,0.322705,0
-0.602174,-0.320704,0,0,0,0,0.602174,0.320704,0
-0.613768,-0.318576,0,0,0,0,0.613768,0.318576,0
-0.625131,-0.316327,0,0,0,0,0.625131,0.316327,0
-0.636266,-0.313964,0,0,0,0,0.636266,0.313964,0
-0.647178,-0.311491,0,0,0,0,0.647178,0.311491,0
-0.657872,-0.308912,0,0,0,0,0.657872,0.308912,0
-0.668351,-0.306233,0,0,0,0,0.668351,0.306233,0
-0.678621,-0.303458,0,0,0,0,0.678621,0.303458,0
-0.688683,-0.30059,0,0,0,0,0.688683,0.30059,0
-0.698543,-0.297634,0,0,0,0,0.698543,0.297634,0
-0.708204,-0.294592,0,0,0,0,0.708204,0.294592,0
-0.717668,-0.29147,0,0,0,0,0.717668,0.29147,0
-0.726939,-0.288268,0,0,0,0,0.726939,0.288268,0
-0.736021,-0.284992,0,0,0,0,0.736021,0.284992,0
-0.744915,-0.281642,0,0,0,0,0.744915,0.281642,0
-0.753625,-0.278224,0,0,0,0,0.753625,0.278224,0
-0.762153,-0.274738,0,0,0,0,0.762153,0.274738,0
-0.770501,-0.271187,0,0,0,0,0.770501,0.271187,0
-0.778674,-0.267574,0,0,0,0,0.778674,0.267574,0
-0.786671,-0.263902,0,0,0,0,0.786671,0.263902,0
-0.794497,-0.260171,0,0,0,0,0.794497,0.260171,0
-0.802153,-0.256385,0,0,0,0,0.802153,0.256385,0
-0.80964,-0.252545,0,0,0,0,0.80964,0.252545,0
-0.816962,-0.248654,0,0,0,0,0.816962,0.248654,0
-0.82412,-0.244712,0,0,0,0,0.82412,0.244712,0
-0.831116,-0.240723,0,0,0,0,0.831116,0.240723,0
-0.837951,-0.236687,0,0,0,0,0.837951,0.236687,0
-0.844628,-0.232606,0,0,0,0,0.844628,0.232606,0
-0.851147,-0.228482,0,0,0,0,0.851147,0.228482,0
-0.857512,-0.224316,0,0,0,0,0.857512,0.224316,0
-0.863722,-0.22011,0,0,0,0,0.863722,0.22011,0
-0.86978,-0.215865,0,0,0,0,0.86978,0.215865,0
-0.875687,-0.211582,0,0,0,0,0.875687,0.211582,0
-0.881444,-0.207264,0,0,0,0,0.881444,0.207264,0
-0.887052,-0.20291,0,0,0,0,0.887052,0.20291,0
-0.892514,-0.198523,0,0,0,0,0.892514,0.198523,0
-0.897829,-0.194103,0,0,0,0,0.897829,0.194103,0
-0.903,-0.189652,0,0,0,0,0.903,0.189652,0
-0.908027,-0.185171,0,0,0,0,0.908027,0.185171,0
-0.912911,-0.180661,0,0,0,0,0.912911,0.180661,0
-0.917654,-0.176123,0,0,0,0,0.917654,0.176123,0
-0.922256,-0.171557,0,0,0,0,0.922256,0.171557,0
-0.926719,-0.166966,0,0,0,0,0.926719,0.166966,0
-0.931042,-0.16235,0,0,0,0,0.931042,0.16235,0
-0.935228,-0.15771,0,0,0,0,0.935228,0.15771,0
-0.939277,-0.153046,0,0,0,0,0.939277,0.153046,0
-0.94319,-0.148361,0,0,0,0,0.94319,0.148361,0
-0.946967,-0.143654,0,0,0,0,0.946967,0.143654,0
-0.95061,-0.138926,0,0,0,0,0.95061,0.138926,0
-0.954118,-0.134179,0,0,0,0,0.954118,0.134179,0
-0.957493,-0.129414,0,0,0,0,0.957493,0.129414,0
-0.960736,-0.12463,0,0,0,0,0.960736,0.12463,0
-0.963846,-0.119829,0,0,0,0,0.963846,0.119829,0
-0.966825,-0.115012,0,0,0,0,0.966825,0.115012,0
-0.969673,-0.11018,0,0,0,0,0.969673,0.11018,0
-0.97239,-0.105332,0,0,0,0,0.97239,0.105332,0
-0.974978,-0.100471,0,0,0,0,0.974978,0.100471,0
-0.977436,-0.0955958,0,0,0,0,0.977436,0.0955958,0
-0.979765,-0.0907083,0,0,0,0,0.979765,0.0907083,0
-0.981966,-0.0858088,0,0,0,0,0.981966,0.0858088,0
-0.984038,-0.0808982,0,0,0,0,0.984038,0.0808982,0
-0.985983,-0.0759771,0,0,0,0,0.985983,0.0759771,0
-0.9878,-0.0710462,0,0,0,0,0.9878,0.0710462,0
-0.98949,-0.0661061,0,0,0,0,0.98949,0.0661061,0
-0.991054,-0.0611575,0,0,0,0,0.991054,0.0611575,0
-0.99249,-0.0562011,0,0,0,0,0.99249,0.0562011,0
-0.993801,-0.0512376,0,0,0,0,0.993801,0.0512376,0
-0.994985,-0.0462676,0,0,0,0,0.994985,0.0462676,0
-0.996044,-0.0412917,0,0,0,0,0.996044,0.0412917,0
-0.996976,-0.0363106,0,0,0,0,0.996976,0.0363106,0
-0.997784,-0.031325,0,0,0,0,0.997784,0.031325,0
-0.998466,-0.0263354,0,0,0,0,0.998466,0.0263354,0
-0.999022,-0.0213425,0,0,0,0,0.999022,0.0213425,0
-0.999454,-0.0163469,0,0,0,0,0.999454,0.0163469,0
-0.99976,-0.0113493,0,0,0,0,0.99976,0.0113493,0
-0.999942,-0.00635027,0,0,0,0,0.999942,0.00635027,0
-0.999998,-0.00135044,0,0,0,0,0.999998,0.00135044,0
-0.99993,0.00364956,0,0,0,0,0.99993,-0.00364956,0
-0.999736,0.0086491,0,0,0,0,0.999736,-0.0086491,0
-0.999417,0.0136476,0,0,0,0,0.999417,-0.0136476,0
-0.998974,0.0186443,0,0,0,0,0.998974,-0.0186443,0
-0.998405,0.0236387,0,0,0,0,0.998405,-0.0236387,0
-0.99771,0.0286302,0,0,0,0,0.99771,-0.0286302,0
-0.996891,0.033618,0,0,0,0,0.996891,-0.033618,0
-0.995945,0.0386016,0,0,0,0,0.995945,-0.0386016,0
-0.994874,0.0435804,0,0,0,0,0.994874,-0.0435804,0
-0.993678,0.0485536,0,0,0,0,0.993678,-0.0485536,0
-0.992354,0.0535207,0,0,0,0,0.992354,-0.0535207,0
-0.990905,0.0584809,0,0,0,0,0.990905,-0.0584809,0
-0.989329,0.0634337,0,0,0,0,0.989329,-0.0634337,0
-0.987626,0.0683783,0,0,0,0,0.987626,-0.0683783,0
-0.985796,0.0733141,0,0,0,0,0.985796,-0.0733141,0
-0.983838,0.0782405,0,0,0,0,0.983838,-0.0782405,0
-0.981752,0.0831566,0,0,0,0,0.981752,-0.0831566,0
-0.979538,0.0880619,0,0,0,0,0.979538,-0.0880619,0
-0.977195,0.0929556,0,0,0,0,0.977195,-0.0929556,0
-0.974723,0.097837,0,0,0,0,0.974723,-0.097837,0
-0.972122,0.102705,0,0,0,0,0.972122,-0.102705,0
-0.96939,0.10756,0,0,0,0,0.96939,-0.10756,0
-0.966528,0.1124,0,0,0,0,0.966528,-0.1124,0
-0.963535,0.117225,0,0,0,0,0.963535,-0.117225,0
-0.960409,0.122034,0,0,0,0,0.960409,-0.122034,0
-0.957152,0.126826,0,0,0,0,0.957152,-0.126826,0
-0.953762,0.131601,0,0,0,0,0.953762,-0.131601,0
-0.950238,0.136357,0,0,0,0,0.950238,-0.136357,0
-0.94658,0.141094,0,0,0,0,0.94658,-0.141094,0
-0.942787,0.14581,0,0,0,0,0.942787,-0.14581,0
-0.938858,0.150506,0,0,0,0,0.938858,-0.150506,0
-0.934792,0.15518,0,0,0,0,0.934792,-0.15518,0
-0.930589,0.159831,0,0,0,0,0.930589,-0.159831,0
-0.926249,0.164458,0,0,0,0,0.926249,-0.164458,0
-0.921769,0.16906,0,0,0,0,0.921769,-0.16906,0
-0.917149,0.173637,0,0,0,0,0.917149,-0.173637,0
-0.912388,0.178187,0,0,0,0,0.912388,-0.178187,0
-0.907485,0.18271,0,0,0,0,0.907485,-0.18271,0
-0.902439,0.187204,0,0,0,0,0.902439,-0.187204,0
-0.897249,0.191667,0,0,0,0,0.897249,-0.191667,0
-0.891914,0.1961,0,0,0,0,0.891914,-0.1961,0
-0.886432,0.200501,0,0,0,0,0.886432,-0.200501,0
-0.880803,0.204868,0,0,0,0,0.880803,-0.204868,0
-0.875025,0.2092,0,0,0,0,0.875025,-0.2092,0
-0.869096,0.213497,0,0,0,0,0.869096,-0.213497,0
-0.863016,0.217756,0,0,0,0,0.863016,-0.217756,0
-0.856783,0.221977,0,0,0,0,0.856783,-0.221977,0
-0.850396,0.226158,0,0,0,0,0.850396,-0.226158,0
-0.843853,0.230297,0,0,0,0,0.843853,-0.230297,0
-0.837152,0.234393,0,0,0,0,0.837152,-0.234393,0
-0.830291,0.238445,0,0,0,0,0.830291,-0.238445,0
-0.82327,0.24245,0,0,0,0,0.82327,-0.24245,0
-0.816086,0.246408,0,0,0,0,0.816086,-0.246408,0
-0.808737,0.250316,0,0,0,0,0.808737,-0.250316,0
-0.801222,0.254172,0,0,0,0,0.801222,-0.254172,0
-0.793538,0.257974,0,0,0,0,0.793538,-0.257974,0
-0.785683,0.261722,0,0,0,0,0.785683,-0.261722,0
-0.777655,0.265411,0,0,0,0,0.777655,-0.265411,0
-0.769453,0.269041,0,0,0,0,0.769453,-0.269041,0
-0.761072,0.272608,0,0,0,0,0.761072,-0.272608,0
-0.752511,0.276112,0,0,0,0,0.752511,-0.276112,0
-0.743768,0.279548,0,0,0,0,0.743768,-0.279548,0
-0.73484,0.282914,0,0,0,0,0.73484,-0.282914,0
-0.725723,0.286208,0,0,0,0,0.725723,-0.286208,0
-0.716415,0.289427,0,0,0,0,0.716415,-0.289427,0
-0.706913,0.292567,0,0,0,0,0.706913,-0.292567,0
-0.697214,0.295625,0,0,0,0,0.697214,-0.295625,0
-0.687314,0.298599,0,0,0,0,0.687314,-0.298599,0
-0.67721,0.301483,0,0,0,0,0.67721,-0.301483,0
-0.666898,0.304275,0,0,0,0,0.666898,-0.304275,0
-0.656374,0.306971,0,0,0,0,0.656374,-0.306971,0
-0.645635,0.309566,0,0,0,0,0.645635,-0.309566,0
-0.634676,0.312055,0,0,0,0,0.634676,-0.312055,0
-0.623492,0.314434,0,0,0,0,0.623492,-0.314434,0
-0.61208,0.316697,0,0,0,0,0.61208,-0.316697,0
-0.600434,0.31884,0,0,0,0,0.600434,-0.31884,0
-0.588549,0.320855,0,0,0,0,0.588549,-0.320855,0
-0.57642,0.322738,0,0,0,0,0.57642,-0.322738,0
-0.564041,0.32448,0,0,0,0,0.564041,-0.32448,0
-0.551405,0.326076,0,0,0,0,0.551405,-0.326076,0
-0.538508,0.327516,0,0,0,0,0.538508,-0.327516,0
-0.525342,0.328792,0,0,0,0,0.525342,-0.328792,0
-0.5119,0.329896,0,0,0,0,0.5119,-0.329896,0
-0.498174,0.330817,0,0,0,0,0.498174,-0.330817,0
-0.484158,0.331545,0,0,0,0,0.484158,-0.331545,0
-0.469841,0.332068,0,0,0,0,0.469841,-0.332068,0
-0.455217,0.332372,0,0,0,0,0.455217,-0.332372,0
-0.440274,0.332444,0,0,0,0,0.440274,-0.332444,0
-0.425004,0.332269,0,0,0,0,0.425004,-0.332269,0
-0.409395,0.331829,0,0,0,0,0.409395,-0.331829,0
-0.393437,0.331106,0,0,0,0,0.393437,-0.331106,0
-0.377116,0.330078,0,0,0,0,0.377116,-0.330078,0
-0.360422,0.328721,0,0,0,0,0.360422,-0.328721,0
-0.343339,0.327011,0,0,0,0,0.343339,-0.327011,0
-0.325853,0.324917,0,0,0,0,0.325853,-0.324917,0
-0.307949,0.322405,0,0,0,0,0.307949,-0.322405,0
-0.289611,0.319439,0,0,0,0,0.289611,-0.319439,0
-0.270821,0.315974,0,0,0,0,0.270821,-0.315974,0
-0.251562,0.31196,0,0,0,0,0.251562,-0.31196,0
-0.231814,0.307339,0,0,0,0,0.231814,-0.307339,0
-0.211557,0.302044,0,0,0,0,0.211557,-0.302044,0
-0.190774,0.295995,0,0,0,0,0.190774,-0.295995,0
-0.169445,0.289098,0,0,0,0,0.169445,-0.289098,0
-0.147553,0.281237,0,0,0,0,0.147553,-0.281237,0
-0.125086,0.272277,0,0,0,0,0.125086,-0.272277,0
-0.102038,0.262049,0,0,0,0,0.102038,-0.262049,0
-0.0784194,0.250343,0,0,0,0,0.0784194,-0.250343,0
-0.0542608,0.236898,0,0,0,0,0.0542608,-0.236898,0
-0.0296354,0.221383,0,0,0,0,0.0296354,-0.221383,0
-0.00468741,0.203375,0,0,0,0,0.00468741,-0.203375,0
0.0203125,0.182336,0,0,0,0,-0.0203125,-0.182336,0
0.04487,0.157595,0,0,0,0,-0.04487,-0.157595,0
0.0681004,0.128379,0,0,0,0,-0.0681004,-0.128379,0
0.0884834,0.0939748,0,0,0,0,-0.0884834,-0.0939748,0
0.103669,0.054229,0,0,0,0,-0.103669,-0.054229,0
0.110843,0.0104308,0,0,0,0,-0.110843,-0.0104308,0
0.108216,-0.034259,0,0,0,0,-0.108216,0.034259,0
0.0965084,-0.0761711,0,0,0,0,-0.0965084,0.0761711,0
0.0783002,-0.11312,0,0,0,0,-0.0783002,0.11312,0
0.0562592,-0.144712,0,0,0,0,-0.0562592,0.144712,0
0.032276,-0.171485,0,0,0,0,-0.032276,0.171485,0
0.00749374,-0.194218,0,0,0,0,-0.00749374,0.194218,0
-0.0174391,-0.213632,0,0,0,0,0.0174391,0.213632,0
-0.0421636,-0.230325,0,0,0,0,0.0421636,0.230325,0
-0.0664849,-0.244766,0,0,0,0,0.0664849,0.244766,0
-0.090301,-0.257326,0,0,0,0,0.090301,0.257326,0
-0.113563,-0.268295,0,0,0,0,0.113563,0.268295,0
-0.136252,-0.277905,0,0,0,0,0.136252,0.277905,0
-0.158368,-0.286339,0,0,0,0,0.158368,0.286339,0
-0.179919,-0.29375,0,0,0,0,0.179919,0.29375,0
-0.20092,-0.300261,0,0,0,0,0.20092,0.300261,0
-0.221389,-0.305975,0,0,0,0,0.221389,0.305975,0
-0.241344,-0.310977,0,0,0,0,0.241344,0.310977,0
-0.260804,-0.315341,0,0,0,0,0.260804,0.315341,0
-0.279789,-0.31913,0,0,0,0,0.279789,0.31913,0
-0.298316,-0.322396,0,0,0,0,0.298316,0.322396,0
-0.316403,-0.325186,0,0,0,0,0.316403,0.325186,0
-0.334066,-0.32754,0,0,0,0,0.334066,0.32754,0
-0.351321,-0.329494,0,0,0,0,0.351321,0.329494,0
-0.368184,-0.33108,0,0,0,0,0.368184,0.33108,0
-0.384667,-0.332324,0,0,0,0,0.384667,0.332324,0
-0.400784,-0.333252,0,0,0,0,0.400784,0.333252,0
-0.416547,-0.333885,0,0,0,0,0.416547,0.333885,0
-0.431968,-0.334244,0,0,0,0,0.431968,0.334244,0
-0.447058,-0.334346,0,0,0,0,0.447058,0.334346,0
-0.461826,-0.334208,0,0,0,0,0.461826,0.334208,0
-0.476283,-0.333845,0,0,0,0,0.476283,0.333845,0
-0.490437,-0.333269,0,0,0,0,0.490437,0.333269,0
-0.504297,-0.332493,0,0,0,0,0.504297,0.332493,0
-0.517871,-0.331529,0,0,0,0,0.517871,0.331529,0
-0.531166,-0.330386,0,0,0,0,0.531166,0.330386,0
-0.54419,-0.329075,0,0,0,0,0.54419,0.329075,0
-0.55695,-0.327603,0,0,0,0,0.55695,0.327603,0
-0.569452,-0.32598,0,0,0,0,0.569452,0.32598,0
-0.581701,-0.324212,0,0,0,0,0.581701,0.324212,0
-0.593704,-0.322308,0,0,0,0,0.593704,0.322308,0
-0.605467,-0.320272,0,0,0,0,0.605467,0.320272,0
-0.616994,-0.318112,0,0,0,0,0.616994,0.318112,0
-0.628291,-0.315833,0,0,0,0,0.628291,0.315833,0
-0.639361,-0.31344,0,0,0,0,0.639361,0.31344,0
-0.65021,-0.310939,0,0,0,0,0.65021,0.310939,0
-0.660842,-0.308334,0,0,0,0,0.660842,0.308334,0
-0.671262,-0.30563,0,0,0,0,0.671262,0.30563,0
-0.681471,-0.30283,0,0,0,0,0.681471,0.30283,0
-0.691476,-0.299939,0,0,0,0,0.691476,0.299939,0
-0.701279,-0.296961,0,0,0,0,0.701279,0.296961,0
-0.710883,-0.293898,0,0,0,0,0.710883,0.293898,0
-0.720292,-0.290755,0,0,0,0,0.720292,0.290755,0
-0.729509,-0.287534,0,0,0,0,0.729509,0.287534,0
-0.738536,-0.284239,0,0,0,0,0.738536,0.284239,0
-0.747378,-0.280872,0,0,0,0,0.747378,0.280872,0
-0.756035,-0.277435,0,0,0,0,0.756035,0.277435,0
-0.764512,-0.273933,0,0,0,0,0.764512,0.273933,0
-0.772811,-0.270366,0,0,0,0,0.772811,0.270366,0
-0.780933,-0.266738,0,0,0,0,0.780933,0.266738,0
-0.788882,-0.263051,0,0,0,0,0.788882,0.263051,0
-0.796659,-0.259306,0,0,0,0,0.796659,0.259306,0
-0.804267,-0.255507,0,0,0,0,0.804267,0.255507,0
-0.811707,-0.251654,0,0,0,0,0.811707,0.251654,0
-0.818983,-0.24775,0,0,0,0,0.818983,0.24775,0
-0.826094,-0.243796,0,0,0,0,0.826094,0.243796,0
-0.833045,-0.239795,0,0,0,0,0.833045,0.239795,0
-0.839835,-0.235748,0,0,0,0,0.839835,0.235748,0
-0.846467,-0.231656,0,0,0,0,0.846467,0.231656,0
-0.852943,-0.227522,0,0,0,0,0.852943,0.227522,0
-0.859263,-0.223346,0,0,0,0,0.859263,0.223346,0
-0.865431,-0.21913,0,0,0,0,0.865431,0.21913,0
-0.871446,-0.214876,0,0,0,0,0.871446,0.214876,0
-0.87731,-0.210584,0,0,0,0,0.87731,0.210584,0
-0.883025,-0.206257,0,0,0,0,0.883025,0.206257,0
-0.888592,-0.201895,0,0,0,0,0.888592,0.201895,0
-0.894013,-0.1975,0,0,0,0,0.894013,0.1975,0
-0.899287,-0.193073,0,0,0,0,0.899287,0.193073,0
-0.904418,-0.188614,0,0,0,0,0.904418,0.188614,0
-0.909404,-0.184126,0,0,0,0,0.909404,0.184126,0
-0.914249,-0.179609,0,0,0,0,0.914249,0.179609,0
-0.918952,-0.175064,0,0,0,0,0.918952,0.175064,0
-0.923515,-0.170492,0,0,0,0,0.923515,0.170492,0
-0.927939,-0.165895,0,0,0,0,0.927939,0.165895,0
-0.932224,-0.161273,0,0,0,0,0.932224,0.161273,0
-0.936371,-0.156627,0,0,0,0,0.936371,0.156627,0
-0.940382,-0.151958,0,0,0,0,0.940382,0.151958,0
-0.944256,-0.147268,0,0,0,0,0.944256,0.147268,0
-0.947996,-0.142556,0,0,0,0,0.947996,0.142556,0
-0.951601,-0.137824,0,0,0,0,0.951601,0.137824,0
-0.955072,-0.133072,0,0,0,0,0.955072,0.133072,0
-0.95841,-0.128302,0,0,0,0,0.95841,0.128302,0
-0.961615,-0.123515,0,0,0,0,0.961615,0.123515,0
-0.964689,-0.11871,0,0,0,0,0.964689,0.11871,0
-0.967631,-0.113889,0,0,0,0,0.967631,0.113889,0
-0.970443,-0.109053,0,0,0,0,0.970443,0.109053,0
-0.973124,-0.104202,0,0,0,0,0.973124,0.104202,0
-0.975675,-0.0993371,0,0,0,0,0.975675,0.0993371,0
-0.978097,-0.0944592,0,0,0,0,0.978097,0.0944592,0
-0.980391,-0.0895688,0,0,0,0,0.980391,0.0895688,0
-0.982555,-0.0846667,0,0,0,0,0.982555,0.0846667,0
-0.984592,-0.0797535,0,0,0,0,0.984592,0.0797535,0
-0.986501,-0.07483,0,0,0,0,0.986501,0.07483,0
-0.988283,-0.0698969,0,0,0,0,0.988283,0.0698969,0
-0.989938,-0.0649547,0,0,0,0,0.989938,0.0649547,0
-0.991466,-0.0600043,0,0,0,0,0.991466,0.0600043,0
-0.992867,-0.0550462,0,0,0,0,0.992867,0.0550462,0
-0.994143,-0.0500811,0,0,0,0,0.994143,0.0500811,0
-0.995292,-0.0451096,0,0,0,0,0.995292,0.0451096,0
-0.996315,-0.0401324,0,0,0,0,0.996315,0.0401324,0
-0.997213,-0.0351502,0,0,0,0,0.997213,0.0351502,0
-0.997986,-0.0301636,0,0,0,0,0.997986,0.0301636,0
-0.998633,-0.0251731,0,0,0,0,0.998633,0.0251731,0
-0.999155,-0.0201796,0,0,0,0,0.999155,0.0201796,0
-0.999551,-0.0151834,0,0,0,0,0.999551,0.0151834,0
-0.999823,-0.0101854,0,0,0,0,0.999823,0.0101854,0
-0.99997,-0.00518614,0,0,0,0,0.99997,0.00518614,0
-0.999991,-0.000186204,0,0,0,0,0.999991,0.000186204,0
-0.999888,0.00481376,0,0,0,0,0.999888,-0.00481376,0
-0.999659,0.00981311,0,0,0,0,0.999659,-0.00981311,0
-0.999306,0.0148112,0,0,0,0,0.999306,-0.0148112,0
-0.998827,0.0198075,0,0,0,0,0.998827,-0.0198075,0
-0.998223,0.0248013,0,0,0,0,0.998223,-0.0248013,0
-0.997494,0.029792,0,0,0,0,0.997494,-0.029792,0
-0.99664,0.0347789,0,0,0,0,0.99664,-0.0347789,0
-0.995659,0.0397615,0,0,0,0,0.995659,-0.0397615,0
-0.994553,0.044739,0,0,0,0,0.994553,-0.044739,0
-0.993321,0.0497108,0,0,0,0,0.993321,-0.0497108,0
-0.991963,0.0546764,0,0,0,0,0.991963,-0.0546764,0
-0.990478,0.059635,0,0,0,0,0.990478,-0.059635,0
-0.988867,0.0645859,0,0,0,0,0.988867,-0.0645859,0
-0.987128,0.0695285,0,0,0,0,0.987128,-0.0695285,0
-0.985263,0.0744622,0,0,0,0,0.985263,-0.0744622,0
-0.983269,0.0793862,0,0,0,0,0.983269,-0.0793862,0
-0.981148,0.0842999,0,0,0,0,0.981148,-0.0842999,0
-0.978898,0.0892026,0,0,0,0,0.978898,-0.0892026,0
-0.976519,0.0940935,0,0,0,0,0.976519,-0.0940935,0
-0.974011,0.0989719,0,0,0,0,0.974011,-0.0989719,0
-0.971373,0.103837,0,0,0,0,0.971373,-0.103837,0
-0.968605,0.108689,0,0,0,0,0.968605,-0.108689,0
-0.965706,0.113525,0,0,0,0,0.965706,-0.113525,0
-0.962676,0.118346,0,0,0,0,0.962676,-0.118346,0
-0.959514,0.123151,0,0,0,0,0.959514,-0.123151,0
-0.95622,0.127939,0,0,0,0,0.95622,-0.127939,0
-0.952792,0.13271,0,0,0,0,0.952792,-0.13271,0
-0.949231,0.137461,0,0,0,0,0.949231,-0.137461,0
-0.945535,0.142193,0,0,0,0,0.945535,-0.142193,0
-0.941704,0.146905,0,0,0,0,0.941704,-0.146905,0
-0.937737,0.151596,0,0,0,0,0.937737,-0.151596,0
-0.933633,0.156264,0,0,0,0,0.933633,-0.156264,0
-0.929392,0.160909,0,0,0,0,0.929392,-0.160909,0
-0.925012,0.165531,0,0,0,0,0.925012,-0.165531,0
-0.920493,0.170127,0,0,0,0,0.920493,-0.170127,0
-0.915833,0.174698,0,0,0,0,0.915833,-0.174698,0
-0.911033,0.179242,0,0,0,0,0.911033,-0.179242,0
-0.90609,0.183757,0,0,0,0,0.90609,-0.183757,0
-0.901003,0.188244,0,0,0,0,0.901003,-0.188244,0
-0.895773,0.1927,0,0,0,0,0.895773,-0.1927,0
-0.890396,0.197125,0,0,0,0,0.890396,-0.197125,0
-0.884873,0.201518,0,0,0,0,0.884873,-0.201518,0
-0.879202,0.205877,0,0,0,0,0.879202,-0.205877,0
-0.873382,0.210201,0,0,0,0,0.873382,-0.210201,0
-0.867411,0.214488,0,0,0,0,0.867411,-0.214488,0
-0.861288,0.218738,0,0,0,0,0.861288,-0.218738,0
-0.855012,0.222949,0,0,0,0,0.855012,-0.222949,0
-0.848581,0.22712,0,0,0,0,0.848581,-0.22712,0
-0.841993,0.231249,0,0,0,0,0.841993,-0.231249,0
-0.835247,0.235334,0,0,0,0,0.835247,-0.235334,0
-0.828342,0.239375,0,0,0,0,0.828342,-0.239375,0
-0.821274,0.243368,0,0,0,0,0.821274,-0.243368,0
-0.814044,0.247314,0,0,0,0,0.814044,-0.247314,0
-0.806648,0.251209,0,0,0,0,0.806648,-0.251209,0
-0.799085,0.255052,0,0,0,0,0.799085,-0.255052,0
-0.791353,0.258841,0,0,0,0,0.791353,-0.258841,0
-0.78345,0.262574,0,0,0,0,0.78345,-0.262574,0
-0.775372,0.266248,0,0,0,0,0.775372,-0.266248,0
-0.767119,0.269863,0,0,0,0,0.767119,-0.269863,0
-0.758688,0.273414,0,0,0,0,0.758688,-0.273414,0
-0.750076,0.276901,0,0,0,0,0.750076,-0.276901,0
-0.74128,0.280319,0,0,0,0,0.74128,-0.280319,0
-0.732298,0.283668,0,0,0,0,0.732298,-0.283668,0
-0.723127,0.286943,0,0,0,0,0.723127,-0.286943,0
-0.713765,0.290142,0,0,0,0,0.713765,-0.290142,0
-0.704207,0.293261,0,0,0,0,0.704207,-0.293261,0
-0.69445,0.296298,0,0,0,0,0.69445,-0.296298,0
-0.684493,0.299249,0,0,0,0,0.684493,-0.299249,0
-0.674329,0.30211,0,0,0,0,0.674329,-0.30211,0
-0.663957,0.304878,0,0,0,0,0.663957,-0.304878,0
-0.653372,0.307547,0,0,0,0,0.653372,-0.307547,0
-0.642571,0.310115,0,0,0,0,0.642571,-0.310115,0
-0.631548,0.312576,0,0,0,0,0.631548,-0.312576,0
-0.620299,0.314925,0,0,0,0,0.620299,-0.314925,0
-0.60882,0.317158,0,0,0,0,0.60882,-0.317158,0
-0.597106,0.319267,0,0,0,0,0.597106,-0.319267,0
-0.585151,0.321248,0,0,0,0,0.585151,-0.321248,0
-0.572951,0.323094,0,0,0,0,0.572951,-0.323094,0
-0.560498,0.324799,0,0,0,0,0.560498,-0.324799,0
-0.547788,0.326353,0,0,0,0,0.547788,-0.326353,0
-0.534814,0.327751,0,0,0,0,0.534814,-0.327751,0
-0.521569,0.328982,0,0,0,0,0.521569,-0.328982,0
-0.508046,0.330038,0,0,0,0,0.508046,-0.330038,0
-0.494237,0.330908,0,0,0,0,0.494237,-0.330908,0
-0.480135,0.331581,0,0,0,0,0.480135,-0.331581,0
-0.46573,0.332046,0,0,0,0,0.46573,-0.332046,0
-0.451014,0.332289,0,0,0,0,0.451014,-0.332289,0
-0.435978,0.332296,0,0,0,0,0.435978,-0.332296,0
-0.420611,0.33205,0,0,0,0,0.420611,-0.33205,0
-0.404902,0.331534,0,0,0,0,0.404902,-0.331534,0
-0.388839,0.330729,0,0,0,0,0.388839,-0.330729,0
-0.372412,0.329613,0,0,0,0,0.372412,-0.329613,0
-0.355605,0.328162,0,0,0,0,0.355605,-0.328162,0
-0.338407,0.326349,0,0,0,0,0.338407,-0.326349,0
-0.320801,0.324142,0,0,0,0,0.320801,-0.324142,0
-0.302772,0.321508,0,0,0,0,0.302772,-0.321508,0
-0.284304,0.318407,0,0,0,0,0.284304,-0.318407,0
-0.265379,0.314794,0,0,0,0,0.265379,-0.314794,0
-0.245979,0.310616,0,0,0,0,0.245979,-0.310616,0
-0.226084,0.305813,0,0,0,0,0.226084,-0.305813,0
-0.205676,0.300315,0,0,0,0,0.205676,-0.300315,0
-0.184734,0.294036,0,0,0,0,0.184734,-0.294036,0
-0.163241,0.286878,0,0,0,0,0.163241,-0.286878,0
-0.141181,0.278721,0,0,0,0,0.141181,-0.278721,0
-0.118543,0.269418,0,0,0,0,0.118543,-0.269418,0
-0.0953259,0.258792,0,0,0,0,0.0953259,-0.258792,0
-0.0715424,0.246619,0,0,0,0,0.0715424,-0.246619,0
-0.0472346,0.232618,0,0,0,0,0.0472346,-0.232618,0
-0.022492,0.216436,0,0,0,0,0.022492,-0.216436,0
0.00251178,0.197618,0,0,0,0,-0.00251178,-0.197618,0
0.027454,0.175588,0,0,0,0,-0.027454,-0.175588,0
0.0517483,0.14964,0,0,0,0,-0.0517483,-0.14964,0
0.0743537,0.118989,0,0,0,0,-0.0743537,-0.118989,0
0.093519,0.0830125,0,0,0,0,-0.093519,-0.0830125,0
0.106677,0.0418769,0,0,0,0,-0.106677,-0.0418769,0
0.111111,-0.00256902,0,0,0,0,-0.111111,0.00256902,0
0.105676,-0.0467953,0,0,0,0,-0.105676,0.0467953,0
0.091797,-0.0874076,0,0,0,0,-0.091797,0.0874076,0
0.0722426,-0.122791,0,0,0,0,-0.0722426,0.122791,0
0.0494903,-0.152918,0,0,0,0,-0.0494903,0.152918,0
0.0251919,-0.178447,0,0,0,0,-0.0251919,0.178447,0
0.000321346,-0.200156,0,0,0,0,-0.000321346,0.200156,0
-0.0245737,-0.218733,0,0,0,0,0.0245737,0.218733,0
-0.0491917,-0.234737,0,0,0,0,0.0491917,0.234737,0
-0.0733703,-0.248606,0,0,0,0,0.0733703,0.248606,0
-0.0970257,-0.260685,0,0,0,0,0.0970257,0.260685,0
-0.12012,-0.271245,0,0,0,0,0.12012,0.271245,0
-0.14264,-0.280503,0,0,0,0,0.14264,0.280503,0
-0.164588,-0.288633,0,0,0,0,0.164588,0.288633,0
-0.185976,-0.295777,0,0,0,0,0.185976,0.295777,0
-0.206819,-0.302053,0,0,0,0,0.206819,0.302053,0
-0.227136,-0.307559,0,0,0,0,0.227136,0.307559,0
-0.246944,-0.312375,0,0,0,0,0.246944,0.312375,0
-0.266263,-0.316572,0,0,0,0,0.266263,0.316572,0
-0.285112,-0.320209,0,0,0,0,0.285112,0.320209,0
-0.303509,-0.323338,0,0,0,0,0.303509,0.323338,0
-0.321471,-0.326003,0,0,0,0,0.321471,0.326003,0
-0.339014,-0.328243,0,0,0,0,0.339014,0.328243,0
-0.356154,-0.330092,0,0,0,0,0.356154,0.330092,0
-0.372904,-0.33158,0,0,0,0,0.372904,0.33158,0
-0.38928,-0.332735,0,0,0,0,0.38928,0.332735,0
-0.405293,-0.33358,0,0,0,0,0.405293,0.33358,0
-0.420956,-0.334136,0,0,0,0,0.420956,0.334136,0
-0.436279,-0.334423,0,0,0,0,0.436279,0.334423,0
-0.451275,-0.334459,0,0,0,0,0.451275,0.334459,0
-0.465952,-0.334258,0,0,0,0,0.465952,0.334258,0
-0.48032,-0.333836,0,0,0,0,0.48032,0.333836,0
-0.494388,-0.333205,0,0,0,0,0.494388,0.333205,0
-0.508165,-0.332377,0,0,0,0,0.508165,0.332377,0
-0.521658,-0.331364,0,0,0,0,0.521658,0.331364,0
-0.534874,-0.330175,0,0,0,0,0.534874,0.330175,0
-0.547821,-0.32882,0,0,0,0,0.547821,0.32882,0
-0.560506,-0.327308,0,0,0,0,0.560506,0.327308,0
-0.572934,-0.325645,0,0,0,0,0.572934,0.325645,0
-0.585112,-0.323841,0,0,0,0,0.585112,0.323841,0
-0.597046,-0.321901,0,0,0,0,0.597046,0.321901,0
-0.60874,-0.319832,0,0,0,0,0.60874,0.319832,0
-0.620201,-0.31764,0,0,0,0,0.620201,0.31764,0
-0.631432,-0.315331,0,0,0,0,0.631432,0.315331,0
-0.642438,-0.312909,0,0,0,0,0.642438,0.312909,0
-0.653225,-0.310381,0,0,0,0,0.653225,0.310381,0
-0.663796,-0.30775,0,0,0,0,0.663796,0.30775,0
-0.674155,-0.30502,0,0,0,0,0.674155,0.30502,0
-0.684305,-0.302196,0,0,0,0,0.684305,0.302196,0
-0.694252,-0.299283,0,0,0,0,0.694252,0.299283,0
-0.703998,-0.296282,0,0,0,0,0.703998,0.296282,0
-0.713546,-0.293199,0,0,0,0,0.713546,0.293199,0
-0.7229,-0.290035,0,0,0,0,0.7229,0.290035,0
-0.732062,-0.286795,0,0,0,0,0.732062,0.286795,0
-0.741037,-0.283481,0,0,0,0,0.741037,0.283481,0
-0.749825,-0.280096,0,0,0,0,0.749825,0.280096,0
-0.758432,-0.276643,0,0,0,0,0.758432,0.276643,0
-0.766857,-0.273124,0,0,0,0,0.766857,0.273124,0
-0.775106,-0.269542,0,0,0,0,0.775106,0.269542,0
-0.783179,-0.265899,0,0,0,0,0.783179,0.265899,0
-0.791078,-0.262197,0,0,0,0,0.791078,0.262197,0
-0.798807,-0.258438,0,0,0,0,0.798807,0.258438,0
-0.806368,-0.254625,0,0,0,0,0.806368,0.254625,0
-0.813761,-0.250759,0,0,0,0,0.813761,0.250759,0
-0.82099,-0.246843,0,0,0,0,0.82099,0.246843,0
-0.828056,-0.242877,0,0,0,0,0.828056,0.242877,0
-0.834961,-0.238865,0,0,0,0,0.834961,0.238865,0
-0.841706,-0.234806,0,0,0,0,0.841706,0.234806,0
-0.848294,-0.230704,0,0,0,0,0.848294,0.230704,0
-0.854726,-0.226559,0,0,0,0,0.854726,0.226559,0
-0.861003,-0.222373,0,0,0,0,0.861003,0.222373,0
-0.867127,-0.218148,0,0,0,0,0.867127,0.218148,0
-0.8731,-0.213884,0,0,0,0,0.8731,0.213884,0
-0.878922,-0.209584,0,0,0,0,0.878922,0.209584,0
-0.884595,-0.205248,0,0,0,0,0.884595,0.205248,0
-0.890121,-0.200878,0,0,0,0,0.890121,0.200878,0
-0.8955,-0.196475,0,0,0,0,0.8955,0.196475,0
-0.900734,-0.19204,0,0,0,0,0.900734,0.19204,0
-0.905824,-0.187575,0,0,0,0,0.905824,0.187575,0
-0.910771,-0.183079,0,0,0,0,0.910771,0.183079,0
-0.915575,-0.178555,0,0,0,0,0.915575,0.178555,0
-0.920239,-0.174004,0,0,0,0,0.920239,0.174004,0
-0.924763,-0.169426,0,0,0,0,0.924763,0.169426,0
-0.929148,-0.164823,0,0,0,0,0.929148,0.164823,0
-0.933394,-0.160195,0,0,0,0,0.933394,0.160195,0
-0.937503,-0.155543,0,0,0,0,0.937503,0.155543,0
-0.941476,-0.150869,0,0,0,0,0.941476,0.150869,0
-0.945312,-0.146173,0,0,0,0,0.945312,0.146173,0
-0.949014,-0.141457,0,0,0,0,0.949014,0.141457,0
-0.952581,-0.13672,0,0,0,0,0.952581,0.13672,0
-0.956015,-0.131964,0,0,0,0,0.956015,0.131964,0
-0.959316,-0.12719,0,0,0,0,0.959316,0.12719,0
-0.962485,-0.122398,0,0,0,0,0.962485,0.122398,0
-0.965522,-0.117589,0,0,0,0,0.965522,0.117589,0
-0.968427,-0.112765,0,0,0,0,0.968427,0.112765,0
-0.971202,-0.107925,0,0,0,0,0.971202,0.107925,0
-0.973847,-0.103071,0,0,0,0,0.973847,0.103071,0
-0.976362,-0.0982029,0,0,0,0,0.976362,0.0982029,0
-0.978749,-0.0933219,0,0,0,0,0.978749,0.0933219,0
-0.981006,-0.0884287,0,0,0,0,0.981006,0.0884287,0
-0.983135,-0.0835239,0,0,0,0,0.983135,0.0835239,0
-0.985136,-0.0786083,0,0,0,0,0.985136,0.0786083,0
-0.98701,-0.0736824,0,0,0,0,0.98701,0.0736824,0
-0.988756,-0.0687471,0,0,0,0,0.988756,0.0687471,0
-0.990375,-0.063803,0,0,0,0,0.990375,0.063803,0
-0.991868,-0.0588506,0,0,0,0,0.991868,0.0588506,0
-0.993235,-0.0538908,0,0,0,0,0.993235,0.0538908,0
-0.994475,-0.0489242,0,0,0,0,0.994475,0.0489242,0
-0.995589,-0.0439513,0,0,0,0,0.995589,0.0439513,0
-0.996577,-0.0389729,0,0,0,0,0.996577,0.0389729,0
-0.99744,-0.0339896,0,0,0,0,0.99744,0.0339896,0
-0.998178,-0.029002,0,0,0,0,0.998178,0.029002,0
-0.99879,-0.0240107,0,0,0,0,0.99879,0.0240107,0
-0.999277,-0.0190165,0,0,0,0,0.999277,0.0190165,0
-0.999639,-0.0140199,0,0,0,0,0.999639,0.0140199,0
-0.999876,-0.00902148,0,0,0,0,0.999876,0.00902148,0
-0.999988,-0.00402197,0,0,0,0,0.999988,0.00402197,0
-0.999974,0.00097804,0,0,0,0,0.999974,-0.00097804,0
-0.999836,0.00597793,0,0,0,0,0.999836,-0.00597793,0
-0.999573,0.0109771,0,0,0,0,0.999573,-0.0109771,0
-0.999185,0.0159748,0,0,0,0,0.999185,-0.0159748,0
-0.998671,0.0209706,0,0,0,0,0.998671,-0.0209706,0
-0.998033,0.0259637,0,0,0,0,0.998033,-0.0259637,0
-0.997268,0.0309536,0,0,0,0,0.997268,-0.0309536,0
-0.996379,0.0359396,0,0,0,0,0.996379,-0.0359396,0
-0.995364,0.040921,0,0,0,0,0.995364,-0.040921,0
-0.994222,0.0458973,0,0,0,0,0.994222,-0.0458973,0
-0.992955,0.0508678,0,0,0,0,0.992955,-0.0508678,0
-0.991562,0.0558318,0,0,0,0,0.991562,-0.0558318,0
-0.990042,0.0607886,0,0,0,0,0.990042,-0.0607886,0
-0.988395,0.0657377,0,0,0,0,0.988395,-0.0657377,0
-0.986621,0.0706783,0,0,0,0,0.986621,-0.0706783,0
-0.98472,0.0756098,0,0,0,0,0.98472,-0.0756098,0
-0.982691,0.0805315,0,0,0,0,0.982691,-0.0805315,0
-0.980533,0.0854426,0,0,0,0,0.980533,-0.0854426,0
-0.978248,0.0903426,0,0,0,0,0.978248,-0.0903426,0
-0.975833,0.0952307,0,0,0,0,0.975833,-0.0952307,0
-0.973289,0.100106,0,0,0,0,0.973289,-0.100106,0
-0.970614,0.104968,0,0,0,0,0.970614,-0.104968,0
-0.96781,0.109816,0,0,0,0,0.96781,-0.109816,0
-0.964875,0.114649,0,0,0,0,0.964875,-0.114649,0
-0.961808,0.119467,0,0,0,0,0.961808,-0.119467,0
-0.958609,0.124268,0,0,0,0,0.958609,-0.124268,0
-0.955277,0.129052,0,0,0,0,0.955277,-0.129052,0
-0.951812,0.133818,0,0,0,0,0.951812,-0.133818,0
-0.948213,0.138565,0,0,0,0,0.948213,-0.138565,0
-0.94448,0.143292,0,0,0,0,0.94448,-0.143292,0
-0.940611,0.147999,0,0,0,0,0.940611,-0.147999,0
-0.936605,0.152684,0,0,0,0,0.936605,-0.152684,0
-0.932463,0.157347,0,0,0,0,0.932463,-0.157347,0
-0.928183,0.161987,0,0,0,0,0.928183,-0.161987,0
-0.923764,0.166602,0,0,0,0,0.923764,-0.166602,0
-0.919206,0.171193,0,0,0,0,0.919206,-0.171193,0
-0.914507,0.175757,0,0,0,0,0.914507,-0.175757,0
-0.909666,0.180294,0,0,0,0,0.909666,-0.180294,0
-0.904683,0.184803,0,0,0,0,0.904683,-0.184803,0
-0.899556,0.189282,0,0,0,0,0.899556,-0.189282,0
-0.894285,0.193731,0,0,0,0,0.894285,-0.193731,0
-0.888868,0.198148,0,0,0,0,0.888868,-0.198148,0
-0.883303,0.202533,0,0,0,0,0.883303,-0.202533,0
-0.87759,0.206883,0,0,0,0,0.87759,-0.206883,0
-0.871728,0.211199,0,0,0,0,0.871728,-0.211199,0
-0.865714,0.215477,0,0,0,0,0.865714,-0.215477,0
-0.859548,0.219718,0,0,0,0,0.859548,-0.219718,0
-0.853228,0.223919,0,0,0,0,0.853228,-0.223919,0
-0.846753,0.22808,0,0,0,0,0.846753,-0.22808,0
-0.840121,0.232198,0,0,0,0,0.840121,-0.232198,0
-0.83333,0.236273,0,0,0,0,0.83333,-0.236273,0
-0.826379,0.240302,0,0,0,0,0.826379,-0.240302,0
-0.819266,0.244284,0,0,0,0,0.819266,-0.244284,0
-0.811989,0.248217,0,0,0,0,0.811989,-0.248217,0
-0.804546,0.252099,0,0,0,0,0.804546,-0.252099,0
-0.796935,0.255929,0,0,0,0,0.796935,-0.255929,0
-0.789155,0.259704,0,0,0,0,0.789155,-0.259704,0
-0.781202,0.263422,0,0,0,0,0.781202,-0.263422,0
-0.773075,0.267082,0,0,0,0,0.773075,-0.267082,0
-0.764772,0.270681,0,0,0,0,0.764772,-0.270681,0
-0.756289,0.274216,0,0,0,0,0.756289,-0.274216,0
-0.747625,0.277686,0,0,0,0,0.747625,-0.277686,0
-0.738777,0.281087,0,0,0,0,0.738777,-0.281087,0
-0.729741,0.284417,0,0,0,0,0.729741,-0.284417,0
-0.720516,0.287673,0,0,0,0,0.720516,-0.287673,0
-0.711098,0.290851,0,0,0,0,0.711098,-0.290851,0
-0.701484,0.29395,0,0,0,0,0.701484,-0.29395,0
-0.69167,0.296965,0,0,0,0,0.69167,-0.296965,0
-0.681654,0.299893,0,0,0,0,0.681654,-0.299893,0
-0.671432,0.302731,0,0,0,0,0.671432,-0.302731,0
-0.660999,0.305473,0,0,0,0,0.660999,-0.305473,0
-0.650353,0.308117,0,0,0,0,0.650353,-0.308117,0
-0.639488,0.310657,0,0,0,0,0.639488,-0.310657,0
-0.628401,0.31309,0,0,0,0,0.628401,-0.31309,0
-0.617086,0.315409,0,0,0,0,0.617086,-0.315409,0
-0.60554,0.317609,0,0,0,0,0.60554,-0.317609,0
-0.593758,0.319686,0,0,0,0,0.593758,-0.319686,0
-0.581733,0.321632,0,0,0,0,0.581733,-0.321632,0
-0.569461,0.323441,0,0,0,0,0.569461,-0.323441,0
-0.556935,0.325106,0,0,0,0,0.556935,-0.325106,0
-0.544149,0.32662,0,0,0,0,0.544149,-0.32662,0
-0.531098,0.327974,0,0,0,0,0.531098,-0.327974,0
-0.517773,0.329159,0,0,0,0,0.517773,-0.329159,0
-0.504168,0.330166,0,0,0,0,0.504168,-0.330166,0
-0.490275,0.330984,0,0,0,0,0.490275,-0.330984,0
-0.476087,0.331603,0,0,0,0,0.476087,-0.331603,0
-0.461593,0.332009,0,0,0,0,0.461593,-0.332009,0
-0.446785,0.332189,0,0,0,0,0.446785,-0.332189,0
-0.431654,0.332128,0,0,0,0,0.431654,-0.332128,0
-0.416189,0.331811,0,0,0,0,0.416189,-0.331811,0
-0.400378,0.331218,0,0,0,0,0.400378,-0.331218,0
-0.384211,0.33033,0,0,0,0,0.384211,-0.33033,0
-0.367675,0.329124,0,0,0,0,0.367675,-0.329124,0
-0.350756,0.327575,0,0,0,0,0.350756,-0.327575,0
-0.33344,0.325656,0,0,0,0,0.33344,-0.325656,0
-0.315713,0.323335,0,0,0,0,0.315713,-0.323335,0
-0.297558,0.320575,0,0,0,0,0.297558,-0.320575,0
-0.278959,0.317336,0,0,0,0,0.278959,-0.317336,0
-0.259897,0.31357,0,0,0,0,0.259897,-0.31357,0
-0.240354,0.309223,0,0,0,0,0.240354,-0.309223,0
-0.220311,0.304232,0,0,0,0,0.220311,-0.304232,0
-0.199748,0.298523,0,0,0,0,0.199748,-0.298523,0
-0.178647,0.292006,0,0,0,0,0.178647,-0.292006,0
-0.156989,0.284578,0,0,0,0,0.156989,-0.284578,0
-0.13476,0.276112,0,0,0,0,0.13476,-0.276112,0
-0.111951,0.266452,0,0,0,0,0.111951,-0.266452,0
-0.0885638,0.25541,0,0,0,0,0.0885638,-0.25541,0
-0.0646189,0.242745,0,0,0,0,0.0646189,-0.242745,0
-0.0401689,0.22816,0,0,0,0,0.0401689,-0.22816,0
-0.0153229,0.211273,0,0,0,0,0.0153229,-0.211273,0
0.00971078,0.191596,0,0,0,0,-0.00971078,-0.191596,0
0.0345479,0.168516,0,0,0,0,-0.0345479,-0.168516,0
0.0584941,0.141293,0,0,0,0,-0.0584941,-0.141293,0
0.0803296,0.10915,0,0,0,0,-0.0803296,-0.10915,0
0.0980587,0.0716083,0,0,0,0,-0.0980587,-0.0716083,0
0.108948,0.0292354,0,0,0,0,-0.108948,-0.0292354,0
0.110539,-0.0155494,0,0,0,0,-0.110539,0.0155494,0
0.102425,-0.0590163,0,0,0,0,-0.102425,0.0590163,0
0.0866185,-0.0981974,0,0,0,0,-0.0866185,0.0981974,0
0.0659277,-0.132021,0,0,0,0,-0.0659277,0.132021,0
0.0426006,-0.160742,0,0,0,0,-0.0426006,0.160742,0
0.0180663,-0.185093,0,0,0,0,-0.0180663,0.185093,0
-0.00684828,-0.205836,0,0,0,0,0.00684828,0.205836,0
-0.0316814,-0.223623,0,0,0,0,0.0316814,0.223623,0
-0.05618,-0.238975,0,0,0,0,0.05618,0.238975,0
-0.0802093,-0.2523,0,0,0,0,0.0802093,0.2523,0
-0.103701,-0.26392,0,0,0,0,0.103701,0.26392,0
-0.126627,-0.274089,0,0,0,0,0.126627,0.274089,0
-0.148978,-0.28301,0,0,0,0,0.148978,0.28301,0
-0.17076,-0.290848,0,0,0,0,0.17076,0.290848,0
-0.191987,-0.297735,0,0,0,0,0.191987,0.297735,0
-0.212673,-0.303785,0,0,0,0,0.212673,0.303785,0
-0.232839,-0.309088,0,0,0,0,0.232839,0.309088,0
-0.252502,-0.313724,0,0,0,0,0.252502,0.313724,0
-0.271682,-0.317758,0,0,0,0,0.271682,0.317758,0
-0.290398,-0.321249,0,0,0,0,0.290398,0.321249,0
-0.308666,-0.324244,0,0,0,0,0.308666,0.324244,0
-0.326504,-0.326787,0,0,0,0,0.326504,0.326787,0
-0.343928,-0.328915,0,0,0,0,0.343928,0.328915,0
-0.360953,-0.330662,0,0,0,0,0.360953,0.330662,0
-0.377593,-0.332056,0,0,0,0,0.377593,0.332056,0
-0.393862,-0.333123,0,0,0,0,0.393862,0.333123,0
-0.409772,-0.333887,0,0,0,0,0.409772,0.333887,0
-0.425335,-0.334368,0,0,0,0,0.425335,0.334368,0
-0.440563,-0.334584,0,0,0,0,0.440563,0.334584,0
-0.455465,-0.334554,0,0,0,0,0.455465,0.334554,0
-0.470052,-0.334292,0,0,0,0,0.470052,0.334292,0
-0.484332,-0.333812,0,0,0,0,0.484332,0.333812,0
-0.498315,-0.333127,0,0,0,0,0.498315,0.333127,0
-0.512009,-0.332248,0,0,0,0,0.512009,0.332248,0
-0.525421,-0.331187,0,0,0,0,0.525421,0.331187,0
-0.538559,-0.329953,0,0,0,0,0.538559,0.329953,0
-0.55143,-0.328555,0,0,0,0,0.55143,0.328555,0
-0.56404,-0.327002,0,0,0,0,0.56404,0.327002,0
-0.576396,-0.325301,0,0,0,0,0.576396,0.325301,0
-0.588503,-0.32346,0,0,0,0,0.588503,0.32346,0
-0.600367,-0.321485,0,0,0,0,0.600367,0.321485,0
-0.611994,-0.319383,0,0,0,0,0.611994,0.319383,0
-0.623388,-0.31716,0,0,0,0,0.623388,0.31716,0
-0.634555,-0.314821,0,0,0,0,0.634555,0.314821,0
-0.645498,-0.312371,0,0,0,0,0.645498,0.312371,0
-0.656222,-0.309815,0,0,0,0,0.656222,0.309815,0
-0.666732,-0.307158,0,0,0,0,0.666732,0.307158,0
-0.677031,-0.304404,0,0,0,0,0.677031,0.304404,0
-0.687123,-0.301557,0,0,0,0,0.687123,0.301557,0
-0.697012,-0.29862,0,0,0,0,0.697012,0.29862,0
-0.7067,-0.295598,0,0,0,0,0.7067,0.295598,0
-0.716193,-0.292494,0,0,0,0,0.716193,0.292494,0
-0.725492,-0.289311,0,0,0,0,0.725492,0.289311,0
-0.734601,-0.286051,0,0,0,0,0.734601,0.286051,0
-0.743522,-0.282719,0,0,0,0,0.743522,0.282719,0
-0.752258,-0.279317,0,0,0,0,0.752258,0.279317,0
-0.760813,-0.275847,0,0,0,0,0.760813,0.275847,0
-0.769188,-0.272312,0,0,0,0,0.769188,0.272312,0
-0.777386,-0.268714,0,0,0,0,0.777386,0.268714,0
-0.78541,-0.265056,0,0,0,0,0.78541,0.265056,0
-0.793261,-0.261339,0,0,0,0,0.793261,0.261339,0
-0.800942,-0.257567,0,0,0,0,0.800942,0.257567,0
-0.808455,-0.253741,0,0,0,0,0.808455,0.253741,0
-0.815802,-0.249862,0,0,0,0,0.815802,0.249862,0
-0.822984,-0.245933,0,0,0,0,0.822984,0.245933,0
-0.830004,-0.241956,0,0,0,0,0.830004,0.241956,0
-0.836864,-0.237931,0,0,0,0,0.836864,0.237931,0
-0.843565,-0.233862,0,0,0,0,0.843565,0.233862,0
-0.850108,-0.229749,0,0,0,0,0.850108,0.229749,0
-0.856496,-0.225594,0,0,0,0,0.856496,0.225594,0
-0.86273,-0.221398,0,0,0,0,0.86273,0.221398,0
-0.868812,-0.217164,0,0,0,0,0.868812,0.217164,0
-0.874742,-0.212891,0,0,0,0,0.874742,0.212891,0
-0.880522,-0.208582,0,0,0,0,0.880522,0.208582,0
-0.886153,-0.204238,0,0,0,0,0.886153,0.204238,0
-0.891638,-0.19986,0,0,0,0,0.891638,0.19986,0
-0.896976,-0.195449,0,0,0,0,0.896976,0.195449,0
-0.902169,-0.191006,0,0,0,0,0.902169,0.191006,0
-0.907219,-0.186533,0,0,0,0,0.907219,0.186533,0
-0.912126,-0.182031,0,0,0,0,0.912126,0.182031,0
-0.916891,-0.1775,0,0,0,0,0.916891,0.1775,0
-0.921515,-0.172942,0,0,0,0,0.921515,0.172942,0
-0.926,-0.168358,0,0,0,0,0.926,0.168358,0
-0.930346,-0.163749,0,0,0,0,0.930346,0.163749,0
-0.934554,-0.159115,0,0,0,0,0.934554,0.159115,0
-0.938624,-0.154458,0,0,0,0,0.938624,0.154458,0
-0.942559,-0.149779,0,0,0,0,0.942559,0.149779,0
-0.946358,-0.145078,0,0,0,0,0.946358,0.145078,0
-0.950022,-0.140357,0,0,0,0,0.950022,0.140357,0
-0.953552,-0.135615,0,0,0,0,0.953552,0.135615,0
-0.956948,-0.130855,0,0,0,0,0.956948,0.130855,0
-0.960212,-0.126076,0,0,0,0,0.960212,0.126076,0
-0.963344,-0.12128,0,0,0,0,0.963344,0.12128,0
-0.966344,-0.116468,0,0,0,0,0.966344,0.116468,0
-0.969213,-0.11164,0,0,0,0,0.969213,0.11164,0
-0.971952,-0.106797,0,0,0,0,0.971952,0.106797,0
-0.97456,-0.101939,0,0,0,0,0.97456,0.101939,0
-0.97704,-0.0970679,0,0,0,0,0.97704,0.0970679,0
-0.97939,-0.092184,0,0,0,0,0.97939,0.092184,0
-0.981611,-0.087288,0,0,0,0,0.981611,0.087288,0
-0.983705,-0.0823806,0,0,0,0,0.983705,0.0823806,0
-0.98567,-0.0774625,0,0,0,0,0.98567,0.0774625,0
-0.987508,-0.0725344,0,0,0,0,0.987508,0.0725344,0
-0.989219,-0.0675969,0,0,0,0,0.989219,0.0675969,0
-0.990803,-0.0626507,0,0,0,0,0.990803,0.0626507,0
-0.992261,-0.0576966,0,0,0,0,0.992261,0.0576966,0
-0.993592,-0.0527351,0,0,0,0,0.993592,0.0527351,0
-0.994797,-0.0477669,0,0,0,0,0.994797,0.0477669,0
-0.995876,-0.0427927,0,0,0,0,0.995876,0.0427927,0
-0.99683,-0.0378131,0,0,0,0,0.99683,0.0378131,0
-0.997658,-0.0328287,0,0,0,0,0.997658,0.0328287,0
-0.99836,-0.0278402,0,0,0,0,0.99836,0.0278402,0
-0.998938,-0.0228482,0,0,0,0,0.998938,0.0228482,0
-0.99939,-0.0178533,0,0,0,0,0.99939,0.0178533,0
-0.999717,-0.0128562,0,0,0,0,0.999717,0.0128562,0
-0.999919,-0.00785747,0,0,0,0,0.999919,0.00785747,0
-0.999996,-0.00285777,0,0,0,0,0.999996,0.00285777,0
-0.999948,0.00214229,0,0,0,0,0.999948,-0.00214229,0
-0.999775,0.00714207,0,0,0,0,0.999775,-0.00714207,0
-0.999477,0.012141,0,0,0,0,0.999477,-0.012141,0
-0.999054,0.0171383,0,0,0,0,0.999054,-0.0171383,0
-0.998505,0.0221336,0,0,0,0,0.998505,-0.0221336,0
-0.997832,0.027126,0,0,0,0,0.997832,-0.027126,0
-0.997033,0.0321151,0,0,0,0,0.997033,-0.0321151,0
-0.996108,0.0371,0,0,0,0,0.996108,-0.0371,0
-0.995058,0.0420804,0,0,0,0,0.995058,-0.0420804,0
-0.993882,0.0470553,0,0,0,0,0.993882,-0.0470553,0
-0.992579,0.0520244,0,0,0,0,0.992579,-0.0520244,0
-0.991151,0.0569868,0,0,0,0,0.991151,-0.0569868,0
-0.989595,0.0619419,0,0,0,0,0.989595,-0.0619419,0
-0.987913,0.066889,0,0,0,0,0.987913,-0.066889,0
-0.986104,0.0718276,0,0,0,0,0.986104,-0.0718276,0
-0.984167,0.0767569,0,0,0,0,0.984167,-0.0767569,0
-0.982102,0.0816761,0,0,0,0,0.982102,-0.0816761,0
-0.979909,0.0865848,0,0,0,0,0.979909,-0.0865848,0
-0.977587,0.091482,0,0,0,0,0.977587,-0.091482,0
-0.975136,0.0963672,0,0,0,0,0.975136,-0.0963672,0
-0.972556,0.10124,0,0,0,0,0.972556,-0.10124,0
-0.969845,0.106098,0,0,0,0,0.969845,-0.106098,0
-0.967004,0.110943,0,0,0,0,0.967004,-0.110943,0
-0.964032,0.115772,0,0,0,0,0.964032,-0.115772,0
-0.960929,0.120586,0,0,0,0,0.960929,-0.120586,0
-0.957693,0.125383,0,0,0,0,0.957693,-0.125383,0
-0.954324,0.130163,0,0,0,0,0.954324,-0.130163,0
-0.950822,0.134924,0,0,0,0,0.950822,-0.134924,0
-0.947185,0.139667,0,0,0,0,0.947185,-0.139667,0
-0.943414,0.144389,0,0,0,0,0.943414,-0.144389,0
-0.939506,0.149091,0,0,0,0,0.939506,-0.149091,0
-0.935463,0.153771,0,0,0,0,0.935463,-0.153771,0
-0.931282,0.158429,0,0,0,0,0.931282,-0.158429,0
-0.926963,0.163063,0,0,0,0,0.926963,-0.163063,0
-0.922505,0.167673,0,0,0,0,0.922505,-0.167673,0
-0.917908,0.172257,0,0,0,0,0.917908,-0.172257,0
-0.913169,0.176815,0,0,0,0,0.913169,-0.176815,0
-0.908289,0.181345,0,0,0,0,0.908289,-0.181345,0
-0.903265,0.185847,0,0,0,0,0.903265,-0.185847,0
-0.898098,0.190319,0,0,0,0,0.898098,-0.190319,0
-0.892786,0.19476,0,0,0,0,0.892786,-0.19476,0
-0.887327,0.19917,0,0,0,0,0.887327,-0.19917,0
-0.881721,0.203546,0,0,0,0,0.881721,-0.203546,0
-0.875966,0.207888,0,0,0,0,0.875966,-0.207888,0
-0.870061,0.212195,0,0,0,0,0.870061,-0.212195,0
-0.864005,0.216464,0,0,0,0,0.864005,-0.216464,0
-0.857795,0.220695,0,0,0,0,0.857795,-0.220695,0
-0.851432,0.224887,0,0,0,0,0.851432,-0.224887,0
-0.844913,0.229037,0,0,0,0,0.844913,-0.229037,0
-0.838236,0.233145,0,0,0,0,0.838236,-0.233145,0
-0.8314,0.237208,0,0,0,0,0.8314,-0.237208,0
-0.824403,0.241226,0,0,0,0,0.824403,-0.241226,0
-0.817244,0.245196,0,0,0,0,0.817244,-0.245196,0
-0.80992,0.249116,0,0,0,0,0.80992,-0.249116,0
-0.80243,0.252986,0,0,0,0,0.80243,-0.252986,0
-0.794771,0.256802,0,0,0,0,0.794771,-0.256802,0
-0.786942,0.260563,0,0,0,0,0.786942,-0.260563,0
-0.77894,0.264267,0,0,0,0,0.77894,-0.264267,0
-0.770764,0.267912,0,0,0,0,0.770764,-0.267912,0
-0.76241,0.271495,0,0,0,0,0.76241,-0.271495,0
-0.753876,0.275014,0,0,0,0,0.753876,-0.275014,0
-0.745159,0.278466,0,0,0,0,0.745159,-0.278466,0
-0.736258,0.28185,0,0,0,0,0.736258,-0.28185,0
-0.727169,0.285161,0,0,0,0,0.727169,-0.285161,0
-0.717889,0.288397,0,0,0,0,0.717889,-0.288397,0
-0.708415,0.291556,0,0,0,0,0.708415,-0.291556,0
-0.698745,0.294634,0,0,0,0,0.698745,-0.294634,0
-0.688874,0.297627,0,0,0,0,0.688874,-0.297627,0
-0.678799,0.300532,0,0,0,0,0.678799,-0.300532,0
-0.668517,0.303345,0,0,0,0,0.668517,-0.303345,0
-0.658023,0.306063,0,0,0,0,0.658023,-0.306063,0
-0.647315,0.30868,0,0,0,0,0.647315,-0.30868,0
-0.636387,0.311192,0,0,0,0,0.636387,-0.311192,0
-0.625235,0.313596,0,0,0,0,0.625235,-0.313596,0
-0.613855,0.315884,0,0,0,0,0.613855,-0.315884,0
-0.602241,0.318053,0,0,0,0,0.602241,-0.318053,0
-0.59039,0.320095,0,0,0,0,0.59039,-0.320095,0
-0.578294,0.322006,0,0,0,0,0.578294,-0.322006,0
-0.565949,0.323778,0,0,0,0,0.565949,-0.323778,0
-0.553349,0.325403,0,0,0,0,0.553349,-0.325403,0
-0.540488,0.326875,0,0,0,0,0.540488,-0.326875,0
-0.527358,0.328185,0,0,0,0,0.527358,-0.328185,0
-0.513954,0.329323,0,0,0,0,0.513954,-0.329323,0
-0.500267,0.330281,0,0,0,0,0.500267,-0.330281,0
-0.486289,0.331046,0,0,0,0,0.486289,-0.331046,0
-0.472013,0.331608,0,0,0,0,0.472013,-0.331608,0
-0.457429,0.331955,0,0,0,0,0.457429,-0.331955,0
-0.442529,0.332071,0,0,0,0,0.442529,-0.332071,0
-0.427302,0.331942,0,0,0,0,0.427302,-0.331942,0
-0.411738,0.331551,0,0,0,0,0.411738,-0.331551,0
-0.395825,0.330879,0,0,0,0,0.395825,-0.330879,0
-0.379552,0.329906,0,0,0,0,0.379552,-0.329906,0
-0.362906,0.328608,0,0,0,0,0.362906,-0.328608,0
-0.345873,0.32696,0,0,0,0,0.345873,-0.32696,0
-0.328439,0.324933,0,0,0,0,0.328439,-0.324933,0
-0.310589,0.322494,0,0,0,0,0.310589,-0.322494,0
-0.292306,0.319604,0,0,0,0,0.292306,-0.319604,0
-0.273573,0.316223,0,0,0,0,0.273573,-0.316223,0
-0.254373,0.3123,0,0,0,0,0.254373,-0.3123,0
-0.234686,0.30778,0,0,0,0,0.234686,-0.30778,0
-0.214493,0.302594,0,0,0,0,0.214493,-0.302594,0
-0.193774,0.296667,0,0,0,0,0.193774,-0.296667,0
-0.172511,0.289904,0,0,0,0,0.172511,-0.289904,0
-0.150687,0.282195,0,0,0,0,0.150687,-0.282195,0
-0.128288,0.273407,0,0,0,0,0.128288,-0.273407,0
-0.105308,0.263374,0,0,0,0,0.105308,-0.263374,0
-0.0817528,0.251895,0,0,0,0,0.0817528,-0.251895,0
-0.0576504,0.238716,0,0,0,0,0.0576504,-0.238716,0
-0.0330667,0.223514,0,0,0,0,0.0330667,-0.223514,0
-0.00813393,0.205881,0,0,0,0,0.00813393,-0.205881,0
0.0168987,0.185294,0,0,0,0,-0.0168987,-0.185294,0
0.0415744,0.161101,0,0,0,0,-0.0415744,-0.161101,0
0.0650727,0.132535,0,0,0,0,-0.0650727,-0.132535,0
0.085972,0.0988547,0,0,0,0,-0.085972,-0.0988547,0
0.10203,0.0597877,0,0,0,0,-0.10203,-0.0597877,0
0.110432,0.0163821,0,0,0,0,-0.110432,-0.0163821,0
0.109142,-0.0284135,0,0,0,0,-0.109142,0.0284135,0
0.098531,-0.0708655,0,0,0,0,-0.098531,0.0708655,0
0.0810406,-0.108532,0,0,0,0,-0.0810406,0.108532,0
0.0594021,-0.140822,0,0,0,0,-0.0594021,0.140822,0
0.0356177,-0.168202,0,0,0,0,-0.0356177,0.168202,0
0.0109147,-0.19144,0,0,0,0,-0.0109147,0.19144,0
-0.0140066,-0.211273,0,0,0,0,0.0140066,0.211273,0
-0.0387575,-0.228313,0,0,0,0,0.0387575,0.228313,0
-0.0631261,-0.243047,0,0,0,0,0.0631261,0.243047,0
-0.087001,-0.255855,0,0,0,0,0.087001,0.255855,0
-0.110327,-0.267038,0,0,0,0,0.110327,0.267038,0
-0.133084,-0.276833,0,0,0,0,0.133084,0.276833,0
-0.155267,-0.285431,0,0,0,0,0.155267,0.285431,0
-0.176884,-0.292986,0,0,0,0,0.176884,0.292986,0
-0.197951,-0.299627,0,0,0,0,0.197951,0.299627,0
-0.218483,-0.305457,0,0,0,0,0.218483,0.305457,0
-0.238499,-0.310565,0,0,0,0,0.238499,0.310565,0
-0.258019,-0.315026,0,0,0,0,0.258019,0.315026,0
-0.277062,-0.318902,0,0,0,0,0.277062,0.318902,0
-0.295645,-0.32225,0,0,0,0,0.295645,0.32225,0
-0.313786,-0.325115,0,0,0,0,0.313786,0.325115,0
-0.331501,-0.327539,0,0,0,0,0.331501,0.327539,0
-0.348808,-0.329559,0,0,0,0,0.348808,0.329559,0
-0.365719,-0.331205,0,0,0,0,0.365719,0.331205,0
-0.38225,-0.332506,0,0,0,0,0.38225,0.332506,0
-0.398414,-0.333488,0,0,0,0,0.398414,0.333488,0
-0.414222,-0.334172,0,0,0,0,0.414222,0.334172,0
-0.429687,-0.334579,0,0,0,0,0.429687,0.334579,0
-0.444819,-0.334727,0,0,0,0,0.444819,0.334727,0
-0.459629,-0.334632,0,0,0,0,0.459629,0.334632,0
-0.474126,-0.33431,0,0,0,0,0.474126,0.33431,0
-0.488319,-0.333773,0,0,0,0,0.488319,0.333773,0
-0.502218,-0.333034,0,0,0,0,0.502218,0.333034,0
-0.51583,-0.332106,0,0,0,0,0.51583,0.332106,0
-0.529162,-0.330997,0,0,0,0,0.529162,0.330997,0
-0.542222,-0.329719,0,0,0,0,0.542222,0.329719,0
-0.555017,-0.328278,0,0,0,0,0.555017,0.328278,0
-0.567554,-0.326685,0,0,0,0,0.567554,0.326685,0
-0.579837,-0.324947,0,0,0,0,0.579837,0.324947,0
-0.591874,-0.32307,0,0,0,0,0.591874,0.32307,0
-0.603669,-0.321061,0,0,0,0,0.603669,0.321061,0
-0.615229,-0.318927,0,0,0,0,0.615229,0.318927,0
-0.626557,-0.316672,0,0,0,0,0.626557,0.316672,0
-0.637659,-0.314304,0,0,0,0,0.637659,0.314304,0
-0.648539,-0.311826,0,0,0,0,0.648539,0.311826,0
-0.659201,-0.309243,0,0,0,0,0.659201,0.309243,0
-0.66965,-0.306561,0,0,0,0,0.66965,0.306561,0
-0.67989,-0.303782,0,0,0,0,0.67989,0.303782,0
-0.689923,-0.300911,0,0,0,0,0.689923,0.300911,0
-0.699755,-0.297952,0,0,0,0,0.699755,0.297952,0
-0.709387,-0.294909,0,0,0,0,0.709387,0.294909,0
-0.718824,-0.291784,0,0,0,0,0.718824,0.291784,0
-0.728069,-0.288581,0,0,0,0,0.728069,0.288581,0
-0.737124,-0.285303,0,0,0,0,0.737124,0.285303,0
-0.745992,-0.281953,0,0,0,0,0.745992,0.281953,0
-0.754677,-0.278533,0,0,0,0,0.754677,0.278533,0
-0.76318,-0.275046,0,0,0,0,0.76318,0.275046,0
-0.771505,-0.271495,0,0,0,0,0.771505,0.271495,0
-0.779653,-0.267882,0,0,0,0,0.779653,0.267882,0
-0.787627,-0.264209,0,0,0,0,0.787627,0.264209,0
-0.79543,-0.260478,0,0,0,0,0.79543,0.260478,0
-0.803063,-0.256692,0,0,0,0,0.803063,0.256692,0
-0.810529,-0.252853,0,0,0,0,0.810529,0.252853,0
-0.817829,-0.248961,0,0,0,0,0.817829,0.248961,0
-0.824965,-0.24502,0,0,0,0,0.824965,0.24502,0
-0.83194,-0.241031,0,0,0,0,0.83194,0.241031,0
-0.838755,-0.236996,0,0,0,0,0.838755,0.236996,0
-0.845411,-0.232915,0,0,0,0,0.845411,0.232915,0
-0.85191,-0.228792,0,0,0,0,0.85191,0.228792,0
-0.858255,-0.224627,0,0,0,0,0.858255,0.224627,0
-0.864445,-0.220421,0,0,0,0,0.864445,0.220421,0
-0.870484,-0.216177,0,0,0,0,0.870484,0.216177,0
-0.876372,-0.211896,0,0,0,0,0.876372,0.211896,0
-0.88211,-0.207578,0,0,0,0,0.88211,0.207578,0
-0.8877,-0.203225,0,0,0,0,0.8877,0.203225,0
-0.893143,-0.198839,0,0,0,0,0.893143,0.198839,0
-0.898441,-0.19442,0,0,0,0,0.898441,0.19442,0
-0.903593,-0.18997,0,0,0,0,0.903593,0.18997,0
-0.908603,-0.18549,0,0,0,0,0.908603,0.18549,0
-0.91347,-0.180981,0,0,0,0,0.91347,0.180981,0
-0.918195,-0.176444,0,0,0,0,0.918195,0.176444,0
-0.92278,-0.171879,0,0,0,0,0.92278,0.171879,0
-0.927226,-0.167289,0,0,0,0,0.927226,0.167289,0
-0.931533,-0.162674,0,0,0,0,0.931533,0.162674,0
-0.935702,-0.158035,0,0,0,0,0.935702,0.158035,0
-0.939735,-0.153372,0,0,0,0,0.939735,0.153372,0
-0.943631,-0.148688,0,0,0,0,0.943631,0.148688,0
-0.947392,-0.143982,0,0,0,0,0.947392,0.143982,0
-0.951019,-0.139255,0,0,0,0,0.951019,0.139255,0
-0.954511,-0.134509,0,0,0,0,0.954511,0.134509,0
-0.957871,-0.129745,0,0,0,0,0.957871,0.129745,0
-0.961098,-0.124962,0,0,0,0,0.961098,0.124962,0
-0.964192,-0.120162,0,0,0,0,0.964192,0.120162,0
-0.967156,-0.115346,0,0,0,0,0.967156,0.115346,0
-0.969989,-0.110514,0,0,0,0,0.969989,0.110514,0
-0.972691,-0.105667,0,0,0,0,0.972691,0.105667,0
-0.975263,-0.100806,0,0,0,0,0.975263,0.100806,0
-0.977707,-0.0959323,0,0,0,0,0.977707,0.0959323,0
-0.980021,-0.0910455,0,0,0,0,0.980021,0.0910455,0
-0.982207,-0.0861467,0,0,0,0,0.982207,0.0861467,0
-0.984264,-0.0812367,0,0,0,0,0.984264,0.0812367,0
-0.986194,-0.0763162,0,0,0,0,0.986194,0.0763162,0
-0.987997,-0.0713858,0,0,0,0,0.987997,0.0713858,0
-0.989672,-0.0664462,0,0,0,0,0.989672,0.0664462,0
-0.991221,-0.0614981,0,0,0,0,0.991221,0.0614981,0
-0.992643,-0.0565422,0,0,0,0,0.992643,0.0565422,0
-0.993939,-0.051579,0,0,0,0,0.993939,0.051579,0
-0.995109,-0.0466094,0,0,0,0,0.995109,0.0466094,0
-0.996154,-0.0416338,0,0,0,0,0.996154,0.0416338,0
-0.997072,-0.036653,0,0,0,0,0.997072,0.036653,0
-0.997865,-0.0316676,0,0,0,0,0.997865,0.0316676,0
-0.998533,-0.0266782,0,0,0,0,0.998533,0.0266782,0
-0.999075,-0.0216854,0,0,0,0,0.999075,0.0216854,0
-0.999493,-0.01669,0,0,0,0,0.999493,0.01669,0
-0.999785,-0.0116924,0,0,0,0,0.999785,0.0116924,0
-0.999952,-0.00669339,0,0,0,0,0.999952,0.00669339,0
-0.999994,-0.00169354,0,0,0,0,0.999994,0.00169354,0
-0.999912,0.00330653,0,0,0,0,0.999912,-0.00330653,0
-0.999704,0.00830618,0,0,0,0,0.999704,-0.00830618,0
-0.999371,0.0133048,0,0,0,0,0.999371,-0.0133048,0
-0.998913,0.0183017,0,0,0,0,0.998913,-0.0183017,0
-0.99833,0.0232964,0,0,0,0,0.99833,-0.0232964,0
-0.997621,0.0282881,0,0,0,0,0.997621,-0.0282881,0
-0.996787,0.0332763,0,0,0,0,0.996787,-0.0332763,0
-0.995828,0.0382603,0,0,0,0,0.995828,-0.0382603,0
-0.994742,0.0432394,0,0,0,0,0.994742,-0.0432394,0
-0.993531,0.0482131,0,0,0,0,0.993531,-0.0482131,0
-0.992194,0.0531806,0,0,0,0,0.992194,-0.0531806,0
-0.99073,0.0581414,0,0,0,0,0.99073,-0.0581414,0
-0.989139,0.0630947,0,0,0,0,0.989139,-0.0630947,0
-0.987421,0.06804,0,0,0,0,0.987421,-0.06804,0
-0.985576,0.0729764,0,0,0,0,0.985576,-0.0729764,0
-0.983604,0.0779034,0,0,0,0,0.983604,-0.0779034,0
-0.981503,0.0828203,0,0,0,0,0.981503,-0.0828203,0
-0.979274,0.0877263,0,0,0,0,0.979274,-0.0877263,0
-0.976917,0.0926208,0,0,0,0,0.976917,-0.0926208,0
-0.97443,0.0975031,0,0,0,0,0.97443,-0.0975031,0
-0.971813,0.102372,0,0,0,0,0.971813,-0.102372,0
-0.969066,0.107228,0,0,0,0,0.969066,-0.107228,0
-0.966189,0.112069,0,0,0,0,0.966189,-0.112069,0
-0.96318,0.116895,0,0,0,0,0.96318,-0.116895,0
-0.960039,0.121705,0,0,0,0,0.960039,-0.121705,0
-0.956766,0.126498,0,0,0,0,0.956766,-0.126498,0
-0.95336,0.131273,0,0,0,0,0.95336,-0.131273,0
-0.94982,0.13603,0,0,0,0,0.94982,-0.13603,0
-0.946146,0.140768,0,0,0,0,0.946146,-0.140768,0
-0.942337,0.145486,0,0,0,0,0.942337,-0.145486,0
-0.938392,0.150183,0,0,0,0,0.938392,-0.150183,0
-0.93431,0.154857,0,0,0,0,0.93431,-0.154857,0
-0.93009,0.15951,0,0,0,0,0.93009,-0.15951,0
-0.925733,0.164138,0,0,0,0,0.925733,-0.164138,0
-0.921236,0.168742,0,0,0,0,0.921236,-0.168742,0
-0.916599,0.17332,0,0,0,0,0.916599,-0.17332,0
-0.91182,0.177871,0,0,0,0,0.91182,-0.177871,0
-0.9069,0.182394,0,0,0,0,0.9069,-0.182394,0
-0.901836,0.186889,0,0,0,0,0.901836,-0.186889,0
-0.896628,0.191354,0,0,0,0,0.896628,-0.191354,0
-0.891275,0.195788,0,0,0,0,0.891275,-0.195788,0
-0.885775,0.200189,0,0,0,0,0.885775,-0.200189,0
-0.880127,0.204558,0,0,0,0,0.880127,-0.204558,0
-0.87433,0.208891,0,0,0,0,0.87433,-0.208891,0
-0.868382,0.213189,0,0,0,0,0.868382,-0.213189,0
-0.862283,0.217449,0,0,0,0,0.862283,-0.217449,0
-0.856031,0.22167,0,0,0,0,0.856031,-0.22167,0
-0.849623,0.225852,0,0,0,0,0.849623,-0.225852,0
-0.84306,0.229992,0,0,0,0,0.84306,-0.229992,0
-0.836338,0.234089,0,0,0,0,0.836338,-0.234089,0
-0.829457,0.238141,0,0,0,0,0.829457,-0.238141,0
-0.822414,0.242147,0,0,0,0,0.822414,-0.242147,0
-0.815209,0.246105,0,0,0,0,0.815209,-0.246105,0
-0.807838,0.250013,0,0,0,0,0.807838,-0.250013,0
-0.8003,0.253869,0,0,0,0,0.8003,-0.253869,0
-0.792594,0.257672,0,0,0,0,0.792594,-0.257672,0
-0.784716,0.261419,0,0,0,0,0.784716,-0.261419,0
-0.776665,0.265109,0,0,0,0,0.776665,-0.265109,0
-0.768438,0.268738,0,0,0,0,0.768438,-0.268738,0
-0.760033,0.272305,0,0,0,0,0.760033,-0.272305,0
-0.751447,0.275807,0,0,0,0,0.751447,-0.275807,0
-0.742679,0.279243,0,0,0,0,0.742679,-0.279243,0
-0.733724,0.282608,0,0,0,0,0.733724,-0.282608,0
-0.724581,0.2859,0,0,0,0,0.724581,-0.2859,0
-0.715246,0.289117,0,0,0,0,0.715246,-0.289117,0
-0.705717,0.292256,0,0,0,0,0.705717,-0.292256,0
-0.695989,0.295312,0,0,0,0,0.695989,-0.295312,0
-0.68606,0.298283,0,0,0,0,0.68606,-0.298283,0
-0.675927,0.301164,0,0,0,0,0.675927,-0.301164,0
-0.665585,0.303953,0,0,0,0,0.665585,-0.303953,0
-0.65503,0.306645,0,0,0,0,0.65503,-0.306645,0
-0.644259,0.309236,0,0,0,0,0.644259,-0.309236,0
-0.633267,0.31172,0,0,0,0,0.633267,-0.31172,0
-0.62205,0.314094,0,0,0,0,0.62205,-0.314094,0
-0.610604,0.316351,0,0,0,0,0.610604,-0.316351,0
-0.598922,0.318487,0,0,0,0,0.598922,-0.318487,0
-0.587001,0.320496,0,0,0,0,0.587001,-0.320496,0
-0.574835,0.32237,0,0,0,0,0.574835,-0.32237,0
-0.562417,0.324104,0,0,0,0,0.562417,-0.324104,0
-0.549742,0.32569,0,0,0,0,0.549742,-0.32569,0
-0.536804,0.327119,0,0,0,0,0.536804,-0.327119,0
-0.523596,0.328384,0,0,0,0,0.523596,-0.328384,0
-0.510111,0.329475,0,0,0,0,0.510111,-0.329475,0
-0.496341,0.330381,0,0,0,0,0.496341,-0.330381,0
-0.482278,0.331093,0,0,0,0,0.482278,-0.331093,0
-0.467913,0.331598,0,0,0,0,0.467913,-0.331598,0
-0.453239,0.331884,0,0,0,0,0.453239,-0.331884,0
-0.438245,0.331935,0,0,0,0,0.438245,-0.331935,0
-0.422922,0.331736,0,0,0,0,0.422922,-0.331736,0
-0.407257,0.33127,0,0,0,0,0.407257,-0.33127,0
-0.391241,0.330518,0,0,0,0,0.391241,-0.330518,0
-0.374861,0.329458,0,0,0,0,0.374861,-0.329458,0
-0.358104,0.328066,0,0,0,0,0.358104,-0.328066,0
-0.340956,0.326316,0,0,0,0,0.340956,-0.326316,0
-0.323402,0.324178,0,0,0,0,0.323402,-0.324178,0
-0.305428,0.321617,0,0,0,0,0.305428,-0.321617,0
-0.287016,0.318596,0,0,0,0,0.287016,-0.318596,0
-0.268148,0.315068,0,0,0,0,0.268148,-0.315068,0
-0.248807,0.310984,0,0,0,0,0.248807,-0.310984,0
-0.228974,0.306283,0,0,0,0,0.228974,-0.306283,0
-0.208629,0.300897,0,0,0,0,0.208629,-0.300897,0
-0.187753,0.294744,0,0,0,0,0.187753,-0.294744,0
-0.166328,0.287725,0,0,0,0,0.166328,-0.287725,0
-0.144336,0.279725,0,0,0,0,0.144336,-0.279725,0
-0.121766,0.270601,0,0,0,0,0.121766,-0.270601,0
-0.0986149,0.260179,0,0,0,0,0.0986149,-0.260179,0
-0.0748936,0.248243,0,0,0,0,0.0748936,-0.248243,0
-0.0506388,0.23452,0,0,0,0,0.0506388,-0.23452,0
-0.0259318,0.218668,0,0,0,0,0.0259318,-0.218668,0
-0.0009322,0.200245,0,0,0,0,0.0009322,-0.200245,0
0.0240626,0.178694,0,0,0,0,-0.0240626,-0.178694,0
0.0485102,0.153323,0,0,0,0,-0.0485102,-0.153323,0
0.0714437,0.123349,0,0,0,0,-0.0714437,-0.123349,0
0.0912186,0.0881018,0,0,0,0,-0.0912186,-0.0881018,0
0.105361,0.047591,0,0,0,0,-0.105361,-0.047591,0
0.111091,0.00340633,0,0,0,0,-0.111091,-0.00340633,0
0.106954,-0.0410717,0,0,0,0,-0.106954,0.0410717,0
0.0940647,-0.0823022,0,0,0,0,-0.0940647,0.0823022,0
0.0751258,-0.118412,0,0,0,0,-0.0751258,0.118412,0
0.0527064,-0.149214,0,0,0,0,-0.0527064,0.149214,0
0.0285652,-0.17532,0,0,0,0,-0.0285652,0.17532,0
0.00375022,-0.197507,0,0,0,0,-0.00375022,0.197507,0
-0.0211465,-0.216481,0,0,0,0,0.0211465,0.216481,0
-0.0457983,-0.232815,0,0,0,0,0.0457983,0.232815,0
-0.0700282,-0.246962,0,0,0,0,0.0700282,0.246962,0
-0.0937444,-0.259278,0,0,0,0,0.0937444,0.259278,0
-0.116904,-0.270043,0,0,0,0,0.116904,0.270043,0
-0.139491,-0.27948,0,0,0,0,0.139491,0.27948,0
-0.161506,-0.287767,0,0,0,0,0.161506,0.287767,0
-0.182961,-0.295052,0,0,0,0,0.182961,0.295052,0
-0.203869,-0.301453,0,0,0,0,0.203869,0.301453,0
-0.224248,-0.307072,0,0,0,0,0.224248,0.307072,0
-0.244117,-0.311991,0,0,0,0,0.244117,0.311991,0
-0.263496,-0.316281,0,0,0,0,0.263496,0.316281,0
-0.282402,-0.320005,0,0,0,0,0.282402,0.320005,0
-0.300854,-0.323213,0,0,0,0,0.300854,0.323213,0
-0.31887,-0.325952,0,0,0,0,0.31887,0.325952,0
-0.336464,-0.32826,0,0,0,0,0.336464,0.32826,0
-0.353654,-0.330173,0,0,0,0,0.353654,0.330173,0
-0.370454,-0.331722,0,0,0,0,0.370454,0.331722,0
-0.386876,-0.332933,0,0,0,0,0.386876,0.332933,0
-0.402935,-0.333831,0,0,0,0,0.402935,0.333831,0
-0.418643,-0.334437,0,0,0,0,0.418643,0.334437,0
-0.43401,-0.334771,0,0,0,0,0.43401,0.334771,0
-0.449048,-0.334852,0,0,0,0,0.449048,0.334852,0
-0.463766,-0.334693,0,0,0,0,0.463766,0.334693,0
-0.478174,-0.334312,0,0,0,0,0.478174,0.334312,0
-0.492282,-0.333719,0,0,0,0,0.492282,0.333719,0
-0.506097,-0.332929,0,0,0,0,0.506097,0.332929,0
-0.519627,-0.331951,0,0,0,0,0.519627,0.331951,0
-0.53288,-0.330796,0,0,0,0,0.53288,0.330796,0
-0.545863,-0.329473,0,0,0,0,0.545863,0.329473,0
-0.558583,-0.327991,0,0,0,0,0.558583,0.327991,0
-0.571046,-0.326359,0,0,0,0,0.571046,0.326359,0
-0.583258,-0.324583,0,0,0,0,0.583258,0.324583,0
-0.595225,-0.32267,0,0,0,0,0.595225,0.32267,0
-0.606952,-0.320628,0,0,0,0,0.606952,0.320628,0
-0.618444,-0.318462,0,0,0,0,0.618444,0.318462,0
-0.629707,-0.316177,0,0,0,0,0.629707,0.316177,0
-0.640745,-0.313779,0,0,0,0,0.640745,0.313779,0
-0.651562,-0.311274,0,0,0,0,0.651562,0.311274,0
-0.662163,-0.308665,0,0,0,0,0.662163,0.308665,0
-0.672552,-0.305957,0,0,0,0,0.672552,0.305957,0
-0.682732,-0.303154,0,0,0,0,0.682732,0.303154,0
-0.692707,-0.30026,0,0,0,0,0.692707,0.30026,0
-0.702482,-0.297279,0,0,0,0,0.702482,0.297279,0
-0.712058,-0.294214,0,0,0,0,0.712058,0.294214,0
-0.72144,-0.291069,0,0,0,0,0.72144,0.291069,0
-0.73063,-0.287847,0,0,0,0,0.73063,0.287847,0
-0.739632,-0.28455,0,0,0,0,0.739632,0.28455,0
-0.748448,-0.281182,0,0,0,0,0.748448,0.281182,0
-0.75708,-0.277745,0,0,0,0,0.75708,0.277745,0
-0.765533,-0.274242,0,0,0,0,0.765533,0.274242,0
-0.773807,-0.270675,0,0,0,0,0.773807,0.270675,0
-0.781906,-0.267046,0,0,0,0,0.781906,0.267046,0
-0.789831,-0.263359,0,0,0,0,0.789831,0.263359,0
-0.797586,-0.259614,0,0,0,0,0.797586,0.259614,0
-0.805171,-0.255814,0,0,0,0,0.805171,0.255814,0
-0.81259,-0.251962,0,0,0,0,0.81259,0.251962,0
-0.819843,-0.248058,0,0,0,0,0.819843,0.248058,0
-0.826934,-0.244105,0,0,0,0,0.826934,0.244105,0
-0.833863,-0.240104,0,0,0,0,0.833863,0.240104,0
-0.840632,-0.236057,0,0,0,0,0.840632,0.236057,0
-0.847244,-0.231966,0,0,0,0,0.847244,0.231966,0
-0.8537,-0.227832,0,0,0,0,0.8537,0.227832,0
-0.860001,-0.223657,0,0,0,0,0.860001,0.223657,0
-0.866148,-0.219442,0,0,0,0,0.866148,0.219442,0
-0.872144,-0.215189,0,0,0,0,0.872144,0.215189,0
-0.87799,-0.210898,0,0,0,0,0.87799,0.210898,0
-0.883686,-0.206572,0,0,0,0,0.883686,0.206572,0
-0.889235,-0.202211,0,0,0,0,0.889235,0.202211,0
-0.894637,-0.197817,0,0,0,0,0.894637,0.197817,0
-0.899894,-0.19339,0,0,0,0,0.899894,0.19339,0
-0.905006,-0.188933,0,0,0,0,0.905006,0.188933,0
-0.909975,-0.184445,0,0,0,0,0.909975,0.184445,0
-0.914802,-0.179929,0,0,0,0,0.914802,0.179929,0
-0.919488,-0.175386,0,0,0,0,0.919488,0.175386,0
-0.924034,-0.170815,0,0,0,0,0.924034,0.170815,0
-0.928441,-0.166219,0,0,0,0,0.928441,0.166219,0
-0.932709,-0.161598,0,0,0,0,0.932709,0.161598,0
-0.93684,-0.156953,0,0,0,0,0.93684,0.156953,0
-0.940834,-0.152285,0,0,0,0,0.940834,0.152285,0
-0.944693,-0.147595,0,0,0,0,0.944693,0.147595,0
-0.948416,-0.142884,0,0,0,0,0.948416,0.142884,0
-0.952005,-0.138153,0,0,0,0,0.952005,0.138153,0
-0.955461,-0.133403,0,0,0,0,0.955461,0.133403,0
-0.958783,-0.128633,0,0,0,0,0.958783,0.128633,0
-0.961973,-0.123847,0,0,0,0,0.961973,0.123847,0
-0.965031,-0.119043,0,0,0,0,0.965031,0.119043,0
-0.967958,-0.114223,0,0,0,0,0.967958,0.114223,0
-0.970754,-0.109387,0,0,0,0,0.970754,0.109387,0
-0.97342,-0.104537,0,0,0,0,0.97342,0.104537,0
-0.975956,-0.0996732,0,0,0,0,0.975956,0.0996732,0
-0.978363,-0.094796,0,0,0,0,0.978363,0.094796,0
-0.980642,-0.0899063,0,0,0,0,0.980642,0.0899063,0
-0.982792,-0.0850048,0,0,0,0,0.982792,0.0850048,0
-0.984814,-0.0800922,0,0,0,0,0.984814,0.0800922,0
-0.986708,-0.0751693,0,0,0,0,0.986708,0.0751693,0
-0.988475,-0.0702367,0,0,0,0,0.988475,0.0702367,0
-0.990116,-0.065295,0,0,0,0,0.990116,0.065295,0
-0.991629,-0.0603451,0,0,0,0,0.991629,0.0603451,0
-0.993016,-0.0553874,0,0,0,0,0.993016,0.0553874,0
-0.994277,-0.0504226,0,0,0,0,0.994277,0.0504226,0
-0.995412,-0.0454515,0,0,0,0,0.995412,0.0454515,0
-0.996421,-0.0404746,0,0,0,0,0.996421,0.0404746,0
-0.997305,-0.0354927,0,0,0,0,0.997305,0.0354927,0
-0.998063,-0.0305063,0,0,0,0,0.998063,0.0305063,0
-0.998696,-0.025516,0,0,0,0,0.998696,0.025516,0
-0.999203,-0.0205225,0,0,0,0,0.999203,0.0205225,0
-0.999586,-0.0155265,0,0,0,0,0.999586,0.0155265,0
-0.999843,-0.0105285,0,0,0,0,0.999843,0.0105285,0
-0.999976,-0.00552926,0,0,0,0,0.999976,0.00552926,0
-0.999983,-0.000529286,0,0,0,0,0.999983,0.000529286,0
-0.999866,0.00447076,0,0,0,0,0.999866,-0.00447076,0
-0.999623,0.00947024,0,0,0,0,0.999623,-0.00947024,0
-0.999255,0.0144685,0,0,0,0,0.999255,-0.0144685,0
-0.998762,0.019465,0,0,0,0,0.998762,-0.019465,0
-0.998144,0.0244591,0,0,0,0,0.998144,-0.0244591,0
-0.997401,0.02945,0,0,0,0,0.997401,-0.02945,0
-0.996532,0.0344373,0,0,0,0,0.996532,-0.0344373,0
-0.995537,0.0394202,0,0,0,0,0.995537,-0.0394202,0
-0.994417,0.0443982,0,0,0,0,0.994417,-0.0443982,0
-0.993171,0.0493705,0,0,0,0,0.993171,-0.0493705,0
-0.991798,0.0543365,0,0,0,0,0.991798,-0.0543365,0
-0.990299,0.0592956,0,0,0,0,0.990299,-0.0592956,0
-0.988673,0.0642472,0,0,0,0,0.988673,-0.0642472,0
-0.98692,0.0691904,0,0,0,0,0.98692,-0.0691904,0
-0.985039,0.0741247,0,0,0,0,0.985039,-0.0741247,0
-0.983031,0.0790495,0,0,0,0,0.983031,-0.0790495,0
-0.980895,0.0839639,0,0,0,0,0.980895,-0.0839639,0
-0.97863,0.0888673,0,0,0,0,0.97863,-0.0888673,0
-0.976236,0.093759,0,0,0,0,0.976236,-0.093759,0
-0.973713,0.0986383,0,0,0,0,0.973713,-0.0986383,0
-0.97106,0.103504,0,0,0,0,0.97106,-0.103504,0
-0.968277,0.108357,0,0,0,0,0.968277,-0.108357,0
-0.965363,0.113194,0,0,0,0,0.965363,-0.113194,0
-0.962317,0.118016,0,0,0,0,0.962317,-0.118016,0
-0.959139,0.122822,0,0,0,0,0.959139,-0.122822,0
-0.955829,0.127611,0,0,0,0,0.955829,-0.127611,0
-0.952386,0.132383,0,0,0,0,0.952386,-0.132383,0
-0.948809,0.137135,0,0,0,0,0.948809,-0.137135,0
-0.945097,0.141868,0,0,0,0,0.945097,-0.141868,0
-0.941249,0.146581,0,0,0,0,0.941249,-0.146581,0
-0.937266,0.151273,0,0,0,0,0.937266,-0.151273,0
-0.933146,0.155942,0,0,0,0,0.933146,-0.155942,0
-0.928888,0.160589,0,0,0,0,0.928888,-0.160589,0
-0.924491,0.165211,0,0,0,0,0.924491,-0.165211,0
-0.919955,0.169809,0,0,0,0,0.919955,-0.169809,0
-0.915278,0.174381,0,0,0,0,0.915278,-0.174381,0
-0.91046,0.178925,0,0,0,0,0.91046,-0.178925,0
-0.9055,0.183442,0,0,0,0,0.9055,-0.183442,0
-0.900395,0.18793,0,0,0,0,0.900395,-0.18793,0
-0.895147,0.192387,0,0,0,0,0.895147,-0.192387,0
-0.889752,0.196813,0,0,0,0,0.889752,-0.196813,0
-0.884211,0.201207,0,0,0,0,0.884211,-0.201207,0
-0.878521,0.205567,0,0,0,0,0.878521,-0.205567,0
-0.872682,0.209892,0,0,0,0,0.872682,-0.209892,0
-0.866692,0.21418,0,0,0,0,0.866692,-0.21418,0
-0.860549,0.218431,0,0,0,0,0.860549,-0.218431,0
-0.854253,0.222643,0,0,0,0,0.854253,-0.222643,0
-0.847802,0.226815,0,0,0,0,0.847802,-0.226815,0
-0.841194,0.230944,0,0,0,0,0.841194,-0.230944,0
-0.834427,0.23503,0,0,0,0,0.834427,-0.23503,0
-0.827501,0.239071,0,0,0,0,0.827501,-0.239071,0
-0.820412,0.243065,0,0,0,0,0.820412,-0.243065,0
-0.81316,0.247011,0,0,0,0,0.81316,-0.247011,0
-0.805743,0.250907,0,0,0,0,0.805743,-0.250907,0
-0.798157,0.25475,0,0,0,0,0.798157,-0.25475,0
-0.790402,0.258539,0,0,0,0,0.790402,-0.258539,0
-0.782475,0.262272,0,0,0,0,0.782475,-0.262272,0
-0.774375,0.265946,0,0,0,0,0.774375,-0.265946,0
-0.766097,0.26956,0,0,0,0,0.766097,-0.26956,0
-0.757641,0.273111,0,0,0,0,0.757641,-0.273111,0
-0.749004,0.276597,0,0,0,0,0.749004,-0.276597,0
-0.740183,0.280014,0,0,0,0,0.740183,-0.280014,0
-0.731175,0.283361,0,0,0,0,0.731175,-0.283361,0
-0.721978,0.286635,0,0,0,0,0.721978,-0.286635,0
-0.712588,0.289832,0,0,0,0,0.712588,-0.289832,0
-0.703002,0.29295,0,0,0,0,0.703002,-0.29295,0
-0.693217,0.295984,0,0,0,0,0.693217,-0.295984,0
-0.68323,0.298933,0,0,0,0,0.68323,-0.298933,0
-0.673037,0.301791,0,0,0,0,0.673037,-0.301791,0
-0.662635,0.304555,0,0,0,0,0.662635,-0.304555,0
-0.652019,0.307221,0,0,0,0,0.652019,-0.307221,0
-0.641185,0.309784,0,0,0,0,0.641185,-0.309784,0
-0.630129,0.31224,0,0,0,0,0.630129,-0.31224,0
-0.618847,0.314584,0,0,0,0,0.618847,-0.314584,0
-0.607333,0.31681,0,0,0,0,0.607333,-0.31681,0
-0.595584,0.318913,0,0,0,0,0.595584,-0.318913,0
-0.583592,0.320887,0,0,0,0,0.583592,-0.320887,0
-0.571354,0.322725,0,0,0,0,0.571354,-0.322725,0
-0.558863,0.32442,0,0,0,0,0.558863,-0.32442,0
-0.546114,0.325965,0,0,0,0,0.546114,-0.325965,0
-0.533098,0.327351,0,0,0,0,0.533098,-0.327351,0
-0.519811,0.32857,0,0,0,0,0.519811,-0.32857,0
-0.506244,0.329613,0,0,0,0,0.506244,-0.329613,0
-0.49239,0.330468,0,0,0,0,0.49239,-0.330468,0
-0.478241,0.331125,0,0,0,0,0.478241,-0.331125,0
-0.463788,0.331572,0,0,0,0,0.463788,-0.331572,0
-0.449022,0.331795,0,0,0,0,0.449022,-0.331795,0
-0.433934,0.33178,0,0,0,0,0.433934,-0.33178,0
-0.418512,0.33151,0,0,0,0,0.418512,-0.33151,0
-0.402747,0.330968,0,0,0,0,0.402747,-0.330968,0
-0.386627,0.330133,0,0,0,0,0.386627,-0.330133,0
-0.370139,0.328984,0,0,0,0,0.370139,-0.328984,0
-0.353269,0.327497,0,0,0,0,0.353269,-0.327497,0
-0.336005,0.325643,0,0,0,0,0.336005,-0.325643,0
-0.31833,0.323391,0,0,0,0,0.31833,-0.323391,0
-0.30023,0.320706,0,0,0,0,0.30023,-0.320706,0
-0.281686,0.317547,0,0,0,0,0.281686,-0.317547,0
-0.262683,0.31387,0,0,0,0,0.262683,-0.31387,0
-0.2432,0.309619,0,0,0,0,0.2432,-0.309619,0
-0.223219,0.304733,0,0,0,0,0.223219,-0.304733,0
-0.202721,0.29914,0,0,0,0,0.202721,-0.29914,0
-0.181685,0.292752,0,0,0,0,0.181685,-0.292752,0
-0.160095,0.285468,0,0,0,0,0.160095,-0.285468,0
-0.137934,0.277165,0,0,0,0,0.137934,-0.277165,0
-0.115193,0.267691,0,0,0,0,0.115193,-0.267691,0
-0.0918719,0.256861,0,0,0,0,0.0918719,-0.256861,0
-0.0679871,0.244444,0,0,0,0,0.0679871,-0.244444,0
-0.0435862,0.230151,0,0,0,0,0.0435862,-0.230151,0
-0.0187687,0.213611,0,0,0,0,0.0187687,-0.213611,0
0.00627391,0.194352,0,0,0,0,-0.00627391,-0.194352,0
0.031187,0.171778,0,0,0,0,-0.031187,-0.171778,0
0.0553278,0.145162,0,0,0,0,-0.0553278,-0.145162,0
0.0775607,0.11372,0,0,0,0,-0.0775607,-0.11372,0
0.0960018,0.0768992,0,0,0,0,-0.0960018,-0.0768992,0
0.107984,0.0350738,0,0,0,0,-0.107984,-0.0350738,0
0.11091,-0.0095952,0,0,0,0,-0.11091,0.0095952,0
0.104028,-0.0534457,0,0,0,0,-0.104028,0.0534457,0
0.089099,-0.0933,0,0,0,0,-0.089099,0.0933,0
0.06893,-0.127845,0,0,0,0,-0.06893,0.127845,0
0.0458753,-0.157215,0,0,0,0,-0.0458753,0.157215,0
0.0214628,-0.182113,0,0,0,0,-0.0214628,0.182113,0
-0.00341611,-0.203309,0,0,0,0,0.00341611,0.203309,0
-0.028262,-0.221471,0,0,0,0,0.028262,0.221471,0
-0.0528006,-0.237137,0,0,0,0,0.0528006,0.237137,0
-0.0768846,-0.250727,0,0,0,0,0.0768846,0.250727,0
-0.100439,-0.262575,0,0,0,0,0.100439,0.262575,0
-0.12343,-0.272941,0,0,0,0,0.12343,0.272941,0
-0.145849,-0.282034,0,0,0,0,0.145849,0.282034,0
-0.167698,-0.290023,0,0,0,0,0.167698,0.290023,0
-0.18899,-0.297047,0,0,0,0,0.18899,0.297047,0
-0.209741,-0.303218,0,0,0,0,0.209741,0.303218,0
-0.229969,-0.308631,0,0,0,0,0.229969,0.308631,0
-0.249693,-0.313367,0,0,0,0,0.249693,0.313367,0
-0.268932,-0.317493,0,0,0,0,0.268932,0.317493,0
-0.287704,-0.321067,0,0,0,0,0.287704,0.321067,0
-0.306027,-0.32414,0,0,0,0,0.306027,0.32414,0
-0.323918,-0.326756,0,0,0,0,0.323918,0.326756,0
-0.341393,-0.328951,0,0,0,0,0.341393,0.328951,0
-0.358468,-0.33076,0,0,0,0,0.358468,0.33076,0
-0.375156,-0.332213,0,0,0,0,0.375156,0.332213,0
-0.391472,-0.333336,0,0,0,0,0.391472,0.333336,0
-0.407428,-0.334151,0,0,0,0,0.407428,0.334151,0
-0.423035,-0.334681,0,0,0,0,0.423035,0.334681,0
-0.438306,-0.334945,0,0,0,0,0.438306,0.334945,0
-0.45325,-0.334959,0,0,0,0,0.45325,0.334959,0
-0.467877,-0.334738,0,0,0,0,0.467877,0.334738,0
-0.482198,-0.334298,0,0,0,0,0.482198,0.334298,0
-0.49622,-0.333651,0,0,0,0,0.49622,0.333651,0
-0.509952,-0.332809,0,0,0,0,0.509952,0.332809,0
-0.523401,-0.331783,0,0,0,0,0.523401,0.331783,0
-0.536576,-0.330582,0,0,0,0,0.536576,0.330582,0
-0.549482,-0.329216,0,0,0,0,0.549482,0.329216,0
-0.562127,-0.327693,0,0,0,0,0.562127,0.327693,0
-0.574517,-0.326022,0,0,0,0,0.574517,0.326022,0
-0.586658,-0.324209,0,0,0,0,0.586658,0.324209,0
-0.598556,-0.322262,0,0,0,0,0.598556,0.322262,0
-0.610215,-0.320186,0,0,0,0,0.610215,0.320186,0
-0.621641,-0.317988,0,0,0,0,0.621641,0.317988,0
-0.632839,-0.315674,0,0,0,0,0.632839,0.315674,0
-0.643813,-0.313247,0,0,0,0,0.643813,0.313247,0
-0.654568,-0.310714,0,0,0,0,0.654568,0.310714,0
-0.665107,-0.308079,0,0,0,0,0.665107,0.308079,0
-0.675436,-0.305346,0,0,0,0,0.675436,0.305346,0
-0.685557,-0.30252,0,0,0,0,0.685557,0.30252,0
-0.695475,-0.299603,0,0,0,0,0.695475,0.299603,0
-0.705193,-0.2966,0,0,0,0,0.705193,0.2966,0
-0.714713,-0.293515,0,0,0,0,0.714713,0.293515,0
-0.72404,-0.290349,0,0,0,0,0.72404,0.290349,0
-0.733176,-0.287108,0,0,0,0,0.733176,0.287108,0
-0.742125,-0.283792,0,0,0,0,0.742125,0.283792,0
-0.750888,-0.280407,0,0,0,0,0.750888,0.280407,0
-0.759469,-0.276952,0,0,0,0,0.759469,0.276952,0
-0.767871,-0.273433,0,0,0,0,0.767871,0.273433,0
-0.776095,-0.26985,0,0,0,0,0.776095,0.26985,0
-0.784144,-0.266207,0,0,0,0,0.784144,0.266207,0
-0.792021,-0.262505,0,0,0,0,0.792021,0.262505,0
-0.799727,-0.258746,0,0,0,0,0.799727,0.258746,0
-0.807265,-0.254933,0,0,0,0,0.807265,0.254933,0
-0.814637,-0.251067,0,0,0,0,0.814637,0.251067,0
-0.821844,-0.247151,0,0,0,0,0.821844,0.247151,0
-0.828889,-0.243186,0,0,0,0,0.828889,0.243186,0
-0.835773,-0.239174,0,0,0,0,0.835773,0.239174,0
-0.842498,-0.235116,0,0,0,0,0.842498,0.235116,0
-0.849065,-0.231014,0,0,0,0,0.849065,0.231014,0
-0.855477,-0.22687,0,0,0,0,0.855477,0.22687,0
-0.861735,-0.222685,0,0,0,0,0.861735,0.222685,0
-0.867839,-0.21846,0,0,0,0,0.867839,0.21846,0
-0.873793,-0.214198,0,0,0,0,0.873793,0.214198,0
-0.879596,-0.209898,0,0,0,0,0.879596,0.209898,0
-0.885251,-0.205563,0,0,0,0,0.885251,0.205563,0
-0.890758,-0.201194,0,0,0,0,0.890758,0.201194,0
-0.896119,-0.196792,0,0,0,0,0.896119,0.196792,0
-0.901335,-0.192358,0,0,0,0,0.901335,0.192358,0
-0.906407,-0.187893,0,0,0,0,0.906407,0.187893,0
-0.911336,-0.183399,0,0,0,0,0.911336,0.183399,0
-0.916124,-0.178876,0,0,0,0,0.916124,0.178876,0
-0.92077,-0.174326,0,0,0,0,0.92077,0.174326,0
-0.925277,-0.169749,0,0,0,0,0.925277,0.169749,0
-0.929645,-0.165147,0,0,0,0,0.929645,0.165147,0
-0.933875,-0.16052,0,0,0,0,0.933875,0.16052,0
-0.937967,-0.155869,0,0,0,0,0.937967,0.155869,0
-0.941923,-0.151196,0,0,0,0,0.941923,0.151196,0
-0.945744,-0.146501,0,0,0,0,0.945744,0.146501,0
-0.94943,-0.141786,0,0,0,0,0.94943,0.141786,0
-0.952981,-0.13705,0,0,0,0,0.952981,0.13705,0
-0.956399,-0.132295,0,0,0,0,0.956399,0.132295,0
-0.959684,-0.127521,0,0,0,0,0.959684,0.127521,0
-0.962838,-0.12273,0,0,0,0,0.962838,0.12273,0
-0.965859,-0.117923,0,0,0,0,0.965859,0.117923,0
-0.968749,-0.113099,0,0,0,0,0.968749,0.113099,0
-0.971509,-0.10826,0,0,0,0,0.971509,0.10826,0
-0.974139,-0.103406,0,0,0,0,0.974139,0.103406,0
-0.976639,-0.0985392,0,0,0,0,0.976639,0.0985392,0
-0.97901,-0.093659,0,0,0,0,0.97901,0.093659,0
-0.981253,-0.0887664,0,0,0,0,0.981253,0.0887664,0
-0.983367,-0.0838623,0,0,0,0,0.983367,0.0838623,0
-0.985354,-0.0789472,0,0,0,0,0.985354,0.0789472,0
-0.987212,-0.0740219,0,0,0,0,0.987212,0.0740219,0
-0.988944,-0.0690871,0,0,0,0,0.988944,0.0690871,0
-0.990549,-0.0641435,0,0,0,0,0.990549,0.0641435,0
-0.992027,-0.0591916,0,0,0,0,0.992027,0.0591916,0
-0.993379,-0.0542322,0,0,0,0,0.993379,0.0542322,0
-0.994605,-0.0492659,0,0,0,0,0.994605,0.0492659,0
-0.995705,-0.0442933,0,0,0,0,0.995705,0.0442933,0
-0.996679,-0.0393152,0,0,0,0,0.996679,0.0393152,0
-0.997528,-0.0343321,0,0,0,0,0.997528,0.0343321,0
-0.998251,-0.0293447,0,0,0,0,0.998251,0.0293447,0
-0.998849,-0.0243536,0,0,0,0,0.998849,0.0243536,0
-0.999322,-0.0193595,0,0,0,0,0.999322,0.0193595,0
-0.999669,-0.014363,0,0,0,0,0.999669,0.014363,0
-0.999892,-0.00936461,0,0,0,0,0.999892,0.00936461,0
-0.99999,-0.00436509,0,0,0,0,0.99999,0.00436509,0
-0.999962,0.000634981,0,0,0,0,0.999962,-0.000634981,0
-0.99981,0.00563497,0,0,0,0,0.99981,-0.00563497,0
-0.999532,0.0106343,0,0,0,0,0.999532,-0.0106343,0
-0.99913,0.0156322,0,0,0,0,0.99913,-0.0156322,0
-0.998602,0.0206282,0,0,0,0,0.998602,-0.0206282,0
-0.997949,0.0256216,0,0,0,0,0.997949,-0.0256216,0
-0.997171,0.0306118,0,0,0,0,0.997171,-0.0306118,0
-0.996267,0.0355981,0,0,0,0,0.996267,-0.0355981,0
-0.995237,0.04058,0,0,0,0,0.995237,-0.04058,0
-0.994082,0.0455567,0,0,0,0,0.994082,-0.0455567,0
-0.9928,0.0505276,0,0,0,0,0.9928,-0.0505276,0
-0.991392,0.0554921,0,0,0,0,0.991392,-0.0554921,0
-0.989858,0.0604495,0,0,0,0,0.989858,-0.0604495,0
-0.988196,0.0653992,0,0,0,0,0.988196,-0.0653992,0
-0.986408,0.0703404,0,0,0,0,0.986408,-0.0703404,0
-0.984492,0.0752726,0,0,0,0,0.984492,-0.0752726,0
-0.982448,0.080195,0,0,0,0,0.982448,-0.080195,0
-0.980276,0.0851069,0,0,0,0,0.980276,-0.0851069,0
-0.977975,0.0900076,0,0,0,0,0.977975,-0.0900076,0
-0.975545,0.0948965,0,0,0,0,0.975545,-0.0948965,0
-0.972986,0.0997728,0,0,0,0,0.972986,-0.0997728,0
-0.970297,0.104636,0,0,0,0,0.970297,-0.104636,0
-0.967477,0.109485,0,0,0,0,0.967477,-0.109485,0
-0.964526,0.114319,0,0,0,0,0.964526,-0.114319,0
-0.961444,0.119137,0,0,0,0,0.961444,-0.119137,0
-0.958229,0.123939,0,0,0,0,0.958229,-0.123939,0
-0.954882,0.128724,0,0,0,0,0.954882,-0.128724,0
-0.951401,0.133491,0,0,0,0,0.951401,-0.133491,0
-0.947786,0.138239,0,0,0,0,0.947786,-0.138239,0
-0.944037,0.142967,0,0,0,0,0.944037,-0.142967,0
-0.940151,0.147675,0,0,0,0,0.940151,-0.147675,0
-0.93613,0.152362,0,0,0,0,0.93613,-0.152362,0
-0.931971,0.157026,0,0,0,0,0.931971,-0.157026,0
-0.927674,0.161667,0,0,0,0,0.927674,-0.161667,0
-0.923238,0.166283,0,0,0,0,0.923238,-0.166283,0
-0.918663,0.170875,0,0,0,0,0.918663,-0.170875,0
-0.913947,0.17544,0,0,0,0,0.913947,-0.17544,0
-0.909089,0.179978,0,0,0,0,0.909089,-0.179978,0
-0.904088,0.184488,0,0,0,0,0.904088,-0.184488,0
-0.898943,0.188969,0,0,0,0,0.898943,-0.188969,0
-0.893654,0.193419,0,0,0,0,0.893654,-0.193419,0
-0.888218,0.197837,0,0,0,0,0.888218,-0.197837,0
-0.882635,0.202223,0,0,0,0,0.882635,-0.202223,0
-0.876903,0.206574,0,0,0,0,0.876903,-0.206574,0
-0.871022,0.21089,0,0,0,0,0.871022,-0.21089,0
-0.864989,0.21517,0,0,0,0,0.864989,-0.21517,0
-0.858803,0.219411,0,0,0,0,0.858803,-0.219411,0
-0.852464,0.223614,0,0,0,0,0.852464,-0.223614,0
-0.845968,0.227775,0,0,0,0,0.845968,-0.227775,0
-0.839316,0.231894,0,0,0,0,0.839316,-0.231894,0
-0.832504,0.235969,0,0,0,0,0.832504,-0.235969,0
-0.825532,0.239999,0,0,0,0,0.825532,-0.239999,0
-0.818397,0.243981,0,0,0,0,0.818397,-0.243981,0
-0.811099,0.247914,0,0,0,0,0.811099,-0.247914,0
-0.803634,0.251797,0,0,0,0,0.803634,-0.251797,0
-0.796,0.255627,0,0,0,0,0.796,-0.255627,0
-0.788197,0.259402,0,0,0,0,0.788197,-0.259402,0
-0.780221,0.26312,0,0,0,0,0.780221,-0.26312,0
-0.77207,0.26678,0,0,0,0,0.77207,-0.26678,0
-0.763743,0.270378,0,0,0,0,0.763743,-0.270378,0
-0.755235,0.273913,0,0,0,0,0.755235,-0.273913,0
-0.746546,0.277382,0,0,0,0,0.746546,-0.277382,0
-0.737672,0.280782,0,0,0,0,0.737672,-0.280782,0
-0.72861,0.28411,0,0,0,0,0.72861,-0.28411,0
-0.719358,0.287365,0,0,0,0,0.719358,-0.287365,0
-0.709913,0.290542,0,0,0,0,0.709913,-0.290542,0
-0.700271,0.293638,0,0,0,0,0.700271,-0.293638,0
-0.690429,0.296651,0,0,0,0,0.690429,-0.296651,0
-0.680383,0.299577,0,0,0,0,0.680383,-0.299577,0
-0.670131,0.302411,0,0,0,0,0.670131,-0.302411,0
-0.659668,0.30515,0,0,0,0,0.659668,-0.30515,0
-0.64899,0.30779,0,0,0,0,0.64899,-0.30779,0
-0.638093,0.310325,0,0,0,0,0.638093,-0.310325,0
-0.626972,0.312753,0,0,0,0,0.626972,-0.312753,0
-0.615624,0.315066,0,0,0,0,0.615624,-0.315066,0
-0.604043,0.317261,0,0,0,0,0.604043,-0.317261,0
-0.592225,0.31933,0,0,0,0,0.592225,-0.31933,0
-0.580163,0.321269,0,0,0,0,0.580163,-0.321269,0
-0.567853,0.32307,0,0,0,0,0.567853,-0.32307,0
-0.555288,0.324725,0,0,0,0,0.555288,-0.324725,0
-0.542463,0.326229,0,0,0,0,0.542463,-0.326229,0
-0.52937,0.327571,0,0,0,0,0.52937,-0.327571,0
-0.516002,0.328744,0,0,0,0,0.516002,-0.328744,0
-0.502353,0.329737,0,0,0,0,0.502353,-0.329737,0
-0.488415,0.33054,0,0,0,0,0.488415,-0.33054,0
-0.474179,0.331142,0,0,0,0,0.474179,-0.331142,0
-0.459636,0.33153,0,0,0,0,0.459636,-0.33153,0
-0.444778,0.33169,0,0,0,0,0.444778,-0.33169,0
-0.429594,0.331607,0,0,0,0,0.429594,-0.331607,0
-0.414074,0.331264,0,0,0,0,0.414074,-0.331264,0
-0.398207,0.330644,0,0,0,0,0.398207,-0.330644,0
-0.381981,0.329725,0,0,0,0,0.381981,-0.329725,0
-0.365384,0.328485,0,0,0,0,0.365384,-0.328485,0
-0.348401,0.326899,0,0,0,0,0.348401,-0.326899,0
-0.331018,0.324938,0,0,0,0,0.331018,-0.324938,0
-0.313221,0.32257,0,0,0,0,0.313221,-0.32257,0
-0.294994,0.319757,0,0,0,0,0.294994,-0.319757,0
-0.276318,0.316459,0,0,0,0,0.276318,-0.316459,0
-0.257176,0.312626,0,0,0,0,0.257176,-0.312626,0
-0.23755,0.308204,0,0,0,0,0.23755,-0.308204,0
-0.21742,0.303127,0,0,0,0,0.21742,-0.303127,0
-0.196766,0.297319,0,0,0,0,0.196766,-0.297319,0
-0.17557,0.290689,0,0,0,0,0.17557,-0.290689,0
-0.153813,0.28313,0,0,0,0,0.153813,-0.28313,0
-0.131483,0.27451,0,0,0,0,0.131483,-0.27451,0
-0.10857,0.26467,0,0,0,0,0.10857,-0.26467,0
-0.0850795,0.253413,0,0,0,0,0.0850795,-0.253413,0
-0.0610348,0.240493,0,0,0,0,0.0610348,-0.240493,0
-0.0364956,0.225598,0,0,0,0,0.0364956,-0.225598,0
-0.0115827,0.20833,0,0,0,0,0.0115827,-0.20833,0
0.0134744,0.188185,0,0,0,0,-0.0134744,-0.188185,0
0.0382537,0.164527,0,0,0,0,-0.0382537,-0.164527,0
0.0619948,0.136598,0,0,0,0,-0.0619948,-0.136598,0
0.0833707,0.103636,0,0,0,0,-0.0833707,-0.103636,0
0.10025,0.0652665,0,0,0,0,-0.10025,-0.0652665,0
0.109841,0.0223074,0,0,0,0,-0.109841,-0.0223074,0
0.109894,-0.0225244,0,0,0,0,-0.109894,0.0225244,0
0.100427,-0.0654721,0,0,0,0,-0.100427,0.0654721,0
0.0837035,-0.103845,0,0,0,0,-0.0837035,0.103845,0
0.0625029,-0.136843,0,0,0,0,-0.0625029,0.136843,0
0.0389388,-0.164843,0,0,0,0,-0.0389388,0.164843,0
0.0143275,-0.1886,0,0,0,0,-0.0143275,0.1886,0
-0.010575,-0.208861,0,0,0,0,0.010575,0.208861,0
-0.0353482,-0.226257,0,0,0,0,0.0353482,0.226257,0
-0.0597619,-0.241289,0,0,0,0,0.0597619,0.241289,0
-0.0836942,-0.254351,0,0,0,0,0.0836942,0.254351,0
-0.107084,-0.265751,0,0,0,0,0.107084,0.265751,0
-0.129907,-0.275735,0,0,0,0,0.129907,0.275735,0
-0.152157,-0.284499,0,0,0,0,0.152157,0.284499,0
-0.173841,-0.292202,0,0,0,0,0.173841,0.292202,0
-0.194973,-0.298974,0,0,0,0,0.194973,0.298974,0
-0.215569,-0.304922,0,0,0,0,0.215569,0.304922,0
-0.235647,-0.310137,0,0,0,0,0.235647,0.310137,0
-0.255227,-0.314695,0,0,0,0,0.255227,0.314695,0
-0.274328,-0.318661,0,0,0,0,0.274328,0.318661,0
-0.292967,-0.322091,0,0,0,0,0.292967,0.322091,0
-0.311162,-0.325032,0,0,0,0,0.311162,0.325032,0
-0.32893,-0.327527,0,0,0,0,0.32893,0.327527,0
-0.346287,-0.329612,0,0,0,0,0.346287,0.329612,0
-0.363248,-0.33132,0,0,0,0,0.363248,0.33132,0
-0.379827,-0.332679,0,0,0,0,0.379827,0.332679,0
-0.396037,-0.333715,0,0,0,0,0.396037,0.333715,0
-0.41189,-0.334451,0,0,0,0,0.41189,0.334451,0
-0.427399,-0.334906,0,0,0,0,0.427399,0.334906,0
-0.442574,-0.3351,0,0,0,0,0.442574,0.3351,0
-0.457425,-0.335048,0,0,0,0,0.457425,0.335048,0
-0.471963,-0.334767,0,0,0,0,0.471963,0.334767,0
-0.486196,-0.33427,0,0,0,0,0.486196,0.33427,0
-0.500133,-0.333569,0,0,0,0,0.500133,0.333569,0
-0.513783,-0.332676,0,0,0,0,0.513783,0.332676,0
-0.527152,-0.331602,0,0,0,0,0.527152,0.331602,0
-0.540249,-0.330356,0,0,0,0,0.540249,0.330356,0
-0.553079,-0.328948,0,0,0,0,0.553079,0.328948,0
-0.56565,-0.327385,0,0,0,0,0.56565,0.327385,0
-0.577968,-0.325676,0,0,0,0,0.577968,0.325676,0
-0.590038,-0.323827,0,0,0,0,0.590038,0.323827,0
-0.601867,-0.321845,0,0,0,0,0.601867,0.321845,0
-0.613459,-0.319736,0,0,0,0,0.613459,0.319736,0
-0.624819,-0.317507,0,0,0,0,0.624819,0.317507,0
-0.635952,-0.315163,0,0,0,0,0.635952,0.315163,0
-0.646863,-0.312708,0,0,0,0,0.646863,0.312708,0
-0.657556,-0.310148,0,0,0,0,0.657556,0.310148,0
-0.668034,-0.307487,0,0,0,0,0.668034,0.307487,0
-0.678303,-0.30473,0,0,0,0,0.678303,0.30473,0
-0.688366,-0.301879,0,0,0,0,0.688366,0.301879,0
-0.698226,-0.29894,0,0,0,0,0.698226,0.29894,0
-0.707887,-0.295916,0,0,0,0,0.707887,0.295916,0
-0.717352,-0.29281,0,0,0,0,0.717352,0.29281,0
-0.726624,-0.289625,0,0,0,0,0.726624,0.289625,0
-0.735707,-0.286364,0,0,0,0,0.735707,0.286364,0
-0.744602,-0.28303,0,0,0,0,0.744602,0.28303,0
-0.753314,-0.279627,0,0,0,0,0.753314,0.279627,0
-0.761843,-0.276156,0,0,0,0,0.761843,0.276156,0
-0.770194,-0.27262,0,0,0,0,0.770194,0.27262,0
-0.778369,-0.269022,0,0,0,0,0.778369,0.269022,0
-0.786369,-0.265364,0,0,0,0,0.786369,0.265364,0
-0.794197,-0.261647,0,0,0,0,0.794197,0.261647,0
-0.801855,-0.257875,0,0,0,0,0.801855,0.257875,0
-0.809346,-0.254049,0,0,0,0,0.809346,0.254049,0
-0.816671,-0.25017,0,0,0,0,0.816671,0.25017,0
-0.823832,-0.246242,0,0,0,0,0.823832,0.246242,0
-0.830831,-0.242265,0,0,0,0,0.830831,0.242265,0
-0.83767,-0.238241,0,0,0,0,0.83767,0.238241,0
-0.84435,-0.234172,0,0,0,0,0.84435,0.234172,0
-0.850874,-0.23006,0,0,0,0,0.850874,0.23006,0
-0.857242,-0.225905,0,0,0,0,0.857242,0.225905,0
-0.863456,-0.221711,0,0,0,0,0.863456,0.221711,0
-0.869518,-0.217477,0,0,0,0,0.869518,0.217477,0
-0.875429,-0.213205,0,0,0,0,0.875429,0.213205,0
-0.88119,-0.208897,0,0,0,0,0.88119,0.208897,0
-0.886803,-0.204553,0,0,0,0,0.886803,0.204553,0
-0.89227,-0.200176,0,0,0,0,0.89227,0.200176,0
-0.89759,-0.195766,0,0,0,0,0.89759,0.195766,0
-0.902765,-0.191325,0,0,0,0,0.902765,0.191325,0
-0.907797,-0.186853,0,0,0,0,0.907797,0.186853,0
-0.912686,-0.182351,0,0,0,0,0.912686,0.182351,0
-0.917434,-0.177822,0,0,0,0,0.917434,0.177822,0
-0.922041,-0.173265,0,0,0,0,0.922041,0.173265,0
-0.926509,-0.168682,0,0,0,0,0.926509,0.168682,0
-0.930838,-0.164073,0,0,0,0,0.930838,0.164073,0
-0.935029,-0.159441,0,0,0,0,0.935029,0.159441,0
-0.939084,-0.154785,0,0,0,0,0.939084,0.154785,0
-0.943002,-0.150106,0,0,0,0,0.943002,0.150106,0
-0.946785,-0.145406,0,0,0,0,0.946785,0.145406,0
-0.950433,-0.140686,0,0,0,0,0.950433,0.140686,0
-0.953947,-0.135945,0,0,0,0,0.953947,0.135945,0
-0.957328,-0.131186,0,0,0,0,0.957328,0.131186,0
-0.960576,-0.126408,0,0,0,0,0.960576,0.126408,0
-0.963692,-0.121613,0,0,0,0,0.963692,0.121613,0
-0.966677,-0.116802,0,0,0,0,0.966677,0.116802,0
-0.969531,-0.111974,0,0,0,0,0.969531,0.111974,0
-0.972254,-0.107132,0,0,0,0,0.972254,0.107132,0
-0.974848,-0.102275,0,0,0,0,0.974848,0.102275,0
-0.977312,-0.0974046,0,0,0,0,0.977312,0.0974046,0
-0.979647,-0.0925213,0,0,0,0,0.979647,0.0925213,0
-0.981854,-0.087626,0,0,0,0,0.981854,0.087626,0
-0.983932,-0.0827192,0,0,0,0,0.983932,0.0827192,0
-0.985883,-0.0778017,0,0,0,0,0.985883,0.0778017,0
-0.987707,-0.0728741,0,0,0,0,0.987707,0.0728741,0
-0.989403,-0.0679371,0,0,0,0,0.989403,0.0679371,0
-0.990973,-0.0629914,0,0,0,0,0.990973,0.0629914,0
-0.992416,-0.0580377,0,0,0,0,0.992416,0.0580377,0
-0.993732,-0.0530766,0,0,0,0,0.993732,0.0530766,0
-0.994923,-0.0481088,0,0,0,0,0.994923,0.0481088,0
-0.995988,-0.0431349,0,0,0,0,0.995988,0.0431349,0
-0.996927,-0.0381555,0,0,0,0,0.996927,0.0381555,0
-0.997741,-0.0331713,0,0,0,0,0.997741,0.0331713,0
-0.998429,-0.028183,0,0,0,0,0.998429,0.028183,0
-0.998992,-0.0231911,0,0,0,0,0.998992,0.0231911,0
-0.99943,-0.0181964,0,0,0,0,0.99943,0.0181964,0
-0.999743,-0.0131993,0,0,0,0,0.999743,0.0131993,0
-0.999931,-0.0082006,0,0,0,0,0.999931,0.0082006,0
-0.999994,-0.00320087,0,0,0,0,0.999994,0.00320087,0
-0.999931,0.00179926,0,0,0,0,0.999931,-0.00179926,0
-0.999744,0.00679916,0,0,0,0,0.999744,-0.00679916,0
-0.999432,0.0117982,0,0,0,0,0.999432,-0.0117982,0
-0.998995,0.0167958,0,0,0,0,0.998995,-0.0167958,0
-0.998432,0.0217913,0,0,0,0,0.998432,-0.0217913,0
-0.997744,0.026784,0,0,0,0,0.997744,-0.026784,0
-0.996931,0.0317734,0,0,0,0,0.996931,-0.0317734,0
-0.995992,0.0367587,0,0,0,0,0.995992,-0.0367587,0
-0.994927,0.0417394,0,0,0,0,0.994927,-0.0417394,0
-0.993737,0.0467149,0,0,0,0,0.993737,-0.0467149,0
-0.99242,0.0516844,0,0,0,0,0.99242,-0.0516844,0
-0.990977,0.0566473,0,0,0,0,0.990977,-0.0566473,0
-0.989407,0.061603,0,0,0,0,0.989407,-0.061603,0
-0.98771,0.0665508,0,0,0,0,0.98771,-0.0665508,0
-0.985886,0.07149,0,0,0,0,0.985886,-0.07149,0
-0.983935,0.0764199,0,0,0,0,0.983935,-0.0764199,0
-0.981855,0.0813399,0,0,0,0,0.981855,-0.0813399,0
-0.979647,0.0862493,0,0,0,0,0.979647,-0.0862493,0
-0.97731,0.0911474,0,0,0,0,0.97731,-0.0911474,0
-0.974844,0.0960334,0,0,0,0,0.974844,-0.0960334,0
-0.972249,0.100907,0,0,0,0,0.972249,-0.100907,0
-0.969523,0.105766,0,0,0,0,0.969523,-0.105766,0
-0.966667,0.110612,0,0,0,0,0.966667,-0.110612,0
-0.963679,0.115442,0,0,0,0,0.963679,-0.115442,0
-0.96056,0.120257,0,0,0,0,0.96056,-0.120257,0
-0.957309,0.125055,0,0,0,0,0.957309,-0.125055,0
-0.953924,0.129836,0,0,0,0,0.953924,-0.129836,0
-0.950406,0.134598,0,0,0,0,0.950406,-0.134598,0
-0.946753,0.139342,0,0,0,0,0.946753,-0.139342,0
-0.942966,0.144065,0,0,0,0,0.942966,-0.144065,0
-0.939042,0.148768,0,0,0,0,0.939042,-0.148768,0
-0.934982,0.153449,0,0,0,0,0.934982,-0.153449,0
-0.930785,0.158108,0,0,0,0,0.930785,-0.158108,0
-0.926449,0.162743,0,0,0,0,0.926449,-0.162743,0
-0.921975,0.167354,0,0,0,0,0.921975,-0.167354,0
-0.91736,0.171939,0,0,0,0,0.91736,-0.171939,0
-0.912604,0.176498,0,0,0,0,0.912604,-0.176498,0
-0.907706,0.18103,0,0,0,0,0.907706,-0.18103,0
-0.902665,0.185533,0,0,0,0,0.902665,-0.185533,0
-0.89748,0.190006,0,0,0,0,0.89748,-0.190006,0
-0.892149,0.194448,0,0,0,0,0.892149,-0.194448,0
-0.886672,0.198859,0,0,0,0,0.886672,-0.198859,0
-0.881047,0.203236,0,0,0,0,0.881047,-0.203236,0
-0.875274,0.207579,0,0,0,0,0.875274,-0.207579,0
-0.869349,0.211887,0,0,0,0,0.869349,-0.211887,0
-0.863274,0.216157,0,0,0,0,0.863274,-0.216157,0
-0.857045,0.220389,0,0,0,0,0.857045,-0.220389,0
-0.850661,0.224582,0,0,0,0,0.850661,-0.224582,0
-0.844122,0.228733,0,0,0,0,0.844122,-0.228733,0
-0.837425,0.232841,0,0,0,0,0.837425,-0.232841,0
-0.830568,0.236905,0,0,0,0,0.830568,-0.236905,0
-0.82355,0.240923,0,0,0,0,0.82355,-0.240923,0
-0.816369,0.244893,0,0,0,0,0.816369,-0.244893,0
-0.809023,0.248814,0,0,0,0,0.809023,-0.248814,0
-0.801511,0.252684,0,0,0,0,0.801511,-0.252684,0
-0.79383,0.2565,0,0,0,0,0.79383,-0.2565,0
-0.785978,0.260262,0,0,0,0,0.785978,-0.260262,0
-0.777952,0.263966,0,0,0,0,0.777952,-0.263966,0
-0.769752,0.26761,0,0,0,0,0.769752,-0.26761,0
-0.761373,0.271192,0,0,0,0,0.761373,-0.271192,0
-0.752814,0.274711,0,0,0,0,0.752814,-0.274711,0
-0.744073,0.278162,0,0,0,0,0.744073,-0.278162,0
-0.735146,0.281544,0,0,0,0,0.735146,-0.281544,0
-0.72603,0.284854,0,0,0,0,0.72603,-0.284854,0
-0.716723,0.288089,0,0,0,0,0.716723,-0.288089,0
-0.707222,0.291246,0,0,0,0,0.707222,-0.291246,0
-0.697523,0.294322,0,0,0,0,0.697523,-0.294322,0
-0.687624,0.297312,0,0,0,0,0.687624,-0.297312,0
-0.677519,0.300215,0,0,0,0,0.677519,-0.300215,0
-0.667207,0.303025,0,0,0,0,0.667207,-0.303025,0
-0.656683,0.305738,0,0,0,0,0.656683,-0.305738,0
-0.645942,0.308351,0,0,0,0,0.645942,-0.308351,0
-0.634982,0.310859,0,0,0,0,0.634982,-0.310859,0
-0.623797,0.313257,0,0,0,0,0.623797,-0.313257,0
-0.612383,0.31554,0,0,0,0,0.612383,-0.31554,0
-0.600734,0.317703,0,0,0,0,0.600734,-0.317703,0
-0.588846,0.319738,0,0,0,0,0.588846,-0.319738,0
-0.576714,0.321641,0,0,0,0,0.576714,-0.321641,0
-0.564331,0.323404,0,0,0,0,0.564331,-0.323404,0
-0.551691,0.32502,0,0,0,0,0.551691,-0.32502,0
-0.538789,0.326481,0,0,0,0,0.538789,-0.326481,0
-0.525618,0.327779,0,0,0,0,0.525618,-0.327779,0
-0.51217,0.328905,0,0,0,0,0.51217,-0.328905,0
-0.498438,0.329848,0,0,0,0,0.498438,-0.329848,0
-0.484415,0.330598,0,0,0,0,0.484415,-0.330598,0
-0.470091,0.331143,0,0,0,0,0.470091,-0.331143,0
-0.455458,0.331471,0,0,0,0,0.455458,-0.331471,0
-0.440506,0.331566,0,0,0,0,0.440506,-0.331566,0
-0.425226,0.331414,0,0,0,0,0.425226,-0.331414,0
-0.409607,0.330997,0,0,0,0,0.409607,-0.330997,0
-0.393637,0.330297,0,0,0,0,0.393637,-0.330297,0
-0.377304,0.329293,0,0,0,0,0.377304,-0.329293,0
-0.360596,0.32796,0,0,0,0,0.360596,-0.32796,0
-0.343498,0.326273,0,0,0,0,0.343498,-0.326273,0
-0.325997,0.324203,0,0,0,0,0.325997,-0.324203,0
-0.308076,0.321714,0,0,0,0,0.308076,-0.321714,0
-0.289719,0.318771,0,0,0,0,0.289719,-0.318771,0
-0.27091,0.315328,0,0,0,0,0.27091,-0.315328,0
-0.251628,0.311337,0,0,0,0,0.251628,-0.311337,0
-0.231857,0.306737,0,0,0,0,0.231857,-0.306737,0
-0.211575,0.301462,0,0,0,0,0.211575,-0.301462,0
-0.190765,0.295432,0,0,0,0,0.190765,-0.295432,0
-0.169406,0.288551,0,0,0,0,0.169406,-0.288551,0
-0.147482,0.280705,0,0,0,0,0.147482,-0.280705,0
-0.124981,0.271756,0,0,0,0,0.124981,-0.271756,0
-0.101897,0.261535,0,0,0,0,0.101897,-0.261535,0
-0.0782383,0.249831,0,0,0,0,0.0782383,-0.249831,0
-0.0540384,0.23638,0,0,0,0,0.0540384,-0.23638,0
-0.0293703,0.22085,0,0,0,0,0.0293703,-0.22085,0
-0.00438038,0.202813,0,0,0,0,0.00438038,-0.202813,0
0.0206572,0.181729,0,0,0,0,-0.0206572,-0.181729,0
0.045241,0.156922,0,0,0,0,-0.045241,-0.156922,0
0.0684736,0.127613,0,0,0,0,-0.0684736,-0.127613,0
0.0888143,0.0930948,0,0,0,0,-0.0888143,-0.0930948,0
0.10389,0.053237,0,0,0,0,-0.10389,-0.053237,0
0.110888,0.00937621,0,0,0,0,-0.110888,-0.00937621,0
0.10807,-0.0352877,0,0,0,0,-0.10807,0.0352877,0
0.0962209,-0.077103,0,0,0,0,-0.0962209,0.077103,0
0.0779432,-0.113935,0,0,0,0,-0.0779432,0.113935,0
0.0558876,-0.145424,0,0,0,0,-0.0558876,0.145424,0
0.0319221,-0.17212,0,0,0,0,-0.0319221,0.17212,0
0.00717348,-0.194798,0,0,0,0,-0.00717348,0.194798,0
-0.0177189,-0.214177,0,0,0,0,0.0177189,0.214177,0
-0.0424008,-0.230849,0,0,0,0,0.0424008,0.230849,0
-0.0666801,-0.245281,0,0,0,0,0.0666801,0.245281,0
-0.090456,-0.257839,0,0,0,0,0.090456,0.257839,0
-0.11368,-0.268813,0,0,0,0,0.11368,0.268813,0
-0.136334,-0.278432,0,0,0,0,0.136334,0.278432,0
-0.158417,-0.286879,0,0,0,0,0.158417,0.286879,0
-0.179937,-0.294306,0,0,0,0,0.179937,0.294306,0
-0.20091,-0.300835,0,0,0,0,0.20091,0.300835,0
-0.221352,-0.306568,0,0,0,0,0.221352,0.306568,0
-0.241283,-0.311591,0,0,0,0,0.241283,0.311591,0
-0.260721,-0.315977,0,0,0,0,0.260721,0.315977,0
-0.279685,-0.319788,0,0,0,0,0.279685,0.319788,0
-0.298192,-0.323076,0,0,0,0,0.298192,0.323076,0
-0.316261,-0.325889,0,0,0,0,0.316261,0.325889,0
-0.333908,-0.328267,0,0,0,0,0.333908,0.328267,0
-0.351148,-0.330245,0,0,0,0,0.351148,0.330245,0
-0.367997,-0.331854,0,0,0,0,0.367997,0.331854,0
-0.384467,-0.333121,0,0,0,0,0.384467,0.333121,0
-0.400572,-0.334072,0,0,0,0,0.400572,0.334072,0
-0.416324,-0.334729,0,0,0,0,0.416324,0.334729,0
-0.431735,-0.335111,0,0,0,0,0.431735,0.335111,0
-0.446815,-0.335237,0,0,0,0,0.446815,0.335237,0
-0.461574,-0.335121,0,0,0,0,0.461574,0.335121,0
-0.476023,-0.33478,0,0,0,0,0.476023,0.33478,0
-0.49017,-0.334227,0,0,0,0,0.49017,0.334227,0
-0.504023,-0.333473,0,0,0,0,0.504023,0.333473,0
-0.517591,-0.332531,0,0,0,0,0.517591,0.332531,0
-0.530881,-0.33141,0,0,0,0,0.530881,0.33141,0
-0.5439,-0.330119,0,0,0,0,0.5439,0.330119,0
-0.556655,-0.328669,0,0,0,0,0.556655,0.328669,0
-0.569152,-0.327066,0,0,0,0,0.569152,0.327066,0
-0.581398,-0.325319,0,0,0,0,0.581398,0.325319,0
-0.593399,-0.323435,0,0,0,0,0.593399,0.323435,0
-0.605158,-0.321419,0,0,0,0,0.605158,0.321419,0
-0.616683,-0.319278,0,0,0,0,0.616683,0.319278,0
-0.627978,-0.317018,0,0,0,0,0.627978,0.317018,0
-0.639047,-0.314645,0,0,0,0,0.639047,0.314645,0
-0.649895,-0.312162,0,0,0,0,0.649895,0.312162,0
-0.660526,-0.309575,0,0,0,0,0.660526,0.309575,0
-0.670944,-0.306889,0,0,0,0,0.670944,0.306889,0
-0.681154,-0.304107,0,0,0,0,0.681154,0.304107,0
-0.691158,-0.301234,0,0,0,0,0.691158,0.301234,0
-0.700961,-0.298272,0,0,0,0,0.700961,0.298272,0
-0.710566,-0.295226,0,0,0,0,0.710566,0.295226,0
-0.719976,-0.2921,0,0,0,0,0.719976,0.2921,0
-0.729193,-0.288895,0,0,0,0,0.729193,0.288895,0
-0.738222,-0.285615,0,0,0,0,0.738222,0.285615,0
-0.747065,-0.282264,0,0,0,0,0.747065,0.282264,0
-0.755725,-0.278843,0,0,0,0,0.755725,0.278843,0
-0.764203,-0.275356,0,0,0,0,0.764203,0.275356,0
-0.772504,-0.271804,0,0,0,0,0.772504,0.271804,0
-0.780628,-0.26819,0,0,0,0,0.780628,0.26819,0
-0.78858,-0.264517,0,0,0,0,0.78858,0.264517,0
-0.796359,-0.260787,0,0,0,0,0.796359,0.260787,0
-0.80397,-0.257,0,0,0,0,0.80397,0.257,0
-0.811414,-0.253161,0,0,0,0,0.811414,0.253161,0
-0.818692,-0.24927,0,0,0,0,0.818692,0.24927,0
-0.825807,-0.245329,0,0,0,0,0.825807,0.245329,0
-0.832761,-0.24134,0,0,0,0,0.832761,0.24134,0
-0.839554,-0.237305,0,0,0,0,0.839554,0.237305,0
-0.84619,-0.233226,0,0,0,0,0.84619,0.233226,0
-0.85267,-0.229103,0,0,0,0,0.85267,0.229103,0
-0.858994,-0.224938,0,0,0,0,0.858994,0.224938,0
-0.865166,-0.220734,0,0,0,0,0.865166,0.220734,0
-0.871185,-0.216491,0,0,0,0,0.871185,0.216491,0
-0.877053,-0.21221,0,0,0,0,0.877053,0.21221,0
-0.882773,-0.207893,0,0,0,0,0.882773,0.207893,0
-0.888345,-0.203541,0,0,0,0,0.888345,0.203541,0
-0.893769,-0.199156,0,0,0,0,0.893769,0.199156,0
-0.899049,-0.194738,0,0,0,0,0.899049,0.194738,0
-0.904184,-0.190289,0,0,0,0,0.904184,0.190289,0
-0.909176,-0.18581,0,0,0,0,0.909176,0.18581,0
-0.914025,-0.181302,0,0,0,0,0.914025,0.181302,0
-0.918733,-0.176765,0,0,0,0,0.918733,0.176765,0
-0.923301,-0.172202,0,0,0,0,0.923301,0.172202,0
-0.92773,-0.167613,0,0,0,0,0.92773,0.167613,0
-0.93202,-0.162999,0,0,0,0,0.93202,0.162999,0
-0.936173,-0.15836,0,0,0,0,0.936173,0.15836,0
-0.940189,-0.153699,0,0,0,0,0.940189,0.153699,0
-0.944069,-0.149015,0,0,0,0,0.944069,0.149015,0
-0.947814,-0.14431,0,0,0,0,0.947814,0.14431,0
-0.951425,-0.139585,0,0,0,0,0.951425,0.139585,0
-0.954902,-0.13484,0,0,0,0,0.954902,0.13484,0
-0.958245,-0.130076,0,0,0,0,0.958245,0.130076,0
-0.961457,-0.125294,0,0,0,0,0.961457,0.125294,0
-0.964536,-0.120495,0,0,0,0,0.964536,0.120495,0
-0.967484,-0.11568,0,0,0,0,0.967484,0.11568,0
-0.970302,-0.110849,0,0,0,0,0.970302,0.110849,0
-0.972989,-0.106003,0,0,0,0,0.972989,0.106003,0
-0.975546,-0.101143,0,0,0,0,0.975546,0.101143,0
-0.977974,-0.0962692,0,0,0,0,0.977974,0.0962692,0
-0.980274,-0.091383,0,0,0,0,0.980274,0.091383,0
-0.982445,-0.0864849,0,0,0,0,0.982445,0.0864849,0
-0.984488,-0.0815755,0,0,0,0,0.984488,0.0815755,0
-0.986403,-0.0766556,0,0,0,0,0.986403,0.0766556,0
-0.988191,-0.0717257,0,0,0,0,0.988191,0.0717257,0
-0.989852,-0.0667866,0,0,0,0,0.989852,0.0667866,0
-0.991386,-0.061839,0,0,0,0,0.991386,0.061839,0
-0.992794,-0.0568834,0,0,0,0,0.992794,0.0568834,0
-0.994076,-0.0519207,0,0,0,0,0.994076,0.0519207,0
-0.995231,-0.0469514,0,0,0,0,0.995231,0.0469514,0
-0.996261,-0.0419761,0,0,0,0,0.996261,0.0419761,0
-0.997165,-0.0369955,0,0,0,0,0.997165,0.0369955,0
-0.997944,-0.0320103,0,0,0,0,0.997944,0.0320103,0
-0.998597,-0.0270211,0,0,0,0,0.998597,0.0270211,0
-0.999126,-0.0220284,0,0,0,0,0.999126,0.0220284,0
-0.999529,-0.0170331,0,0,0,0,0.999529,0.0170331,0
-0.999807,-0.0120355,0,0,0,0,0.999807,0.0120355,0
-0.99996,-0.00703652,0,0,0,0,0.99996,0.00703652,0
-0.999988,-0.00203662,0,0,0,0,0.999988,0.00203662,0
-0.999891,0.00296353,0,0,0,0,0.999891,-0.00296353,0
-0.999669,0.00796332,0,0,0,0,0.999669,-0.00796332,0
-0.999322,0.0129621,0,0,0,0,0.999322,-0.0129621,0
-0.99885,0.0179593,0,0,0,0,0.99885,-0.0179593,0
-0.998252,0.0229542,0,0,0,0,0.998252,-0.0229542,0
-0.997529,0.0279462,0,0,0,0,0.997529,-0.0279462,0
-0.996681,0.0329347,0,0,0,0,0.996681,-0.0329347,0
-0.995707,0.0379191,0,0,0,0,0.995707,-0.0379191,0
-0.994608,0.0428987,0,0,0,0,0.994608,-0.0428987,0
-0.993382,0.0478728,0,0,0,0,0.993382,-0.0478728,0
-0.99203,0.0528409,0,0,0,0,0.99203,-0.0528409,0
-0.990551,0.0578022,0,0,0,0,0.990551,-0.0578022,0
-0.988946,0.0627561,0,0,0,0,0.988946,-0.0627561,0
-0.987214,0.0677019,0,0,0,0,0.987214,-0.0677019,0
-0.985355,0.0726391,0,0,0,0,0.985355,-0.0726391,0
-0.983367,0.0775668,0,0,0,0,0.983367,-0.0775668,0
-0.981252,0.0824844,0,0,0,0,0.981252,-0.0824844,0
-0.979008,0.0873912,0,0,0,0,0.979008,-0.0873912,0
-0.976635,0.0922865,0,0,0,0,0.976635,-0.0922865,0
-0.974133,0.0971696,0,0,0,0,0.974133,-0.0971696,0
-0.971502,0.10204,0,0,0,0,0.971502,-0.10204,0
-0.96874,0.106896,0,0,0,0,0.96874,-0.106896,0
-0.965847,0.111738,0,0,0,0,0.965847,-0.111738,0
-0.962822,0.116565,0,0,0,0,0.962822,-0.116565,0
-0.959666,0.121376,0,0,0,0,0.959666,-0.121376,0
-0.956378,0.12617,0,0,0,0,0.956378,-0.12617,0
-0.952956,0.130946,0,0,0,0,0.952956,-0.130946,0
-0.9494,0.135705,0,0,0,0,0.9494,-0.135705,0
-0.94571,0.140443,0,0,0,0,0.94571,-0.140443,0
-0.941884,0.145162,0,0,0,0,0.941884,-0.145162,0
-0.937923,0.14986,0,0,0,0,0.937923,-0.14986,0
-0.933824,0.154536,0,0,0,0,0.933824,-0.154536,0
-0.929588,0.159189,0,0,0,0,0.929588,-0.159189,0
-0.925214,0.163819,0,0,0,0,0.925214,-0.163819,0
-0.9207,0.168423,0,0,0,0,0.9207,-0.168423,0
-0.916045,0.173003,0,0,0,0,0.916045,-0.173003,0
-0.91125,0.177555,0,0,0,0,0.91125,-0.177555,0
-0.906312,0.18208,0,0,0,0,0.906312,-0.18208,0
-0.90123,0.186575,0,0,0,0,0.90123,-0.186575,0
-0.896004,0.191041,0,0,0,0,0.896004,-0.191041,0
-0.890633,0.195476,0,0,0,0,0.890633,-0.195476,0
-0.885114,0.199879,0,0,0,0,0.885114,-0.199879,0
-0.879448,0.204248,0,0,0,0,0.879448,-0.204248,0
-0.873632,0.208583,0,0,0,0,0.873632,-0.208583,0
-0.867665,0.212881,0,0,0,0,0.867665,-0.212881,0
-0.861546,0.217142,0,0,0,0,0.861546,-0.217142,0
-0.855274,0.221365,0,0,0,0,0.855274,-0.221365,0
-0.848847,0.225547,0,0,0,0,0.848847,-0.225547,0
-0.842263,0.229688,0,0,0,0,0.842263,-0.229688,0
-0.835521,0.233786,0,0,0,0,0.835521,-0.233786,0
-0.828619,0.237838,0,0,0,0,0.828619,-0.237838,0
-0.821555,0.241845,0,0,0,0,0.821555,-0.241845,0
-0.814328,0.245803,0,0,0,0,0.814328,-0.245803,0
-0.806935,0.249711,0,0,0,0,0.806935,-0.249711,0
-0.799375,0.253568,0,0,0,0,0.799375,-0.253568,0
-0.791645,0.257371,0,0,0,0,0.791645,-0.257371,0
-0.783744,0.261118,0,0,0,0,0.783744,-0.261118,0
-0.77567,0.264807,0,0,0,0,0.77567,-0.264807,0
-0.767419,0.268436,0,0,0,0,0.767419,-0.268436,0
-0.758989,0.272003,0,0,0,0,0.758989,-0.272003,0
-0.750379,0.275504,0,0,0,0,0.750379,-0.275504,0
-0.741585,0.278938,0,0,0,0,0.741585,-0.278938,0
-0.732604,0.282303,0,0,0,0,0.732604,-0.282303,0
-0.723435,0.285594,0,0,0,0,0.723435,-0.285594,0
-0.714073,0.288809,0,0,0,0,0.714073,-0.288809,0
-0.704515,0.291945,0,0,0,0,0.704515,-0.291945,0
-0.69476,0.294999,0,0,0,0,0.69476,-0.294999,0
-0.684802,0.297968,0,0,0,0,0.684802,-0.297968,0
-0.674638,0.300846,0,0,0,0,0.674638,-0.300846,0
-0.664266,0.303632,0,0,0,0,0.664266,-0.303632,0
-0.65368,0.30632,0,0,0,0,0.65368,-0.30632,0
-0.642877,0.308906,0,0,0,0,0.642877,-0.308906,0
-0.631853,0.311386,0,0,0,0,0.631853,-0.311386,0
-0.620602,0.313754,0,0,0,0,0.620602,-0.313754,0
-0.609121,0.316006,0,0,0,0,0.609121,-0.316006,0
-0.597405,0.318136,0,0,0,0,0.597405,-0.318136,0
-0.585447,0.320137,0,0,0,0,0.585447,-0.320137,0
-0.573243,0.322003,0,0,0,0,0.573243,-0.322003,0
-0.560787,0.323728,0,0,0,0,0.560787,-0.323728,0
-0.548073,0.325304,0,0,0,0,0.548073,-0.325304,0
-0.535094,0.326722,0,0,0,0,0.535094,-0.326722,0
-0.521843,0.327975,0,0,0,0,0.521843,-0.327975,0
-0.508314,0.329053,0,0,0,0,0.508314,-0.329053,0
-0.494499,0.329945,0,0,0,0,0.494499,-0.329945,0
-0.480389,0.330641,0,0,0,0,0.480389,-0.330641,0
-0.465977,0.331129,0,0,0,0,0.465977,-0.331129,0
-0.451253,0.331394,0,0,0,0,0.451253,-0.331394,0
-0.436207,0.331424,0,0,0,0,0.436207,-0.331424,0
-0.42083,0.331201,0,0,0,0,0.42083,-0.331201,0
-0.40511,0.330709,0,0,0,0,0.40511,-0.330709,0
-0.389036,0.329928,0,0,0,0,0.389036,-0.329928,0
-0.372596,0.328835,0,0,0,0,0.372596,-0.328835,0
-0.355775,0.327408,0,0,0,0,0.355775,-0.327408,0
-0.338562,0.325618,0,0,0,0,0.338562,-0.325618,0
-0.32094,0.323435,0,0,0,0,0.32094,-0.323435,0
-0.302894,0.320824,0,0,0,0,0.302894,-0.320824,0
-0.284407,0.317746,0,0,0,0,0.284407,-0.317746,0
-0.265461,0.314155,0,0,0,0,0.265461,-0.314155,0
-0.246039,0.309999,0,0,0,0,0.246039,-0.309999,0
-0.22612,0.305217,0,0,0,0,0.22612,-0.305217,0
-0.205686,0.299738,0,0,0,0,0.205686,-0.299738,0
-0.184716,0.293478,0,0,0,0,0.184716,-0.293478,0
-0.163193,0.286336,0,0,0,0,0.163193,-0.286336,0
-0.141101,0.278192,0,0,0,0,0.141101,-0.278192,0
-0.118428,0.2689,0,0,0,0,0.118428,-0.2689,0
-0.0951728,0.258279,0,0,0,0,0.0951728,-0.258279,0
-0.0713494,0.246106,0,0,0,0,0.0713494,-0.246106,0
-0.0469997,0.232098,0,0,0,0,0.0469997,-0.232098,0
-0.0222144,0.215897,0,0,0,0,0.0222144,-0.215897,0
0.00283057,0.197045,0,0,0,0,-0.00283057,-0.197045,0
0.0278081,0.174964,0,0,0,0,-0.0278081,-0.174964,0
0.0521235,0.148942,0,0,0,0,-0.0521235,-0.148942,0
0.0747206,0.118191,0,0,0,0,-0.0747206,-0.118191,0
0.093826,0.0820983,0,0,0,0,-0.093826,-0.0820983,0
0.106853,0.0408593,0,0,0,0,-0.106853,-0.0408593,0
0.1111,-0.0036257,0,0,0,0,-0.1111,0.0036257,0
0.105482,-0.0478012,0,0,0,0,-0.105482,0.0478012,0
0.0914826,-0.0883058,0,0,0,0,-0.0914826,0.0883058,0
0.0718771,-0.123575,0,0,0,0,-0.0718771,0.123575,0
0.0491217,-0.153606,0,0,0,0,-0.0491217,0.153606,0
0.0248468,-0.179064,0,0,0,0,-0.0248468,0.179064,0
1.25675e-05,-0.200724,0,0,0,0,-1.25675e-05,0.200724,0
-0.024841,-0.219271,0,0,0,0,0.024841,0.219271,0
-0.0494165,-0.235258,0,0,0,0,0.0494165,0.235258,0
-0.0735535,-0.24912,0,0,0,0,0.0735535,0.24912,0
-0.0971694,-0.261199,0,0,0,0,0.0971694,0.261199,0
-0.120226,-0.271765,0,0,0,0,0.120226,0.271765,0
-0.142711,-0.281034,0,0,0,0,0.142711,0.281034,0
-0.164628,-0.289178,0,0,0,0,0.164628,0.289178,0
-0.185986,-0.296338,0,0,0,0,0.185986,0.296338,0
-0.206801,-0.302633,0,0,0,0,0.206801,0.302633,0
-0.227092,-0.308158,0,0,0,0,0.227092,0.308158,0
-0.246876,-0.312995,0,0,0,0,0.246876,0.312995,0
-0.266174,-0.317214,0,0,0,0,0.266174,0.317214,0
-0.285002,-0.320873,0,0,0,0,0.285002,0.320873,0
-0.30338,-0.324025,0,0,0,0,0.30338,0.324025,0
-0.321325,-0.326713,0,0,0,0,0.321325,0.326713,0
-0.338851,-0.328976,0,0,0,0,0.338851,0.328976,0
-0.355976,-0.330849,0,0,0,0,0.355976,0.330849,0
-0.372713,-0.332361,0,0,0,0,0.372713,0.332361,0
-0.389076,-0.333539,0,0,0,0,0.389076,0.333539,0
-0.405077,-0.334407,0,0,0,0,0.405077,0.334407,0
-0.420729,-0.334987,0,0,0,0,0.420729,0.334987,0
-0.436043,-0.335297,0,0,0,0,0.436043,0.335297,0
-0.451029,-0.335356,0,0,0,0,0.451029,0.335356,0
-0.465697,-0.335178,0,0,0,0,0.465697,0.335178,0
-0.480058,-0.334778,0,0,0,0,0.480058,0.334778,0
-0.494119,-0.334169,0,0,0,0,0.494119,0.334169,0
-0.507889,-0.333364,0,0,0,0,0.507889,0.333364,0
-0.521376,-0.332372,0,0,0,0,0.521376,0.332372,0
-0.534587,-0.331205,0,0,0,0,0.534587,0.331205,0
-0.547529,-0.329871,0,0,0,0,0.547529,0.329871,0
-0.560209,-0.328379,0,0,0,0,0.560209,0.328379,0
-0.572634,-0.326738,0,0,0,0,0.572634,0.326738,0
-0.584808,-0.324953,0,0,0,0,0.584808,0.324953,0
-0.596739,-0.323034,0,0,0,0,0.596739,0.323034,0
-0.608431,-0.320984,0,0,0,0,0.608431,0.320984,0
-0.619889,-0.318812,0,0,0,0,0.619889,0.318812,0
-0.631118,-0.316522,0,0,0,0,0.631118,0.316522,0
-0.642123,-0.314119,0,0,0,0,0.642123,0.314119,0
-0.652909,-0.311609,0,0,0,0,0.652909,0.311609,0
-0.663479,-0.308996,0,0,0,0,0.663479,0.308996,0
-0.673837,-0.306284,0,0,0,0,0.673837,0.306284,0
-0.683988,-0.303478,0,0,0,0,0.683988,0.303478,0
-0.693934,-0.300582,0,0,0,0,0.693934,0.300582,0
-0.70368,-0.297598,0,0,0,0,0.70368,0.297598,0
-0.713229,-0.294532,0,0,0,0,0.713229,0.294532,0
-0.722583,-0.291385,0,0,0,0,0.722583,0.291385,0
-0.731747,-0.28816,0,0,0,0,0.731747,0.28816,0
-0.740723,-0.284862,0,0,0,0,0.740723,0.284862,0
-0.749513,-0.281493,0,0,0,0,0.749513,0.281493,0
-0.758121,-0.278055,0,0,0,0,0.758121,0.278055,0
-0.766549,-0.274551,0,0,0,0,0.766549,0.274551,0
-0.774799,-0.270984,0,0,0,0,0.774799,0.270984,0
-0.782874,-0.267355,0,0,0,0,0.782874,0.267355,0
-0.790776,-0.263667,0,0,0,0,0.790776,0.263667,0
-0.798508,-0.259922,0,0,0,0,0.798508,0.259922,0
-0.806071,-0.256123,0,0,0,0,0.806071,0.256123,0
-0.813468,-0.25227,0,0,0,0,0.813468,0.25227,0
-0.8207,-0.248367,0,0,0,0,0.8207,0.248367,0
-0.827769,-0.244414,0,0,0,0,0.827769,0.244414,0
-0.834677,-0.240413,0,0,0,0,0.834677,0.240413,0
-0.841426,-0.236367,0,0,0,0,0.841426,0.236367,0
-0.848018,-0.232277,0,0,0,0,0.848018,0.232277,0
-0.854453,-0.228144,0,0,0,0,0.854453,0.228144,0
-0.860735,-0.223969,0,0,0,0,0.860735,0.223969,0
-0.866863,-0.219755,0,0,0,0,0.866863,0.219755,0
-0.872839,-0.215502,0,0,0,0,0.872839,0.215502,0
-0.878666,-0.211213,0,0,0,0,0.878666,0.211213,0
-0.884344,-0.206887,0,0,0,0,0.884344,0.206887,0
-0.889874,-0.202527,0,0,0,0,0.889874,0.202527,0
-0.895258,-0.198134,0,0,0,0,0.895258,0.198134,0
-0.900497,-0.193708,0,0,0,0,0.900497,0.193708,0
-0.905591,-0.189252,0,0,0,0,0.905591,0.189252,0
-0.910543,-0.184766,0,0,0,0,0.910543,0.184766,0
-0.915353,-0.180251,0,0,0,0,0.915353,0.180251,0
-0.920021,-0.175708,0,0,0,0,0.920021,0.175708,0
-0.92455,-0.171138,0,0,0,0,0.92455,0.171138,0
-0.92894,-0.166543,0,0,0,0,0.92894,0.166543,0
-0.933192,-0.161923,0,0,0,0,0.933192,0.161923,0
-0.937306,-0.157279,0,0,0,0,0.937306,0.157279,0
-0.941284,-0.152612,0,0,0,0,0.941284,0.152612,0
-0.945126,-0.147923,0,0,0,0,0.945126,0.147923,0
-0.948834,-0.143213,0,0,0,0,0.948834,0.143213,0
-0.952407,-0.138483,0,0,0,0,0.952407,0.138483,0
-0.955846,-0.133733,0,0,0,0,0.955846,0.133733,0
-0.959153,-0.128965,0,0,0,0,0.959153,0.128965,0
-0.962327,-0.124179,0,0,0,0,0.962327,0.124179,0
-0.96537,-0.119376,0,0,0,0,0.96537,0.119376,0
-0.968281,-0.114557,0,0,0,0,0.968281,0.114557,0
-0.971062,-0.109722,0,0,0,0,0.971062,0.109722,0
-0.973713,-0.104873,0,0,0,0,0.973713,0.104873,0
-0.976235,-0.10001,0,0,0,0,0.976235,0.10001,0
-0.978627,-0.0951332,0,0,0,0,0.978627,0.0951332,0
-0.98089,-0.0902441,0,0,0,0,0.98089,0.0902441,0
-0.983026,-0.0853433,0,0,0,0,0.983026,0.0853433,0
-0.985033,-0.0804313,0,0,0,0,0.985033,0.0804313,0
-0.986913,-0.0755089,0,0,0,0,0.986913,0.0755089,0
-0.988665,-0.0705768,0,0,0,0,0.988665,0.0705768,0
-0.990291,-0.0656356,0,0,0,0,0.990291,0.0656356,0
-0.99179,-0.0606861,0,0,0,0,0.99179,0.0606861,0
-0.993162,-0.0557288,0,0,0,0,0.993162,0.0557288,0
-0.994409,-0.0507644,0,0,0,0,0.994409,0.0507644,0
-0.99553,-0.0457936,0,0,0,0,0.99553,0.0457936,0
-0.996524,-0.040817,0,0,0,0,0.996524,0.040817,0
-0.997394,-0.0358353,0,0,0,0,0.997394,0.0358353,0
-0.998138,-0.0308491,0,0,0,0,0.998138,0.0308491,0
-0.998756,-0.0258589,0,0,0,0,0.998756,0.0258589,0
-0.99925,-0.0208656,0,0,0,0,0.99925,0.0208656,0
-0.999618,-0.0158696,0,0,0,0,0.999618,0.0158696,0
-0.999861,-0.0108717,0,0,0,0,0.999861,0.0108717,0
-0.999979,-0.00587239,0,0,0,0,0.999979,0.00587239,0
-0.999973,-0.000872345,0,0,0,0,0.999973,0.000872345,0
-0.999841,0.0041278,0,0,0,0,0.999841,-0.0041278,0
-0.999584,0.00912744,0,0,0,0,0.999584,-0.00912744,0
-0.999202,0.0141259,0,0,0,0,0.999202,-0.0141259,0
-0.998695,0.0191226,0,0,0,0,0.998695,-0.0191226,0
-0.998063,0.024117,0,0,0,0,0.998063,-0.024117,0
-0.997305,0.0291083,0,0,0,0,0.997305,-0.0291083,0
-0.996422,0.0340959,0,0,0,0,0.996422,-0.0340959,0
-0.995413,0.0390792,0,0,0,0,0.995413,-0.0390792,0
-0.994278,0.0440576,0,0,0,0,0.994278,-0.0440576,0
-0.993017,0.0490304,0,0,0,0,0.993017,-0.0490304,0
-0.99163,0.053997,0,0,0,0,0.99163,-0.053997,0
-0.990116,0.0589566,0,0,0,0,0.990116,-0.0589566,0
-0.988476,0.0639088,0,0,0,0,0.988476,-0.0639088,0
-0.986708,0.0688527,0,0,0,0,0.986708,-0.0688527,0
-0.984813,0.0737877,0,0,0,0,0.984813,-0.0737877,0
-0.98279,0.0787131,0,0,0,0,0.98279,-0.0787131,0
-0.980639,0.0836282,0,0,0,0,0.980639,-0.0836282,0
-0.978359,0.0885324,0,0,0,0,0.978359,-0.0885324,0
-0.97595,0.093425,0,0,0,0,0.97595,-0.093425,0
-0.973412,0.0983051,0,0,0,0,0.973412,-0.0983051,0
-0.970744,0.103172,0,0,0,0,0.970744,-0.103172,0
-0.967946,0.108025,0,0,0,0,0.967946,-0.108025,0
-0.965016,0.112864,0,0,0,0,0.965016,-0.112864,0
-0.961955,0.117687,0,0,0,0,0.961955,-0.117687,0
-0.958762,0.122494,0,0,0,0,0.958762,-0.122494,0
-0.955436,0.127284,0,0,0,0,0.955436,-0.127284,0
-0.951977,0.132056,0,0,0,0,0.951977,-0.132056,0
-0.948383,0.13681,0,0,0,0,0.948383,-0.13681,0
-0.944655,0.141544,0,0,0,0,0.944655,-0.141544,0
-0.940792,0.146258,0,0,0,0,0.940792,-0.146258,0
-0.936792,0.150951,0,0,0,0,0.936792,-0.150951,0
-0.932655,0.155621,0,0,0,0,0.932655,-0.155621,0
-0.928381,0.160269,0,0,0,0,0.928381,-0.160269,0
-0.923967,0.164893,0,0,0,0,0.923967,-0.164893,0
-0.919414,0.169491,0,0,0,0,0.919414,-0.169491,0
-0.91472,0.174064,0,0,0,0,0.91472,-0.174064,0
-0.909884,0.17861,0,0,0,0,0.909884,-0.17861,0
-0.904906,0.183128,0,0,0,0,0.904906,-0.183128,0
-0.899784,0.187617,0,0,0,0,0.899784,-0.187617,0
-0.894518,0.192075,0,0,0,0,0.894518,-0.192075,0
-0.889105,0.196502,0,0,0,0,0.889105,-0.196502,0
-0.883545,0.200897,0,0,0,0,0.883545,-0.200897,0
-0.877836,0.205258,0,0,0,0,0.877836,-0.205258,0
-0.871978,0.209584,0,0,0,0,0.871978,-0.209584,0
-0.865969,0.213873,0,0,0,0,0.865969,-0.213873,0
-0.859807,0.218125,0,0,0,0,0.859807,-0.218125,0
-0.853491,0.222338,0,0,0,0,0.853491,-0.222338,0
-0.84702,0.22651,0,0,0,0,0.84702,-0.22651,0
-0.840391,0.230641,0,0,0,0,0.840391,-0.230641,0
-0.833604,0.234727,0,0,0,0,0.833604,-0.234727,0
-0.826656,0.238769,0,0,0,0,0.826656,-0.238769,0
-0.819547,0.242764,0,0,0,0,0.819547,-0.242764,0
-0.812273,0.24671,0,0,0,0,0.812273,-0.24671,0
-0.804833,0.250605,0,0,0,0,0.804833,-0.250605,0
-0.797225,0.254449,0,0,0,0,0.797225,-0.254449,0
-0.789447,0.258238,0,0,0,0,0.789447,-0.258238,0
-0.781497,0.26197,0,0,0,0,0.781497,-0.26197,0
-0.773373,0.265645,0,0,0,0,0.773373,-0.265645,0
-0.765071,0.269258,0,0,0,0,0.765071,-0.269258,0
-0.756591,0.272809,0,0,0,0,0.756591,-0.272809,0
-0.747928,0.276294,0,0,0,0,0.747928,-0.276294,0
-0.739081,0.27971,0,0,0,0,0.739081,-0.27971,0
-0.730047,0.283056,0,0,0,0,0.730047,-0.283056,0
-0.720823,0.286328,0,0,0,0,0.720823,-0.286328,0
-0.711406,0.289524,0,0,0,0,0.711406,-0.289524,0
-0.701792,0.292639,0,0,0,0,0.701792,-0.292639,0
-0.691979,0.295672,0,0,0,0,0.691979,-0.295672,0
-0.681963,0.298617,0,0,0,0,0.681963,-0.298617,0
-0.67174,0.301472,0,0,0,0,0.67174,-0.301472,0
-0.661307,0.304233,0,0,0,0,0.661307,-0.304233,0
-0.65066,0.306895,0,0,0,0,0.65066,-0.306895,0
-0.639794,0.309454,0,0,0,0,0.639794,-0.309454,0
-0.628705,0.311905,0,0,0,0,0.628705,-0.311905,0
-0.617389,0.314243,0,0,0,0,0.617389,-0.314243,0
-0.605841,0.316464,0,0,0,0,0.605841,-0.316464,0
-0.594055,0.31856,0,0,0,0,0.594055,-0.31856,0
-0.582028,0.320526,0,0,0,0,0.582028,-0.320526,0
-0.569752,0.322356,0,0,0,0,0.569752,-0.322356,0
-0.557222,0.324042,0,0,0,0,0.557222,-0.324042,0
-0.544432,0.325576,0,0,0,0,0.544432,-0.325576,0
-0.531375,0.326952,0,0,0,0,0.531375,-0.326952,0
-0.518045,0.328159,0,0,0,0,0.518045,-0.328159,0
-0.504435,0.329187,0,0,0,0,0.504435,-0.329187,0
-0.490535,0.330028,0,0,0,0,0.490535,-0.330028,0
-0.476339,0.330669,0,0,0,0,0.476339,-0.330669,0
-0.461837,0.331097,0,0,0,0,0.461837,-0.331097,0
-0.447021,0.331301,0,0,0,0,0.447021,-0.331301,0
-0.43188,0.331263,0,0,0,0,0.43188,-0.331263,0
-0.416405,0.330969,0,0,0,0,0.416405,-0.330969,0
-0.400583,0.330399,0,0,0,0,0.400583,-0.330399,0
-0.384404,0.329535,0,0,0,0,0.384404,-0.329535,0
-0.367855,0.328352,0,0,0,0,0.367855,-0.328352,0
-0.350922,0.326828,0,0,0,0,0.350922,-0.326828,0
-0.333591,0.324932,0,0,0,0,0.333591,-0.324932,0
-0.315847,0.322634,0,0,0,0,0.315847,-0.322634,0
-0.297674,0.319897,0,0,0,0,0.297674,-0.319897,0
-0.279055,0.316681,0,0,0,0,0.279055,-0.316681,0
-0.259972,0.312937,0,0,0,0,0.259972,-0.312937,0
-0.240407,0.308612,0,0,0,0,0.240407,-0.308612,0
-0.220339,0.303642,0,0,0,0,0.220339,-0.303642,0
-0.19975,0.297952,0,0,0,0,0.19975,-0.297952,0
-0.17862,0.291453,0,0,0,0,0.17862,-0.291453,0
-0.156932,0.284041,0,0,0,0,0.156932,-0.284041,0
-0.134669,0.275587,0,0,0,0,0.134669,-0.275587,0
-0.111825,0.265937,0,0,0,0,0.111825,-0.265937,0
-0.0883992,0.254898,0,0,0,0,0.0883992,-0.254898,0
-0.0644138,0.242231,0,0,0,0,0.0644138,-0.242231,0
-0.0399215,0.227635,0,0,0,0,0.0399215,-0.227635,0
-0.0150329,0.210726,0,0,0,0,0.0150329,-0.210726,0
0.0100409,0.191011,0,0,0,0,-0.0100409,-0.191011,0
0.0349103,0.167874,0,0,0,0,-0.0349103,-0.167874,0
0.058871,0.140569,0,0,0,0,-0.058871,-0.140569,0
0.0806858,0.10832,0,0,0,0,-0.0806858,-0.10832,0
0.0983357,0.0706607,0,0,0,0,-0.0983357,-0.0706607,0
0.109074,0.0281977,0,0,0,0,-0.109074,-0.0281977,0
0.110471,-0.0166001,0,0,0,0,-0.110471,0.0166001,0
0.102189,-0.0599945,0,0,0,0,-0.102189,0.0599945,0
0.0862831,-0.0990613,0,0,0,0,-0.0862831,0.0990613,0
0.0655576,-0.132774,0,0,0,0,-0.0655576,0.132774,0
0.042237,-0.161406,0,0,0,0,-0.042237,0.161406,0
0.017731,-0.185693,0,0,0,0,-0.017731,0.185693,0
-0.00714518,-0.206394,0,0,0,0,0.00714518,0.206394,0
-0.0319362,-0.224155,0,0,0,0,0.0319362,0.224155,0
-0.0563925,-0.239492,0,0,0,0,0.0563925,0.239492,0
-0.0803807,-0.252813,0,0,0,0,0.0803807,0.252813,0
-0.103834,-0.264435,0,0,0,0,0.103834,0.264435,0
-0.126722,-0.274612,0,0,0,0,0.126722,0.274612,0
-0.14904,-0.283545,0,0,0,0,0.14904,0.283545,0
-0.170791,-0.291397,0,0,0,0,0.170791,0.291397,0
-0.191988,-0.298302,0,0,0,0,0.191988,0.298302,0
-0.212647,-0.30437,0,0,0,0,0.212647,0.30437,0
-0.232788,-0.309693,0,0,0,0,0.232788,0.309693,0
-0.252428,-0.31435,0,0,0,0,0.252428,0.31435,0
-0.271587,-0.318406,0,0,0,0,0.271587,0.318406,0
-0.290282,-0.321919,0,0,0,0,0.290282,0.321919,0
-0.308532,-0.324938,0,0,0,0,0.308532,0.324938,0
-0.326353,-0.327504,0,0,0,0,0.326353,0.327504,0
-0.343761,-0.329656,0,0,0,0,0.343761,0.329656,0
-0.360771,-0.331426,0,0,0,0,0.360771,0.331426,0
-0.377398,-0.332843,0,0,0,0,0.377398,0.332843,0
-0.393654,-0.333934,0,0,0,0,0.393654,0.333934,0
-0.409553,-0.334721,0,0,0,0,0.409553,0.334721,0
-0.425105,-0.335225,0,0,0,0,0.425105,0.335225,0
-0.440323,-0.335465,0,0,0,0,0.440323,0.335465,0
-0.455216,-0.335457,0,0,0,0,0.455216,0.335457,0
-0.469795,-0.335218,0,0,0,0,0.469795,0.335218,0
-0.484067,-0.33476,0,0,0,0,0.484067,0.33476,0
-0.498043,-0.334097,0,0,0,0,0.498043,0.334097,0
-0.511731,-0.333241,0,0,0,0,0.511731,0.333241,0
-0.525137,-0.332201,0,0,0,0,0.525137,0.332201,0
-0.53827,-0.330988,0,0,0,0,0.53827,0.330988,0
-0.551136,-0.329612,0,0,0,0,0.551136,0.329612,0
-0.563742,-0.328079,0,0,0,0,0.563742,0.328079,0
-0.576094,-0.326399,0,0,0,0,0.576094,0.326399,0
-0.588198,-0.324578,0,0,0,0,0.588198,0.324578,0
-0.600059,-0.322624,0,0,0,0,0.600059,0.322624,0
-0.611683,-0.320541,0,0,0,0,0.611683,0.320541,0
-0.623075,-0.318337,0,0,0,0,0.623075,0.318337,0
-0.63424,-0.316017,0,0,0,0,0.63424,0.316017,0
-0.645182,-0.313586,0,0,0,0,0.645182,0.313586,0
-0.655905,-0.311049,0,0,0,0,0.655905,0.311049,0
-0.666414,-0.30841,0,0,0,0,0.666414,0.30841,0
-0.676712,-0.305673,0,0,0,0,0.676712,0.305673,0
-0.686804,-0.302844,0,0,0,0,0.686804,0.302844,0
-0.696693,-0.299924,0,0,0,0,0.696693,0.299924,0
-0.706383,-0.296919,0,0,0,0,0.706383,0.296919,0
-0.715876,-0.293831,0,0,0,0,0.715876,0.293831,0
-0.725176,-0.290664,0,0,0,0,0.725176,0.290664,0
-0.734285,-0.287421,0,0,0,0,0.734285,0.287421,0
-0.743208,-0.284105,0,0,0,0,0.743208,0.284105,0
-0.751946,-0.280718,0,0,0,0,0.751946,0.280718,0
-0.760503,-0.277263,0,0,0,0,0.760503,0.277263,0
-0.76888,-0.273743,0,0,0,0,0.76888,0.273743,0
-0.77708,-0.27016,0,0,0,0,0.77708,0.27016,0
-0.785106,-0.266516,0,0,0,0,0.785106,0.266516,0
-0.79296,-0.262813,0,0,0,0,0.79296,0.262813,0
-0.800643,-0.259055,0,0,0,0,0.800643,0.259055,0
-0.808159,-0.255242,0,0,0,0,0.808159,0.255242,0
-0.815509,-0.251376,0,0,0,0,0.815509,0.251376,0
-0.822694,-0.24746,0,0,0,0,0.822694,0.24746,0
-0.829718,-0.243496,0,0,0,0,0.829718,0.243496,0
-0.836581,-0.239484,0,0,0,0,0.836581,0.239484,0
-0.843285,-0.235426,0,0,0,0,0.843285,0.235426,0
-0.849833,-0.231325,0,0,0,0,0.849833,0.231325,0
-0.856225,-0.227182,0,0,0,0,0.856225,0.227182,0
-0.862463,-0.222998,0,0,0,0,0.862463,0.222998,0
-0.868548,-0.218774,0,0,0,0,0.868548,0.218774,0
-0.874482,-0.214512,0,0,0,0,0.874482,0.214512,0
-0.880267,-0.210213,0,0,0,0,0.880267,0.210213,0
-0.885903,-0.205879,0,0,0,0,0.885903,0.205879,0
-0.891392,-0.201511,0,0,0,0,0.891392,0.201511,0
-0.896735,-0.19711,0,0,0,0,0.896735,0.19711,0
-0.901933,-0.192677,0,0,0,0,0.901933,0.192677,0
-0.906987,-0.188213,0,0,0,0,0.906987,0.188213,0
-0.911899,-0.18372,0,0,0,0,0.911899,0.18372,0
-0.916669,-0.179198,0,0,0,0,0.916669,0.179198,0
-0.921298,-0.174649,0,0,0,0,0.921298,0.174649,0
-0.925788,-0.170073,0,0,0,0,0.925788,0.170073,0
-0.930139,-0.165471,0,0,0,0,0.930139,0.165471,0
-0.934352,-0.160845,0,0,0,0,0.934352,0.160845,0
-0.938429,-0.156196,0,0,0,0,0.938429,0.156196,0
-0.942368,-0.151524,0,0,0,0,0.942368,0.151524,0
-0.946173,-0.14683,0,0,0,0,0.946173,0.14683,0
-0.949842,-0.142115,0,0,0,0,0.949842,0.142115,0
-0.953378,-0.13738,0,0,0,0,0.953378,0.13738,0
-0.95678,-0.132626,0,0,0,0,0.95678,0.132626,0
-0.96005,-0.127853,0,0,0,0,0.96005,0.127853,0
-0.963187,-0.123063,0,0,0,0,0.963187,0.123063,0
-0.966193,-0.118256,0,0,0,0,0.966193,0.118256,0
-0.969068,-0.113433,0,0,0,0,0.969068,0.113433,0
-0.971813,-0.108595,0,0,0,0,0.971813,0.108595,0
-0.974428,-0.103743,0,0,0,0,0.974428,0.103743,0
-0.976913,-0.098876,0,0,0,0,0.976913,0.098876,0
-0.979269,-0.0939964,0,0,0,0,0.979269,0.0939964,0
-0.981497,-0.0891045,0,0,0,0,0.981497,0.0891045,0
-0.983596,-0.084201,0,0,0,0,0.983596,0.084201,0
-0.985568,-0.0792865,0,0,0,0,0.985568,0.0792865,0
-0.987412,-0.0743618,0,0,0,0,0.987412,0.0743618,0
-0.98913,-0.0694274,0,0,0,0,0.98913,0.0694274,0
-0.99072,-0.0644842,0,0,0,0,0.99072,0.0644842,0
-0.992184,-0.0595328,0,0,0,0,0.992184,0.0595328,0
-0.993521,-0.0545737,0,0,0,0,0.993521,0.0545737,0
-0.994733,-0.0496078,0,0,0,0,0.994733,0.0496078,0
-0.995818,-0.0446355,0,0,0,0,0.995818,0.0446355,0
-0.996778,-0.0396577,0,0,0,0,0.996778,0.0396577,0
-0.997612,-0.0346748,0,0,0,0,0.997612,0.0346748,0
-0.998321,-0.0296876,0,0,0,0,0.998321,0.0296876,0
-0.998905,-0.0246966,0,0,0,0,0.998905,0.0246966,0
-0.999364,-0.0197026,0,0,0,0,0.999364,0.0197026,0
-0.999697,-0.0147061,0,0,0,0,0.999697,0.0147061,0
-0.999905,-0.00970776,0,0,0,0,0.999905,0.00970776,0
-0.999989,-0.0047082,0,0,0,0,0.999989,0.0047082,0
-0.999947,0.000291952,0,0,0,0,0.999947,-0.000291952,0
-0.999781,0.00529206,0,0,0,0,0.999781,-0.00529206,0
-0.999489,0.0102915,0,0,0,0,0.999489,-0.0102915,0
-0.999072,0.0152897,0,0,0,0,0.999072,-0.0152897,0
-0.99853,0.0202859,0,0,0,0,0.99853,-0.0202859,0
-0.997863,0.0252796,0,0,0,0,0.997863,-0.0252796,0
-0.997071,0.0302701,0,0,0,0,0.997071,-0.0302701,0
-0.996152,0.0352569,0,0,0,0,0.996152,-0.0352569,0
-0.995108,0.0402391,0,0,0,0,0.995108,-0.0402391,0
-0.993938,0.0452163,0,0,0,0,0.993938,-0.0452163,0
-0.992642,0.0501877,0,0,0,0,0.992642,-0.0501877,0
-0.99122,0.0551527,0,0,0,0,0.99122,-0.0551527,0
-0.989671,0.0601107,0,0,0,0,0.989671,-0.0601107,0
-0.987995,0.065061,0,0,0,0,0.987995,-0.065061,0
-0.986192,0.0700029,0,0,0,0,0.986192,-0.0700029,0
-0.984261,0.0749358,0,0,0,0,0.984261,-0.0749358,0
-0.982203,0.0798589,0,0,0,0,0.982203,-0.0798589,0
-0.980016,0.0847716,0,0,0,0,0.980016,-0.0847716,0
-0.9777,0.0896731,0,0,0,0,0.9777,-0.0896731,0
-0.975255,0.0945628,0,0,0,0,0.975255,-0.0945628,0
-0.972681,0.0994399,0,0,0,0,0.972681,-0.0994399,0
-0.969976,0.104304,0,0,0,0,0.969976,-0.104304,0
-0.967141,0.109154,0,0,0,0,0.967141,-0.109154,0
-0.964175,0.113989,0,0,0,0,0.964175,-0.113989,0
-0.961077,0.118808,0,0,0,0,0.961077,-0.118808,0
-0.957847,0.123611,0,0,0,0,0.957847,-0.123611,0
-0.954484,0.128397,0,0,0,0,0.954484,-0.128397,0
-0.950987,0.133165,0,0,0,0,0.950987,-0.133165,0
-0.947356,0.137914,0,0,0,0,0.947356,-0.137914,0
-0.943591,0.142644,0,0,0,0,0.943591,-0.142644,0
-0.939689,0.147353,0,0,0,0,0.939689,-0.147353,0
-0.935651,0.15204,0,0,0,0,0.935651,-0.15204,0
-0.931475,0.156705,0,0,0,0,0.931475,-0.156705,0
-0.927162,0.161347,0,0,0,0,0.927162,-0.161347,0
-0.922709,0.165965,0,0,0,0,0.922709,-0.165965,0
-0.918117,0.170558,0,0,0,0,0.918117,-0.170558,0
-0.913383,0.175124,0,0,0,0,0.913383,-0.175124,0
-0.908508,0.179663,0,0,0,0,0.908508,-0.179663,0
-0.903489,0.184174,0,0,0,0,0.903489,-0.184174,0
-0.898327,0.188656,0,0,0,0,0.898327,-0.188656,0
-0.893019,0.193107,0,0,0,0,0.893019,-0.193107,0
-0.887565,0.197527,0,0,0,0,0.887565,-0.197527,0
-0.881963,0.201913,0,0,0,0,0.881963,-0.201913,0
-0.876213,0.206266,0,0,0,0,0.876213,-0.206266,0
-0.870312,0.210583,0,0,0,0,0.870312,-0.210583,0
-0.86426,0.214863,0,0,0,0,0.86426,-0.214863,0
-0.858055,0.219106,0,0,0,0,0.858055,-0.219106,0
-0.851696,0.223309,0,0,0,0,0.851696,-0.223309,0
-0.84518,0.227471,0,0,0,0,0.84518,-0.227471,0
-0.838507,0.231591,0,0,0,0,0.838507,-0.231591,0
-0.831675,0.235666,0,0,0,0,0.831675,-0.235666,0
-0.824681,0.239697,0,0,0,0,0.824681,-0.239697,0
-0.817525,0.243679,0,0,0,0,0.817525,-0.243679,0
-0.810205,0.247613,0,0,0,0,0.810205,-0.247613,0
-0.802717,0.251496,0,0,0,0,0.802717,-0.251496,0
-0.795062,0.255326,0,0,0,0,0.795062,-0.255326,0
-0.787235,0.259101,0,0,0,0,0.787235,-0.259101,0
-0.779236,0.26282,0,0,0,0,0.779236,-0.26282,0
-0.771061,0.266479,0,0,0,0,0.771061,-0.266479,0
-0.762709,0.270077,0,0,0,0,0.762709,-0.270077,0
-0.754177,0.273611,0,0,0,0,0.754177,-0.273611,0
-0.745463,0.277079,0,0,0,0,0.745463,-0.277079,0
-0.736563,0.280478,0,0,0,0,0.736563,-0.280478,0
-0.727475,0.283805,0,0,0,0,0.727475,-0.283805,0
-0.718196,0.287058,0,0,0,0,0.718196,-0.287058,0
-0.708723,0.290233,0,0,0,0,0.708723,-0.290233,0
-0.699053,0.293328,0,0,0,0,0.699053,-0.293328,0
-0.689182,0.296338,0,0,0,0,0.689182,-0.296338,0
-0.679107,0.299261,0,0,0,0,0.679107,-0.299261,0
-0.668825,0.302092,0,0,0,0,0.668825,-0.302092,0
-0.658331,0.304827,0,0,0,0,0.658331,-0.304827,0
-0.647621,0.307463,0,0,0,0,0.647621,-0.307463,0
-0.636692,0.309994,0,0,0,0,0.636692,-0.309994,0
-0.625539,0.312416,0,0,0,0,0.625539,-0.312416,0
-0.614156,0.314724,0,0,0,0,0.614156,-0.314724,0
-0.602541,0.316913,0,0,0,0,0.602541,-0.316913,0
-0.590686,0.318975,0,0,0,0,0.590686,-0.318975,0
-0.578587,0.320906,0,0,0,0,0.578587,-0.320906,0
-0.566239,0.322698,0,0,0,0,0.566239,-0.322698,0
-0.553635,0.324345,0,0,0,0,0.553635,-0.324345,0
-0.540769,0.325838,0,0,0,0,0.540769,-0.325838,0
-0.527634,0.327169,0,0,0,0,0.527634,-0.327169,0
-0.514224,0.328329,0,0,0,0,0.514224,-0.328329,0
-0.500531,0.329308,0,0,0,0,0.500531,-0.329308,0
-0.486546,0.330096,0,0,0,0,0.486546,-0.330096,0
-0.472263,0.330681,0,0,0,0,0.472263,-0.330681,0
-0.457671,0.33105,0,0,0,0,0.457671,-0.33105,0
-0.442762,0.331189,0,0,0,0,0.442762,-0.331189,0
-0.427525,0.331083,0,0,0,0,0.427525,-0.331083,0
-0.41195,0.330716,0,0,0,0,0.41195,-0.330716,0
-0.396026,0.330067,0,0,0,0,0.396026,-0.330067,0
-0.379741,0.329118,0,0,0,0,0.379741,-0.329118,0
-0.363081,0.327844,0,0,0,0,0.363081,-0.327844,0
-0.346034,0.326219,0,0,0,0,0.346034,-0.326219,0
-0.328585,0.324216,0,0,0,0,0.328585,-0.324216,0
-0.310717,0.321799,0,0,0,0,0.310717,-0.321799,0
-0.292416,0.318933,0,0,0,0,0.292416,-0.318933,0
-0.273664,0.315575,0,0,0,0,0.273664,-0.315575,0
-0.254442,0.311674,0,0,0,0,0.254442,-0.311674,0
-0.234732,0.307175,0,0,0,0,0.234732,-0.307175,0
-0.214514,0.30201,0,0,0,0,0.214514,-0.30201,0
-0.193768,0.296101,0,0,0,0,0.193768,-0.296101,0
-0.172476,0.289355,0,0,0,0,0.172476,-0.289355,0
-0.15062,0.281662,0,0,0,0,0.15062,-0.281662,0
-0.128187,0.272885,0,0,0,0,0.128187,-0.272885,0
-0.105171,0.26286,0,0,0,0,0.105171,-0.26286,0
-0.0815765,0.251384,0,0,0,0,0.0815765,-0.251384,0
-0.057433,0.238199,0,0,0,0,0.057433,-0.238199,0
-0.0328068,0.222984,0,0,0,0,0.0328068,-0.222984,0
-0.00783177,0.205324,0,0,0,0,0.00783177,-0.205324,0
0.0172395,0.184695,0,0,0,0,-0.0172395,-0.184695,0
0.0419437,0.160438,0,0,0,0,-0.0419437,-0.160438,0
0.0654483,0.131783,0,0,0,0,-0.0654483,-0.131783,0
0.0863125,0.0979905,0,0,0,0,-0.0863125,-0.0979905,0
0.102271,0.058809,0,0,0,0,-0.102271,-0.058809,0
0.110503,0.0153311,0,0,0,0,-0.110503,-0.0153311,0
0.109019,-0.0294508,0,0,0,0,-0.109019,0.0294508,0
0.0982586,-0.0718125,0,0,0,0,-0.0982586,0.0718125,0
0.0806897,-0.109362,0,0,0,0,-0.0806897,0.109362,0
0.0590308,-0.141547,0,0,0,0,-0.0590308,0.141547,0
0.0352609,-0.168846,0,0,0,0,-0.0352609,0.168846,0
0.01059,-0.192027,0,0,0,0,-0.01059,0.192027,0
-0.0142914,-0.211822,0,0,0,0,0.0142914,0.211822,0
-0.0389998,-0.22884,0,0,0,0,0.0389998,0.22884,0
-0.0633263,-0.243562,0,0,0,0,0.0633263,0.243562,0
-0.0871607,-0.256368,0,0,0,0,0.0871607,0.256368,0
-0.110449,-0.267555,0,0,0,0,0.110449,0.267555,0
-0.133169,-0.277359,0,0,0,0,0.133169,0.277359,0
-0.155319,-0.285969,0,0,0,0,0.155319,0.285969,0
-0.176906,-0.29354,0,0,0,0,0.176906,0.29354,0
-0.197943,-0.300198,0,0,0,0,0.197943,0.300198,0
-0.218449,-0.306047,0,0,0,0,0.218449,0.306047,0
-0.238441,-0.311176,0,0,0,0,0.238441,0.311176,0
-0.257938,-0.315658,0,0,0,0,0.257938,0.315658,0
-0.27696,-0.319557,0,0,0,0,0.27696,0.319557,0
-0.295523,-0.322927,0,0,0,0,0.295523,0.322927,0
-0.313646,-0.325815,0,0,0,0,0.313646,0.325815,0
-0.331345,-0.328263,0,0,0,0,0.331345,0.328263,0
-0.348636,-0.330306,0,0,0,0,0.348636,0.330306,0
-0.365533,-0.331976,0,0,0,0,0.365533,0.331976,0
-0.382051,-0.3333,0,0,0,0,0.382051,0.3333,0
-0.398202,-0.334305,0,0,0,0,0.398202,0.334305,0
-0.413999,-0.335013,0,0,0,0,0.413999,0.335013,0
-0.429454,-0.335443,0,0,0,0,0.429454,0.335443,0
-0.444576,-0.335614,0,0,0,0,0.444576,0.335614,0
-0.459377,-0.335542,0,0,0,0,0.459377,0.335542,0
-0.473866,-0.335242,0,0,0,0,0.473866,0.335242,0
-0.488052,-0.334728,0,0,0,0,0.488052,0.334728,0
-0.501944,-0.334011,0,0,0,0,0.501944,0.334011,0
-0.515549,-0.333105,0,0,0,0,0.515549,0.333105,0
-0.528876,-0.332018,0,0,0,0,0.528876,0.332018,0
-0.541931,-0.33076,0,0,0,0,0.541931,0.33076,0
-0.554722,-0.329341,0,0,0,0,0.554722,0.329341,0
-0.567254,-0.327769,0,0,0,0,0.567254,0.327769,0
-0.579534,-0.326051,0,0,0,0,0.579534,0.326051,0
-0.591568,-0.324194,0,0,0,0,0.591568,0.324194,0
-0.60336,-0.322205,0,0,0,0,0.60336,0.322205,0
-0.614917,-0.32009,0,0,0,0,0.614917,0.32009,0
-0.626243,-0.317855,0,0,0,0,0.626243,0.317855,0
-0.637344,-0.315506,0,0,0,0,0.637344,0.315506,0
-0.648222,-0.313046,0,0,0,0,0.648222,0.313046,0
-0.658884,-0.310482,0,0,0,0,0.658884,0.310482,0
-0.669332,-0.307817,0,0,0,0,0.669332,0.307817,0
-0.679571,-0.305056,0,0,0,0,0.679571,0.305056,0
-0.689605,-0.302203,0,0,0,0,0.689605,0.302203,0
-0.699436,-0.299261,0,0,0,0,0.699436,0.299261,0
-0.709069,-0.296235,0,0,0,0,0.709069,0.296235,0
-0.718507,-0.293126,0,0,0,0,0.718507,0.293126,0
-0.727752,-0.28994,0,0,0,0,0.727752,0.28994,0
-0.736808,-0.286677,0,0,0,0,0.736808,0.286677,0
-0.745678,-0.283343,0,0,0,0,0.745678,0.283343,0
-0.754364,-0.279938,0,0,0,0,0.754364,0.279938,0
-0.76287,-0.276467,0,0,0,0,0.76287,0.276467,0
-0.771196,-0.27293,0,0,0,0,0.771196,0.27293,0
-0.779347,-0.269332,0,0,0,0,0.779347,0.269332,0
-0.787324,-0.265673,0,0,0,0,0.787324,0.265673,0
-0.795129,-0.261956,0,0,0,0,0.795129,0.261956,0
-0.802765,-0.258184,0,0,0,0,0.802765,0.258184,0
-0.810233,-0.254358,0,0,0,0,0.810233,0.254358,0
-0.817536,-0.250479,0,0,0,0,0.817536,0.250479,0
-0.824676,-0.246551,0,0,0,0,0.824676,0.246551,0
-0.831654,-0.242575,0,0,0,0,0.831654,0.242575,0
-0.838472,-0.238551,0,0,0,0,0.838472,0.238551,0
-0.845132,-0.234483,0,0,0,0,0.845132,0.234483,0
-0.851635,-0.230371,0,0,0,0,0.851635,0.230371,0
-0.857984,-0.226218,0,0,0,0,0.857984,0.226218,0
-0.864178,-0.222024,0,0,0,0,0.864178,0.222024,0
-0.870221,-0.21779,0,0,0,0,0.870221,0.21779,0
-0.876113,-0.21352,0,0,0,0,0.876113,0.21352,0
-0.881856,-0.209212,0,0,0,0,0.881856,0.209212,0
-0.88745,-0.20487,0,0,0,0,0.88745,0.20487,0
-0.892898,-0.200493,0,0,0,0,0.892898,0.200493,0
-0.8982,-0.196084,0,0,0,0,0.8982,0.196084,0
-0.903358,-0.191644,0,0,0,0,0.903358,0.191644,0
-0.908372,-0.187173,0,0,0,0,0.908372,0.187173,0
-0.913244,-0.182672,0,0,0,0,0.913244,0.182672,0
-0.917974,-0.178144,0,0,0,0,0.917974,0.178144,0
-0.922564,-0.173588,0,0,0,0,0.922564,0.173588,0
-0.927015,-0.169006,0,0,0,0,0.927015,0.169006,0
-0.931328,-0.164398,0,0,0,0,0.931328,0.164398,0
-0.935502,-0.159767,0,0,0,0,0.935502,0.159767,0
-0.93954,-0.155112,0,0,0,0,0.93954,0.155112,0
-0.943442,-0.150434,0,0,0,0,0.943442,0.150434,0
-0.947209,-0.145735,0,0,0,0,0.947209,0.145735,0
-0.950841,-0.141016,0,0,0,0,0.950841,0.141016,0
-0.954339,-0.136276,0,0,0,0,0.954339,0.136276,0
-0.957704,-0.131517,0,0,0,0,0.957704,0.131517,0
-0.960937,-0.126741,0,0,0,0,0.960937,0.126741,0
-0.964037,-0.121947,0,0,0,0,0.964037,0.121947,0
-0.967007,-0.117136,0,0,0,0,0.967007,0.117136,0
-0.969845,-0.112309,0,0,0,0,0.969845,0.112309,0
-0.972554,-0.107467,0,0,0,0,0.972554,0.107467,0
-0.975132,-0.102611,0,0,0,0,0.975132,0.102611,0
-0.977581,-0.0977416,0,0,0,0,0.977581,0.0977416,0
-0.979902,-0.0928591,0,0,0,0,0.979902,0.0928591,0
-0.982094,-0.0879643,0,0,0,0,0.982094,0.0879643,0
-0.984157,-0.0830581,0,0,0,0,0.984157,0.0830581,0
-0.986094,-0.0781412,0,0,0,0,0.986094,0.0781412,0
-0.987902,-0.0732141,0,0,0,0,0.987902,0.0732141,0
-0.989584,-0.0682776,0,0,0,0,0.989584,0.0682776,0
-0.991139,-0.0633324,0,0,0,0,0.991139,0.0633324,0
-0.992568,-0.0583791,0,0,0,0,0.992568,0.0583791,0
-0.99387,-0.0534183,0,0,0,0,0.99387,0.0534183,0
-0.995046,-0.0484508,0,0,0,0,0.995046,0.0484508,0
-0.996097,-0.0434772,0,0,0,0,0.996097,0.0434772,0
-0.997022,-0.0384981,0,0,0,0,0.997022,0.0384981,0
-0.997821,-0.0335141,0,0,0,0,0.997821,0.0335141,0
-0.998495,-0.0285259,0,0,0,0,0.998495,0.0285259,0
-0.999044,-0.0235342,0,0,0,0,0.999044,0.0235342,0
-0.999468,-0.0185395,0,0,0,0,0.999468,0.0185395,0
-0.999766,-0.0135425,0,0,0,0,0.999766,0.0135425,0
-0.99994,-0.00854374,0,0,0,0,0.99994,0.00854374,0
-0.999989,-0.00354396,0,0,0,0,0.999989,0.00354396,0
-0.999912,0.00145626,0,0,0,0,0.999912,-0.00145626,0
-0.999711,0.00645631,0,0,0,0,0.999711,-0.00645631,0
-0.999384,0.0114555,0,0,0,0,0.999384,-0.0114555,0
-0.998933,0.0164533,0,0,0,0,0.998933,-0.0164533,0
-0.998356,0.0214491,0,0,0,0,0.998356,-0.0214491,0
-0.997654,0.0264421,0,0,0,0,0.997654,-0.0264421,0
-0.996826,0.0314318,0,0,0,0,0.996826,-0.0314318,0
-0.995873,0.0364176,0,0,0,0,0.995873,-0.0364176,0
-0.994794,0.0413988,0,0,0,0,0.994794,-0.0413988,0
-0.993589,0.0463747,0,0,0,0,0.993589,-0.0463747,0
-0.992258,0.0513447,0,0,0,0,0.992258,-0.0513447,0
-0.9908,0.0563082,0,0,0,0,0.9908,-0.0563082,0
-0.989216,0.0612645,0,0,0,0,0.989216,-0.0612645,0
-0.987505,0.0662129,0,0,0,0,0.987505,-0.0662129,0
-0.985666,0.0711527,0,0,0,0,0.985666,-0.0711527,0
-0.9837,0.0760834,0,0,0,0,0.9837,-0.0760834,0
-0.981605,0.0810041,0,0,0,0,0.981605,-0.0810041,0
-0.979382,0.0859143,0,0,0,0,0.979382,-0.0859143,0
-0.977031,0.0908132,0,0,0,0,0.977031,-0.0908132,0
-0.97455,0.0957,0,0,0,0,0.97455,-0.0957,0
-0.971939,0.100574,0,0,0,0,0.971939,-0.100574,0
-0.969198,0.105435,0,0,0,0,0.969198,-0.105435,0
-0.966327,0.110281,0,0,0,0,0.966327,-0.110281,0
-0.963324,0.115113,0,0,0,0,0.963324,-0.115113,0
-0.960189,0.119928,0,0,0,0,0.960189,-0.119928,0
-0.956922,0.124727,0,0,0,0,0.956922,-0.124727,0
-0.953521,0.129509,0,0,0,0,0.953521,-0.129509,0
-0.949987,0.134273,0,0,0,0,0.949987,-0.134273,0
-0.946319,0.139017,0,0,0,0,0.946319,-0.139017,0
-0.942515,0.143742,0,0,0,0,0.942515,-0.143742,0
-0.938575,0.148446,0,0,0,0,0.938575,-0.148446,0
-0.934499,0.153128,0,0,0,0,0.934499,-0.153128,0
-0.930285,0.157788,0,0,0,0,0.930285,-0.157788,0
-0.925932,0.162424,0,0,0,0,0.925932,-0.162424,0
-0.921441,0.167036,0,0,0,0,0.921441,-0.167036,0
-0.916809,0.171623,0,0,0,0,0.916809,-0.171623,0
-0.912035,0.176183,0,0,0,0,0.912035,-0.176183,0
-0.90712,0.180715,0,0,0,0,0.90712,-0.180715,0
-0.902061,0.185219,0,0,0,0,0.902061,-0.185219,0
-0.896858,0.189694,0,0,0,0,0.896858,-0.189694,0
-0.891509,0.194137,0,0,0,0,0.891509,-0.194137,0
-0.886014,0.198549,0,0,0,0,0.886014,-0.198549,0
-0.88037,0.202927,0,0,0,0,0.88037,-0.202927,0
-0.874578,0.207271,0,0,0,0,0.874578,-0.207271,0
-0.868635,0.21158,0,0,0,0,0.868635,-0.21158,0
-0.862539,0.215851,0,0,0,0,0.862539,-0.215851,0
-0.856291,0.220084,0,0,0,0,0.856291,-0.220084,0
-0.849887,0.224277,0,0,0,0,0.849887,-0.224277,0
-0.843328,0.228429,0,0,0,0,0.843328,-0.228429,0
-0.83661,0.232538,0,0,0,0,0.83661,-0.232538,0
-0.829732,0.236603,0,0,0,0,0.829732,-0.236603,0
-0.822693,0.240621,0,0,0,0,0.822693,-0.240621,0
-0.815491,0.244592,0,0,0,0,0.815491,-0.244592,0
-0.808123,0.248514,0,0,0,0,0.808123,-0.248514,0
-0.800588,0.252383,0,0,0,0,0.800588,-0.252383,0
-0.792884,0.2562,0,0,0,0,0.792884,-0.2562,0
-0.785009,0.259961,0,0,0,0,0.785009,-0.259961,0
-0.77696,0.263665,0,0,0,0,0.77696,-0.263665,0
-0.768736,0.267309,0,0,0,0,0.768736,-0.267309,0
-0.760333,0.270891,0,0,0,0,0.760333,-0.270891,0
-0.751749,0.274409,0,0,0,0,0.751749,-0.274409,0
-0.742982,0.277859,0,0,0,0,0.742982,-0.277859,0
-0.734029,0.28124,0,0,0,0,0.734029,-0.28124,0
-0.724887,0.284549,0,0,0,0,0.724887,-0.284549,0
-0.715553,0.287782,0,0,0,0,0.715553,-0.287782,0
-0.706024,0.290937,0,0,0,0,0.706024,-0.290937,0
-0.696297,0.294011,0,0,0,0,0.696297,-0.294011,0
-0.686368,0.296999,0,0,0,0,0.686368,-0.296999,0
-0.676235,0.299898,0,0,0,0,0.676235,-0.299898,0
-0.665892,0.302705,0,0,0,0,0.665892,-0.302705,0
-0.655337,0.305415,0,0,0,0,0.655337,-0.305415,0
-0.644565,0.308024,0,0,0,0,0.644565,-0.308024,0
-0.633572,0.310527,0,0,0,0,0.633572,-0.310527,0
-0.622353,0.31292,0,0,0,0,0.622353,-0.31292,0
-0.610904,0.315197,0,0,0,0,0.610904,-0.315197,0
-0.599221,0.317353,0,0,0,0,0.599221,-0.317353,0
-0.587296,0.319381,0,0,0,0,0.587296,-0.319381,0
-0.575127,0.321276,0,0,0,0,0.575127,-0.321276,0
-0.562705,0.323031,0,0,0,0,0.562705,-0.323031,0
-0.550027,0.324637,0,0,0,0,0.550027,-0.324637,0
-0.537084,0.326088,0,0,0,0,0.537084,-0.326088,0
-0.52387,0.327374,0,0,0,0,0.52387,-0.327374,0
-0.510379,0.328487,0,0,0,0,0.510379,-0.328487,0
-0.496602,0.329416,0,0,0,0,0.496602,-0.329416,0
-0.482532,0.33015,0,0,0,0,0.482532,-0.33015,0
-0.468161,0.330677,0,0,0,0,0.468161,-0.330677,0
-0.453478,0.330986,0,0,0,0,0.453478,-0.330986,0
-0.438475,0.33106,0,0,0,0,0.438475,-0.33106,0
-0.423141,0.330884,0,0,0,0,0.423141,-0.330884,0
-0.407467,0.330442,0,0,0,0,0.407467,-0.330442,0
-0.391439,0.329713,0,0,0,0,0.391439,-0.329713,0
-0.375046,0.328676,0,0,0,0,0.375046,-0.328676,0
-0.358275,0.327308,0,0,0,0,0.358275,-0.327308,0
-0.341112,0.325582,0,0,0,0,0.341112,-0.325582,0
-0.323543,0.323467,0,0,0,0,0.323543,-0.323467,0
-0.305551,0.32093,0,0,0,0,0.305551,-0.32093,0
-0.28712,0.317931,0,0,0,0,0.28712,-0.317931,0
-0.268232,0.314426,0,0,0,0,0.268232,-0.314426,0
-0.24887,0.310364,0,0,0,0,0.24887,-0.310364,0
-0.229013,0.305685,0,0,0,0,0.229013,-0.305685,0
-0.208643,0.300319,0,0,0,0,0.208643,-0.300319,0
-0.187739,0.294183,0,0,0,0,0.187739,-0.294183,0
-0.166283,0.287182,0,0,0,0,0.166283,-0.287182,0
-0.144259,0.279195,0,0,0,0,0.144259,-0.279195,0
-0.121655,0.270082,0,0,0,0,0.121655,-0.270082,0
-0.0984664,0.259666,0,0,0,0,0.0984664,-0.259666,0
-0.0747054,0.247731,0,0,0,0,0.0747054,-0.247731,0
-0.050409,0.234001,0,0,0,0,0.050409,-0.234001,0
-0.0256594,0.218131,0,0,0,0,0.0256594,-0.218131,0
-0.000618107,0.199678,0,0,0,0,0.000618107,-0.199678,0
0.0244132,0.178078,0,0,0,0,-0.0244132,-0.178078,0
0.0488845,0.152636,0,0,0,0,-0.0488845,-0.152636,0
0.0718147,0.122566,0,0,0,0,-0.0718147,-0.122566,0
0.091538,0.0872032,0,0,0,0,-0.091538,-0.0872032,0
0.105559,0.0465845,0,0,0,0,-0.105559,-0.0465845,0
0.111106,0.00234961,0,0,0,0,-0.111106,-0.00234961,0
0.106782,-0.0420887,0,0,0,0,-0.106782,0.0420887,0
0.0937625,-0.083216,0,0,0,0,-0.0937625,0.083216,0
0.0747643,-0.119209,0,0,0,0,-0.0747643,0.119209,0
0.0523368,-0.149913,0,0,0,0,-0.0523368,0.149913,0
0.0282165,-0.175945,0,0,0,0,-0.0282165,0.175945,0
0.00343677,-0.198081,0,0,0,0,-0.00343677,0.198081,0
-0.0214189,-0.217022,0,0,0,0,0.0214189,0.217022,0
-0.0460281,-0.233337,0,0,0,0,0.0460281,0.233337,0
-0.0702163,-0.247476,0,0,0,0,0.0702163,0.247476,0
-0.0938926,-0.259792,0,0,0,0,0.0938926,0.259792,0
-0.117014,-0.270562,0,0,0,0,0.117014,0.270562,0
-0.139566,-0.280009,0,0,0,0,0.139566,0.280009,0
-0.161549,-0.28831,0,0,0,0,0.161549,0.28831,0
-0.182973,-0.29561,0,0,0,0,0.182973,0.29561,0
-0.203853,-0.30203,0,0,0,0,0.203853,0.30203,0
-0.224207,-0.307668,0,0,0,0,0.224207,0.307668,0
-0.244052,-0.312608,0,0,0,0,0.244052,0.312608,0
-0.263408,-0.31692,0,0,0,0,0.263408,0.31692,0
-0.282294,-0.320666,0,0,0,0,0.282294,0.320666,0
-0.300727,-0.323897,0,0,0,0,0.300727,0.323897,0
-0.318725,-0.326659,0,0,0,0,0.318725,0.326659,0
-0.336303,-0.328991,0,0,0,0,0.336303,0.328991,0
-0.353478,-0.330927,0,0,0,0,0.353478,0.330927,0
-0.370264,-0.332499,0,0,0,0,0.370264,0.332499,0
-0.386673,-0.333734,0,0,0,0,0.386673,0.333734,0
-0.40272,-0.334655,0,0,0,0,0.40272,0.334655,0
-0.418417,-0.335284,0,0,0,0,0.418417,0.335284,0
-0.433774,-0.335642,0,0,0,0,0.433774,0.335642,0
-0.448802,-0.335745,0,0,0,0,0.448802,0.335745,0
-0.463512,-0.33561,0,0,0,0,0.463512,0.33561,0
-0.477912,-0.33525,0,0,0,0,0.477912,0.33525,0
-0.492012,-0.33468,0,0,0,0,0.492012,0.33468,0
-0.505821,-0.333912,0,0,0,0,0.505821,0.333912,0
-0.519345,-0.332956,0,0,0,0,0.519345,0.332956,0
-0.532592,-0.331822,0,0,0,0,0.532592,0.331822,0
-0.545571,-0.330521,0,0,0,0,0.545571,0.330521,0
-0.558286,-0.32906,0,0,0,0,0.558286,0.32906,0
-0.570745,-0.327448,0,0,0,0,0.570745,0.327448,0
-0.582953,-0.325692,0,0,0,0,0.582953,0.325692,0
-0.594917,-0.3238,0,0,0,0,0.594917,0.3238,0
-0.606642,-0.321777,0,0,0,0,0.606642,0.321777,0
-0.618132,-0.319631,0,0,0,0,0.618132,0.319631,0
-0.629393,-0.317365,0,0,0,0,0.629393,0.317365,0
-0.640429,-0.314986,0,0,0,0,0.640429,0.314986,0
-0.651245,-0.312499,0,0,0,0,0.651245,0.312499,0
-0.661845,-0.309908,0,0,0,0,0.661845,0.309908,0
-0.672233,-0.307218,0,0,0,0,0.672233,0.307218,0
-0.682413,-0.304433,0,0,0,0,0.682413,0.304433,0
-0.692388,-0.301557,0,0,0,0,0.692388,0.301557,0
-0.702163,-0.298593,0,0,0,0,0.702163,0.298593,0
-0.71174,-0.295545,0,0,0,0,0.71174,0.295545,0
-0.721122,-0.292416,0,0,0,0,0.721122,0.292416,0
-0.730314,-0.28921,0,0,0,0,0.730314,0.28921,0
-0.739316,-0.285929,0,0,0,0,0.739316,0.285929,0
-0.748134,-0.282576,0,0,0,0,0.748134,0.282576,0
-0.756768,-0.279155,0,0,0,0,0.756768,0.279155,0
-0.765222,-0.275666,0,0,0,0,0.765222,0.275666,0
-0.773499,-0.272114,0,0,0,0,0.773499,0.272114,0
-0.7816,-0.2685,0,0,0,0,0.7816,0.2685,0
-0.789528,-0.264827,0,0,0,0,0.789528,0.264827,0
-0.797285,-0.261096,0,0,0,0,0.797285,0.261096,0
-0.804873,-0.25731,0,0,0,0,0.804873,0.25731,0
-0.812294,-0.25347,0,0,0,0,0.812294,0.25347,0
-0.819551,-0.24958,0,0,0,0,0.819551,0.24958,0
-0.826645,-0.245639,0,0,0,0,0.826645,0.245639,0
-0.833577,-0.241651,0,0,0,0,0.833577,0.241651,0
-0.840351,-0.237616,0,0,0,0,0.840351,0.237616,0
-0.846966,-0.233537,0,0,0,0,0.846966,0.233537,0
-0.853426,-0.229415,0,0,0,0,0.853426,0.229415,0
-0.85973,-0.225251,0,0,0,0,0.85973,0.225251,0
-0.865882,-0.221047,0,0,0,0,0.865882,0.221047,0
-0.871882,-0.216805,0,0,0,0,0.871882,0.216805,0
-0.877732,-0.212525,0,0,0,0,0.877732,0.212525,0
-0.883433,-0.208209,0,0,0,0,0.883433,0.208209,0
-0.888986,-0.203858,0,0,0,0,0.888986,0.203858,0
-0.894393,-0.199474,0,0,0,0,0.894393,0.199474,0
-0.899654,-0.195057,0,0,0,0,0.899654,0.195057,0
-0.904771,-0.190609,0,0,0,0,0.904771,0.190609,0
-0.909745,-0.186131,0,0,0,0,0.909745,0.186131,0
-0.914577,-0.181623,0,0,0,0,0.914577,0.181623,0
-0.919268,-0.177088,0,0,0,0,0.919268,0.177088,0
-0.923819,-0.172526,0,0,0,0,0.923819,0.172526,0
-0.928231,-0.167937,0,0,0,0,0.928231,0.167937,0
-0.932505,-0.163324,0,0,0,0,0.932505,0.163324,0
-0.936641,-0.158687,0,0,0,0,0.936641,0.158687,0
-0.940641,-0.154026,0,0,0,0,0.940641,0.154026,0
-0.944505,-0.149344,0,0,0,0,0.944505,0.149344,0
-0.948234,-0.14464,0,0,0,0,0.948234,0.14464,0
-0.951828,-0.139915,0,0,0,0,0.951828,0.139915,0
-0.955289,-0.135171,0,0,0,0,0.955289,0.135171,0
-0.958617,-0.130408,0,0,0,0,0.958617,0.130408,0
-0.961813,-0.125627,0,0,0,0,0.961813,0.125627,0
-0.964877,-0.120829,0,0,0,0,0.964877,0.120829,0
-0.96781,-0.116014,0,0,0,0,0.96781,0.116014,0
-0.970612,-0.111184,0,0,0,0,0.970612,0.111184,0
-0.973284,-0.106339,0,0,0,0,0.973284,0.106339,0
-0.975826,-0.101479,0,0,0,0,0.975826,0.101479,0
-0.978239,-0.0966065,0,0,0,0,0.978239,0.0966065,0
-0.980524,-0.091721,0,0,0,0,0.980524,0.091721,0
-0.98268,-0.0868235,0,0,0,0,0.98268,0.0868235,0
-0.984708,-0.0819147,0,0,0,0,0.984708,0.0819147,0
-0.986609,-0.0769953,0,0,0,0,0.986609,0.0769953,0
-0.988382,-0.0720659,0,0,0,0,0.988382,0.0720659,0
-0.990029,-0.0671273,0,0,0,0,0.990029,0.0671273,0
-0.991548,-0.0621801,0,0,0,0,0.991548,0.0621801,0
-0.992942,-0.0572249,0,0,0,0,0.992942,0.0572249,0
-0.994209,-0.0522625,0,0,0,0,0.994209,0.0522625,0
-0.99535,-0.0472935,0,0,0,0,0.99535,0.0472935,0
-0.996366,-0.0423185,0,0,0,0,0.996366,0.0423185,0
-0.997256,-0.0373382,0,0,0,0,0.997256,0.0373382,0
-0.99802,-0.0323531,0,0,0,0,0.99802,0.0323531,0
-0.998659,-0.0273641,0,0,0,0,0.998659,0.0273641,0
-0.999173,-0.0223715,0,0,0,0,0.999173,0.0223715,0
-0.999562,-0.0173762,0,0,0,0,0.999562,0.0173762,0
-0.999826,-0.0123787,0,0,0,0,0.999826,0.0123787,0
-0.999965,-0.00737965,0,0,0,0,0.999965,0.00737965,0
-0.999979,-0.00237968,0,0,0,0,0.999979,0.00237968,0
-0.999868,0.00262058,0,0,0,0,0.999868,-0.00262058,0
-0.999631,0.00762052,0,0,0,0,0.999631,-0.00762052,0
-0.99927,0.0126195,0,0,0,0,0.99927,-0.0126195,0
-0.998784,0.0176169,0,0,0,0,0.998784,-0.0176169,0
-0.998172,0.0226121,0,0,0,0,0.998172,-0.0226121,0
-0.997435,0.0276045,0,0,0,0,0.997435,-0.0276045,0
-0.996572,0.0325933,0,0,0,0,0.996572,-0.0325933,0
-0.995584,0.0375781,0,0,0,0,0.995584,-0.0375781,0
-0.99447,0.0425581,0,0,0,0,0.99447,-0.0425581,0
-0.99323,0.0475328,0,0,0,0,0.99323,-0.0475328,0
-0.991864,0.0525014,0,0,0,0,0.991864,-0.0525014,0
-0.990371,0.0574632,0,0,0,0,0.990371,-0.0574632,0
-0.988751,0.0624178,0,0,0,0,0.988751,-0.0624178,0
-0.987004,0.0673643,0,0,0,0,0.987004,-0.0673643,0
-0.98513,0.0723021,0,0,0,0,0.98513,-0.0723021,0
-0.983128,0.0772305,0,0,0,0,0.983128,-0.0772305,0
-0.980998,0.0821489,0,0,0,0,0.980998,-0.0821489,0
-0.978739,0.0870565,0,0,0,0,0.978739,-0.0870565,0
-0.976351,0.0919526,0,0,0,0,0.976351,-0.0919526,0
-0.973834,0.0968365,0,0,0,0,0.973834,-0.0968365,0
-0.971187,0.101708,0,0,0,0,0.971187,-0.101708,0
-0.96841,0.106565,0,0,0,0,0.96841,-0.106565,0
-0.965502,0.111408,0,0,0,0,0.965502,-0.111408,0
-0.962462,0.116236,0,0,0,0,0.962462,-0.116236,0
-0.95929,0.121048,0,0,0,0,0.95929,-0.121048,0
-0.955986,0.125843,0,0,0,0,0.955986,-0.125843,0
-0.952548,0.13062,0,0,0,0,0.952548,-0.13062,0
-0.948977,0.135379,0,0,0,0,0.948977,-0.135379,0
-0.94527,0.140119,0,0,0,0,0.94527,-0.140119,0
-0.941429,0.144839,0,0,0,0,0.941429,-0.144839,0
-0.937451,0.149538,0,0,0,0,0.937451,-0.149538,0
-0.933336,0.154215,0,0,0,0,0.933336,-0.154215,0
-0.929083,0.15887,0,0,0,0,0.929083,-0.15887,0
-0.924692,0.1635,0,0,0,0,0.924692,-0.1635,0
-0.920161,0.168106,0,0,0,0,0.920161,-0.168106,0
-0.915489,0.172686,0,0,0,0,0.915489,-0.172686,0
-0.910676,0.17724,0,0,0,0,0.910676,-0.17724,0
-0.90572,0.181766,0,0,0,0,0.90572,-0.181766,0
-0.900621,0.186263,0,0,0,0,0.900621,-0.186263,0
-0.895377,0.19073,0,0,0,0,0.895377,-0.19073,0
-0.889987,0.195166,0,0,0,0,0.889987,-0.195166,0
-0.884451,0.199569,0,0,0,0,0.884451,-0.199569,0
-0.878765,0.20394,0,0,0,0,0.878765,-0.20394,0
-0.87293,0.208275,0,0,0,0,0.87293,-0.208275,0
-0.866945,0.212575,0,0,0,0,0.866945,-0.212575,0
-0.860806,0.216837,0,0,0,0,0.860806,-0.216837,0
-0.854514,0.22106,0,0,0,0,0.854514,-0.22106,0
-0.848067,0.225243,0,0,0,0,0.848067,-0.225243,0
-0.841463,0.229385,0,0,0,0,0.841463,-0.229385,0
-0.8347,0.233483,0,0,0,0,0.8347,-0.233483,0
-0.827777,0.237537,0,0,0,0,0.827777,-0.237537,0
-0.820692,0.241544,0,0,0,0,0.820692,-0.241544,0
-0.813443,0.245502,0,0,0,0,0.813443,-0.245502,0
-0.806028,0.249411,0,0,0,0,0.806028,-0.249411,0
-0.798445,0.253268,0,0,0,0,0.798445,-0.253268,0
-0.790693,0.257071,0,0,0,0,0.790693,-0.257071,0
-0.782769,0.260818,0,0,0,0,0.782769,-0.260818,0
-0.77467,0.264507,0,0,0,0,0.77467,-0.264507,0
-0.766395,0.268135,0,0,0,0,0.766395,-0.268135,0
-0.757941,0.271701,0,0,0,0,0.757941,-0.271701,0
-0.749306,0.275202,0,0,0,0,0.749306,-0.275202,0
-0.740486,0.278636,0,0,0,0,0.740486,-0.278636,0
-0.73148,0.281999,0,0,0,0,0.73148,-0.281999,0
-0.722283,0.285288,0,0,0,0,0.722283,-0.285288,0
-0.712894,0.288502,0,0,0,0,0.712894,-0.288502,0
-0.703309,0.291636,0,0,0,0,0.703309,-0.291636,0
-0.693525,0.294688,0,0,0,0,0.693525,-0.294688,0
-0.683538,0.297654,0,0,0,0,0.683538,-0.297654,0
-0.673345,0.30053,0,0,0,0,0.673345,-0.30053,0
-0.662942,0.303312,0,0,0,0,0.662942,-0.303312,0
-0.652325,0.305996,0,0,0,0,0.652325,-0.305996,0
-0.64149,0.308578,0,0,0,0,0.64149,-0.308578,0
-0.630433,0.311053,0,0,0,0,0.630433,-0.311053,0
-0.619149,0.313416,0,0,0,0,0.619149,-0.313416,0
-0.607633,0.315662,0,0,0,0,0.607633,-0.315662,0
-0.595881,0.317785,0,0,0,0,0.595881,-0.317785,0
-0.583887,0.319778,0,0,0,0,0.583887,-0.319778,0
-0.571645,0.321637,0,0,0,0,0.571645,-0.321637,0
-0.55915,0.323353,0,0,0,0,0.55915,-0.323353,0
-0.546396,0.324918,0,0,0,0,0.546396,-0.324918,0
-0.533376,0.326326,0,0,0,0,0.533376,-0.326326,0
-0.520083,0.327567,0,0,0,0,0.520083,-0.327567,0
-0.50651,0.328631,0,0,0,0,0.50651,-0.328631,0
-0.49265,0.329509,0,0,0,0,0.49265,-0.329509,0
-0.478493,0.330188,0,0,0,0,0.478493,-0.330188,0
-0.464033,0.330658,0,0,0,0,0.464033,-0.330658,0
-0.449258,0.330904,0,0,0,0,0.449258,-0.330904,0
-0.43416,0.330912,0,0,0,0,0.43416,-0.330912,0
-0.418729,0.330665,0,0,0,0,0.418729,-0.330665,0
-0.402953,0.330146,0,0,0,0,0.402953,-0.330146,0
-0.386821,0.329335,0,0,0,0,0.386821,-0.329335,0
-0.370319,0.32821,0,0,0,0,0.370319,-0.32821,0
-0.353436,0.326746,0,0,0,0,0.353436,-0.326746,0
-0.336156,0.324915,0,0,0,0,0.336156,-0.324915,0
-0.318465,0.322687,0,0,0,0,0.318465,-0.322687,0
-0.300347,0.320025,0,0,0,0,0.300347,-0.320025,0
-0.281785,0.31689,0,0,0,0,0.281785,-0.31689,0
-0.262761,0.313234,0,0,0,0,0.262761,-0.313234,0
-0.243256,0.309005,0,0,0,0,0.243256,-0.309005,0
-0.223251,0.30414,0,0,0,0,0.223251,-0.30414,0
-0.202726,0.298566,0,0,0,0,0.202726,-0.298566,0
-0.181662,0.292197,0,0,0,0,0.181662,-0.292197,0
-0.160042,0.284929,0,0,0,0,0.160042,-0.284929,0
-0.137848,0.276638,0,0,0,0,0.137848,-0.276638,0
-0.115071,0.267174,0,0,0,0,0.115071,-0.267174,0
-0.091712,0.256349,0,0,0,0,0.091712,-0.256349,0
-0.067787,0.243931,0,0,0,0,0.067787,-0.243931,0
-0.043344,0.229628,0,0,0,0,0.043344,-0.229628,0
-0.0184838,0.213067,0,0,0,0,0.0184838,-0.213067,0
0.00659954,0.193773,0,0,0,0,-0.00659954,-0.193773,0
0.0315465,0.171144,0,0,0,0,-0.0315465,-0.171144,0
0.0557049,0.14445,0,0,0,0,-0.0557049,-0.14445,0
0.0779231,0.112905,0,0,0,0,-0.0779231,-0.112905,0
0.0962941,0.0759667,0,0,0,0,-0.0962941,-0.0759667,0
0.108134,0.0340445,0,0,0,0,-0.108134,-0.0340445,0
0.110868,-0.0106496,0,0,0,0,-0.110868,0.0106496,0
0.103811,-0.0544371,0,0,0,0,-0.103811,0.0544371,0
0.0887732,-0.0941797,0,0,0,0,-0.0887732,0.0941797,0
0.0685622,-0.128611,0,0,0,0,-0.0685622,0.128611,0
0.0455098,-0.157889,0,0,0,0,-0.0455098,0.157889,0
0.0211236,-0.182721,0,0,0,0,-0.0211236,0.182721,0
-0.00371785,-0.203872,0,0,0,0,0.00371785,0.203872,0
-0.028522,-0.222006,0,0,0,0,0.028522,0.222006,0
-0.0530181,-0.237656,0,0,0,0,0.0530181,0.237656,0
-0.0770608,-0.251241,0,0,0,0,0.0770608,0.251241,0
-0.100576,-0.26309,0,0,0,0,0.100576,0.26309,0
-0.12353,-0.273462,0,0,0,0,0.12353,0.273462,0
-0.145914,-0.282567,0,0,0,0,0.145914,0.282567,0
-0.167732,-0.29057,0,0,0,0,0.167732,0.29057,0
-0.188994,-0.29761,0,0,0,0,0.188994,0.29761,0
-0.209718,-0.3038,0,0,0,0,0.209718,0.3038,0
-0.229921,-0.309233,0,0,0,0,0.229921,0.309233,0
-0.249621,-0.31399,0,0,0,0,0.249621,0.31399,0
-0.268838,-0.318138,0,0,0,0,0.268838,0.318138,0
-0.28759,-0.321735,0,0,0,0,0.28759,0.321735,0
-0.305894,-0.324831,0,0,0,0,0.305894,0.324831,0
-0.323768,-0.327469,0,0,0,0,0.323768,0.327469,0
-0.341227,-0.329688,0,0,0,0,0.341227,0.329688,0
-0.358287,-0.331521,0,0,0,0,0.358287,0.331521,0
-0.374962,-0.332997,0,0,0,0,0.374962,0.332997,0
-0.391265,-0.334143,0,0,0,0,0.391265,0.334143,0
-0.407209,-0.334982,0,0,0,0,0.407209,0.334982,0
-0.422806,-0.335536,0,0,0,0,0.422806,0.335536,0
-0.438066,-0.335822,0,0,0,0,0.438066,0.335822,0
-0.453001,-0.335859,0,0,0,0,0.453001,0.335859,0
-0.467621,-0.335661,0,0,0,0,0.467621,0.335661,0
-0.481933,-0.335244,0,0,0,0,0.481933,0.335244,0
-0.495948,-0.334619,0,0,0,0,0.495948,0.334619,0
-0.509673,-0.333799,0,0,0,0,0.509673,0.333799,0
-0.523117,-0.332794,0,0,0,0,0.523117,0.332794,0
-0.536286,-0.331614,0,0,0,0,0.536286,0.331614,0
-0.549188,-0.33027,0,0,0,0,0.549188,0.33027,0
-0.561829,-0.328768,0,0,0,0,0.561829,0.328768,0
-0.574215,-0.327117,0,0,0,0,0.574215,0.327117,0
-0.586353,-0.325325,0,0,0,0,0.586353,0.325325,0
-0.598247,-0.323397,0,0,0,0,0.598247,0.323397,0
-0.609904,-0.321341,0,0,0,0,0.609904,0.321341,0
-0.621327,-0.319163,0,0,0,0,0.621327,0.319163,0
-0.632523,-0.316867,0,0,0,0,0.632523,0.316867,0
-0.643496,-0.31446,0,0,0,0,0.643496,0.31446,0
-0.65425,-0.311945,0,0,0,0,0.65425,0.311945,0
-0.664789,-0.309328,0,0,0,0,0.664789,0.309328,0
-0.675117,-0.306613,0,0,0,0,0.675117,0.306613,0
-0.685238,-0.303804,0,0,0,0,0.685238,0.303804,0
-0.695156,-0.300905,0,0,0,0,0.695156,0.300905,0
-0.704873,-0.297919,0,0,0,0,0.704873,0.297919,0
-0.714395,-0.29485,0,0,0,0,0.714395,0.29485,0
-0.723722,-0.291701,0,0,0,0,0.723722,0.291701,0
-0.73286,-0.288475,0,0,0,0,0.73286,0.288475,0
-0.741809,-0.285176,0,0,0,0,0.741809,0.285176,0
-0.750574,-0.281805,0,0,0,0,0.750574,0.281805,0
-0.759157,-0.278367,0,0,0,0,0.759157,0.278367,0
-0.767561,-0.274862,0,0,0,0,0.767561,0.274862,0
-0.775787,-0.271294,0,0,0,0,0.775787,0.271294,0
-0.783839,-0.267665,0,0,0,0,0.783839,0.267665,0
-0.791718,-0.263977,0,0,0,0,0.791718,0.263977,0
-0.799427,-0.260232,0,0,0,0,0.799427,0.260232,0
-0.806968,-0.256432,0,0,0,0,0.806968,0.256432,0
-0.814342,-0.25258,0,0,0,0,0.814342,0.25258,0
-0.821553,-0.248677,0,0,0,0,0.821553,0.248677,0
-0.828601,-0.244724,0,0,0,0,0.828601,0.244724,0
-0.835488,-0.240724,0,0,0,0,0.835488,0.240724,0
-0.842217,-0.236679,0,0,0,0,0.842217,0.236679,0
-0.848788,-0.232589,0,0,0,0,0.848788,0.232589,0
-0.855203,-0.228456,0,0,0,0,0.855203,0.228456,0
-0.861465,-0.224282,0,0,0,0,0.861465,0.224282,0
-0.867574,-0.220069,0,0,0,0,0.867574,0.220069,0
-0.873531,-0.215817,0,0,0,0,0.873531,0.215817,0
-0.879339,-0.211528,0,0,0,0,0.879339,0.211528,0
-0.884998,-0.207204,0,0,0,0,0.884998,0.207204,0
-0.89051,-0.202844,0,0,0,0,0.89051,0.202844,0
-0.895876,-0.198452,0,0,0,0,0.895876,0.198452,0
-0.901096,-0.194028,0,0,0,0,0.901096,0.194028,0
-0.906173,-0.189572,0,0,0,0,0.906173,0.189572,0
-0.911107,-0.185087,0,0,0,0,0.911107,0.185087,0
-0.9159,-0.180573,0,0,0,0,0.9159,0.180573,0
-0.920551,-0.176031,0,0,0,0,0.920551,0.176031,0
-0.925063,-0.171462,0,0,0,0,0.925063,0.171462,0
-0.929436,-0.166868,0,0,0,0,0.929436,0.166868,0
-0.933671,-0.162249,0,0,0,0,0.933671,0.162249,0
-0.937769,-0.157606,0,0,0,0,0.937769,0.157606,0
-0.941731,-0.15294,0,0,0,0,0.941731,0.15294,0
-0.945557,-0.148252,0,0,0,0,0.945557,0.148252,0
-0.949248,-0.143543,0,0,0,0,0.949248,0.143543,0
-0.952805,-0.138814,0,0,0,0,0.952805,0.138814,0
-0.956229,-0.134065,0,0,0,0,0.956229,0.134065,0
-0.95952,-0.129298,0,0,0,0,0.95952,0.129298,0
-0.962679,-0.124512,0,0,0,0,0.962679,0.124512,0
-0.965706,-0.11971,0,0,0,0,0.965706,0.11971,0
-0.968602,-0.114892,0,0,0,0,0.968602,0.114892,0
-0.971368,-0.110058,0,0,0,0,0.971368,0.110058,0
-0.974004,-0.105209,0,0,0,0,0.974004,0.105209,0
-0.97651,-0.100347,0,0,0,0,0.97651,0.100347,0
-0.978887,-0.0954708,0,0,0,0,0.978887,0.0954708,0
-0.981136,-0.0905823,0,0,0,0,0.981136,0.0905823,0
-0.983257,-0.0856821,0,0,0,0,0.983257,0.0856821,0
-0.985249,-0.0807707,0,0,0,0,0.985249,0.0807707,0
-0.987114,-0.0758488,0,0,0,0,0.987114,0.0758488,0
-0.988852,-0.0709172,0,0,0,0,0.988852,0.0709172,0
-0.990463,-0.0659765,0,0,0,0,0.990463,0.0659765,0
-0.991948,-0.0610274,0,0,0,0,0.991948,0.0610274,0
-0.993306,-0.0560704,0,0,0,0,0.993306,0.0560704,0
-0.994538,-0.0511064,0,0,0,0,0.994538,0.0511064,0
-0.995644,-0.0461359,0,0,0,0,0.995644,0.0461359,0
-0.996625,-0.0411595,0,0,0,0,0.996625,0.0411595,0
-0.99748,-0.036178,0,0,0,0,0.99748,0.036178,0
-0.998209,-0.031192,0,0,0,0,0.998209,0.031192,0
-0.998814,-0.026202,0,0,0,0,0.998814,0.026202,0
-0.999293,-0.0212087,0,0,0,0,0.999293,0.0212087,0
-0.999647,-0.0162128,0,0,0,0,0.999647,0.0162128,0
-0.999876,-0.0112149,0,0,0,0,0.999876,0.0112149,0
-0.99998,-0.0062155,0,0,0,0,0.99998,0.0062155,0
-0.999959,-0.00121538,0,0,0,0,0.999959,0.00121538,0
-0.999813,0.0037849,0,0,0,0,0.999813,-0.0037849,0
-0.999542,0.00878471,0,0,0,0,0.999542,-0.00878471,0
-0.999146,0.0137834,0,0,0,0,0.999146,-0.0137834,0
-0.998625,0.0187804,0,0,0,0,0.998625,-0.0187804,0
-0.997978,0.023775,0,0,0,0,0.997978,-0.023775,0
-0.997206,0.0287666,0,0,0,0,0.997206,-0.0287666,0
-0.996309,0.0337547,0,0,0,0,0.996309,-0.0337547,0
-0.995285,0.0387384,0,0,0,0,0.995285,-0.0387384,0
-0.994136,0.0437173,0,0,0,0,0.994136,-0.0437173,0
-0.992861,0.0486906,0,0,0,0,0.992861,-0.0486906,0
-0.991459,0.0536577,0,0,0,0,0.991459,-0.0536577,0
-0.989931,0.0586179,0,0,0,0,0.989931,-0.0586179,0
-0.988276,0.0635707,0,0,0,0,0.988276,-0.0635707,0
-0.986494,0.0685152,0,0,0,0,0.986494,-0.0685152,0
-0.984584,0.0734509,0,0,0,0,0.984584,-0.0734509,0
-0.982546,0.0783771,0,0,0,0,0.982546,-0.0783771,0
-0.98038,0.083293,0,0,0,0,0.98038,-0.083293,0
-0.978086,0.088198,0,0,0,0,0.978086,-0.088198,0
-0.975662,0.0930914,0,0,0,0,0.975662,-0.0930914,0
-0.973109,0.0979724,0,0,0,0,0.973109,-0.0979724,0
-0.970425,0.10284,0,0,0,0,0.970425,-0.10284,0
-0.967611,0.107694,0,0,0,0,0.967611,-0.107694,0
-0.964667,0.112534,0,0,0,0,0.964667,-0.112534,0
-0.96159,0.117358,0,0,0,0,0.96159,-0.117358,0
-0.958381,0.122166,0,0,0,0,0.958381,-0.122166,0
-0.95504,0.126957,0,0,0,0,0.95504,-0.126957,0
-0.951565,0.13173,0,0,0,0,0.951565,-0.13173,0
-0.947955,0.136485,0,0,0,0,0.947955,-0.136485,0
-0.944211,0.14122,0,0,0,0,0.944211,-0.14122,0
-0.940332,0.145935,0,0,0,0,0.940332,-0.145935,0
-0.936315,0.150629,0,0,0,0,0.936315,-0.150629,0
-0.932162,0.155301,0,0,0,0,0.932162,-0.155301,0
-0.92787,0.15995,0,0,0,0,0.92787,-0.15995,0
-0.92344,0.164575,0,0,0,0,0.92344,-0.164575,0
-0.91887,0.169175,0,0,0,0,0.91887,-0.169175,0
-0.914159,0.173748,0,0,0,0,0.914159,-0.173748,0
-0.909306,0.178295,0,0,0,0,0.909306,-0.178295,0
-0.90431,0.182814,0,0,0,0,0.90431,-0.182814,0
-0.89917,0.187304,0,0,0,0,0.89917,-0.187304,0
-0.893885,0.191764,0,0,0,0,0.893885,-0.191764,0
-0.888454,0.196192,0,0,0,0,0.888454,-0.196192,0
-0.882876,0.200588,0,0,0,0,0.882876,-0.200588,0
-0.877148,0.20495,0,0,0,0,0.877148,-0.20495,0
-0.871271,0.209277,0,0,0,0,0.871271,-0.209277,0
-0.865242,0.213567,0,0,0,0,0.865242,-0.213567,0
-0.859061,0.21782,0,0,0,0,0.859061,-0.21782,0
-0.852725,0.222034,0,0,0,0,0.852725,-0.222034,0
-0.846234,0.226207,0,0,0,0,0.846234,-0.226207,0
-0.839585,0.230338,0,0,0,0,0.839585,-0.230338,0
-0.832777,0.234425,0,0,0,0,0.832777,-0.234425,0
-0.825808,0.238467,0,0,0,0,0.825808,-0.238467,0
-0.818677,0.242463,0,0,0,0,0.818677,-0.242463,0
-0.811381,0.246409,0,0,0,0,0.811381,-0.246409,0
-0.803919,0.250305,0,0,0,0,0.803919,-0.250305,0
-0.796289,0.254149,0,0,0,0,0.796289,-0.254149,0
-0.788488,0.257938,0,0,0,0,0.788488,-0.257938,0
-0.780515,0.261671,0,0,0,0,0.780515,-0.261671,0
-0.772366,0.265345,0,0,0,0,0.772366,-0.265345,0
-0.764041,0.268958,0,0,0,0,0.764041,-0.268958,0
-0.755536,0.272508,0,0,0,0,0.755536,-0.272508,0
-0.746848,0.275992,0,0,0,0,0.746848,-0.275992,0
-0.737975,0.279407,0,0,0,0,0.737975,-0.279407,0
-0.728915,0.282752,0,0,0,0,0.728915,-0.282752,0
-0.719664,0.286023,0,0,0,0,0.719664,-0.286023,0
-0.710219,0.289216,0,0,0,0,0.710219,-0.289216,0
-0.700578,0.29233,0,0,0,0,0.700578,-0.29233,0
-0.690736,0.29536,0,0,0,0,0.690736,-0.29536,0
-0.680691,0.298303,0,0,0,0,0.680691,-0.298303,0
-0.670438,0.301155,0,0,0,0,0.670438,-0.301155,0
-0.659974,0.303912,0,0,0,0,0.659974,-0.303912,0
-0.649295,0.30657,0,0,0,0,0.649295,-0.30657,0
-0.638397,0.309125,0,0,0,0,0.638397,-0.309125,0
-0.627275,0.311571,0,0,0,0,0.627275,-0.311571,0
-0.615925,0.313904,0,0,0,0,0.615925,-0.313904,0
-0.604342,0.316118,0,0,0,0,0.604342,-0.316118,0
-0.592521,0.318207,0,0,0,0,0.592521,-0.318207,0
-0.580456,0.320166,0,0,0,0,0.580456,-0.320166,0
-0.568142,0.321987,0,0,0,0,0.568142,-0.321987,0
-0.555574,0.323664,0,0,0,0,0.555574,-0.323664,0
-0.542743,0.325188,0,0,0,0,0.542743,-0.325188,0
-0.529645,0.326552,0,0,0,0,0.529645,-0.326552,0
-0.516273,0.327747,0,0,0,0,0.516273,-0.327747,0
-0.502617,0.328762,0,0,0,0,0.502617,-0.328762,0
-0.488672,0.329587,0,0,0,0,0.488672,-0.329587,0
-0.474429,0.330212,0,0,0,0,0.474429,-0.330212,0
-0.459878,0.330622,0,0,0,0,0.459878,-0.330622,0
-0.445011,0.330805,0,0,0,0,0.445011,-0.330805,0
-0.429818,0.330745,0,0,0,0,0.429818,-0.330745,0
-0.414288,0.330426,0,0,0,0,0.414288,-0.330426,0
-0.398409,0.329829,0,0,0,0,0.398409,-0.329829,0
-0.382171,0.328934,0,0,0,0,0.382171,-0.328934,0
-0.36556,0.327718,0,0,0,0,0.36556,-0.327718,0
-0.348563,0.326155,0,0,0,0,0.348563,-0.326155,0
-0.331165,0.324217,0,0,0,0,0.331165,-0.324217,0
-0.313352,0.321872,0,0,0,0,0.313352,-0.321872,0
-0.295106,0.319083,0,0,0,0,0.295106,-0.319083,0
-0.27641,0.315807,0,0,0,0,0.27641,-0.315807,0
-0.257248,0.311997,0,0,0,0,0.257248,-0.311997,0
-0.237599,0.307596,0,0,0,0,0.237599,-0.307596,0
-0.217444,0.30254,0,0,0,0,0.217444,-0.30254,0
-0.196763,0.296751,0,0,0,0,0.196763,-0.296751,0
-0.175538,0.290138,0,0,0,0,0.175538,-0.290138,0
-0.15375,0.282594,0,0,0,0,0.15375,-0.282594,0
-0.131386,0.273987,0,0,0,0,0.131386,-0.273987,0
-0.108437,0.264156,0,0,0,0,0.108437,-0.264156,0
-0.084908,0.252902,0,0,0,0,0.084908,-0.252902,0
-0.0608225,0.239978,0,0,0,0,0.0608225,-0.239978,0
-0.0362408,0.22507,0,0,0,0,0.0362408,-0.22507,0
-0.0112855,0.207778,0,0,0,0,0.0112855,-0.207778,0
0.013811,0.187593,0,0,0,0,-0.013811,-0.187593,0
0.0386207,0.163873,0,0,0,0,-0.0386207,-0.163873,0
0.0623721,0.135859,0,0,0,0,-0.0623721,-0.135859,0
0.0837198,0.102788,0,0,0,0,-0.0837198,-0.102788,0
0.100509,0.0643017,0,0,0,0,-0.100509,-0.0643017,0
0.109939,0.0212616,0,0,0,0,-0.109939,-0.0212616,0
0.109797,-0.0235687,0,0,0,0,-0.109797,0.0235687,0
0.100171,-0.0664337,0,0,0,0,-0.100171,0.0664337,0
0.0833598,-0.104691,0,0,0,0,-0.0833598,0.104691,0
0.0621324,-0.137581,0,0,0,0,-0.0621324,0.137581,0
0.0385793,-0.165496,0,0,0,0,-0.0385793,0.165496,0
0.0139986,-0.189193,0,0,0,0,-0.0139986,0.189193,0
-0.0108648,-0.209414,0,0,0,0,0.0108648,0.209414,0
-0.0355956,-0.226786,0,0,0,0,0.0355956,0.226786,0
-0.0599671,-0.241806,0,0,0,0,0.0599671,0.241806,0
-0.0838586,-0.254864,0,0,0,0,0.0838586,0.254864,0
-0.10721,-0.266268,0,0,0,0,0.10721,0.266268,0
-0.129997,-0.27626,0,0,0,0,0.129997,0.27626,0
-0.152213,-0.285036,0,0,0,0,0.152213,0.285036,0
-0.173866,-0.292754,0,0,0,0,0.173866,0.292754,0
-0.194969,-0.299542,0,0,0,0,0.194969,0.299542,0
-0.215538,-0.30551,0,0,0,0,0.215538,0.30551,0
-0.235592,-0.310745,0,0,0,0,0.235592,0.310745,0
-0.255149,-0.315325,0,0,0,0,0.255149,0.315325,0
-0.274228,-0.319313,0,0,0,0,0.274228,0.319313,0
-0.292847,-0.322765,0,0,0,0,0.292847,0.322765,0
-0.311024,-0.325729,0,0,0,0,0.311024,0.325729,0
-0.328776,-0.328248,0,0,0,0,0.328776,0.328248,0
-0.346117,-0.330356,0,0,0,0,0.346117,0.330356,0
-0.363064,-0.332088,0,0,0,0,0.363064,0.332088,0
-0.379629,-0.33347,0,0,0,0,0.379629,0.33347,0
-0.395826,-0.33453,0,0,0,0,0.395826,0.33453,0
-0.411668,-0.335288,0,0,0,0,0.411668,0.335288,0
-0.427166,-0.335767,0,0,0,0,0.427166,0.335767,0
-0.442332,-0.335984,0,0,0,0,0.442332,0.335984,0
-0.457174,-0.335955,0,0,0,0,0.457174,0.335955,0
-0.471704,-0.335697,0,0,0,0,0.471704,0.335697,0
-0.485929,-0.335222,0,0,0,0,0.485929,0.335222,0
-0.49986,-0.334543,0,0,0,0,0.49986,0.334543,0
-0.513503,-0.333672,0,0,0,0,0.513503,0.333672,0
-0.526866,-0.33262,0,0,0,0,0.526866,0.33262,0
-0.539958,-0.331395,0,0,0,0,0.539958,0.331395,0
-0.552783,-0.330008,0,0,0,0,0.552783,0.330008,0
-0.56535,-0.328466,0,0,0,0,0.56535,0.328466,0
-0.577664,-0.326777,0,0,0,0,0.577664,0.326777,0
-0.589731,-0.324948,0,0,0,0,0.589731,0.324948,0
-0.601557,-0.322986,0,0,0,0,0.601557,0.322986,0
-0.613146,-0.320897,0,0,0,0,0.613146,0.320897,0
-0.624504,-0.318687,0,0,0,0,0.624504,0.318687,0
-0.635636,-0.316362,0,0,0,0,0.635636,0.316362,0
-0.646545,-0.313926,0,0,0,0,0.646545,0.313926,0
-0.657237,-0.311384,0,0,0,0,0.657237,0.311384,0
-0.667715,-0.308741,0,0,0,0,0.667715,0.308741,0
-0.677984,-0.306002,0,0,0,0,0.677984,0.306002,0
-0.688046,-0.303169,0,0,0,0,0.688046,0.303169,0
-0.697907,-0.300247,0,0,0,0,0.697907,0.300247,0
-0.707568,-0.297239,0,0,0,0,0.707568,0.297239,0
-0.717034,-0.294149,0,0,0,0,0.717034,0.294149,0
-0.726307,-0.290981,0,0,0,0,0.726307,0.290981,0
-0.73539,-0.287736,0,0,0,0,0.73539,0.287736,0
-0.744287,-0.284418,0,0,0,0,0.744287,0.284418,0
-0.753,-0.28103,0,0,0,0,0.753,0.28103,0
-0.761532,-0.277574,0,0,0,0,0.761532,0.277574,0
-0.769884,-0.274054,0,0,0,0,0.769884,0.274054,0
-0.778061,-0.27047,0,0,0,0,0.778061,0.27047,0
-0.786064,-0.266826,0,0,0,0,0.786064,0.266826,0
-0.793894,-0.263123,0,0,0,0,0.793894,0.263123,0
-0.801555,-0.259365,0,0,0,0,0.801555,0.259365,0
-0.809049,-0.255552,0,0,0,0,0.809049,0.255552,0
-0.816377,-0.251686,0,0,0,0,0.816377,0.251686,0
-0.823541,-0.247771,0,0,0,0,0.823541,0.247771,0
-0.830543,-0.243806,0,0,0,0,0.830543,0.243806,0
-0.837386,-0.239795,0,0,0,0,0.837386,0.239795,0
-0.84407,-0.235738,0,0,0,0,0.84407,0.235738,0
-0.850597,-0.231638,0,0,0,0,0.850597,0.231638,0
-0.856969,-0.227495,0,0,0,0,0.856969,0.227495,0
-0.863187,-0.223311,0,0,0,0,0.863187,0.223311,0
-0.869253,-0.219088,0,0,0,0,0.869253,0.219088,0
-0.875168,-0.214827,0,0,0,0,0.875168,0.214827,0
-0.880934,-0.210529,0,0,0,0,0.880934,0.210529,0
-0.886552,-0.206196,0,0,0,0,0.886552,0.206196,0
-0.892022,-0.201829,0,0,0,0,0.892022,0.201829,0
-0.897347,-0.197429,0,0,0,0,0.897347,0.197429,0
-0.902527,-0.192997,0,0,0,0,0.902527,0.192997,0
-0.907564,-0.188534,0,0,0,0,0.907564,0.188534,0
-0.912458,-0.184041,0,0,0,0,0.912458,0.184041,0
-0.917211,-0.17952,0,0,0,0,0.917211,0.17952,0
-0.921823,-0.174972,0,0,0,0,0.921823,0.174972,0
-0.926296,-0.170397,0,0,0,0,0.926296,0.170397,0
-0.930631,-0.165797,0,0,0,0,0.930631,0.165797,0
-0.934827,-0.161172,0,0,0,0,0.934827,0.161172,0
-0.938887,-0.156523,0,0,0,0,0.938887,0.156523,0
-0.94281,-0.151852,0,0,0,0,0.94281,0.151852,0
-0.946599,-0.147159,0,0,0,0,0.946599,0.147159,0
-0.950252,-0.142445,0,0,0,0,0.950252,0.142445,0
-0.953772,-0.137711,0,0,0,0,0.953772,0.137711,0
-0.957159,-0.132958,0,0,0,0,0.957159,0.132958,0
-0.960413,-0.128186,0,0,0,0,0.960413,0.128186,0
-0.963535,-0.123397,0,0,0,0,0.963535,0.123397,0
-0.966525,-0.118591,0,0,0,0,0.966525,0.118591,0
-0.969385,-0.113769,0,0,0,0,0.969385,0.113769,0
-0.972114,-0.108931,0,0,0,0,0.972114,0.108931,0
-0.974714,-0.104079,0,0,0,0,0.974714,0.104079,0
-0.977184,-0.0992132,0,0,0,0,0.977184,0.0992132,0
-0.979525,-0.0943343,0,0,0,0,0.979525,0.0943343,0
-0.981738,-0.089443,0,0,0,0,0.981738,0.089443,0
-0.983823,-0.0845401,0,0,0,0,0.983823,0.0845401,0
-0.98578,-0.0796261,0,0,0,0,0.98578,0.0796261,0
-0.98761,-0.0747019,0,0,0,0,0.98761,0.0747019,0
-0.989312,-0.069768,0,0,0,0,0.989312,0.069768,0
-0.990888,-0.0648253,0,0,0,0,0.990888,0.0648253,0
-0.992337,-0.0598742,0,0,0,0,0.992337,0.0598742,0
-0.99366,-0.0549155,0,0,0,0,0.99366,0.0549155,0
-0.994857,-0.0499499,0,0,0,0,0.994857,0.0499499,0
-0.995929,-0.0449779,0,0,0,0,0.995929,0.0449779,0
-0.996874,-0.0400003,0,0,0,0,0.996874,0.0400003,0
-0.997694,-0.0350176,0,0,0,0,0.997694,0.0350176,0
-0.998389,-0.0300306,0,0,0,0,0.998389,0.0300306,0
-0.998958,-0.0250397,0,0,0,0,0.998958,0.0250397,0
-0.999403,-0.0200458,0,0,0,0,0.999403,0.0200458,0
-0.999722,-0.0150493,0,0,0,0,0.999722,0.0150493,0
-0.999916,-0.0100509,0,0,0,0,0.999916,0.0100509,0
-0.999986,-0.00505129,0,0,0,0,0.999986,0.00505129,0
-0.99993,-5.10405e-05,0,0,0,0,0.99993,5.10405e-05,0
-0.999749,0.00494922,0,0,0,0,0.999749,-0.00494922,0
-0.999443,0.00994885,0,0,0,0,0.999443,-0.00994885,0
-0.999012,0.0149472,0,0,0,0,0.999012,-0.0149472,0
-0.998456,0.0199438,0,0,0,0,0.998456,-0.0199438,0
-0.997774,0.0249378,0,0,0,0,0.997774,-0.0249378,0
-0.996968,0.0299287,0,0,0,0,0.996968,-0.0299287,0
-0.996035,0.0349158,0,0,0,0,0.996035,-0.0349158,0
-0.994977,0.0398985,0,0,0,0,0.994977,-0.0398985,0
-0.993792,0.0448761,0,0,0,0,0.993792,-0.0448761,0
-0.992482,0.0498481,0,0,0,0,0.992482,-0.0498481,0
-0.991045,0.0548137,0,0,0,0,0.991045,-0.0548137,0
-0.989482,0.0597723,0,0,0,0,0.989482,-0.0597723,0
-0.987791,0.0647232,0,0,0,0,0.987791,-0.0647232,0
-0.985973,0.0696658,0,0,0,0,0.985973,-0.0696658,0
-0.984028,0.0745993,0,0,0,0,0.984028,-0.0745993,0
-0.981954,0.0795232,0,0,0,0,0.981954,-0.0795232,0
-0.979753,0.0844367,0,0,0,0,0.979753,-0.0844367,0
-0.977422,0.089339,0,0,0,0,0.977422,-0.089339,0
-0.974962,0.0942296,0,0,0,0,0.974962,-0.0942296,0
-0.972373,0.0991076,0,0,0,0,0.972373,-0.0991076,0
-0.969653,0.103972,0,0,0,0,0.969653,-0.103972,0
-0.966803,0.108823,0,0,0,0,0.966803,-0.108823,0
-0.963821,0.113659,0,0,0,0,0.963821,-0.113659,0
-0.960708,0.118479,0,0,0,0,0.960708,-0.118479,0
-0.957462,0.123284,0,0,0,0,0.957462,-0.123284,0
-0.954083,0.128071,0,0,0,0,0.954083,-0.128071,0
-0.950571,0.13284,0,0,0,0,0.950571,-0.13284,0
-0.946924,0.13759,0,0,0,0,0.946924,-0.13759,0
-0.943142,0.14232,0,0,0,0,0.943142,-0.14232,0
-0.939224,0.14703,0,0,0,0,0.939224,-0.14703,0
-0.935169,0.151719,0,0,0,0,0.935169,-0.151719,0
-0.930977,0.156386,0,0,0,0,0.930977,-0.156386,0
-0.926647,0.161029,0,0,0,0,0.926647,-0.161029,0
-0.922177,0.165648,0,0,0,0,0.922177,-0.165648,0
-0.917568,0.170241,0,0,0,0,0.917568,-0.170241,0
-0.912817,0.174809,0,0,0,0,0.912817,-0.174809,0
-0.907924,0.179349,0,0,0,0,0.907924,-0.179349,0
-0.902888,0.183862,0,0,0,0,0.902888,-0.183862,0
-0.897707,0.188344,0,0,0,0,0.897707,-0.188344,0
-0.892381,0.192796,0,0,0,0,0.892381,-0.192796,0
-0.886909,0.197217,0,0,0,0,0.886909,-0.197217,0
-0.881289,0.201605,0,0,0,0,0.881289,-0.201605,0
-0.875519,0.205958,0,0,0,0,0.875519,-0.205958,0
-0.8696,0.210276,0,0,0,0,0.8696,-0.210276,0
-0.863528,0.214558,0,0,0,0,0.863528,-0.214558,0
-0.857303,0.218801,0,0,0,0,0.857303,-0.218801,0
-0.850924,0.223005,0,0,0,0,0.850924,-0.223005,0
-0.844388,0.227168,0,0,0,0,0.844388,-0.227168,0
-0.837694,0.231288,0,0,0,0,0.837694,-0.231288,0
-0.830841,0.235365,0,0,0,0,0.830841,-0.235365,0
-0.823827,0.239396,0,0,0,0,0.823827,-0.239396,0
-0.816649,0.243379,0,0,0,0,0.816649,-0.243379,0
-0.809307,0.247313,0,0,0,0,0.809307,-0.247313,0
-0.801797,0.251196,0,0,0,0,0.801797,-0.251196,0
-0.794119,0.255026,0,0,0,0,0.794119,-0.255026,0
-0.786269,0.258802,0,0,0,0,0.786269,-0.258802,0
-0.778246,0.26252,0,0,0,0,0.778246,-0.26252,0
-0.770048,0.266179,0,0,0,0,0.770048,-0.266179,0
-0.761672,0.269776,0,0,0,0,0.761672,-0.269776,0
-0.753115,0.27331,0,0,0,0,0.753115,-0.27331,0
-0.744375,0.276777,0,0,0,0,0.744375,-0.276777,0
-0.735449,0.280175,0,0,0,0,0.735449,-0.280175,0
-0.726335,0.283501,0,0,0,0,0.726335,-0.283501,0
-0.717029,0.286752,0,0,0,0,0.717029,-0.286752,0
-0.707528,0.289926,0,0,0,0,0.707528,-0.289926,0
-0.69783,0.293018,0,0,0,0,0.69783,-0.293018,0
-0.687931,0.296026,0,0,0,0,0.687931,-0.296026,0
-0.677826,0.298946,0,0,0,0,0.677826,-0.298946,0
-0.667514,0.301774,0,0,0,0,0.667514,-0.301774,0
-0.656989,0.304506,0,0,0,0,0.656989,-0.304506,0
-0.646247,0.307137,0,0,0,0,0.646247,-0.307137,0
-0.635286,0.309664,0,0,0,0,0.635286,-0.309664,0
-0.624099,0.312081,0,0,0,0,0.624099,-0.312081,0
-0.612682,0.314383,0,0,0,0,0.612682,-0.314383,0
-0.601032,0.316565,0,0,0,0,0.601032,-0.316565,0
-0.589141,0.318621,0,0,0,0,0.589141,-0.318621,0
-0.577005,0.320544,0,0,0,0,0.577005,-0.320544,0
-0.564619,0.322328,0,0,0,0,0.564619,-0.322328,0
-0.551975,0.323965,0,0,0,0,0.551975,-0.323965,0
-0.539068,0.325447,0,0,0,0,0.539068,-0.325447,0
-0.525892,0.326767,0,0,0,0,0.525892,-0.326767,0
-0.512438,0.327914,0,0,0,0,0.512438,-0.327914,0
-0.4987,0.328879,0,0,0,0,0.4987,-0.328879,0
-0.48467,0.329652,0,0,0,0,0.48467,-0.329652,0
-0.470338,0.330219,0,0,0,0,0.470338,-0.330219,0
-0.455697,0.330569,0,0,0,0,0.455697,-0.330569,0
-0.440737,0.330688,0,0,0,0,0.440737,-0.330688,0
-0.425447,0.330559,0,0,0,0,0.425447,-0.330559,0
-0.409817,0.330165,0,0,0,0,0.409817,-0.330165,0
-0.393835,0.329489,0,0,0,0,0.393835,-0.329489,0
-0.37749,0.328508,0,0,0,0,0.37749,-0.328508,0
-0.360768,0.327199,0,0,0,0,0.360768,-0.327199,0
-0.343656,0.325536,0,0,0,0,0.343656,-0.325536,0
-0.326139,0.323489,0,0,0,0,0.326139,-0.323489,0
-0.308201,0.321024,0,0,0,0,0.308201,-0.321024,0
-0.289826,0.318103,0,0,0,0,0.289826,-0.318103,0
-0.270996,0.314684,0,0,0,0,0.270996,-0.314684,0
-0.251693,0.310714,0,0,0,0,0.251693,-0.310714,0
-0.231898,0.306136,0,0,0,0,0.231898,-0.306136,0
-0.211592,0.300881,0,0,0,0,0.211592,-0.300881,0
-0.190754,0.294869,0,0,0,0,0.190754,-0.294869,0
-0.169365,0.288005,0,0,0,0,0.169365,-0.288005,0
-0.147409,0.280174,0,0,0,0,0.147409,-0.280174,0
-0.124874,0.271236,0,0,0,0,0.124874,-0.271236,0
-0.101753,0.261022,0,0,0,0,0.101753,-0.261022,0
-0.0780551,0.249319,0,0,0,0,0.0780551,-0.249319,0
-0.0538137,0.235863,0,0,0,0,0.0538137,-0.235863,0
-0.029103,0.220317,0,0,0,0,0.029103,-0.220317,0
-0.00407107,0.202252,0,0,0,0,0.00407107,-0.202252,0
0.0210041,0.181121,0,0,0,0,-0.0210041,-0.181121,0
0.045614,0.156246,0,0,0,0,-0.045614,-0.156246,0
0.068848,0.126844,0,0,0,0,-0.068848,-0.126844,0
0.0891448,0.0922121,0,0,0,0,-0.0891448,-0.0922121,0
0.104109,0.0522427,0,0,0,0,-0.104109,-0.0522427,0
0.11093,0.00832112,0,0,0,0,-0.11093,-0.00832112,0
0.107921,-0.0363148,0,0,0,0,-0.107921,0.0363148,0
0.0959322,-0.0780322,0,0,0,0,-0.0959322,0.0780322,0
0.0775867,-0.114748,0,0,0,0,-0.0775867,0.114748,0
0.0555177,-0.146135,0,0,0,0,-0.0555177,0.146135,0
0.0315702,-0.172753,0,0,0,0,-0.0315702,0.172753,0
0.00685547,-0.195378,0,0,0,0,-0.00685547,0.195378,0
-0.0179963,-0.214722,0,0,0,0,0.0179963,0.214722,0
-0.0426358,-0.231373,0,0,0,0,0.0426358,0.231373,0
-0.0668732,-0.245796,0,0,0,0,0.0668732,0.245796,0
-0.0906089,-0.258353,0,0,0,0,0.0906089,0.258353,0
-0.113795,-0.269331,0,0,0,0,0.113795,0.269331,0
-0.136414,-0.278959,0,0,0,0,0.136414,0.278959,0
-0.158463,-0.28742,0,0,0,0,0.158463,0.28742,0
-0.179953,-0.294863,0,0,0,0,0.179953,0.294863,0
-0.200898,-0.301409,0,0,0,0,0.200898,0.301409,0
-0.221314,-0.307161,0,0,0,0,0.221314,0.307161,0
-0.24122,-0.312205,0,0,0,0,0.24122,0.312205,0
-0.260636,-0.316613,0,0,0,0,0.260636,0.316613,0
-0.279579,-0.320446,0,0,0,0,0.279579,0.320446,0
-0.298067,-0.323757,0,0,0,0,0.298067,0.323757,0
-0.316118,-0.326593,0,0,0,0,0.316118,0.326593,0
-0.333749,-0.328994,0,0,0,0,0.333749,0.328994,0
-0.350974,-0.330995,0,0,0,0,0.350974,0.330995,0
-0.367808,-0.332628,0,0,0,0,0.367808,0.332628,0
-0.384265,-0.333919,0,0,0,0,0.384265,0.333919,0
-0.400358,-0.334893,0,0,0,0,0.400358,0.334893,0
-0.416099,-0.335573,0,0,0,0,0.416099,0.335573,0
-0.431499,-0.335979,0,0,0,0,0.431499,0.335979,0
-0.44657,-0.336127,0,0,0,0,0.44657,0.336127,0
-0.46132,-0.336035,0,0,0,0,0.46132,0.336035,0
-0.475761,-0.335716,0,0,0,0,0.475761,0.335716,0
-0.4899,-0.335185,0,0,0,0,0.4899,0.335185,0
-0.503747,-0.334453,0,0,0,0,0.503747,0.334453,0
-0.517309,-0.333533,0,0,0,0,0.517309,0.333533,0
-0.530593,-0.332433,0,0,0,0,0.530593,0.332433,0
-0.543607,-0.331164,0,0,0,0,0.543607,0.331164,0
-0.556358,-0.329735,0,0,0,0,0.556358,0.329735,0
-0.568851,-0.328153,0,0,0,0,0.568851,0.328153,0
-0.581093,-0.326426,0,0,0,0,0.581093,0.326426,0
-0.59309,-0.324561,0,0,0,0,0.59309,0.324561,0
-0.604848,-0.322566,0,0,0,0,0.604848,0.322566,0
-0.61637,-0.320444,0,0,0,0,0.61637,0.320444,0
-0.627662,-0.318204,0,0,0,0,0.627662,0.318204,0
-0.63873,-0.315849,0,0,0,0,0.63873,0.315849,0
-0.649576,-0.313385,0,0,0,0,0.649576,0.313385,0
-0.660207,-0.310817,0,0,0,0,0.660207,0.310817,0
-0.670625,-0.308148,0,0,0,0,0.670625,0.308148,0
-0.680834,-0.305384,0,0,0,0,0.680834,0.305384,0
-0.690838,-0.302528,0,0,0,0,0.690838,0.302528,0
-0.700641,-0.299583,0,0,0,0,0.700641,0.299583,0
-0.710246,-0.296554,0,0,0,0,0.710246,0.296554,0
-0.719657,-0.293444,0,0,0,0,0.719657,0.293444,0
-0.728876,-0.290256,0,0,0,0,0.728876,0.290256,0
-0.737906,-0.286992,0,0,0,0,0.737906,0.286992,0
-0.74675,-0.283656,0,0,0,0,0.74675,0.283656,0
-0.755411,-0.280251,0,0,0,0,0.755411,0.280251,0
-0.763892,-0.276778,0,0,0,0,0.763892,0.276778,0
-0.772194,-0.273241,0,0,0,0,0.772194,0.273241,0
-0.780321,-0.269642,0,0,0,0,0.780321,0.269642,0
-0.788275,-0.265983,0,0,0,0,0.788275,0.265983,0
-0.796057,-0.262266,0,0,0,0,0.796057,0.262266,0
-0.80367,-0.258494,0,0,0,0,0.80367,0.258494,0
-0.811117,-0.254668,0,0,0,0,0.811117,0.254668,0
-0.818398,-0.25079,0,0,0,0,0.818398,0.25079,0
-0.825516,-0.246862,0,0,0,0,0.825516,0.246862,0
-0.832473,-0.242886,0,0,0,0,0.832473,0.242886,0
-0.839271,-0.238863,0,0,0,0,0.839271,0.238863,0
-0.84591,-0.234795,0,0,0,0,0.84591,0.234795,0
-0.852394,-0.230684,0,0,0,0,0.852394,0.230684,0
-0.858722,-0.226531,0,0,0,0,0.858722,0.226531,0
-0.864897,-0.222338,0,0,0,0,0.864897,0.222338,0
-0.870921,-0.218105,0,0,0,0,0.870921,0.218105,0
-0.876794,-0.213835,0,0,0,0,0.876794,0.213835,0
-0.882518,-0.209529,0,0,0,0,0.882518,0.209529,0
-0.888094,-0.205187,0,0,0,0,0.888094,0.205187,0
-0.893523,-0.200812,0,0,0,0,0.893523,0.200812,0
-0.898807,-0.196403,0,0,0,0,0.898807,0.196403,0
-0.903947,-0.191964,0,0,0,0,0.903947,0.191964,0
-0.908943,-0.187494,0,0,0,0,0.908943,0.187494,0
-0.913798,-0.182994,0,0,0,0,0.913798,0.182994,0
-0.918511,-0.178467,0,0,0,0,0.918511,0.178467,0
-0.923084,-0.173912,0,0,0,0,0.923084,0.173912,0
-0.927518,-0.169331,0,0,0,0,0.927518,0.169331,0
-0.931814,-0.164724,0,0,0,0,0.931814,0.164724,0
-0.935972,-0.160094,0,0,0,0,0.935972,0.160094,0
-0.939994,-0.15544,0,0,0,0,0.939994,0.15544,0
-0.943879,-0.150763,0,0,0,0,0.943879,0.150763,0
-0.94763,-0.146065,0,0,0,0,0.94763,0.146065,0
-0.951246,-0.141346,0,0,0,0,0.951246,0.141346,0
-0.954728,-0.136607,0,0,0,0,0.954728,0.136607,0
-0.958078,-0.13185,0,0,0,0,0.958078,0.13185,0
-0.961295,-0.127074,0,0,0,0,0.961295,0.127074,0
-0.96438,-0.12228,0,0,0,0,0.96438,0.12228,0
-0.967334,-0.11747,0,0,0,0,0.967334,0.11747,0
-0.970157,-0.112644,0,0,0,0,0.970157,0.112644,0
-0.97285,-0.107803,0,0,0,0,0.97285,0.107803,0
-0.975414,-0.102948,0,0,0,0,0.975414,0.102948,0
-0.977848,-0.0980791,0,0,0,0,0.977848,0.0980791,0
-0.980153,-0.0931972,0,0,0,0,0.980153,0.0931972,0
-0.982331,-0.0883031,0,0,0,0,0.982331,0.0883031,0
-0.98438,-0.0833974,0,0,0,0,0.98438,0.0833974,0
-0.986301,-0.078481,0,0,0,0,0.986301,0.078481,0
-0.988095,-0.0735544,0,0,0,0,0.988095,0.0735544,0
-0.989762,-0.0686184,0,0,0,0,0.989762,0.0686184,0
-0.991303,-0.0636736,0,0,0,0,0.991303,0.0636736,0
-0.992717,-0.0587206,0,0,0,0,0.992717,0.0587206,0
-0.994005,-0.0537602,0,0,0,0,0.994005,0.0537602,0
-0.995167,-0.048793,0,0,0,0,0.995167,0.048793,0
-0.996203,-0.0438197,0,0,0,0,0.996203,0.0438197,0
-0.997114,-0.0388408,0,0,0,0,0.997114,0.0388408,0
-0.997899,-0.033857,0,0,0,0,0.997899,0.033857,0
-0.998559,-0.0288689,0,0,0,0,0.998559,0.0288689,0
-0.999093,-0.0238773,0,0,0,0,0.999093,0.0238773,0
-0.999503,-0.0188826,0,0,0,0,0.999503,0.0188826,0
-0.999787,-0.0138856,0,0,0,0,0.999787,0.0138856,0
-0.999947,-0.00888689,0,0,0,0,0.999947,0.00888689,0
-0.999981,-0.00388703,0,0,0,0,0.999981,0.00388703,0
-0.999891,0.00111332,0,0,0,0,0.999891,-0.00111332,0
-0.999675,0.00611352,0,0,0,0,0.999675,-0.00611352,0
-0.999334,0.011113,0,0,0,0,0.999334,-0.011113,0
-0.998869,0.016111,0,0,0,0,0.998869,-0.016111,0
-0.998277,0.021107,0,0,0,0,0.998277,-0.021107,0
-0.997561,0.0261004,0,0,0,0,0.997561,-0.0261004,0
-0.996719,0.0310905,0,0,0,0,0.996719,-0.0310905,0
-0.995752,0.0360767,0,0,0,0,0.995752,-0.0360767,0
-0.994658,0.0410583,0,0,0,0,0.994658,-0.0410583,0
-0.993439,0.0460347,0,0,0,0,0.993439,-0.0460347,0
-0.992093,0.0510053,0,0,0,0,0.992093,-0.0510053,0
-0.990621,0.0559693,0,0,0,0,0.990621,-0.0559693,0
-0.989022,0.0609262,0,0,0,0,0.989022,-0.0609262,0
-0.987296,0.0658753,0,0,0,0,0.987296,-0.0658753,0
-0.985443,0.0708158,0,0,0,0,0.985443,-0.0708158,0
-0.983462,0.0757472,0,0,0,0,0.983462,-0.0757472,0
-0.981353,0.0806688,0,0,0,0,0.981353,-0.0806688,0
-0.979115,0.0855797,0,0,0,0,0.979115,-0.0855797,0
-0.976748,0.0904794,0,0,0,0,0.976748,-0.0904794,0
-0.974252,0.0953671,0,0,0,0,0.974252,-0.0953671,0
-0.971627,0.100242,0,0,0,0,0.971627,-0.100242,0
-0.96887,0.105104,0,0,0,0,0.96887,-0.105104,0
-0.965984,0.109951,0,0,0,0,0.965984,-0.109951,0
-0.962965,0.114783,0,0,0,0,0.962965,-0.114783,0
-0.959815,0.1196,0,0,0,0,0.959815,-0.1196,0
-0.956532,0.1244,0,0,0,0,0.956532,-0.1244,0
-0.953116,0.129183,0,0,0,0,0.953116,-0.129183,0
-0.949566,0.133948,0,0,0,0,0.949566,-0.133948,0
-0.945881,0.138693,0,0,0,0,0.945881,-0.138693,0
-0.942061,0.143419,0,0,0,0,0.942061,-0.143419,0
-0.938105,0.148124,0,0,0,0,0.938105,-0.148124,0
-0.934012,0.152808,0,0,0,0,0.934012,-0.152808,0
-0.929781,0.157469,0,0,0,0,0.929781,-0.157469,0
-0.925412,0.162106,0,0,0,0,0.925412,-0.162106,0
-0.920903,0.166719,0,0,0,0,0.920903,-0.166719,0
-0.916254,0.171307,0,0,0,0,0.916254,-0.171307,0
-0.911464,0.175868,0,0,0,0,0.911464,-0.175868,0
-0.906531,0.180402,0,0,0,0,0.906531,-0.180402,0
-0.901454,0.184907,0,0,0,0,0.901454,-0.184907,0
-0.896233,0.189382,0,0,0,0,0.896233,-0.189382,0
-0.890866,0.193827,0,0,0,0,0.890866,-0.193827,0
-0.885352,0.19824,0,0,0,0,0.885352,-0.19824,0
-0.87969,0.202619,0,0,0,0,0.87969,-0.202619,0
-0.873879,0.206964,0,0,0,0,0.873879,-0.206964,0
-0.867916,0.211274,0,0,0,0,0.867916,-0.211274,0
-0.861802,0.215546,0,0,0,0,0.861802,-0.215546,0
-0.855533,0.21978,0,0,0,0,0.855533,-0.21978,0
-0.84911,0.223974,0,0,0,0,0.84911,-0.223974,0
-0.84253,0.228127,0,0,0,0,0.84253,-0.228127,0
-0.835791,0.232236,0,0,0,0,0.835791,-0.232236,0
-0.828893,0.236302,0,0,0,0,0.828893,-0.236302,0
-0.821832,0.240321,0,0,0,0,0.821832,-0.240321,0
-0.814608,0.244292,0,0,0,0,0.814608,-0.244292,0
-0.807219,0.248214,0,0,0,0,0.807219,-0.248214,0
-0.799662,0.252084,0,0,0,0,0.799662,-0.252084,0
-0.791935,0.255901,0,0,0,0,0.791935,-0.255901,0
-0.784036,0.259662,0,0,0,0,0.784036,-0.259662,0
-0.775964,0.263365,0,0,0,0,0.775964,-0.263365,0
-0.767715,0.267009,0,0,0,0,0.767715,-0.267009,0
-0.759288,0.270591,0,0,0,0,0.759288,-0.270591,0
-0.750679,0.274108,0,0,0,0,0.750679,-0.274108,0
-0.741887,0.277557,0,0,0,0,0.741887,-0.277557,0
-0.732908,0.280937,0,0,0,0,0.732908,-0.280937,0
-0.723739,0.284245,0,0,0,0,0.723739,-0.284245,0
-0.714378,0.287477,0,0,0,0,0.714378,-0.287477,0
-0.704821,0.29063,0,0,0,0,0.704821,-0.29063,0
-0.695066,0.293701,0,0,0,0,0.695066,-0.293701,0
-0.685108,0.296686,0,0,0,0,0.685108,-0.296686,0
-0.674945,0.299583,0,0,0,0,0.674945,-0.299583,0
-0.664572,0.302386,0,0,0,0,0.664572,-0.302386,0
-0.653985,0.305092,0,0,0,0,0.653985,-0.305092,0
-0.643182,0.307697,0,0,0,0,0.643182,-0.307697,0
-0.632156,0.310196,0,0,0,0,0.632156,-0.310196,0
-0.620904,0.312584,0,0,0,0,0.620904,-0.312584,0
-0.60942,0.314855,0,0,0,0,0.60942,-0.314855,0
-0.597701,0.317004,0,0,0,0,0.597701,-0.317004,0
-0.585741,0.319025,0,0,0,0,0.585741,-0.319025,0
-0.573533,0.320912,0,0,0,0,0.573533,-0.320912,0
-0.561073,0.322658,0,0,0,0,0.561073,-0.322658,0
-0.548355,0.324254,0,0,0,0,0.548355,-0.324254,0
-0.535371,0.325694,0,0,0,0,0.535371,-0.325694,0
-0.522115,0.326969,0,0,0,0,0.522115,-0.326969,0
-0.50858,0.328068,0,0,0,0,0.50858,-0.328068,0
-0.494759,0.328983,0,0,0,0,0.494759,-0.328983,0
-0.480642,0.329701,0,0,0,0,0.480642,-0.329701,0
-0.466222,0.330211,0,0,0,0,0.466222,-0.330211,0
-0.451489,0.3305,0,0,0,0,0.451489,-0.3305,0
-0.436435,0.330552,0,0,0,0,0.436435,-0.330552,0
-0.421047,0.330353,0,0,0,0,0.421047,-0.330353,0
-0.405316,0.329884,0,0,0,0,0.405316,-0.329884,0
-0.389231,0.329126,0,0,0,0,0.389231,-0.329126,0
-0.372777,0.328057,0,0,0,0,0.372777,-0.328057,0
-0.355944,0.326653,0,0,0,0,0.355944,-0.326653,0
-0.338715,0.324887,0,0,0,0,0.338715,-0.324887,0
-0.321077,0.322728,0,0,0,0,0.321077,-0.322728,0
-0.303013,0.32014,0,0,0,0,0.303013,-0.32014,0
-0.284507,0.317085,0,0,0,0,0.284507,-0.317085,0
-0.265541,0.313517,0,0,0,0,0.265541,-0.313517,0
-0.246097,0.309382,0,0,0,0,0.246097,-0.309382,0
-0.226154,0.304622,0,0,0,0,0.226154,-0.304622,0
-0.205694,0.299162,0,0,0,0,0.205694,-0.299162,0
-0.184697,0.29292,0,0,0,0,0.184697,-0.29292,0
-0.163143,0.285795,0,0,0,0,0.163143,-0.285795,0
-0.141018,0.277665,0,0,0,0,0.141018,-0.277665,0
-0.11831,0.268383,0,0,0,0,0.11831,-0.268383,0
-0.0950175,0.257767,0,0,0,0,0.0950175,-0.257767,0
-0.0711541,0.245594,0,0,0,0,0.0711541,-0.245594,0
-0.0467626,0.231577,0,0,0,0,0.0467626,-0.231577,0
-0.0219346,0.215357,0,0,0,0,0.0219346,-0.215357,0
0.00315162,0.196472,0,0,0,0,-0.00315162,-0.196472,0
0.0281644,0.17434,0,0,0,0,-0.0281644,-0.17434,0
0.0525003,0.148242,0,0,0,0,-0.0525003,-0.148242,0
0.0750882,0.117391,0,0,0,0,-0.0750882,-0.117391,0
0.0941321,0.0811813,0,0,0,0,-0.0941321,-0.0811813,0
0.107026,0.0398398,0,0,0,0,-0.107026,-0.0398398,0
0.111084,-0.00468217,0,0,0,0,-0.111084,0.00468217,0
0.105286,-0.0488049,0,0,0,0,-0.105286,0.0488049,0
0.0911675,-0.0892012,0,0,0,0,-0.0911675,0.0892012,0
0.0715124,-0.124355,0,0,0,0,-0.0715124,0.124355,0
0.0487547,-0.154291,0,0,0,0,-0.0487547,0.154291,0
0.0245038,-0.179679,0,0,0,0,-0.0245038,0.179679,0
-0.000293947,-0.201292,0,0,0,0,0.000293947,0.201292,0
-0.0251061,-0.219809,0,0,0,0,0.0251061,0.219809,0
-0.0496391,-0.235778,0,0,0,0,0.0496391,0.235778,0
-0.0737345,-0.249633,0,0,0,0,0.0737345,0.249633,0
-0.0973109,-0.261713,0,0,0,0,0.0973109,0.261713,0
-0.12033,-0.272286,0,0,0,0,0.12033,0.272286,0
-0.142781,-0.281565,0,0,0,0,0.142781,0.281565,0
-0.164665,-0.289723,0,0,0,0,0.164665,0.289723,0
-0.185993,-0.2969,0,0,0,0,0.185993,0.2969,0
-0.206781,-0.303212,0,0,0,0,0.206781,0.303212,0
-0.227046,-0.308757,0,0,0,0,0.227046,0.308757,0
-0.246807,-0.313615,0,0,0,0,0.246807,0.313615,0
-0.266082,-0.317856,0,0,0,0,0.266082,0.317856,0
-0.28489,-0.321538,0,0,0,0,0.28489,0.321538,0
-0.30325,-0.324712,0,0,0,0,0.30325,0.324712,0
-0.321176,-0.327424,0,0,0,0,0.321176,0.327424,0
-0.338687,-0.32971,0,0,0,0,0.338687,0.32971,0
-0.355797,-0.331606,0,0,0,0,0.355797,0.331606,0
-0.37252,-0.333142,0,0,0,0,0.37252,0.333142,0
-0.38887,-0.334344,0,0,0,0,0.38887,0.334344,0
-0.404859,-0.335235,0,0,0,0,0.404859,0.335235,0
-0.4205,-0.335838,0,0,0,0,0.4205,0.335838,0
-0.435804,-0.336171,0,0,0,0,0.435804,0.336171,0
-0.450781,-0.336253,0,0,0,0,0.450781,0.336253,0
-0.465441,-0.336097,0,0,0,0,0.465441,0.336097,0
-0.479793,-0.33572,0,0,0,0,0.479793,0.33572,0
-0.493847,-0.335134,0,0,0,0,0.493847,0.335134,0
-0.507611,-0.33435,0,0,0,0,0.507611,0.33435,0
-0.521091,-0.33338,0,0,0,0,0.521091,0.33338,0
-0.534297,-0.332235,0,0,0,0,0.534297,0.332235,0
-0.547234,-0.330922,0,0,0,0,0.547234,0.330922,0
-0.55991,-0.329451,0,0,0,0,0.55991,0.329451,0
-0.572331,-0.32783,0,0,0,0,0.572331,0.32783,0
-0.584502,-0.326066,0,0,0,0,0.584502,0.326066,0
-0.59643,-0.324166,0,0,0,0,0.59643,0.324166,0
-0.608119,-0.322137,0,0,0,0,0.608119,0.322137,0
-0.619575,-0.319984,0,0,0,0,0.619575,0.319984,0
-0.630802,-0.317712,0,0,0,0,0.630802,0.317712,0
-0.641806,-0.315329,0,0,0,0,0.641806,0.315329,0
-0.65259,-0.312837,0,0,0,0,0.65259,0.312837,0
-0.663159,-0.310242,0,0,0,0,0.663159,0.310242,0
-0.673517,-0.307548,0,0,0,0,0.673517,0.307548,0
-0.683667,-0.30476,0,0,0,0,0.683667,0.30476,0
-0.693614,-0.301881,0,0,0,0,0.693614,0.301881,0
-0.70336,-0.298914,0,0,0,0,0.70336,0.298914,0
-0.712909,-0.295864,0,0,0,0,0.712909,0.295864,0
-0.722264,-0.292734,0,0,0,0,0.722264,0.292734,0
-0.731429,-0.289526,0,0,0,0,0.731429,0.289526,0
-0.740406,-0.286243,0,0,0,0,0.740406,0.286243,0
-0.749198,-0.28289,0,0,0,0,0.749198,0.28289,0
-0.757807,-0.279467,0,0,0,0,0.757807,0.279467,0
-0.766237,-0.275978,0,0,0,0,0.766237,0.275978,0
-0.77449,-0.272425,0,0,0,0,0.77449,0.272425,0
-0.782567,-0.268811,0,0,0,0,0.782567,0.268811,0
-0.790472,-0.265137,0,0,0,0,0.790472,0.265137,0
-0.798206,-0.261406,0,0,0,0,0.798206,0.261406,0
-0.805772,-0.25762,0,0,0,0,0.805772,0.25762,0
-0.813171,-0.253781,0,0,0,0,0.813171,0.253781,0
-0.820406,-0.24989,0,0,0,0,0.820406,0.24989,0
-0.827479,-0.24595,0,0,0,0,0.827479,0.24595,0
-0.834391,-0.241962,0,0,0,0,0.834391,0.241962,0
-0.841143,-0.237928,0,0,0,0,0.841143,0.237928,0
-0.847739,-0.23385,0,0,0,0,0.847739,0.23385,0
-0.854178,-0.229728,0,0,0,0,0.854178,0.229728,0
-0.860463,-0.225565,0,0,0,0,0.860463,0.225565,0
-0.866595,-0.221362,0,0,0,0,0.866595,0.221362,0
-0.872576,-0.21712,0,0,0,0,0.872576,0.21712,0
-0.878407,-0.212841,0,0,0,0,0.878407,0.212841,0
-0.884089,-0.208526,0,0,0,0,0.884089,0.208526,0
-0.889624,-0.204176,0,0,0,0,0.889624,0.204176,0
-0.895012,-0.199792,0,0,0,0,0.895012,0.199792,0
-0.900256,-0.195376,0,0,0,0,0.900256,0.195376,0
-0.905355,-0.190929,0,0,0,0,0.905355,0.190929,0
-0.910312,-0.186452,0,0,0,0,0.910312,0.186452,0
-0.915126,-0.181946,0,0,0,0,0.915126,0.181946,0
-0.9198,-0.177411,0,0,0,0,0.9198,0.177411,0
-0.924334,-0.17285,0,0,0,0,0.924334,0.17285,0
-0.928729,-0.168263,0,0,0,0,0.928729,0.168263,0
-0.932986,-0.16365,0,0,0,0,0.932986,0.16365,0
-0.937106,-0.159014,0,0,0,0,0.937106,0.159014,0
-0.94109,-0.154355,0,0,0,0,0.94109,0.154355,0
-0.944937,-0.149673,0,0,0,0,0.944937,0.149673,0
-0.94865,-0.14497,0,0,0,0,0.94865,0.14497,0
-0.952229,-0.140246,0,0,0,0,0.952229,0.140246,0
-0.955674,-0.135503,0,0,0,0,0.955674,0.135503,0
-0.958986,-0.130741,0,0,0,0,0.958986,0.130741,0
-0.962166,-0.12596,0,0,0,0,0.962166,0.12596,0
-0.965215,-0.121163,0,0,0,0,0.965215,0.121163,0
-0.968132,-0.116349,0,0,0,0,0.968132,0.116349,0
-0.970919,-0.11152,0,0,0,0,0.970919,0.11152,0
-0.973576,-0.106675,0,0,0,0,0.973576,0.106675,0
-0.976103,-0.101816,0,0,0,0,0.976103,0.101816,0
-0.978502,-0.0969443,0,0,0,0,0.978502,0.0969443,0
-0.980771,-0.0920594,0,0,0,0,0.980771,0.0920594,0
-0.982913,-0.0871625,0,0,0,0,0.982913,0.0871625,0
-0.984926,-0.0822542,0,0,0,0,0.984926,0.0822542,0
-0.986812,-0.0773353,0,0,0,0,0.986812,0.0773353,0
-0.988571,-0.0724064,0,0,0,0,0.988571,0.0724064,0
-0.990203,-0.0674682,0,0,0,0,0.990203,0.0674682,0
-0.991708,-0.0625214,0,0,0,0,0.991708,0.0625214,0
-0.993087,-0.0575667,0,0,0,0,0.993087,0.0575667,0
-0.99434,-0.0526046,0,0,0,0,0.99434,0.0526046,0
-0.995467,-0.0476359,0,0,0,0,0.995467,0.0476359,0
-0.996468,-0.0426611,0,0,0,0,0.996468,0.0426611,0
-0.997343,-0.037681,0,0,0,0,0.997343,0.037681,0
-0.998094,-0.0326961,0,0,0,0,0.998094,0.0326961,0
-0.998719,-0.0277071,0,0,0,0,0.998719,0.0277071,0
-0.999218,-0.0227147,0,0,0,0,0.999218,0.0227147,0
-0.999593,-0.0177194,0,0,0,0,0.999593,0.0177194,0
-0.999843,-0.0127219,0,0,0,0,0.999843,0.0127219,0
-0.999967,-0.00772278,0,0,0,0,0.999967,0.00772278,0
-0.999967,-0.00272272,0,0,0,0,0.999967,0.00272272,0
-0.999842,0.00227768,0,0,0,0,0.999842,-0.00227768,0
-0.999591,0.0072778,0,0,0,0,0.999591,-0.0072778,0
-0.999216,0.012277,0,0,0,0,0.999216,-0.012277,0
-0.998715,0.0172747,0,0,0,0,0.998715,-0.0172747,0
-0.998089,0.0222702,0,0,0,0,0.998089,-0.0222702,0
-0.997338,0.0272629,0,0,0,0,0.997338,-0.0272629,0
-0.996461,0.0322522,0,0,0,0,0.996461,-0.0322522,0
-0.995458,0.0372374,0,0,0,0,0.995458,-0.0372374,0
-0.99433,0.0422179,0,0,0,0,0.99433,-0.0422179,0
-0.993075,0.047193,0,0,0,0,0.993075,-0.047193,0
-0.991695,0.0521621,0,0,0,0,0.991695,-0.0521621,0
-0.990187,0.0571246,0,0,0,0,0.990187,-0.0571246,0
-0.988553,0.0620798,0,0,0,0,0.988553,-0.0620798,0
-0.986791,0.0670269,0,0,0,0,0.986791,-0.0670269,0
-0.984903,0.0719655,0,0,0,0,0.984903,-0.0719655,0
-0.982886,0.0768946,0,0,0,0,0.982886,-0.0768946,0
-0.980741,0.0818138,0,0,0,0,0.980741,-0.0818138,0
-0.978467,0.0867222,0,0,0,0,0.978467,-0.0867222,0
-0.976065,0.0916192,0,0,0,0,0.976065,-0.0916192,0
-0.973532,0.096504,0,0,0,0,0.973532,-0.096504,0
-0.97087,0.101376,0,0,0,0,0.97087,-0.101376,0
-0.968078,0.106234,0,0,0,0,0.968078,-0.106234,0
-0.965154,0.111078,0,0,0,0,0.965154,-0.111078,0
-0.962099,0.115907,0,0,0,0,0.962099,-0.115907,0
-0.958912,0.12072,0,0,0,0,0.958912,-0.12072,0
-0.955592,0.125516,0,0,0,0,0.955592,-0.125516,0
-0.952138,0.130295,0,0,0,0,0.952138,-0.130295,0
-0.94855,0.135055,0,0,0,0,0.94855,-0.135055,0
-0.944828,0.139796,0,0,0,0,0.944828,-0.139796,0
-0.94097,0.144517,0,0,0,0,0.94097,-0.144517,0
-0.936976,0.149217,0,0,0,0,0.936976,-0.149217,0
-0.932844,0.153895,0,0,0,0,0.932844,-0.153895,0
-0.928575,0.158551,0,0,0,0,0.928575,-0.158551,0
-0.924167,0.163183,0,0,0,0,0.924167,-0.163183,0
-0.919619,0.16779,0,0,0,0,0.919619,-0.16779,0
-0.91493,0.172371,0,0,0,0,0.91493,-0.172371,0
-0.910099,0.176926,0,0,0,0,0.910099,-0.176926,0
-0.905126,0.181453,0,0,0,0,0.905126,-0.181453,0
-0.900009,0.185951,0,0,0,0,0.900009,-0.185951,0
-0.894747,0.190419,0,0,0,0,0.894747,-0.190419,0
-0.889339,0.194856,0,0,0,0,0.889339,-0.194856,0
-0.883783,0.199261,0,0,0,0,0.883783,-0.199261,0
-0.878079,0.203632,0,0,0,0,0.878079,-0.203632,0
-0.872226,0.207969,0,0,0,0,0.872226,-0.207969,0
-0.866221,0.212269,0,0,0,0,0.866221,-0.212269,0
-0.860063,0.216532,0,0,0,0,0.860063,-0.216532,0
-0.853751,0.220756,0,0,0,0,0.853751,-0.220756,0
-0.847283,0.22494,0,0,0,0,0.847283,-0.22494,0
-0.840659,0.229083,0,0,0,0,0.840659,-0.229083,0
-0.833875,0.233182,0,0,0,0,0.833875,-0.233182,0
-0.826931,0.237236,0,0,0,0,0.826931,-0.237236,0
-0.819825,0.241243,0,0,0,0,0.819825,-0.241243,0
-0.812554,0.245202,0,0,0,0,0.812554,-0.245202,0
-0.805117,0.249112,0,0,0,0,0.805117,-0.249112,0
-0.797512,0.252969,0,0,0,0,0.797512,-0.252969,0
-0.789737,0.256772,0,0,0,0,0.789737,-0.256772,0
-0.781789,0.260519,0,0,0,0,0.781789,-0.260519,0
-0.773667,0.264207,0,0,0,0,0.773667,-0.264207,0
-0.765368,0.267836,0,0,0,0,0.765368,-0.267836,0
-0.756889,0.271401,0,0,0,0,0.756889,-0.271401,0
-0.748229,0.274901,0,0,0,0,0.748229,-0.274901,0
-0.739383,0.278334,0,0,0,0,0.739383,-0.278334,0
-0.730351,0.281696,0,0,0,0,0.730351,-0.281696,0
-0.721128,0.284984,0,0,0,0,0.721128,-0.284984,0
-0.711711,0.288196,0,0,0,0,0.711711,-0.288196,0
-0.702098,0.291328,0,0,0,0,0.702098,-0.291328,0
-0.692285,0.294378,0,0,0,0,0.692285,-0.294378,0
-0.682269,0.297341,0,0,0,0,0.682269,-0.297341,0
-0.672046,0.300214,0,0,0,0,0.672046,-0.300214,0
-0.661613,0.302992,0,0,0,0,0.661613,-0.302992,0
-0.650964,0.305673,0,0,0,0,0.650964,-0.305673,0
-0.640097,0.30825,0,0,0,0,0.640097,-0.30825,0
-0.629007,0.31072,0,0,0,0,0.629007,-0.31072,0
-0.617689,0.313078,0,0,0,0,0.617689,-0.313078,0
-0.606139,0.315318,0,0,0,0,0.606139,-0.315318,0
-0.594351,0.317434,0,0,0,0,0.594351,-0.317434,0
-0.58232,0.319421,0,0,0,0,0.58232,-0.319421,0
-0.57004,0.321271,0,0,0,0,0.57004,-0.321271,0
-0.557507,0.322977,0,0,0,0,0.557507,-0.322977,0
-0.544712,0.324533,0,0,0,0,0.544712,-0.324533,0
-0.531651,0.32593,0,0,0,0,0.531651,-0.32593,0
-0.518316,0.327158,0,0,0,0,0.518316,-0.327158,0
-0.504699,0.328209,0,0,0,0,0.504699,-0.328209,0
-0.490793,0.329072,0,0,0,0,0.490793,-0.329072,0
-0.476589,0.329735,0,0,0,0,0.476589,-0.329735,0
-0.46208,0.330186,0,0,0,0,0.46208,-0.330186,0
-0.447255,0.330412,0,0,0,0,0.447255,-0.330412,0
-0.432105,0.330398,0,0,0,0,0.432105,-0.330398,0
-0.416619,0.330127,0,0,0,0,0.416619,-0.330127,0
-0.400786,0.329581,0,0,0,0,0.400786,-0.329581,0
-0.384595,0.32874,0,0,0,0,0.384595,-0.32874,0
-0.368032,0.327581,0,0,0,0,0.368032,-0.327581,0
-0.351085,0.32608,0,0,0,0,0.351085,-0.32608,0
-0.333739,0.324208,0,0,0,0,0.333739,-0.324208,0
-0.315979,0.321934,0,0,0,0,0.315979,-0.321934,0
-0.297788,0.31922,0,0,0,0,0.297788,-0.31922,0
-0.27915,0.316027,0,0,0,0,0.27915,-0.316027,0
-0.260046,0.312305,0,0,0,0,0.260046,-0.312305,0
-0.240458,0.308002,0,0,0,0,0.240458,-0.308002,0
-0.220366,0.303052,0,0,0,0,0.220366,-0.303052,0
-0.19975,0.297381,0,0,0,0,0.19975,-0.297381,0
-0.178592,0.2909,0,0,0,0,0.178592,-0.2909,0
-0.156872,0.283504,0,0,0,0,0.156872,-0.283504,0
-0.134577,0.275063,0,0,0,0,0.134577,-0.275063,0
-0.111696,0.265421,0,0,0,0,0.111696,-0.265421,0
-0.0882325,0.254386,0,0,0,0,0.0882325,-0.254386,0
-0.0642064,0.241718,0,0,0,0,0.0642064,-0.241718,0
-0.0396719,0.22711,0,0,0,0,0.0396719,-0.22711,0
-0.0147407,0.210178,0,0,0,0,0.0147407,-0.210178,0
0.0103732,0.190426,0,0,0,0,-0.0103732,-0.190426,0
0.0352747,0.16723,0,0,0,0,-0.0352747,-0.16723,0
0.0592493,0.139843,0,0,0,0,-0.0592493,-0.139843,0
0.0810423,0.107487,0,0,0,0,-0.0810423,-0.107487,0
0.0986113,0.0697105,0,0,0,0,-0.0986113,-0.0697105,0
0.109197,0.0271587,0,0,0,0,-0.109197,-0.0271587,0
0.110399,-0.01765,0,0,0,0,-0.110399,0.01765,0
0.101951,-0.0609702,0,0,0,0,-0.101951,0.0609702,0
0.0859476,-0.0999226,0,0,0,0,-0.0859476,0.0999226,0
0.0651887,-0.133524,0,0,0,0,-0.0651887,0.133524,0
0.0418752,-0.162069,0,0,0,0,-0.0418752,0.162069,0
0.0173978,-0.186293,0,0,0,0,-0.0173978,0.186293,0
-0.0074398,-0.206952,0,0,0,0,0.0074398,0.206952,0
-0.0321888,-0.224686,0,0,0,0,0.0321888,0.224686,0
-0.0566027,-0.24001,0,0,0,0,0.0566027,0.24001,0
-0.0805499,-0.253326,0,0,0,0,0.0805499,0.253326,0
-0.103964,-0.264951,0,0,0,0,0.103964,0.264951,0
-0.126816,-0.275135,0,0,0,0,0.126816,0.275135,0
-0.1491,-0.28408,0,0,0,0,0.1491,0.28408,0
-0.170819,-0.291946,0,0,0,0,0.170819,0.291946,0
-0.191987,-0.298868,0,0,0,0,0.191987,0.298868,0
-0.212619,-0.304955,0,0,0,0,0.212619,0.304955,0
-0.232735,-0.310299,0,0,0,0,0.232735,0.310299,0
-0.252352,-0.314977,0,0,0,0,0.252352,0.314977,0
-0.271489,-0.319055,0,0,0,0,0.271489,0.319055,0
-0.290164,-0.32259,0,0,0,0,0.290164,0.32259,0
-0.308395,-0.325632,0,0,0,0,0.308395,0.325632,0
-0.326199,-0.328221,0,0,0,0,0.326199,0.328221,0
-0.343592,-0.330396,0,0,0,0,0.343592,0.330396,0
-0.360587,-0.33219,0,0,0,0,0.360587,0.33219,0
-0.377201,-0.333631,0,0,0,0,0.377201,0.333631,0
-0.393444,-0.334745,0,0,0,0,0.393444,0.334745,0
-0.409332,-0.335555,0,0,0,0,0.409332,0.335555,0
-0.424873,-0.336082,0,0,0,0,0.424873,0.336082,0
-0.440081,-0.336345,0,0,0,0,0.440081,0.336345,0
-0.454965,-0.336361,0,0,0,0,0.454965,0.336361,0
-0.469535,-0.336144,0,0,0,0,0.469535,0.336144,0
-0.483801,-0.335709,0,0,0,0,0.483801,0.335709,0
-0.49777,-0.335068,0,0,0,0,0.49777,0.335068,0
-0.511451,-0.334233,0,0,0,0,0.511451,0.334233,0
-0.524851,-0.333215,0,0,0,0,0.524851,0.333215,0
-0.537979,-0.332024,0,0,0,0,0.537979,0.332024,0
-0.55084,-0.330668,0,0,0,0,0.55084,0.330668,0
-0.563442,-0.329157,0,0,0,0,0.563442,0.329157,0
-0.57579,-0.327497,0,0,0,0,0.57579,0.327497,0
-0.58789,-0.325697,0,0,0,0,0.58789,0.325697,0
-0.599749,-0.323762,0,0,0,0,0.599749,0.323762,0
-0.611371,-0.321699,0,0,0,0,0.611371,0.321699,0
-0.62276,-0.319515,0,0,0,0,0.62276,0.319515,0
-0.633923,-0.317214,0,0,0,0,0.633923,0.317214,0
-0.644863,-0.314801,0,0,0,0,0.644863,0.314801,0
-0.655586,-0.312282,0,0,0,0,0.655586,0.312282,0
-0.666094,-0.309661,0,0,0,0,0.666094,0.309661,0
-0.676392,-0.306943,0,0,0,0,0.676392,0.306943,0
-0.686483,-0.30413,0,0,0,0,0.686483,0.30413,0
-0.696372,-0.301228,0,0,0,0,0.696372,0.301228,0
-0.706062,-0.29824,0,0,0,0,0.706062,0.29824,0
-0.715556,-0.295169,0,0,0,0,0.715556,0.295169,0
-0.724857,-0.292018,0,0,0,0,0.724857,0.292018,0
-0.733967,-0.288791,0,0,0,0,0.733967,0.288791,0
-0.742891,-0.28549,0,0,0,0,0.742891,0.28549,0
-0.751631,-0.282119,0,0,0,0,0.751631,0.282119,0
-0.760189,-0.278679,0,0,0,0,0.760189,0.278679,0
-0.768568,-0.275174,0,0,0,0,0.768568,0.275174,0
-0.776771,-0.271605,0,0,0,0,0.776771,0.271605,0
-0.784799,-0.267976,0,0,0,0,0.784799,0.267976,0
-0.792655,-0.264287,0,0,0,0,0.792655,0.264287,0
-0.800342,-0.260542,0,0,0,0,0.800342,0.260542,0
-0.80786,-0.256743,0,0,0,0,0.80786,0.256743,0
-0.815213,-0.252891,0,0,0,0,0.815213,0.252891,0
-0.822402,-0.248988,0,0,0,0,0.822402,0.248988,0
-0.829429,-0.245035,0,0,0,0,0.829429,0.245035,0
-0.836295,-0.241036,0,0,0,0,0.836295,0.241036,0
-0.843003,-0.236991,0,0,0,0,0.843003,0.236991,0
-0.849554,-0.232901,0,0,0,0,0.849554,0.232901,0
-0.85595,-0.228769,0,0,0,0,0.85595,0.228769,0
-0.862192,-0.224596,0,0,0,0,0.862192,0.224596,0
-0.868281,-0.220384,0,0,0,0,0.868281,0.220384,0
-0.87422,-0.216133,0,0,0,0,0.87422,0.216133,0
-0.880009,-0.211845,0,0,0,0,0.880009,0.211845,0
-0.885649,-0.207521,0,0,0,0,0.885649,0.207521,0
-0.891143,-0.203163,0,0,0,0,0.891143,0.203163,0
-0.89649,-0.198771,0,0,0,0,0.89649,0.198771,0
-0.901693,-0.194348,0,0,0,0,0.901693,0.194348,0
-0.906752,-0.189893,0,0,0,0,0.906752,0.189893,0
-0.911669,-0.185409,0,0,0,0,0.911669,0.185409,0
-0.916444,-0.180895,0,0,0,0,0.916444,0.180895,0
-0.921078,-0.176355,0,0,0,0,0.921078,0.176355,0
-0.925573,-0.171787,0,0,0,0,0.925573,0.171787,0
-0.92993,-0.167193,0,0,0,0,0.92993,0.167193,0
-0.934148,-0.162575,0,0,0,0,0.934148,0.162575,0
-0.93823,-0.157933,0,0,0,0,0.93823,0.157933,0
-0.942175,-0.153268,0,0,0,0,0.942175,0.153268,0
-0.945985,-0.148581,0,0,0,0,0.945985,0.148581,0
-0.94966,-0.143873,0,0,0,0,0.94966,0.143873,0
-0.953201,-0.139145,0,0,0,0,0.953201,0.139145,0
-0.956609,-0.134397,0,0,0,0,0.956609,0.134397,0
-0.959885,-0.12963,0,0,0,0,0.959885,0.12963,0
-0.963028,-0.124846,0,0,0,0,0.963028,0.124846,0
-0.96604,-0.120045,0,0,0,0,0.96604,0.120045,0
-0.968921,-0.115227,0,0,0,0,0.968921,0.115227,0
-0.971671,-0.110394,0,0,0,0,0.971671,0.110394,0
-0.974292,-0.105546,0,0,0,0,0.974292,0.105546,0
-0.976783,-0.100684,0,0,0,0,0.976783,0.100684,0
-0.979145,-0.0958088,0,0,0,0,0.979145,0.0958088,0
-0.981379,-0.090921,0,0,0,0,0.981379,0.090921,0
-0.983485,-0.0860213,0,0,0,0,0.983485,0.0860213,0
-0.985463,-0.0811104,0,0,0,0,0.985463,0.0811104,0
-0.987313,-0.0761891,0,0,0,0,0.987313,0.0761891,0
-0.989036,-0.0712579,0,0,0,0,0.989036,0.0712579,0
-0.990633,-0.0663176,0,0,0,0,0.990633,0.0663176,0
-0.992103,-0.0613689,0,0,0,0,0.992103,0.0613689,0
-0.993447,-0.0564123,0,0,0,0,0.993447,0.0564123,0
-0.994665,-0.0514486,0,0,0,0,0.994665,0.0514486,0
-0.995756,-0.0464783,0,0,0,0,0.995756,0.0464783,0
-0.996723,-0.0415022,0,0,0,0,0.996723,0.0415022,0
-0.997563,-0.0365209,0,0,0,0,0.997563,0.0365209,0
-0.998279,-0.031535,0,0,0,0,0.998279,0.031535,0
-0.998869,-0.0265451,0,0,0,0,0.998869,0.0265451,0
-0.999334,-0.0215519,0,0,0,0,0.999334,0.0215519,0
-0.999674,-0.016556,0,0,0,0,0.999674,0.016556,0
-0.999889,-0.011558,0,0,0,0,0.999889,0.011558,0
-0.999978,-0.00655861,0,0,0,0,0.999978,0.00655861,0
-0.999943,-0.00155837,0,0,0,0,0.999943,0.00155837,0
-0.999783,0.00344206,0,0,0,0,0.999783,-0.00344206,0
-0.999498,0.00844206,0,0,0,0,0.999498,-0.00844206,0
-0.999087,0.013441,0,0,0,0,0.999087,-0.013441,0
-0.998552,0.0184383,0,0,0,0,0.998552,-0.0184383,0
-0.997891,0.0234332,0,0,0,0,0.997891,-0.0234332,0
-0.997105,0.0284252,0,0,0,0,0.997105,-0.0284252,0
-0.996193,0.0334136,0,0,0,0,0.996193,-0.0334136,0
-0.995155,0.0383978,0,0,0,0,0.995155,-0.0383978,0
-0.993992,0.0433772,0,0,0,0,0.993992,-0.0433772,0
-0.992702,0.048351,0,0,0,0,0.992702,-0.048351,0
-0.991286,0.0533187,0,0,0,0,0.991286,-0.0533187,0
-0.989743,0.0582795,0,0,0,0,0.989743,-0.0582795,0
-0.988074,0.0632329,0,0,0,0,0.988074,-0.0632329,0
-0.986277,0.0681782,0,0,0,0,0.986277,-0.0681782,0
-0.984352,0.0731146,0,0,0,0,0.984352,-0.0731146,0
-0.9823,0.0780415,0,0,0,0,0.9823,-0.0780415,0
-0.980119,0.0829583,0,0,0,0,0.980119,-0.0829583,0
-0.977809,0.0878641,0,0,0,0,0.977809,-0.0878641,0
-0.975371,0.0927583,0,0,0,0,0.975371,-0.0927583,0
-0.972802,0.0976402,0,0,0,0,0.972802,-0.0976402,0
-0.970104,0.102509,0,0,0,0,0.970104,-0.102509,0
-0.967275,0.107364,0,0,0,0,0.967275,-0.107364,0
-0.964314,0.112205,0,0,0,0,0.964314,-0.112205,0
-0.961222,0.11703,0,0,0,0,0.961222,-0.11703,0
-0.957998,0.121839,0,0,0,0,0.957998,-0.121839,0
-0.954641,0.126631,0,0,0,0,0.954641,-0.126631,0
-0.95115,0.131405,0,0,0,0,0.95115,-0.131405,0
-0.947524,0.136161,0,0,0,0,0.947524,-0.136161,0
-0.943764,0.140897,0,0,0,0,0.943764,-0.140897,0
-0.939868,0.145614,0,0,0,0,0.939868,-0.145614,0
-0.935836,0.150309,0,0,0,0,0.935836,-0.150309,0
-0.931666,0.154982,0,0,0,0,0.931666,-0.154982,0
-0.927357,0.159631,0,0,0,0,0.927357,-0.159631,0
-0.92291,0.164257,0,0,0,0,0.92291,-0.164257,0
-0.918323,0.168858,0,0,0,0,0.918323,-0.168858,0
-0.913594,0.173434,0,0,0,0,0.913594,-0.173434,0
-0.908724,0.177982,0,0,0,0,0.908724,-0.177982,0
-0.90371,0.182502,0,0,0,0,0.90371,-0.182502,0
-0.898552,0.186993,0,0,0,0,0.898552,-0.186993,0
-0.893249,0.191454,0,0,0,0,0.893249,-0.191454,0
-0.8878,0.195883,0,0,0,0,0.8878,-0.195883,0
-0.882203,0.20028,0,0,0,0,0.882203,-0.20028,0
-0.876457,0.204643,0,0,0,0,0.876457,-0.204643,0
-0.870561,0.208971,0,0,0,0,0.870561,-0.208971,0
-0.864513,0.213262,0,0,0,0,0.864513,-0.213262,0
-0.858312,0.217516,0,0,0,0,0.858312,-0.217516,0
-0.851956,0.221731,0,0,0,0,0.851956,-0.221731,0
-0.845444,0.225905,0,0,0,0,0.845444,-0.225905,0
-0.838775,0.230036,0,0,0,0,0.838775,-0.230036,0
-0.831946,0.234124,0,0,0,0,0.831946,-0.234124,0
-0.824956,0.238167,0,0,0,0,0.824956,-0.238167,0
-0.817804,0.242163,0,0,0,0,0.817804,-0.242163,0
-0.810486,0.24611,0,0,0,0,0.810486,-0.24611,0
-0.803002,0.250006,0,0,0,0,0.803002,-0.250006,0
-0.795349,0.25385,0,0,0,0,0.795349,-0.25385,0
-0.787525,0.257639,0,0,0,0,0.787525,-0.257639,0
-0.779528,0.261372,0,0,0,0,0.779528,-0.261372,0
-0.771356,0.265045,0,0,0,0,0.771356,-0.265045,0
-0.763006,0.268658,0,0,0,0,0.763006,-0.268658,0
-0.754476,0.272207,0,0,0,0,0.754476,-0.272207,0
-0.745763,0.275691,0,0,0,0,0.745763,-0.275691,0
-0.736865,0.279106,0,0,0,0,0.736865,-0.279106,0
-0.727778,0.282449,0,0,0,0,0.727778,-0.282449,0
-0.7185,0.285718,0,0,0,0,0.7185,-0.285718,0
-0.709028,0.28891,0,0,0,0,0.709028,-0.28891,0
-0.699359,0.292022,0,0,0,0,0.699359,-0.292022,0
-0.689488,0.295049,0,0,0,0,0.689488,-0.295049,0
-0.679413,0.297989,0,0,0,0,0.679413,-0.297989,0
-0.66913,0.300838,0,0,0,0,0.66913,-0.300838,0
-0.658636,0.303592,0,0,0,0,0.658636,-0.303592,0
-0.647925,0.306246,0,0,0,0,0.647925,-0.306246,0
-0.636995,0.308796,0,0,0,0,0.636995,-0.308796,0
-0.62584,0.311237,0,0,0,0,0.62584,-0.311237,0
-0.614456,0.313565,0,0,0,0,0.614456,-0.313565,0
-0.602837,0.315773,0,0,0,0,0.602837,-0.315773,0
-0.59098,0.317855,0,0,0,0,0.59098,-0.317855,0
-0.578878,0.319806,0,0,0,0,0.578878,-0.319806,0
-0.566527,0.321619,0,0,0,0,0.566527,-0.321619,0
-0.553918,0.323286,0,0,0,0,0.553918,-0.323286,0
-0.541048,0.324801,0,0,0,0,0.541048,-0.324801,0
-0.527908,0.326153,0,0,0,0,0.527908,-0.326153,0
-0.514492,0.327335,0,0,0,0,0.514492,-0.327335,0
-0.500793,0.328336,0,0,0,0,0.500793,-0.328336,0
-0.486802,0.329146,0,0,0,0,0.486802,-0.329146,0
-0.47251,0.329754,0,0,0,0,0.47251,-0.329754,0
-0.457911,0.330145,0,0,0,0,0.457911,-0.330145,0
-0.442993,0.330308,0,0,0,0,0.442993,-0.330308,0
-0.427746,0.330225,0,0,0,0,0.427746,-0.330225,0
-0.412161,0.329881,0,0,0,0,0.412161,-0.329881,0
-0.396226,0.329256,0,0,0,0,0.396226,-0.329256,0
-0.379928,0.32833,0,0,0,0,0.379928,-0.32833,0
-0.363255,0.327079,0,0,0,0,0.363255,-0.327079,0
-0.346193,0.325479,0,0,0,0,0.346193,-0.325479,0
-0.328728,0.323498,0,0,0,0,0.328728,-0.323498,0
-0.310844,0.321106,0,0,0,0,0.310844,-0.321106,0
-0.292524,0.318263,0,0,0,0,0.292524,-0.318263,0
-0.273752,0.314927,0,0,0,0,0.273752,-0.314927,0
-0.254509,0.311048,0,0,0,0,0.254509,-0.311048,0
-0.234776,0.30657,0,0,0,0,0.234776,-0.30657,0
-0.214533,0.301426,0,0,0,0,0.214533,-0.301426,0
-0.19376,0.295536,0,0,0,0,0.19376,-0.295536,0
-0.172439,0.288807,0,0,0,0,0.172439,-0.288807,0
-0.150551,0.281128,0,0,0,0,0.150551,-0.281128,0
-0.128085,0.272364,0,0,0,0,0.128085,-0.272364,0
-0.105031,0.262347,0,0,0,0,0.105031,-0.262347,0
-0.0813981,0.250872,0,0,0,0,0.0813981,-0.250872,0
-0.0572134,0.237683,0,0,0,0,0.0572134,-0.237683,0
-0.0325446,0.222454,0,0,0,0,0.0325446,-0.222454,0
-0.00752733,0.204767,0,0,0,0,0.00752733,-0.204767,0
0.0175824,0.184095,0,0,0,0,-0.0175824,-0.184095,0
0.0423148,0.159773,0,0,0,0,-0.0423148,-0.159773,0
0.0658252,0.131028,0,0,0,0,-0.0658252,-0.131028,0
0.0866529,0.0971236,0,0,0,0,-0.0866529,-0.0971236,0
0.102509,0.0578278,0,0,0,0,-0.102509,-0.0578278,0
0.110572,0.0142793,0,0,0,0,-0.110572,-0.0142793,0
0.108894,-0.0304866,0,0,0,0,-0.108894,0.0304866,0
0.0979848,-0.0727569,0,0,0,0,-0.0979848,0.0727569,0
0.0803392,-0.11019,0,0,0,0,-0.0803392,0.11019,0
0.058661,-0.14227,0,0,0,0,-0.058661,0.14227,0
0.034906,-0.169488,0,0,0,0,-0.034906,0.169488,0
0.0102675,-0.192613,0,0,0,0,-0.0102675,0.192613,0
-0.0145738,-0.212371,0,0,0,0,0.0145738,0.212371,0
-0.0392399,-0.229366,0,0,0,0,0.0392399,0.229366,0
-0.0635243,-0.244078,0,0,0,0,0.0635243,0.244078,0
-0.0873183,-0.256882,0,0,0,0,0.0873183,0.256882,0
-0.110568,-0.268072,0,0,0,0,0.110568,0.268072,0
-0.133253,-0.277885,0,0,0,0,0.133253,0.277885,0
-0.155369,-0.286508,0,0,0,0,0.155369,0.286508,0
-0.176925,-0.294094,0,0,0,0,0.176925,0.294094,0
-0.197934,-0.30077,0,0,0,0,0.197934,0.30077,0
-0.218413,-0.306638,0,0,0,0,0.218413,0.306638,0
-0.238381,-0.311787,0,0,0,0,0.238381,0.311787,0
-0.257856,-0.316291,0,0,0,0,0.257856,0.316291,0
-0.276856,-0.320212,0,0,0,0,0.276856,0.320212,0
-0.2954,-0.323605,0,0,0,0,0.2954,0.323605,0
-0.313505,-0.326516,0,0,0,0,0.313505,0.326516,0
-0.331187,-0.328987,0,0,0,0,0.331187,0.328987,0
-0.348462,-0.331053,0,0,0,0,0.348462,0.331053,0
-0.365345,-0.332746,0,0,0,0,0.365345,0.332746,0
-0.38185,-0.334095,0,0,0,0,0.38185,0.334095,0
-0.397989,-0.335123,0,0,0,0,0.397989,0.335123,0
-0.413775,-0.335854,0,0,0,0,0.413775,0.335854,0
-0.429218,-0.336307,0,0,0,0,0.429218,0.336307,0
-0.444331,-0.336501,0,0,0,0,0.444331,0.336501,0
-0.459124,-0.336452,0,0,0,0,0.459124,0.336452,0
-0.473604,-0.336175,0,0,0,0,0.473604,0.336175,0
-0.487783,-0.335683,0,0,0,0,0.487783,0.335683,0
-0.501668,-0.334988,0,0,0,0,0.501668,0.334988,0
-0.515267,-0.334104,0,0,0,0,0.515267,0.334104,0
-0.528588,-0.333038,0,0,0,0,0.528588,0.333038,0
-0.541638,-0.331802,0,0,0,0,0.541638,0.331802,0
-0.554424,-0.330404,0,0,0,0,0.554424,0.330404,0
-0.566952,-0.328852,0,0,0,0,0.566952,0.328852,0
-0.579228,-0.327154,0,0,0,0,0.579228,0.327154,0
-0.591259,-0.325318,0,0,0,0,0.591259,0.325318,0
-0.603049,-0.323349,0,0,0,0,0.603049,0.323349,0
-0.614603,-0.321253,0,0,0,0,0.614603,0.321253,0
-0.625927,-0.319038,0,0,0,0,0.625927,0.319038,0
-0.637026,-0.316707,0,0,0,0,0.637026,0.316707,0
-0.647903,-0.314266,0,0,0,0,0.647903,0.314266,0
-0.658564,-0.31172,0,0,0,0,0.658564,0.31172,0
-0.669011,-0.309074,0,0,0,0,0.669011,0.309074,0
-0.67925,-0.306331,0,0,0,0,0.67925,0.306331,0
-0.689283,-0.303495,0,0,0,0,0.689283,0.303495,0
-0.699115,-0.30057,0,0,0,0,0.699115,0.30057,0
-0.708748,-0.29756,0,0,0,0,0.708748,0.29756,0
-0.718187,-0.294468,0,0,0,0,0.718187,0.294468,0
-0.727433,-0.291298,0,0,0,0,0.727433,0.291298,0
-0.736491,-0.288052,0,0,0,0,0.736491,0.288052,0
-0.745362,-0.284733,0,0,0,0,0.745362,0.284733,0
-0.75405,-0.281344,0,0,0,0,0.75405,0.281344,0
-0.762556,-0.277887,0,0,0,0,0.762556,0.277887,0
-0.770885,-0.274365,0,0,0,0,0.770885,0.274365,0
-0.779038,-0.270781,0,0,0,0,0.779038,0.270781,0
-0.787017,-0.267137,0,0,0,0,0.787017,0.267137,0
-0.794825,-0.263434,0,0,0,0,0.794825,0.263434,0
-0.802463,-0.259675,0,0,0,0,0.802463,0.259675,0
-0.809935,-0.255862,0,0,0,0,0.809935,0.255862,0
-0.817241,-0.251997,0,0,0,0,0.817241,0.251997,0
-0.824384,-0.248082,0,0,0,0,0.824384,0.248082,0
-0.831365,-0.244118,0,0,0,0,0.831365,0.244118,0
-0.838187,-0.240107,0,0,0,0,0.838187,0.240107,0
-0.84485,-0.236051,0,0,0,0,0.84485,0.236051,0
-0.851357,-0.231951,0,0,0,0,0.851357,0.231951,0
-0.85771,-0.227809,0,0,0,0,0.85771,0.227809,0
-0.863908,-0.223626,0,0,0,0,0.863908,0.223626,0
-0.869955,-0.219403,0,0,0,0,0.869955,0.219403,0
-0.875851,-0.215143,0,0,0,0,0.875851,0.215143,0
-0.881598,-0.210846,0,0,0,0,0.881598,0.210846,0
-0.887197,-0.206514,0,0,0,0,0.887197,0.206514,0
-0.89265,-0.202148,0,0,0,0,0.89265,0.202148,0
-0.897956,-0.197748,0,0,0,0,0.897956,0.197748,0
-0.903119,-0.193317,0,0,0,0,0.903119,0.193317,0
-0.908138,-0.188855,0,0,0,0,0.908138,0.188855,0
-0.913014,-0.184364,0,0,0,0,0.913014,0.184364,0
-0.91775,-0.179844,0,0,0,0,0.91775,0.179844,0
-0.922345,-0.175296,0,0,0,0,0.922345,0.175296,0
-0.926801,-0.170722,0,0,0,0,0.926801,0.170722,0
-0.931119,-0.166123,0,0,0,0,0.931119,0.166123,0
-0.935299,-0.161499,0,0,0,0,0.935299,0.161499,0
-0.939342,-0.156851,0,0,0,0,0.939342,0.156851,0
-0.943249,-0.152181,0,0,0,0,0.943249,0.152181,0
-0.947022,-0.147489,0,0,0,0,0.947022,0.147489,0
-0.950659,-0.142776,0,0,0,0,0.950659,0.142776,0
-0.954163,-0.138043,0,0,0,0,0.954163,0.138043,0
-0.957534,-0.13329,0,0,0,0,0.957534,0.13329,0
-0.960772,-0.128519,0,0,0,0,0.960772,0.128519,0
-0.963879,-0.123731,0,0,0,0,0.963879,0.123731,0
-0.966854,-0.118926,0,0,0,0,0.966854,0.118926,0
-0.969699,-0.114104,0,0,0,0,0.969699,0.114104,0
-0.972413,-0.109267,0,0,0,0,0.972413,0.109267,0
-0.974997,-0.104416,0,0,0,0,0.974997,0.104416,0
-0.977453,-0.0995509,0,0,0,0,0.977453,0.0995509,0
-0.979779,-0.0946726,0,0,0,0,0.979779,0.0946726,0
-0.981977,-0.0897819,0,0,0,0,0.981977,0.0897819,0
-0.984047,-0.0848795,0,0,0,0,0.984047,0.0848795,0
-0.985989,-0.079966,0,0,0,0,0.985989,0.079966,0
-0.987804,-0.0750423,0,0,0,0,0.987804,0.0750423,0
-0.989492,-0.0701089,0,0,0,0,0.989492,0.0701089,0
-0.991054,-0.0651666,0,0,0,0,0.991054,0.0651666,0
-0.992488,-0.0602159,0,0,0,0,0.992488,0.0602159,0
-0.993797,-0.0552575,0,0,0,0,0.993797,0.0552575,0
-0.99498,-0.0502922,0,0,0,0,0.99498,0.0502922,0
-0.996036,-0.0453205,0,0,0,0,0.996036,0.0453205,0
-0.996968,-0.0403431,0,0,0,0,0.996968,0.0403431,0
-0.997774,-0.0353606,0,0,0,0,0.997774,0.0353606,0
-0.998454,-0.0303736,0,0,0,0,0.998454,0.0303736,0
-0.999009,-0.0253829,0,0,0,0,0.999009,0.0253829,0
-0.999439,-0.0203889,0,0,0,0,0.999439,0.0203889,0
-0.999744,-0.0153925,0,0,0,0,0.999744,0.0153925,0
-0.999924,-0.0103941,0,0,0,0,0.999924,0.0103941,0
-0.99998,-0.00539437,0,0,0,0,0.99998,0.00539437,0
-0.99991,-0.00039399,0,0,0,0,0.99991,0.00039399,0
-0.999715,0.00460644,0,0,0,0,0.999715,-0.00460644,0
-0.999395,0.00960629,0,0,0,0,0.999395,-0.00960629,0
-0.998949,0.0146049,0,0,0,0,0.998949,-0.0146049,0
-0.998379,0.0196017,0,0,0,0,0.998379,-0.0196017,0
-0.997683,0.0245961,0,0,0,0,0.997683,-0.0245961,0
-0.996862,0.0295874,0,0,0,0,0.996862,-0.0295874,0
-0.995915,0.0345749,0,0,0,0,0.995915,-0.0345749,0
-0.994842,0.0395581,0,0,0,0,0.994842,-0.0395581,0
-0.993644,0.0445362,0,0,0,0,0.993644,-0.0445362,0
-0.992319,0.0495087,0,0,0,0,0.992319,-0.0495087,0
-0.990868,0.0544749,0,0,0,0,0.990868,-0.0544749,0
-0.98929,0.0594341,0,0,0,0,0.98929,-0.0594341,0
-0.987584,0.0643857,0,0,0,0,0.987584,-0.0643857,0
-0.985752,0.069329,0,0,0,0,0.985752,-0.069329,0
-0.983792,0.0742633,0,0,0,0,0.983792,-0.0742633,0
-0.981704,0.0791879,0,0,0,0,0.981704,-0.0791879,0
-0.979487,0.0841022,0,0,0,0,0.979487,-0.0841022,0
-0.977141,0.0890054,0,0,0,0,0.977141,-0.0890054,0
-0.974666,0.0938968,0,0,0,0,0.974666,-0.0938968,0
-0.972062,0.0987757,0,0,0,0,0.972062,-0.0987757,0
-0.969327,0.103641,0,0,0,0,0.969327,-0.103641,0
-0.966461,0.108493,0,0,0,0,0.966461,-0.108493,0
-0.963464,0.11333,0,0,0,0,0.963464,-0.11333,0
-0.960335,0.118152,0,0,0,0,0.960335,-0.118152,0
-0.957074,0.122957,0,0,0,0,0.957074,-0.122957,0
-0.953679,0.127745,0,0,0,0,0.953679,-0.127745,0
-0.950151,0.132515,0,0,0,0,0.950151,-0.132515,0
-0.946488,0.137266,0,0,0,0,0.946488,-0.137266,0
-0.94269,0.141998,0,0,0,0,0.94269,-0.141998,0
-0.938755,0.146709,0,0,0,0,0.938755,-0.146709,0
-0.934684,0.151399,0,0,0,0,0.934684,-0.151399,0
-0.930476,0.156066,0,0,0,0,0.930476,-0.156066,0
-0.926129,0.160711,0,0,0,0,0.926129,-0.160711,0
-0.921642,0.165331,0,0,0,0,0.921642,-0.165331,0
-0.917015,0.169926,0,0,0,0,0.917015,-0.169926,0
-0.912247,0.174495,0,0,0,0,0.912247,-0.174495,0
-0.907337,0.179036,0,0,0,0,0.907337,-0.179036,0
-0.902283,0.183549,0,0,0,0,0.902283,-0.183549,0
-0.897084,0.188033,0,0,0,0,0.897084,-0.188033,0
-0.89174,0.192487,0,0,0,0,0.89174,-0.192487,0
-0.88625,0.196908,0,0,0,0,0.88625,-0.196908,0
-0.880611,0.201297,0,0,0,0,0.880611,-0.201297,0
-0.874822,0.205652,0,0,0,0,0.874822,-0.205652,0
-0.868884,0.209971,0,0,0,0,0.868884,-0.209971,0
-0.862793,0.214253,0,0,0,0,0.862793,-0.214253,0
-0.856548,0.218498,0,0,0,0,0.856548,-0.218498,0
-0.850149,0.222702,0,0,0,0,0.850149,-0.222702,0
-0.843593,0.226866,0,0,0,0,0.843593,-0.226866,0
-0.836878,0.230987,0,0,0,0,0.836878,-0.230987,0
-0.830004,0.235064,0,0,0,0,0.830004,-0.235064,0
-0.822969,0.239096,0,0,0,0,0.822969,-0.239096,0
-0.81577,0.243079,0,0,0,0,0.81577,-0.243079,0
-0.808405,0.247014,0,0,0,0,0.808405,-0.247014,0
-0.800873,0.250897,0,0,0,0,0.800873,-0.250897,0
-0.793172,0.254728,0,0,0,0,0.793172,-0.254728,0
-0.785299,0.258503,0,0,0,0,0.785299,-0.258503,0
-0.777253,0.262221,0,0,0,0,0.777253,-0.262221,0
-0.769031,0.26588,0,0,0,0,0.769031,-0.26588,0
-0.76063,0.269477,0,0,0,0,0.76063,-0.269477,0
-0.752048,0.27301,0,0,0,0,0.752048,-0.27301,0
-0.743283,0.276476,0,0,0,0,0.743283,-0.276476,0
-0.734331,0.279873,0,0,0,0,0.734331,-0.279873,0
-0.72519,0.283198,0,0,0,0,0.72519,-0.283198,0
-0.715857,0.286447,0,0,0,0,0.715857,-0.286447,0
-0.706329,0.289619,0,0,0,0,0.706329,-0.289619,0
-0.696602,0.292709,0,0,0,0,0.696602,-0.292709,0
-0.686674,0.295715,0,0,0,0,0.686674,-0.295715,0
-0.67654,0.298632,0,0,0,0,0.67654,-0.298632,0
-0.666197,0.301456,0,0,0,0,0.666197,-0.301456,0
-0.655641,0.304185,0,0,0,0,0.655641,-0.304185,0
-0.644868,0.306812,0,0,0,0,0.644868,-0.306812,0
-0.633874,0.309334,0,0,0,0,0.633874,-0.309334,0
-0.622653,0.311746,0,0,0,0,0.622653,-0.311746,0
-0.611203,0.314043,0,0,0,0,0.611203,-0.314043,0
-0.599516,0.316219,0,0,0,0,0.599516,-0.316219,0
-0.58759,0.318267,0,0,0,0,0.58759,-0.318267,0
-0.575416,0.320182,0,0,0,0,0.575416,-0.320182,0
-0.562991,0.321957,0,0,0,0,0.562991,-0.321957,0
-0.550308,0.323585,0,0,0,0,0.550308,-0.323585,0
-0.537361,0.325057,0,0,0,0,0.537361,-0.325057,0
-0.524142,0.326364,0,0,0,0,0.524142,-0.326364,0
-0.510645,0.327499,0,0,0,0,0.510645,-0.327499,0
-0.496862,0.32845,0,0,0,0,0.496862,-0.32845,0
-0.482785,0.329206,0,0,0,0,0.482785,-0.329206,0
-0.468406,0.329757,0,0,0,0,0.468406,-0.329757,0
-0.453715,0.330088,0,0,0,0,0.453715,-0.330088,0
-0.438703,0.330185,0,0,0,0,0.438703,-0.330185,0
-0.423359,0.330032,0,0,0,0,0.423359,-0.330032,0
-0.407674,0.329613,0,0,0,0,0.407674,-0.329613,0
-0.391634,0.328908,0,0,0,0,0.391634,-0.328908,0
-0.375229,0.327895,0,0,0,0,0.375229,-0.327895,0
-0.358445,0.326551,0,0,0,0,0.358445,-0.326551,0
-0.341267,0.324848,0,0,0,0,0.341267,-0.324848,0
-0.323681,0.322757,0,0,0,0,0.323681,-0.322757,0
-0.305672,0.320243,0,0,0,0,0.305672,-0.320243,0
-0.287223,0.317267,0,0,0,0,0.287223,-0.317267,0
-0.268315,0.313785,0,0,0,0,0.268315,-0.313785,0
-0.24893,0.309744,0,0,0,0,0.24893,-0.309744,0
-0.22905,0.305086,0,0,0,0,0.22905,-0.305086,0
-0.208654,0.29974,0,0,0,0,0.208654,-0.29974,0
-0.187723,0.293624,0,0,0,0,0.187723,-0.293624,0
-0.166237,0.286638,0,0,0,0,0.166237,-0.286638,0
-0.144181,0.278666,0,0,0,0,0.144181,-0.278666,0
-0.121541,0.269563,0,0,0,0,0.121541,-0.269563,0
-0.0983158,0.259154,0,0,0,0,0.0983158,-0.259154,0
-0.0745151,0.247219,0,0,0,0,0.0745151,-0.247219,0
-0.050177,0.233482,0,0,0,0,0.050177,-0.233482,0
-0.0253846,0.217595,0,0,0,0,0.0253846,-0.217595,0
-0.000301749,0.199111,0,0,0,0,0.000301749,-0.199111,0
0.024766,0.177462,0,0,0,0,-0.024766,-0.177462,0
0.0492605,0.151948,0,0,0,0,-0.0492605,-0.151948,0
0.0721866,0.121781,0,0,0,0,-0.0721866,-0.121781,0
0.0918568,0.086302,0,0,0,0,-0.0918568,-0.086302,0
0.105755,0.0455759,0,0,0,0,-0.105755,-0.0455759,0
0.111118,0.00129278,0,0,0,0,-0.111118,-0.00129278,0
0.106607,-0.0431038,0,0,0,0,-0.106607,0.0431038,0
0.0934595,-0.084127,0,0,0,0,-0.0934595,0.084127,0
0.0744036,-0.120005,0,0,0,0,-0.0744036,0.120005,0
0.0519689,-0.15061,0,0,0,0,-0.0519689,0.15061,0
0.02787,-0.176568,0,0,0,0,-0.02787,0.176568,0
0.00312558,-0.198654,0,0,0,0,-0.00312558,0.198654,0
-0.021689,-0.217563,0,0,0,0,0.021689,0.217563,0
-0.0462558,-0.233859,0,0,0,0,0.0462558,0.233859,0
-0.0704022,-0.24799,0,0,0,0,0.0704022,0.24799,0
-0.0940388,-0.260306,0,0,0,0,0.0940388,0.260306,0
-0.117123,-0.271082,0,0,0,0,0.117123,0.271082,0
-0.13964,-0.280538,0,0,0,0,0.13964,0.280538,0
-0.16159,-0.288853,0,0,0,0,0.16159,0.288853,0
-0.182984,-0.29617,0,0,0,0,0.182984,0.29617,0
-0.203836,-0.302607,0,0,0,0,0.203836,0.302607,0
-0.224164,-0.308265,0,0,0,0,0.224164,0.308265,0
-0.243985,-0.313225,0,0,0,0,0.243985,0.313225,0
-0.263319,-0.317559,0,0,0,0,0.263319,0.317559,0
-0.282184,-0.321328,0,0,0,0,0.282184,0.321328,0
-0.300598,-0.324581,0,0,0,0,0.300598,0.324581,0
-0.318578,-0.327366,0,0,0,0,0.318578,0.327366,0
-0.33614,-0.329721,0,0,0,0,0.33614,0.329721,0
-0.3533,-0.331681,0,0,0,0,0.3533,0.331681,0
-0.370072,-0.333277,0,0,0,0,0.370072,0.333277,0
-0.386468,-0.334535,0,0,0,0,0.386468,0.334535,0
-0.402504,-0.335479,0,0,0,0,0.402504,0.335479,0
-0.418189,-0.336132,0,0,0,0,0.418189,0.336132,0
-0.433536,-0.336513,0,0,0,0,0.433536,0.336513,0
-0.448555,-0.336639,0,0,0,0,0.448555,0.336639,0
-0.463256,-0.336526,0,0,0,0,0.463256,0.336526,0
-0.477648,-0.33619,0,0,0,0,0.477648,0.33619,0
-0.491741,-0.335642,0,0,0,0,0.491741,0.335642,0
-0.505542,-0.334895,0,0,0,0,0.505542,0.334895,0
-0.51906,-0.333961,0,0,0,0,0.51906,0.333961,0
-0.532303,-0.332849,0,0,0,0,0.532303,0.332849,0
-0.545276,-0.331568,0,0,0,0,0.545276,0.331568,0
-0.557987,-0.330129,0,0,0,0,0.557987,0.330129,0
-0.570442,-0.328537,0,0,0,0,0.570442,0.328537,0
-0.582647,-0.326802,0,0,0,0,0.582647,0.326802,0
-0.594607,-0.32493,0,0,0,0,0.594607,0.32493,0
-0.606329,-0.322927,0,0,0,0,0.606329,0.322927,0
-0.617817,-0.320799,0,0,0,0,0.617817,0.320799,0
-0.629076,-0.318553,0,0,0,0,0.629076,0.318553,0
-0.64011,-0.316193,0,0,0,0,0.64011,0.316193,0
-0.650925,-0.313725,0,0,0,0,0.650925,0.313725,0
-0.661524,-0.311152,0,0,0,0,0.661524,0.311152,0
-0.671912,-0.30848,0,0,0,0,0.671912,0.30848,0
-0.682091,-0.305712,0,0,0,0,0.682091,0.305712,0
-0.692067,-0.302853,0,0,0,0,0.692067,0.302853,0
-0.701842,-0.299906,0,0,0,0,0.701842,0.299906,0
-0.711419,-0.296875,0,0,0,0,0.711419,0.296875,0
-0.720802,-0.293763,0,0,0,0,0.720802,0.293763,0
-0.729994,-0.290573,0,0,0,0,0.729994,0.290573,0
-0.738998,-0.287308,0,0,0,0,0.738998,0.287308,0
-0.747817,-0.283971,0,0,0,0,0.747817,0.283971,0
-0.756453,-0.280564,0,0,0,0,0.756453,0.280564,0
-0.764909,-0.277091,0,0,0,0,0.764909,0.277091,0
-0.773188,-0.273553,0,0,0,0,0.773188,0.273553,0
-0.781291,-0.269954,0,0,0,0,0.781291,0.269954,0
-0.789221,-0.266294,0,0,0,0,0.789221,0.266294,0
-0.796981,-0.262577,0,0,0,0,0.796981,0.262577,0
-0.804572,-0.258805,0,0,0,0,0.804572,0.258805,0
-0.811996,-0.254979,0,0,0,0,0.811996,0.254979,0
-0.819256,-0.251101,0,0,0,0,0.819256,0.251101,0
-0.826353,-0.247173,0,0,0,0,0.826353,0.247173,0
-0.833289,-0.243198,0,0,0,0,0.833289,0.243198,0
-0.840066,-0.239175,0,0,0,0,0.840066,0.239175,0
-0.846685,-0.235108,0,0,0,0,0.846685,0.235108,0
-0.853148,-0.230998,0,0,0,0,0.853148,0.230998,0
-0.859457,-0.226845,0,0,0,0,0.859457,0.226845,0
-0.865613,-0.222653,0,0,0,0,0.865613,0.222653,0
-0.871617,-0.218421,0,0,0,0,0.871617,0.218421,0
-0.877471,-0.214152,0,0,0,0,0.877471,0.214152,0
-0.883176,-0.209846,0,0,0,0,0.883176,0.209846,0
-0.888734,-0.205505,0,0,0,0,0.888734,0.205505,0
-0.894145,-0.201131,0,0,0,0,0.894145,0.201131,0
-0.899411,-0.196723,0,0,0,0,0.899411,0.196723,0
-0.904533,-0.192285,0,0,0,0,0.904533,0.192285,0
-0.909512,-0.187815,0,0,0,0,0.909512,0.187815,0
-0.914349,-0.183317,0,0,0,0,0.914349,0.183317,0
-0.919045,-0.17879,0,0,0,0,0.919045,0.17879,0
-0.923601,-0.174236,0,0,0,0,0.923601,0.174236,0
-0.928018,-0.169656,0,0,0,0,0.928018,0.169656,0
-0.932297,-0.165051,0,0,0,0,0.932297,0.165051,0
-0.936439,-0.160421,0,0,0,0,0.936439,0.160421,0
-0.940444,-0.155768,0,0,0,0,0.940444,0.155768,0
-0.944313,-0.151092,0,0,0,0,0.944313,0.151092,0
-0.948048,-0.146395,0,0,0,0,0.948048,0.146395,0
-0.951648,-0.141677,0,0,0,0,0.951648,0.141677,0
-0.955115,-0.136939,0,0,0,0,0.955115,0.136939,0
-0.958448,-0.132182,0,0,0,0,0.958448,0.132182,0
-0.96165,-0.127407,0,0,0,0,0.96165,0.127407,0
-0.96472,-0.122615,0,0,0,0,0.96472,0.122615,0
-0.967658,-0.117805,0,0,0,0,0.967658,0.117805,0
-0.970466,-0.11298,0,0,0,0,0.970466,0.11298,0
-0.973144,-0.10814,0,0,0,0,0.973144,0.10814,0
-0.975693,-0.103285,0,0,0,0,0.975693,0.103285,0
-0.978112,-0.098417,0,0,0,0,0.978112,0.098417,0
-0.980402,-0.0935357,0,0,0,0,0.980402,0.0935357,0
-0.982565,-0.0886421,0,0,0,0,0.982565,0.0886421,0
-0.984599,-0.0837371,0,0,0,0,0.984599,0.0837371,0
-0.986506,-0.0788211,0,0,0,0,0.986506,0.0788211,0
-0.988285,-0.073895,0,0,0,0,0.988285,0.073895,0
-0.989938,-0.0689594,0,0,0,0,0.989938,0.0689594,0
-0.991464,-0.064015,0,0,0,0,0.991464,0.064015,0
-0.992864,-0.0590624,0,0,0,0,0.992864,0.0590624,0
-0.994137,-0.0541024,0,0,0,0,0.994137,0.0541024,0
-0.995285,-0.0491354,0,0,0,0,0.995285,0.0491354,0
-0.996307,-0.0441623,0,0,0,0,0.996307,0.0441623,0
-0.997203,-0.0391836,0,0,0,0,0.997203,0.0391836,0
-0.997974,-0.0342,0,0,0,0,0.997974,0.0342,0
-0.99862,-0.0292121,0,0,0,0,0.99862,0.0292121,0
-0.99914,-0.0242205,0,0,0,0,0.99914,0.0242205,0
-0.999535,-0.0192259,0,0,0,0,0.999535,0.0192259,0
-0.999805,-0.0142288,0,0,0,0,0.999805,0.0142288,0
-0.999951,-0.00923002,0,0,0,0,0.999951,0.00923002,0
-0.999971,-0.00423007,0,0,0,0,0.999971,0.00423007,0
-0.999866,0.000770417,0,0,0,0,0.999866,-0.000770417,0
-0.999636,0.00577081,0,0,0,0,0.999636,-0.00577081,0
-0.999282,0.0107705,0,0,0,0,0.999282,-0.0107705,0
-0.998801,0.0157688,0,0,0,0,0.998801,-0.0157688,0
-0.998196,0.0207651,0,0,0,0,0.998196,-0.0207651,0
-0.997465,0.0257589,0,0,0,0,0.997465,-0.0257589,0
-0.996609,0.0307494,0,0,0,0,0.996609,-0.0307494,0
-0.995627,0.035736,0,0,0,0,0.995627,-0.035736,0
-0.99452,0.0407181,0,0,0,0,0.99452,-0.0407181,0
-0.993286,0.045695,0,0,0,0,0.993286,-0.045695,0
-0.991926,0.0506661,0,0,0,0,0.991926,-0.0506661,0
-0.990439,0.0556308,0,0,0,0,0.990439,-0.0556308,0
-0.988826,0.0605883,0,0,0,0,0.988826,-0.0605883,0
-0.987085,0.0655381,0,0,0,0,0.987085,-0.0655381,0
-0.985217,0.0704793,0,0,0,0,0.985217,-0.0704793,0
-0.983221,0.0754115,0,0,0,0,0.983221,-0.0754115,0
-0.981097,0.0803338,0,0,0,0,0.981097,-0.0803338,0
-0.978845,0.0852456,0,0,0,0,0.978845,-0.0852456,0
-0.976463,0.0901461,0,0,0,0,0.976463,-0.0901461,0
-0.973952,0.0950347,0,0,0,0,0.973952,-0.0950347,0
-0.971311,0.0999106,0,0,0,0,0.971311,-0.0999106,0
-0.96854,0.104773,0,0,0,0,0.96854,-0.104773,0
-0.965638,0.109621,0,0,0,0,0.965638,-0.109621,0
-0.962604,0.114455,0,0,0,0,0.962604,-0.114455,0
-0.959438,0.119273,0,0,0,0,0.959438,-0.119273,0
-0.956139,0.124074,0,0,0,0,0.956139,-0.124074,0
-0.952707,0.128858,0,0,0,0,0.952707,-0.128858,0
-0.949141,0.133623,0,0,0,0,0.949141,-0.133623,0
-0.945441,0.13837,0,0,0,0,0.945441,-0.13837,0
-0.941604,0.143097,0,0,0,0,0.941604,-0.143097,0
-0.937632,0.147803,0,0,0,0,0.937632,-0.147803,0
-0.933523,0.152488,0,0,0,0,0.933523,-0.152488,0
-0.929275,0.15715,0,0,0,0,0.929275,-0.15715,0
-0.924889,0.161789,0,0,0,0,0.924889,-0.161789,0
-0.920363,0.166403,0,0,0,0,0.920363,-0.166403,0
-0.915697,0.170992,0,0,0,0,0.915697,-0.170992,0
-0.910889,0.175554,0,0,0,0,0.910889,-0.175554,0
-0.905938,0.180089,0,0,0,0,0.905938,-0.180089,0
-0.900844,0.184595,0,0,0,0,0.900844,-0.184595,0
-0.895605,0.189072,0,0,0,0,0.895605,-0.189072,0
-0.89022,0.193518,0,0,0,0,0.89022,-0.193518,0
-0.884687,0.197932,0,0,0,0,0.884687,-0.197932,0
-0.879006,0.202312,0,0,0,0,0.879006,-0.202312,0
-0.873176,0.206658,0,0,0,0,0.873176,-0.206658,0
-0.867194,0.210969,0,0,0,0,0.867194,-0.210969,0
-0.86106,0.215242,0,0,0,0,0.86106,-0.215242,0
-0.854772,0.219477,0,0,0,0,0.854772,-0.219477,0
-0.848329,0.223672,0,0,0,0,0.848329,-0.223672,0
-0.841728,0.227825,0,0,0,0,0.841728,-0.227825,0
-0.834969,0.231936,0,0,0,0,0.834969,-0.231936,0
-0.82805,0.236002,0,0,0,0,0.82805,-0.236002,0
-0.820968,0.240021,0,0,0,0,0.820968,-0.240021,0
-0.813722,0.243993,0,0,0,0,0.813722,-0.243993,0
-0.80631,0.247915,0,0,0,0,0.80631,-0.247915,0
-0.798731,0.251786,0,0,0,0,0.798731,-0.251786,0
-0.790981,0.255602,0,0,0,0,0.790981,-0.255602,0
-0.78306,0.259364,0,0,0,0,0.78306,-0.259364,0
-0.774964,0.263067,0,0,0,0,0.774964,-0.263067,0
-0.766691,0.26671,0,0,0,0,0.766691,-0.26671,0
-0.758239,0.270291,0,0,0,0,0.758239,-0.270291,0
-0.749605,0.273808,0,0,0,0,0.749605,-0.273808,0
-0.740787,0.277257,0,0,0,0,0.740787,-0.277257,0
-0.731782,0.280636,0,0,0,0,0.731782,-0.280636,0
-0.722586,0.283942,0,0,0,0,0.722586,-0.283942,0
-0.713198,0.287172,0,0,0,0,0.713198,-0.287172,0
-0.703614,0.290323,0,0,0,0,0.703614,-0.290323,0
-0.69383,0.293392,0,0,0,0,0.69383,-0.293392,0
-0.683843,0.296375,0,0,0,0,0.683843,-0.296375,0
-0.67365,0.299268,0,0,0,0,0.67365,-0.299268,0
-0.663246,0.302068,0,0,0,0,0.663246,-0.302068,0
-0.652629,0.304771,0,0,0,0,0.652629,-0.304771,0
-0.641793,0.307371,0,0,0,0,0.641793,-0.307371,0
-0.630734,0.309865,0,0,0,0,0.630734,-0.309865,0
-0.619448,0.312248,0,0,0,0,0.619448,-0.312248,0
-0.60793,0.314513,0,0,0,0,0.60793,-0.314513,0
-0.596176,0.316656,0,0,0,0,0.596176,-0.316656,0
-0.584178,0.31867,0,0,0,0,0.584178,-0.31867,0
-0.571933,0.320549,0,0,0,0,0.571933,-0.320549,0
-0.559435,0.322285,0,0,0,0,0.559435,-0.322285,0
-0.546676,0.323872,0,0,0,0,0.546676,-0.323872,0
-0.533651,0.325301,0,0,0,0,0.533651,-0.325301,0
-0.520353,0.326563,0,0,0,0,0.520353,-0.326563,0
-0.506774,0.327649,0,0,0,0,0.506774,-0.327649,0
-0.492907,0.328549,0,0,0,0,0.492907,-0.328549,0
-0.478744,0.329251,0,0,0,0,0.478744,-0.329251,0
-0.464275,0.329744,0,0,0,0,0.464275,-0.329744,0
-0.449492,0.330012,0,0,0,0,0.449492,-0.330012,0
-0.434385,0.330043,0,0,0,0,0.434385,-0.330043,0
-0.418944,0.32982,0,0,0,0,0.418944,-0.32982,0
-0.403157,0.329325,0,0,0,0,0.403157,-0.329325,0
-0.387012,0.328537,0,0,0,0,0.387012,-0.328537,0
-0.370498,0.327435,0,0,0,0,0.370498,-0.327435,0
-0.353601,0.325995,0,0,0,0,0.353601,-0.325995,0
-0.336306,0.324188,0,0,0,0,0.336306,-0.324188,0
-0.318599,0.321983,0,0,0,0,0.318599,-0.321983,0
-0.300463,0.319345,0,0,0,0,0.300463,-0.319345,0
-0.281882,0.316232,0,0,0,0,0.281882,-0.316232,0
-0.262837,0.312599,0,0,0,0,0.262837,-0.312599,0
-0.243309,0.308392,0,0,0,0,0.243309,-0.308392,0
-0.22328,0.303548,0,0,0,0,0.22328,-0.303548,0
-0.202729,0.297993,0,0,0,0,0.202729,-0.297993,0
-0.181637,0.291642,0,0,0,0,0.181637,-0.291642,0
-0.159986,0.28439,0,0,0,0,0.159986,-0.28439,0
-0.137759,0.276113,0,0,0,0,0.137759,-0.276113,0
-0.114947,0.266658,0,0,0,0,0.114947,-0.266658,0
-0.09155,0.255837,0,0,0,0,0.09155,-0.255837,0
-0.0675846,0.243418,0,0,0,0,0.0675846,-0.243418,0
-0.0430995,0.229105,0,0,0,0,0.0430995,-0.229105,0
-0.0181966,0.212524,0,0,0,0,0.0181966,-0.212524,0
0.00692741,0.193194,0,0,0,0,-0.00692741,-0.193194,0
0.031908,0.17051,0,0,0,0,-0.031908,-0.17051,0
0.0560836,0.143736,0,0,0,0,-0.0560836,-0.143736,0
0.078286,0.112087,0,0,0,0,-0.078286,-0.112087,0
0.0965851,0.0750316,0,0,0,0,-0.0965851,-0.0750316,0
0.108281,0.0330137,0,0,0,0,-0.108281,-0.0330137,0
0.110823,-0.0117035,0,0,0,0,-0.110823,0.0117035,0
0.103592,-0.0554261,0,0,0,0,-0.103592,0.0554261,0
0.0884471,-0.0950567,0,0,0,0,-0.0884471,0.0950567,0
0.0681955,-0.129376,0,0,0,0,-0.0681955,0.129376,0
0.0451462,-0.158563,0,0,0,0,-0.0451462,0.158563,0
0.0207865,-0.183328,0,0,0,0,-0.0207865,0.183328,0
-0.00401732,-0.204434,0,0,0,0,0.00401732,0.204434,0
-0.0287796,-0.22254,0,0,0,0,0.0287796,0.22254,0
-0.0532333,-0.238175,0,0,0,0,0.0532333,0.238175,0
-0.0772348,-0.251754,0,0,0,0,0.0772348,0.251754,0
-0.100711,-0.263605,0,0,0,0,0.100711,0.263605,0
-0.123628,-0.273984,0,0,0,0,0.123628,0.273984,0
-0.145978,-0.2831,0,0,0,0,0.145978,0.2831,0
-0.167764,-0.291118,0,0,0,0,0.167764,0.291118,0
-0.188997,-0.298175,0,0,0,0,0.188997,0.298175,0
-0.209693,-0.304383,0,0,0,0,0.209693,0.304383,0
-0.22987,-0.309836,0,0,0,0,0.22987,0.309836,0
-0.249547,-0.314614,0,0,0,0,0.249547,0.314614,0
-0.268742,-0.318784,0,0,0,0,0.268742,0.318784,0
-0.287474,-0.322403,0,0,0,0,0.287474,0.322403,0
-0.30576,-0.325522,0,0,0,0,0.30576,0.325522,0
-0.323616,-0.328183,0,0,0,0,0.323616,0.328183,0
-0.34106,-0.330426,0,0,0,0,0.34106,0.330426,0
-0.358105,-0.332282,0,0,0,0,0.358105,0.332282,0
-0.374766,-0.333782,0,0,0,0,0.374766,0.333782,0
-0.391056,-0.334951,0,0,0,0,0.391056,0.334951,0
-0.406989,-0.335813,0,0,0,0,0.406989,0.335813,0
-0.422575,-0.33639,0,0,0,0,0.422575,0.33639,0
-0.437825,-0.336699,0,0,0,0,0.437825,0.336699,0
-0.452751,-0.336759,0,0,0,0,0.452751,0.336759,0
-0.467362,-0.336584,0,0,0,0,0.467362,0.336584,0
-0.481666,-0.336189,0,0,0,0,0.481666,0.336189,0
-0.495674,-0.335586,0,0,0,0,0.495674,0.335586,0
-0.509393,-0.334788,0,0,0,0,0.509393,0.334788,0
-0.522831,-0.333805,0,0,0,0,0.522831,0.333805,0
-0.535995,-0.332647,0,0,0,0,0.535995,0.332647,0
-0.548891,-0.331323,0,0,0,0,0.548891,0.331323,0
-0.561528,-0.329843,0,0,0,0,0.561528,0.329843,0
-0.57391,-0.328212,0,0,0,0,0.57391,0.328212,0
-0.586044,-0.32644,0,0,0,0,0.586044,0.32644,0
-0.597936,-0.324533,0,0,0,0,0.597936,0.324533,0
-0.60959,-0.322496,0,0,0,0,0.60959,0.322496,0
-0.621012,-0.320337,0,0,0,0,0.621012,0.320337,0
-0.632206,-0.318061,0,0,0,0,0.632206,0.318061,0
-0.643177,-0.315672,0,0,0,0,0.643177,0.315672,0
-0.653929,-0.313176,0,0,0,0,0.653929,0.313176,0
-0.664468,-0.310577,0,0,0,0,0.664468,0.310577,0
-0.674795,-0.30788,0,0,0,0,0.674795,0.30788,0
-0.684916,-0.305088,0,0,0,0,0.684916,0.305088,0
-0.694834,-0.302206,0,0,0,0,0.694834,0.302206,0
-0.704552,-0.299237,0,0,0,0,0.704552,0.299237,0
-0.714073,-0.296185,0,0,0,0,0.714073,0.296185,0
-0.723402,-0.293052,0,0,0,0,0.723402,0.293052,0
-0.73254,-0.289843,0,0,0,0,0.73254,0.289843,0
-0.741491,-0.286559,0,0,0,0,0.741491,0.286559,0
-0.750258,-0.283204,0,0,0,0,0.750258,0.283204,0
-0.758842,-0.27978,0,0,0,0,0.758842,0.27978,0
-0.767248,-0.276291,0,0,0,0,0.767248,0.276291,0
-0.775476,-0.272737,0,0,0,0,0.775476,0.272737,0
-0.78353,-0.269122,0,0,0,0,0.78353,0.269122,0
-0.791412,-0.265448,0,0,0,0,0.791412,0.265448,0
-0.799123,-0.261717,0,0,0,0,0.799123,0.261717,0
-0.806667,-0.257931,0,0,0,0,0.806667,0.257931,0
-0.814045,-0.254092,0,0,0,0,0.814045,0.254092,0
-0.821258,-0.250202,0,0,0,0,0.821258,0.250202,0
-0.828309,-0.246262,0,0,0,0,0.828309,0.246262,0
-0.8352,-0.242274,0,0,0,0,0.8352,0.242274,0
-0.841932,-0.238241,0,0,0,0,0.841932,0.238241,0
-0.848507,-0.234163,0,0,0,0,0.848507,0.234163,0
-0.854927,-0.230042,0,0,0,0,0.854927,0.230042,0
-0.861192,-0.22588,0,0,0,0,0.861192,0.22588,0
-0.867305,-0.221677,0,0,0,0,0.867305,0.221677,0
-0.873267,-0.217436,0,0,0,0,0.873267,0.217436,0
-0.879079,-0.213158,0,0,0,0,0.879079,0.213158,0
-0.884742,-0.208843,0,0,0,0,0.884742,0.208843,0
-0.890259,-0.204494,0,0,0,0,0.890259,0.204494,0
-0.895629,-0.200112,0,0,0,0,0.895629,0.200112,0
-0.900854,-0.195697,0,0,0,0,0.900854,0.195697,0
-0.905936,-0.191251,0,0,0,0,0.905936,0.191251,0
-0.910875,-0.186774,0,0,0,0,0.910875,0.186774,0
-0.915672,-0.182269,0,0,0,0,0.915672,0.182269,0
-0.920329,-0.177735,0,0,0,0,0.920329,0.177735,0
-0.924846,-0.173175,0,0,0,0,0.924846,0.173175,0
-0.929225,-0.168589,0,0,0,0,0.929225,0.168589,0
-0.933465,-0.163977,0,0,0,0,0.933465,0.163977,0
-0.937568,-0.159342,0,0,0,0,0.937568,0.159342,0
-0.941535,-0.154683,0,0,0,0,0.941535,0.154683,0
-0.945367,-0.150002,0,0,0,0,0.945367,0.150002,0
-0.949064,-0.1453,0,0,0,0,0.949064,0.1453,0
-0.952626,-0.140577,0,0,0,0,0.952626,0.140577,0
-0.956056,-0.135835,0,0,0,0,0.956056,0.135835,0
-0.959352,-0.131074,0,0,0,0,0.959352,0.131074,0
-0.962517,-0.126294,0,0,0,0,0.962517,0.126294,0
-0.96555,-0.121498,0,0,0,0,0.96555,0.121498,0
-0.968452,-0.116685,0,0,0,0,0.968452,0.116685,0
-0.971224,-0.111856,0,0,0,0,0.971224,0.111856,0
-0.973866,-0.107012,0,0,0,0,0.973866,0.107012,0
-0.976378,-0.102154,0,0,0,0,0.976378,0.102154,0
-0.978761,-0.0972824,0,0,0,0,0.978761,0.0972824,0
-0.981016,-0.0923981,0,0,0,0,0.981016,0.0923981,0
-0.983143,-0.0875018,0,0,0,0,0.983143,0.0875018,0
-0.985141,-0.0825941,0,0,0,0,0.985141,0.0825941,0
-0.987013,-0.0776756,0,0,0,0,0.987013,0.0776756,0
-0.988757,-0.0727472,0,0,0,0,0.988757,0.0727472,0
-0.990374,-0.0678095,0,0,0,0,0.990374,0.0678095,0
-0.991865,-0.062863,0,0,0,0,0.991865,0.062863,0
-0.993229,-0.0579086,0,0,0,0,0.993229,0.0579086,0
-0.994468,-0.0529468,0,0,0,0,0.994468,0.0529468,0
-0.99558,-0.0479784,0,0,0,0,0.99558,0.0479784,0
-0.996567,-0.0430038,0,0,0,0,0.996567,0.0430038,0
-0.997429,-0.0380239,0,0,0,0,0.997429,0.0380239,0
-0.998165,-0.0330391,0,0,0,0,0.998165,0.0330391,0
-0.998775,-0.0280503,0,0,0,0,0.998775,0.0280503,0
-0.999261,-0.0230579,0,0,0,0,0.999261,0.0230579,0
-0.999621,-0.0180626,0,0,0,0,0.999621,0.0180626,0
-0.999857,-0.0130651,0,0,0,0,0.999857,0.0130651,0
-0.999967,-0.0080659,0,0,0,0,0.999967,0.0080659,0
-0.999953,-0.00306572,0,0,0,0,0.999953,0.00306572,0
-0.999813,0.00193484,0,0,0,0,0.999813,-0.00193484,0
-0.999548,0.00693516,0,0,0,0,0.999548,-0.00693516,0
-0.999159,0.0119346,0,0,0,0,0.999159,-0.0119346,0
-0.998644,0.0169326,0,0,0,0,0.998644,-0.0169326,0
-0.998004,0.0219284,0,0,0,0,0.998004,-0.0219284,0
-0.997238,0.0269215,0,0,0,0,0.997238,-0.0269215,0
-0.996347,0.0319112,0,0,0,0,0.996347,-0.0319112,0
-0.99533,0.0368968,0,0,0,0,0.99533,-0.0368968,0
-0.994187,0.0418778,0,0,0,0,0.994187,-0.0418778,0
-0.992918,0.0468535,0,0,0,0,0.992918,-0.0468535,0
-0.991523,0.0518232,0,0,0,0,0.991523,-0.0518232,0
-0.990001,0.0567863,0,0,0,0,0.990001,-0.0567863,0
-0.988352,0.0617421,0,0,0,0,0.988352,-0.0617421,0
-0.986576,0.06669,0,0,0,0,0.986576,-0.06669,0
-0.984672,0.0716292,0,0,0,0,0.984672,-0.0716292,0
-0.982641,0.0765592,0,0,0,0,0.982641,-0.0765592,0
-0.980481,0.0814791,0,0,0,0,0.980481,-0.0814791,0
-0.978193,0.0863884,0,0,0,0,0.978193,-0.0863884,0
-0.975775,0.0912862,0,0,0,0,0.975775,-0.0912862,0
-0.973228,0.0961719,0,0,0,0,0.973228,-0.0961719,0
-0.97055,0.101045,0,0,0,0,0.97055,-0.101045,0
-0.967743,0.105904,0,0,0,0,0.967743,-0.105904,0
-0.964804,0.110749,0,0,0,0,0.964804,-0.110749,0
-0.961733,0.115579,0,0,0,0,0.961733,-0.115579,0
-0.95853,0.120393,0,0,0,0,0.95853,-0.120393,0
-0.955194,0.12519,0,0,0,0,0.955194,-0.12519,0
-0.951725,0.12997,0,0,0,0,0.951725,-0.12997,0
-0.948121,0.134731,0,0,0,0,0.948121,-0.134731,0
-0.944383,0.139473,0,0,0,0,0.944383,-0.139473,0
-0.940508,0.144195,0,0,0,0,0.940508,-0.144195,0
-0.936498,0.148897,0,0,0,0,0.936498,-0.148897,0
-0.93235,0.153576,0,0,0,0,0.93235,-0.153576,0
-0.928064,0.158233,0,0,0,0,0.928064,-0.158233,0
-0.923638,0.162866,0,0,0,0,0.923638,-0.162866,0
-0.919073,0.167474,0,0,0,0,0.919073,-0.167474,0
-0.914367,0.172056,0,0,0,0,0.914367,-0.172056,0
-0.909519,0.176612,0,0,0,0,0.909519,-0.176612,0
-0.904528,0.18114,0,0,0,0,0.904528,-0.18114,0
-0.899394,0.18564,0,0,0,0,0.899394,-0.18564,0
-0.894113,0.190109,0,0,0,0,0.894113,-0.190109,0
-0.888687,0.194547,0,0,0,0,0.888687,-0.194547,0
-0.883113,0.198953,0,0,0,0,0.883113,-0.198953,0
-0.87739,0.203326,0,0,0,0,0.87739,-0.203326,0
-0.871517,0.207663,0,0,0,0,0.871517,-0.207663,0
-0.865493,0.211965,0,0,0,0,0.865493,-0.211965,0
-0.859316,0.216229,0,0,0,0,0.859316,-0.216229,0
-0.852984,0.220454,0,0,0,0,0.852984,-0.220454,0
-0.846496,0.224639,0,0,0,0,0.846496,-0.224639,0
-0.839851,0.228782,0,0,0,0,0.839851,-0.228782,0
-0.833047,0.232881,0,0,0,0,0.833047,-0.232881,0
-0.826082,0.236936,0,0,0,0,0.826082,-0.236936,0
-0.818954,0.240944,0,0,0,0,0.818954,-0.240944,0
-0.811661,0.244904,0,0,0,0,0.811661,-0.244904,0
-0.804202,0.248813,0,0,0,0,0.804202,-0.248813,0
-0.796575,0.25267,0,0,0,0,0.796575,-0.25267,0
-0.788777,0.256474,0,0,0,0,0.788777,-0.256474,0
-0.780806,0.26022,0,0,0,0,0.780806,-0.26022,0
-0.77266,0.263909,0,0,0,0,0.77266,-0.263909,0
-0.764336,0.267537,0,0,0,0,0.764336,-0.267537,0
-0.755833,0.271102,0,0,0,0,0.755833,-0.271102,0
-0.747147,0.274601,0,0,0,0,0.747147,-0.274601,0
-0.738276,0.278033,0,0,0,0,0.738276,-0.278033,0
-0.729217,0.281394,0,0,0,0,0.729217,-0.281394,0
-0.719967,0.284681,0,0,0,0,0.719967,-0.284681,0
-0.710523,0.287891,0,0,0,0,0.710523,-0.287891,0
-0.700882,0.291021,0,0,0,0,0.700882,-0.291021,0
-0.691041,0.294068,0,0,0,0,0.691041,-0.294068,0
-0.680995,0.297029,0,0,0,0,0.680995,-0.297029,0
-0.670743,0.299899,0,0,0,0,0.670743,-0.299899,0
-0.660278,0.302674,0,0,0,0,0.660278,-0.302674,0
-0.649598,0.30535,0,0,0,0,0.649598,-0.30535,0
-0.638699,0.307924,0,0,0,0,0.638699,-0.307924,0
-0.627576,0.310389,0,0,0,0,0.627576,-0.310389,0
-0.616224,0.312741,0,0,0,0,0.616224,-0.312741,0
-0.604638,0.314975,0,0,0,0,0.604638,-0.314975,0
-0.592815,0.317084,0,0,0,0,0.592815,-0.317084,0
-0.580747,0.319063,0,0,0,0,0.580747,-0.319063,0
-0.568429,0.320905,0,0,0,0,0.568429,-0.320905,0
-0.555857,0.322603,0,0,0,0,0.555857,-0.322603,0
-0.543022,0.324148,0,0,0,0,0.543022,-0.324148,0
-0.529919,0.325533,0,0,0,0,0.529919,-0.325533,0
-0.516541,0.32675,0,0,0,0,0.516541,-0.32675,0
-0.502879,0.327787,0,0,0,0,0.502879,-0.327787,0
-0.488928,0.328634,0,0,0,0,0.488928,-0.328634,0
-0.474677,0.329281,0,0,0,0,0.474677,-0.329281,0
-0.460118,0.329714,0,0,0,0,0.460118,-0.329714,0
-0.445242,0.32992,0,0,0,0,0.445242,-0.32992,0
-0.43004,0.329883,0,0,0,0,0.43004,-0.329883,0
-0.414499,0.329587,0,0,0,0,0.414499,-0.329587,0
-0.398609,0.329014,0,0,0,0,0.398609,-0.329014,0
-0.382359,0.328142,0,0,0,0,0.382359,-0.328142,0
-0.365735,0.32695,0,0,0,0,0.365735,-0.32695,0
-0.348723,0.325411,0,0,0,0,0.348723,-0.325411,0
-0.33131,0.323497,0,0,0,0,0.33131,-0.323497,0
-0.31348,0.321176,0,0,0,0,0.31348,-0.321176,0
-0.295216,0.318409,0,0,0,0,0.295216,-0.318409,0
-0.276501,0.315157,0,0,0,0,0.276501,-0.315157,0
-0.257317,0.311368,0,0,0,0,0.257317,-0.311368,0
-0.237645,0.306989,0,0,0,0,0.237645,-0.306989,0
-0.217466,0.301953,0,0,0,0,0.217466,-0.301953,0
-0.196758,0.296183,0,0,0,0,0.196758,-0.296183,0
-0.175504,0.289588,0,0,0,0,0.175504,-0.289588,0
-0.153685,0.282059,0,0,0,0,0.153685,-0.282059,0
-0.131287,0.273464,0,0,0,0,0.131287,-0.273464,0
-0.108302,0.263641,0,0,0,0,0.108302,-0.263641,0
-0.0847343,0.252391,0,0,0,0,0.0847343,-0.252391,0
-0.0606079,0.239463,0,0,0,0,0.0606079,-0.239463,0
-0.0359838,0.224543,0,0,0,0,0.0359838,-0.224543,0
-0.010986,0.207226,0,0,0,0,0.010986,-0.207226,0
0.0141498,0.187,0,0,0,0,-0.0141498,-0.187,0
0.0389896,0.163219,0,0,0,0,-0.0389896,-0.163219,0
0.0627508,0.135117,0,0,0,0,-0.0627508,-0.135117,0
0.084069,0.101937,0,0,0,0,-0.084069,-0.101937,0
0.100766,0.0633343,0,0,0,0,-0.100766,-0.0633343,0
0.110033,0.0202147,0,0,0,0,-0.110033,-0.0202147,0
0.109697,-0.0246119,0,0,0,0,-0.109697,0.0246119,0
0.0999132,-0.0673928,0,0,0,0,-0.0999132,0.0673928,0
0.0830163,-0.105534,0,0,0,0,-0.0830163,0.105534,0
0.0617634,-0.138317,0,0,0,0,-0.0617634,0.138317,0
0.0382218,-0.166148,0,0,0,0,-0.0382218,0.166148,0
0.0136718,-0.189785,0,0,0,0,-0.0136718,0.189785,0
-0.0111522,-0.209967,0,0,0,0,0.0111522,0.209967,0
-0.0358408,-0.227315,0,0,0,0,0.0358408,0.227315,0
-0.0601701,-0.242323,0,0,0,0,0.0601701,0.242323,0
-0.0840209,-0.255377,0,0,0,0,0.0840209,0.255377,0
-0.107334,-0.266784,0,0,0,0,0.107334,0.266784,0
-0.130084,-0.276785,0,0,0,0,0.130084,0.276785,0
-0.152267,-0.285573,0,0,0,0,0.152267,0.285573,0
-0.173889,-0.293306,0,0,0,0,0.173889,0.293306,0
-0.194963,-0.300112,0,0,0,0,0.194963,0.300112,0
-0.215505,-0.306098,0,0,0,0,0.215505,0.306098,0
-0.235534,-0.311354,0,0,0,0,0.235534,0.311354,0
-0.255068,-0.315955,0,0,0,0,0.255068,0.315955,0
-0.274126,-0.319965,0,0,0,0,0.274126,0.319965,0
-0.292726,-0.32344,0,0,0,0,0.292726,0.32344,0
-0.310885,-0.326427,0,0,0,0,0.310885,0.326427,0
-0.328619,-0.328968,0,0,0,0,0.328619,0.328968,0
-0.345945,-0.3311,0,0,0,0,0.345945,0.3311,0
-0.362877,-0.332855,0,0,0,0,0.362877,0.332855,0
-0.379429,-0.334261,0,0,0,0,0.379429,0.334261,0
-0.395614,-0.335344,0,0,0,0,0.395614,0.335344,0
-0.411444,-0.336126,0,0,0,0,0.411444,0.336126,0
-0.426932,-0.336628,0,0,0,0,0.426932,0.336628,0
-0.442087,-0.336868,0,0,0,0,0.442087,0.336868,0
-0.456921,-0.336862,0,0,0,0,0.456921,0.336862,0
-0.471442,-0.336626,0,0,0,0,0.471442,0.336626,0
-0.48566,-0.336174,0,0,0,0,0.48566,0.336174,0
-0.499583,-0.335517,0,0,0,0,0.499583,0.335517,0
-0.51322,-0.334668,0,0,0,0,0.51322,0.334668,0
-0.526578,-0.333637,0,0,0,0,0.526578,0.333637,0
-0.539664,-0.332434,0,0,0,0,0.539664,0.332434,0
-0.552485,-0.331067,0,0,0,0,0.552485,0.331067,0
-0.565048,-0.329546,0,0,0,0,0.565048,0.329546,0
-0.577358,-0.327877,0,0,0,0,0.577358,0.327877,0
-0.589422,-0.326069,0,0,0,0,0.589422,0.326069,0
-0.601245,-0.324127,0,0,0,0,0.601245,0.324127,0
-0.612832,-0.322058,0,0,0,0,0.612832,0.322058,0
-0.624188,-0.319867,0,0,0,0,0.624188,0.319867,0
-0.635317,-0.317561,0,0,0,0,0.635317,0.317561,0
-0.646225,-0.315143,0,0,0,0,0.646225,0.315143,0
-0.656916,-0.31262,0,0,0,0,0.656916,0.31262,0
-0.667393,-0.309995,0,0,0,0,0.667393,0.309995,0
-0.677662,-0.307273,0,0,0,0,0.677662,0.307273,0
-0.687724,-0.304458,0,0,0,0,0.687724,0.304458,0
-0.697584,-0.301553,0,0,0,0,0.697584,0.301553,0
-0.707246,-0.298562,0,0,0,0,0.707246,0.298562,0
-0.716712,-0.295489,0,0,0,0,0.716712,0.295489,0
-0.725986,-0.292337,0,0,0,0,0.725986,0.292337,0
-0.735071,-0.289108,0,0,0,0,0.735071,0.289108,0
-0.743969,-0.285806,0,0,0,0,0.743969,0.285806,0
-0.752684,-0.282433,0,0,0,0,0.752684,0.282433,0
-0.761217,-0.278993,0,0,0,0,0.761217,0.278993,0
-0.769572,-0.275487,0,0,0,0,0.769572,0.275487,0
-0.77775,-0.271917,0,0,0,0,0.77775,0.271917,0
-0.785755,-0.268287,0,0,0,0,0.785755,0.268287,0
-0.793589,-0.264599,0,0,0,0,0.793589,0.264599,0
-0.801252,-0.260854,0,0,0,0,0.801252,0.260854,0
-0.808749,-0.257054,0,0,0,0,0.808749,0.257054,0
-0.81608,-0.253202,0,0,0,0,0.81608,0.253202,0
-0.823247,-0.2493,0,0,0,0,0.823247,0.2493,0
-0.830253,-0.245348,0,0,0,0,0.830253,0.245348,0
-0.837099,-0.241349,0,0,0,0,0.837099,0.241349,0
-0.843786,-0.237304,0,0,0,0,0.843786,0.237304,0
-0.850317,-0.233215,0,0,0,0,0.850317,0.233215,0
-0.856693,-0.229084,0,0,0,0,0.856693,0.229084,0
-0.862915,-0.224912,0,0,0,0,0.862915,0.224912,0
-0.868985,-0.220699,0,0,0,0,0.868985,0.220699,0
-0.874905,-0.216449,0,0,0,0,0.874905,0.216449,0
-0.880675,-0.212162,0,0,0,0,0.880675,0.212162,0
-0.886297,-0.207839,0,0,0,0,0.886297,0.207839,0
-0.891772,-0.203482,0,0,0,0,0.891772,0.203482,0
-0.897101,-0.199091,0,0,0,0,0.897101,0.199091,0
-0.902286,-0.194668,0,0,0,0,0.902286,0.194668,0
-0.907328,-0.190215,0,0,0,0,0.907328,0.190215,0
-0.912227,-0.185731,0,0,0,0,0.912227,0.185731,0
-0.916985,-0.181219,0,0,0,0,0.916985,0.181219,0
-0.921602,-0.176679,0,0,0,0,0.921602,0.176679,0
-0.92608,-0.172112,0,0,0,0,0.92608,0.172112,0
-0.93042,-0.16752,0,0,0,0,0.93042,0.16752,0
-0.934622,-0.162903,0,0,0,0,0.934622,0.162903,0
-0.938687,-0.158261,0,0,0,0,0.938687,0.158261,0
-0.942616,-0.153597,0,0,0,0,0.942616,0.153597,0
-0.94641,-0.148911,0,0,0,0,0.94641,0.148911,0
-0.950069,-0.144204,0,0,0,0,0.950069,0.144204,0
-0.953594,-0.139477,0,0,0,0,0.953594,0.139477,0
-0.956986,-0.13473,0,0,0,0,0.956986,0.13473,0
-0.960246,-0.129964,0,0,0,0,0.960246,0.129964,0
-0.963374,-0.12518,0,0,0,0,0.963374,0.12518,0
-0.96637,-0.12038,0,0,0,0,0.96637,0.12038,0
-0.969236,-0.115563,0,0,0,0,0.969236,0.115563,0
-0.971971,-0.11073,0,0,0,0,0.971971,0.11073,0
-0.974577,-0.105883,0,0,0,0,0.974577,0.105883,0
-0.977053,-0.101022,0,0,0,0,0.977053,0.101022,0
-0.9794,-0.0961472,0,0,0,0,0.9794,0.0961472,0
-0.981619,-0.0912599,0,0,0,0,0.981619,0.0912599,0
-0.98371,-0.0863608,0,0,0,0,0.98371,0.0863608,0
-0.985673,-0.0814505,0,0,0,0,0.985673,0.0814505,0
-0.987509,-0.0765296,0,0,0,0,0.987509,0.0765296,0
-0.989218,-0.0715989,0,0,0,0,0.989218,0.0715989,0
-0.9908,-0.066659,0,0,0,0,0.9908,0.066659,0
-0.992256,-0.0617106,0,0,0,0,0.992256,0.0617106,0
-0.993585,-0.0567544,0,0,0,0,0.993585,0.0567544,0
-0.994788,-0.0517909,0,0,0,0,0.994788,0.0517909,0
-0.995866,-0.0468209,0,0,0,0,0.995866,0.0468209,0
-0.996818,-0.041845,0,0,0,0,0.996818,0.041845,0
-0.997644,-0.0368639,0,0,0,0,0.997644,0.0368639,0
-0.998345,-0.0318781,0,0,0,0,0.998345,0.0318781,0
-0.998921,-0.0268883,0,0,0,0,0.998921,0.0268883,0
-0.999372,-0.0218951,0,0,0,0,0.999372,0.0218951,0
-0.999698,-0.0168992,0,0,0,0,0.999698,0.0168992,0
-0.999898,-0.0119012,0,0,0,0,0.999898,0.0119012,0
-0.999974,-0.00690169,0,0,0,0,0.999974,0.00690169,0
-0.999925,-0.00190132,0,0,0,0,0.999925,0.00190132,0
-0.99975,0.00309928,0,0,0,0,0.99975,-0.00309928,0
-0.999451,0.0080995,0,0,0,0,0.999451,-0.0080995,0
-0.999026,0.0130987,0,0,0,0,0.999026,-0.0130987,0
-0.998476,0.0180963,0,0,0,0,0.998476,-0.0180963,0
-0.997801,0.0230916,0,0,0,0,0.997801,-0.0230916,0
-0.997001,0.0280839,0,0,0,0,0.997001,-0.0280839,0
-0.996075,0.0330728,0,0,0,0,0.996075,-0.0330728,0
-0.995023,0.0380575,0,0,0,0,0.995023,-0.0380575,0
-0.993845,0.0430373,0,0,0,0,0.993845,-0.0430373,0
-0.992541,0.0480117,0,0,0,0,0.992541,-0.0480117,0
-0.99111,0.05298,0,0,0,0,0.99111,-0.05298,0
-0.989553,0.0579415,0,0,0,0,0.989553,-0.0579415,0
-0.987869,0.0628955,0,0,0,0,0.987869,-0.0628955,0
-0.986057,0.0678415,0,0,0,0,0.986057,-0.0678415,0
-0.984118,0.0727787,0,0,0,0,0.984118,-0.0727787,0
-0.98205,0.0777064,0,0,0,0,0.98205,-0.0777064,0
-0.979855,0.0826239,0,0,0,0,0.979855,-0.0826239,0
-0.97753,0.0875306,0,0,0,0,0.97753,-0.0875306,0
-0.975077,0.0924257,0,0,0,0,0.975077,-0.0924257,0
-0.972493,0.0973085,0,0,0,0,0.972493,-0.0973085,0
-0.969779,0.102178,0,0,0,0,0.969779,-0.102178,0
-0.966935,0.107034,0,0,0,0,0.966935,-0.107034,0
-0.963959,0.111876,0,0,0,0,0.963959,-0.111876,0
-0.960852,0.116702,0,0,0,0,0.960852,-0.116702,0
-0.957612,0.121512,0,0,0,0,0.957612,-0.121512,0
-0.954239,0.126305,0,0,0,0,0.954239,-0.126305,0
-0.950732,0.131081,0,0,0,0,0.950732,-0.131081,0
-0.947091,0.135838,0,0,0,0,0.947091,-0.135838,0
-0.943314,0.140575,0,0,0,0,0.943314,-0.140575,0
-0.939402,0.145292,0,0,0,0,0.939402,-0.145292,0
-0.935353,0.149989,0,0,0,0,0.935353,-0.149989,0
-0.931166,0.154663,0,0,0,0,0.931166,-0.154663,0
-0.926841,0.159314,0,0,0,0,0.926841,-0.159314,0
-0.922377,0.163941,0,0,0,0,0.922377,-0.163941,0
-0.917772,0.168543,0,0,0,0,0.917772,-0.168543,0
-0.913026,0.17312,0,0,0,0,0.913026,-0.17312,0
-0.908139,0.177669,0,0,0,0,0.908139,-0.177669,0
-0.903107,0.18219,0,0,0,0,0.903107,-0.18219,0
-0.897932,0.186682,0,0,0,0,0.897932,-0.186682,0
-0.892611,0.191144,0,0,0,0,0.892611,-0.191144,0
-0.887143,0.195575,0,0,0,0,0.887143,-0.195575,0
-0.881527,0.199973,0,0,0,0,0.881527,-0.199973,0
-0.875762,0.204337,0,0,0,0,0.875762,-0.204337,0
-0.869847,0.208666,0,0,0,0,0.869847,-0.208666,0
-0.863779,0.212958,0,0,0,0,0.863779,-0.212958,0
-0.857559,0.217213,0,0,0,0,0.857559,-0.217213,0
-0.851183,0.221428,0,0,0,0,0.851183,-0.221428,0
-0.844651,0.225603,0,0,0,0,0.844651,-0.225603,0
-0.837961,0.229736,0,0,0,0,0.837961,-0.229736,0
-0.831112,0.233825,0,0,0,0,0.831112,-0.233825,0
-0.824101,0.237868,0,0,0,0,0.824101,-0.237868,0
-0.816927,0.241864,0,0,0,0,0.816927,-0.241864,0
-0.809587,0.245811,0,0,0,0,0.809587,-0.245811,0
-0.802081,0.249708,0,0,0,0,0.802081,-0.249708,0
-0.794405,0.253552,0,0,0,0,0.794405,-0.253552,0
-0.786558,0.257341,0,0,0,0,0.786558,-0.257341,0
-0.778538,0.261074,0,0,0,0,0.778538,-0.261074,0
-0.770342,0.264747,0,0,0,0,0.770342,-0.264747,0
-0.761967,0.26836,0,0,0,0,0.761967,-0.26836,0
-0.753412,0.271908,0,0,0,0,0.753412,-0.271908,0
-0.744674,0.275391,0,0,0,0,0.744674,-0.275391,0
-0.73575,0.278805,0,0,0,0,0.73575,-0.278805,0
-0.726637,0.282147,0,0,0,0,0.726637,-0.282147,0
-0.717332,0.285415,0,0,0,0,0.717332,-0.285415,0
-0.707832,0.288605,0,0,0,0,0.707832,-0.288605,0
-0.698134,0.291714,0,0,0,0,0.698134,-0.291714,0
-0.688235,0.294739,0,0,0,0,0.688235,-0.294739,0
-0.678131,0.297677,0,0,0,0,0.678131,-0.297677,0
-0.667818,0.300523,0,0,0,0,0.667818,-0.300523,0
-0.657292,0.303273,0,0,0,0,0.657292,-0.303273,0
-0.64655,0.305923,0,0,0,0,0.64655,-0.305923,0
-0.635587,0.308468,0,0,0,0,0.635587,-0.308468,0
-0.624398,0.310905,0,0,0,0,0.624398,-0.310905,0
-0.61298,0.313226,0,0,0,0,0.61298,-0.313226,0
-0.601327,0.315428,0,0,0,0,0.601327,-0.315428,0
-0.589433,0.317504,0,0,0,0,0.589433,-0.317504,0
-0.577294,0.319447,0,0,0,0,0.577294,-0.319447,0
-0.564904,0.321251,0,0,0,0,0.564904,-0.321251,0
-0.552257,0.322909,0,0,0,0,0.552257,-0.322909,0
-0.539345,0.324413,0,0,0,0,0.539345,-0.324413,0
-0.526164,0.325754,0,0,0,0,0.526164,-0.325754,0
-0.512704,0.326923,0,0,0,0,0.512704,-0.326923,0
-0.49896,0.32791,0,0,0,0,0.49896,-0.32791,0
-0.484923,0.328705,0,0,0,0,0.484923,-0.328705,0
-0.470584,0.329295,0,0,0,0,0.470584,-0.329295,0
-0.455934,0.329668,0,0,0,0,0.455934,-0.329668,0
-0.440965,0.329809,0,0,0,0,0.440965,-0.329809,0
-0.425665,0.329704,0,0,0,0,0.425665,-0.329704,0
-0.410025,0.329334,0,0,0,0,0.410025,-0.329334,0
-0.394032,0.328681,0,0,0,0,0.394032,-0.328681,0
-0.377674,0.327723,0,0,0,0,0.377674,-0.327723,0
-0.360939,0.326438,0,0,0,0,0.360939,-0.326438,0
-0.343812,0.324799,0,0,0,0,0.343812,-0.324799,0
-0.326279,0.322775,0,0,0,0,0.326279,-0.322775,0
-0.308324,0.320334,0,0,0,0,0.308324,-0.320334,0
-0.28993,0.317436,0,0,0,0,0.28993,-0.317436,0
-0.271081,0.314039,0,0,0,0,0.271081,-0.314039,0
-0.251756,0.310091,0,0,0,0,0.251756,-0.310091,0
-0.231938,0.305535,0,0,0,0,0.231938,-0.305535,0
-0.211606,0.3003,0,0,0,0,0.211606,-0.3003,0
-0.19074,0.294307,0,0,0,0,0.19074,-0.294307,0
-0.169322,0.28746,0,0,0,0,0.169322,-0.28746,0
-0.147335,0.279643,0,0,0,0,0.147335,-0.279643,0
-0.124765,0.270717,0,0,0,0,0.124765,-0.270717,0
-0.101607,0.260509,0,0,0,0,0.101607,-0.260509,0
-0.0778696,0.248808,0,0,0,0,0.0778696,-0.248808,0
-0.0535867,0.235346,0,0,0,0,0.0535867,-0.235346,0
-0.0288334,0.219784,0,0,0,0,0.0288334,-0.219784,0
-0.00375949,0.20169,0,0,0,0,0.00375949,-0.20169,0
0.0213531,0.180513,0,0,0,0,-0.0213531,-0.180513,0
0.0459887,0.155569,0,0,0,0,-0.0459887,-0.155569,0
0.0692234,0.126074,0,0,0,0,-0.0692234,-0.126074,0
0.0894749,0.0913267,0,0,0,0,-0.0894749,-0.0913267,0
0.104326,0.0512461,0,0,0,0,-0.104326,-0.0512461,0
0.110968,0.00726561,0,0,0,0,-0.110968,-0.00726561,0
0.107769,-0.0373401,0,0,0,0,-0.107769,0.0373401,0
0.0956425,-0.0789588,0,0,0,0,-0.0956425,0.0789588,0
0.0772309,-0.115558,0,0,0,0,-0.0772309,0.115558,0
0.0551493,-0.146844,0,0,0,0,-0.0551493,0.146844,0
0.0312204,-0.173386,0,0,0,0,-0.0312204,0.173386,0
0.00653969,-0.195957,0,0,0,0,-0.00653969,0.195957,0
-0.0182715,-0.215267,0,0,0,0,0.0182715,0.215267,0
-0.0428685,-0.231898,0,0,0,0,0.0428685,0.231898,0
-0.067064,-0.246311,0,0,0,0,0.067064,0.246311,0
-0.0907596,-0.258867,0,0,0,0,0.0907596,0.258867,0
-0.113908,-0.26985,0,0,0,0,0.113908,0.26985,0
-0.136491,-0.279488,0,0,0,0,0.136491,0.279488,0
-0.158508,-0.287961,0,0,0,0,0.158508,0.287961,0
-0.179967,-0.29542,0,0,0,0,0.179967,0.29542,0
-0.200884,-0.301984,0,0,0,0,0.200884,0.301984,0
-0.221274,-0.307756,0,0,0,0,0.221274,0.307756,0
-0.241156,-0.31282,0,0,0,0,0.241156,0.31282,0
-0.260549,-0.317249,0,0,0,0,0.260549,0.317249,0
-0.279471,-0.321104,0,0,0,0,0.279471,0.321104,0
-0.29794,-0.324438,0,0,0,0,0.29794,0.324438,0
-0.315973,-0.327298,0,0,0,0,0.315973,0.327298,0
-0.333587,-0.329722,0,0,0,0,0.333587,0.329722,0
-0.350797,-0.331746,0,0,0,0,0.350797,0.331746,0
-0.367617,-0.333402,0,0,0,0,0.367617,0.333402,0
-0.384061,-0.334717,0,0,0,0,0.384061,0.334717,0
-0.400142,-0.335715,0,0,0,0,0.400142,0.335715,0
-0.415871,-0.336418,0,0,0,0,0.415871,0.336418,0
-0.431261,-0.336846,0,0,0,0,0.431261,0.336846,0
-0.446322,-0.337018,0,0,0,0,0.446322,0.337018,0
-0.461065,-0.336948,0,0,0,0,0.461065,0.336948,0
-0.475497,-0.336652,0,0,0,0,0.475497,0.336652,0
-0.489629,-0.336143,0,0,0,0,0.489629,0.336143,0
-0.503469,-0.335434,0,0,0,0,0.503469,0.335434,0
-0.517024,-0.334535,0,0,0,0,0.517024,0.334535,0
-0.530303,-0.333457,0,0,0,0,0.530303,0.333457,0
-0.543312,-0.332209,0,0,0,0,0.543312,0.332209,0
-0.556058,-0.3308,0,0,0,0,0.556058,0.3308,0
-0.568547,-0.329239,0,0,0,0,0.568547,0.329239,0
-0.580786,-0.327533,0,0,0,0,0.580786,0.327533,0
-0.59278,-0.325688,0,0,0,0,0.59278,0.325688,0
-0.604534,-0.323712,0,0,0,0,0.604534,0.323712,0
-0.616054,-0.32161,0,0,0,0,0.616054,0.32161,0
-0.627345,-0.319389,0,0,0,0,0.627345,0.319389,0
-0.638411,-0.317053,0,0,0,0,0.638411,0.317053,0
-0.649256,-0.314608,0,0,0,0,0.649256,0.314608,0
-0.659885,-0.312058,0,0,0,0,0.659885,0.312058,0
-0.670302,-0.309407,0,0,0,0,0.670302,0.309407,0
-0.680511,-0.30666,0,0,0,0,0.680511,0.30666,0
-0.690515,-0.303822,0,0,0,0,0.690515,0.303822,0
-0.700319,-0.300894,0,0,0,0,0.700319,0.300894,0
-0.709924,-0.297882,0,0,0,0,0.709924,0.297882,0
-0.719335,-0.294788,0,0,0,0,0.719335,0.294788,0
-0.728555,-0.291616,0,0,0,0,0.728555,0.291616,0
-0.737586,-0.288368,0,0,0,0,0.737586,0.288368,0
-0.746432,-0.285048,0,0,0,0,0.746432,0.285048,0
-0.755095,-0.281658,0,0,0,0,0.755095,0.281658,0
-0.763577,-0.278201,0,0,0,0,0.763577,0.278201,0
-0.771882,-0.274678,0,0,0,0,0.771882,0.274678,0
-0.780011,-0.271094,0,0,0,0,0.780011,0.271094,0
-0.787967,-0.267449,0,0,0,0,0.787967,0.267449,0
-0.795752,-0.263746,0,0,0,0,0.795752,0.263746,0
-0.803368,-0.259987,0,0,0,0,0.803368,0.259987,0
-0.810817,-0.256174,0,0,0,0,0.810817,0.256174,0
-0.818102,-0.252309,0,0,0,0,0.818102,0.252309,0
-0.825223,-0.248394,0,0,0,0,0.825223,0.248394,0
-0.832183,-0.244431,0,0,0,0,0.832183,0.244431,0
-0.838984,-0.24042,0,0,0,0,0.838984,0.24042,0
-0.845627,-0.236364,0,0,0,0,0.845627,0.236364,0
-0.852114,-0.232265,0,0,0,0,0.852114,0.232265,0
-0.858447,-0.228123,0,0,0,0,0.858447,0.228123,0
-0.864626,-0.223941,0,0,0,0,0.864626,0.223941,0
-0.870654,-0.21972,0,0,0,0,0.870654,0.21972,0
-0.876531,-0.21546,0,0,0,0,0.876531,0.21546,0
-0.882259,-0.211164,0,0,0,0,0.882259,0.211164,0
-0.88784,-0.206833,0,0,0,0,0.88784,0.206833,0
-0.893274,-0.202467,0,0,0,0,0.893274,0.202467,0
-0.898562,-0.198068,0,0,0,0,0.898562,0.198068,0
-0.903707,-0.193638,0,0,0,0,0.903707,0.193638,0
-0.908708,-0.189177,0,0,0,0,0.908708,0.189177,0
-0.913568,-0.184687,0,0,0,0,0.913568,0.184687,0
-0.918286,-0.180168,0,0,0,0,0.918286,0.180168,0
-0.922864,-0.175621,0,0,0,0,0.922864,0.175621,0
-0.927303,-0.171048,0,0,0,0,0.927303,0.171048,0
-0.931604,-0.16645,0,0,0,0,0.931604,0.16645,0
-0.935768,-0.161826,0,0,0,0,0.935768,0.161826,0
-0.939795,-0.15718,0,0,0,0,0.939795,0.15718,0
-0.943686,-0.15251,0,0,0,0,0.943686,0.15251,0
-0.947442,-0.147819,0,0,0,0,0.947442,0.147819,0
-0.951063,-0.143107,0,0,0,0,0.951063,0.143107,0
-0.954551,-0.138375,0,0,0,0,0.954551,0.138375,0
-0.957907,-0.133623,0,0,0,0,0.957907,0.133623,0
-0.961129,-0.128853,0,0,0,0,0.961129,0.128853,0
-0.96422,-0.124065,0,0,0,0,0.96422,0.124065,0
-0.96718,-0.119261,0,0,0,0,0.96718,0.119261,0
-0.970009,-0.11444,0,0,0,0,0.970009,0.11444,0
-0.972708,-0.109604,0,0,0,0,0.972708,0.109604,0
-0.975278,-0.104753,0,0,0,0,0.975278,0.104753,0
-0.977718,-0.0998889,0,0,0,0,0.977718,0.0998889,0
-0.98003,-0.0950112,0,0,0,0,0.98003,0.0950112,0
-0.982213,-0.0901211,0,0,0,0,0.982213,0.0901211,0
-0.984268,-0.0852192,0,0,0,0,0.984268,0.0852192,0
-0.986196,-0.0803063,0,0,0,0,0.986196,0.0803063,0
-0.987996,-0.075383,0,0,0,0,0.987996,0.075383,0
-0.98967,-0.0704501,0,0,0,0,0.98967,0.0704501,0
-0.991216,-0.0655081,0,0,0,0,0.991216,0.0655081,0
-0.992637,-0.0605578,0,0,0,0,0.992637,0.0605578,0
-0.993931,-0.0555997,0,0,0,0,0.993931,0.0555997,0
-0.995099,-0.0506347,0,0,0,0,0.995099,0.0506347,0
-0.996142,-0.0456632,0,0,0,0,0.996142,0.0456632,0
-0.997059,-0.040686,0,0,0,0,0.997059,0.040686,0
-0.99785,-0.0357036,0,0,0,0,0.99785,0.0357036,0
-0.998516,-0.0307168,0,0,0,0,0.998516,0.0307168,0
-0.999057,-0.0257261,0,0,0,0,0.999057,0.0257261,0
-0.999473,-0.0207322,0,0,0,0,0.999473,0.0207322,0
-0.999764,-0.0157357,0,0,0,0,0.999764,0.0157357,0
-0.99993,-0.0107372,0,0,0,0,0.99993,0.0107372,0
-0.999971,-0.00573742,0,0,0,0,0.999971,0.00573742,0
-0.999887,-0.00073689,0,0,0,0,0.999887,0.00073689,0
-0.999678,0.00426373,0,0,0,0,0.999678,-0.00426373,0
-0.999343,0.00926381,0,0,0,0,0.999343,-0.00926381,0
-0.998884,0.0142627,0,0,0,0,0.998884,-0.0142627,0
-0.998299,0.0192599,0,0,0,0,0.998299,-0.0192599,0
-0.997589,0.0242546,0,0,0,0,0.997589,-0.0242546,0
-0.996754,0.0292463,0,0,0,0,0.996754,-0.0292463,0
-0.995792,0.0342342,0,0,0,0,0.995792,-0.0342342,0
-0.994705,0.0392179,0,0,0,0,0.994705,-0.0392179,0
-0.993492,0.0441966,0,0,0,0,0.993492,-0.0441966,0
-0.992153,0.0491696,0,0,0,0,0.992153,-0.0491696,0
-0.990687,0.0541364,0,0,0,0,0.990687,-0.0541364,0
-0.989095,0.0590963,0,0,0,0,0.989095,-0.0590963,0
-0.987375,0.0640486,0,0,0,0,0.987375,-0.0640486,0
-0.985528,0.0689926,0,0,0,0,0.985528,-0.0689926,0
-0.983553,0.0739276,0,0,0,0,0.983553,-0.0739276,0
-0.98145,0.0788531,0,0,0,0,0.98145,-0.0788531,0
-0.979218,0.0837682,0,0,0,0,0.979218,-0.0837682,0
-0.976858,0.0886722,0,0,0,0,0.976858,-0.0886722,0
-0.974368,0.0935646,0,0,0,0,0.974368,-0.0935646,0
-0.971748,0.0984444,0,0,0,0,0.971748,-0.0984444,0
-0.968998,0.103311,0,0,0,0,0.968998,-0.103311,0
-0.966117,0.108164,0,0,0,0,0.966117,-0.108164,0
-0.963105,0.113002,0,0,0,0,0.963105,-0.113002,0
-0.95996,0.117824,0,0,0,0,0.95996,-0.117824,0
-0.956683,0.12263,0,0,0,0,0.956683,-0.12263,0
-0.953273,0.12742,0,0,0,0,0.953273,-0.12742,0
-0.949728,0.132191,0,0,0,0,0.949728,-0.132191,0
-0.946049,0.136943,0,0,0,0,0.946049,-0.136943,0
-0.942235,0.141676,0,0,0,0,0.942235,-0.141676,0
-0.938284,0.146388,0,0,0,0,0.938284,-0.146388,0
-0.934197,0.151079,0,0,0,0,0.934197,-0.151079,0
-0.929971,0.155748,0,0,0,0,0.929971,-0.155748,0
-0.925607,0.160394,0,0,0,0,0.925607,-0.160394,0
-0.921104,0.165015,0,0,0,0,0.921104,-0.165015,0
-0.91646,0.169611,0,0,0,0,0.91646,-0.169611,0
-0.911674,0.174181,0,0,0,0,0.911674,-0.174181,0
-0.906746,0.178724,0,0,0,0,0.906746,-0.178724,0
-0.901675,0.183238,0,0,0,0,0.901675,-0.183238,0
-0.896458,0.187723,0,0,0,0,0.896458,-0.187723,0
-0.891096,0.192178,0,0,0,0,0.891096,-0.192178,0
-0.885587,0.196601,0,0,0,0,0.885587,-0.196601,0
-0.879929,0.20099,0,0,0,0,0.879929,-0.20099,0
-0.874122,0.205346,0,0,0,0,0.874122,-0.205346,0
-0.868164,0.209666,0,0,0,0,0.868164,-0.209666,0
-0.862054,0.21395,0,0,0,0,0.862054,-0.21395,0
-0.855789,0.218195,0,0,0,0,0.855789,-0.218195,0
-0.84937,0.222401,0,0,0,0,0.84937,-0.222401,0
-0.842794,0.226565,0,0,0,0,0.842794,-0.226565,0
-0.836059,0.230687,0,0,0,0,0.836059,-0.230687,0
-0.829164,0.234765,0,0,0,0,0.829164,-0.234765,0
-0.822107,0.238797,0,0,0,0,0.822107,-0.238797,0
-0.814886,0.242781,0,0,0,0,0.814886,-0.242781,0
-0.807499,0.246716,0,0,0,0,0.807499,-0.246716,0
-0.799945,0.2506,0,0,0,0,0.799945,-0.2506,0
-0.792221,0.25443,0,0,0,0,0.792221,-0.25443,0
-0.784325,0.258206,0,0,0,0,0.784325,-0.258206,0
-0.776255,0.261924,0,0,0,0,0.776255,-0.261924,0
-0.768009,0.265582,0,0,0,0,0.768009,-0.265582,0
-0.759584,0.269179,0,0,0,0,0.759584,-0.269179,0
-0.750977,0.272711,0,0,0,0,0.750977,-0.272711,0
-0.742186,0.276176,0,0,0,0,0.742186,-0.276176,0
-0.733208,0.279572,0,0,0,0,0.733208,-0.279572,0
-0.724041,0.282896,0,0,0,0,0.724041,-0.282896,0
-0.714681,0.286144,0,0,0,0,0.714681,-0.286144,0
-0.705125,0.289314,0,0,0,0,0.705125,-0.289314,0
-0.69537,0.292402,0,0,0,0,0.69537,-0.292402,0
-0.685412,0.295405,0,0,0,0,0.685412,-0.295405,0
-0.675249,0.298319,0,0,0,0,0.675249,-0.298319,0
-0.664875,0.30114,0,0,0,0,0.664875,-0.30114,0
-0.654288,0.303865,0,0,0,0,0.654288,-0.303865,0
-0.643483,0.306488,0,0,0,0,0.643483,-0.306488,0
-0.632456,0.309006,0,0,0,0,0.632456,-0.309006,0
-0.621202,0.311413,0,0,0,0,0.621202,-0.311413,0
-0.609717,0.313703,0,0,0,0,0.609717,-0.313703,0
-0.597995,0.315872,0,0,0,0,0.597995,-0.315872,0
-0.586032,0.317914,0,0,0,0,0.586032,-0.317914,0
-0.573821,0.319821,0,0,0,0,0.573821,-0.319821,0
-0.561358,0.321587,0,0,0,0,0.561358,-0.321587,0
-0.548635,0.323205,0,0,0,0,0.548635,-0.323205,0
-0.535646,0.324666,0,0,0,0,0.535646,-0.324666,0
-0.522385,0.325962,0,0,0,0,0.522385,-0.325962,0
-0.508845,0.327084,0,0,0,0,0.508845,-0.327084,0
-0.495016,0.32802,0,0,0,0,0.495016,-0.32802,0
-0.480893,0.328761,0,0,0,0,0.480893,-0.328761,0
-0.466465,0.329293,0,0,0,0,0.466465,-0.329293,0
-0.451724,0.329605,0,0,0,0,0.451724,-0.329605,0
-0.43666,0.329681,0,0,0,0,0.43666,-0.329681,0
-0.421263,0.329505,0,0,0,0,0.421263,-0.329505,0
-0.405521,0.329059,0,0,0,0,0.405521,-0.329059,0
-0.389423,0.328325,0,0,0,0,0.389423,-0.328325,0
-0.372957,0.32728,0,0,0,0,0.372957,-0.32728,0
-0.35611,0.325899,0,0,0,0,0.35611,-0.325899,0
-0.338866,0.324157,0,0,0,0,0.338866,-0.324157,0
-0.321212,0.322021,0,0,0,0,0.321212,-0.322021,0
-0.303131,0.319457,0,0,0,0,0.303131,-0.319457,0
-0.284606,0.316424,0,0,0,0,0.284606,-0.316424,0
-0.26562,0.312879,0,0,0,0,0.26562,-0.312879,0
-0.246153,0.308766,0,0,0,0,0.246153,-0.308766,0
-0.226186,0.304026,0,0,0,0,0.226186,-0.304026,0
-0.2057,0.298587,0,0,0,0,0.2057,-0.298587,0
-0.184675,0.292363,0,0,0,0,0.184675,-0.292363,0
-0.163091,0.285254,0,0,0,0,0.163091,-0.285254,0
-0.140934,0.277137,0,0,0,0,0.140934,-0.277137,0
-0.118191,0.267866,0,0,0,0,0.118191,-0.267866,0
-0.0948602,0.257256,0,0,0,0,0.0948602,-0.257256,0
-0.0709567,0.245081,0,0,0,0,0.0709567,-0.245081,0
-0.0465232,0.231056,0,0,0,0,0.0465232,-0.231056,0
-0.0216525,0.214817,0,0,0,0,0.0216525,-0.214817,0
0.00347492,0.195899,0,0,0,0,-0.00347492,-0.195899,0
0.0285227,0.173714,0,0,0,0,-0.0285227,-0.173714,0
0.0528788,0.147541,0,0,0,0,-0.0528788,-0.147541,0
0.0754566,0.116589,0,0,0,0,-0.0754566,-0.116589,0
0.0944374,0.0802616,0,0,0,0,-0.0944374,-0.0802616,0
0.107197,0.0388184,0,0,0,0,-0.107197,-0.0388184,0
0.111066,-0.00573839,0,0,0,0,-0.111066,0.00573839,0
0.105087,-0.0498065,0,0,0,0,-0.105087,0.0498065,0
0.090852,-0.0900939,0,0,0,0,-0.090852,0.0900939,0
0.0711487,-0.125134,0,0,0,0,-0.0711487,0.125134,0
0.0483896,-0.154975,0,0,0,0,-0.0483896,0.154975,0
0.0241629,-0.180294,0,0,0,0,-0.0241629,0.180294,0
-0.000598196,-0.20186,0,0,0,0,0.000598196,0.20186,0
-0.0253688,-0.220346,0,0,0,0,0.0253688,0.220346,0
-0.0498594,-0.236299,0,0,0,0,0.0498594,0.236299,0
-0.0739134,-0.250147,0,0,0,0,0.0739134,0.250147,0
-0.0974503,-0.262228,0,0,0,0,0.0974503,0.262228,0
-0.120433,-0.272807,0,0,0,0,0.120433,0.272807,0
-0.142849,-0.282096,0,0,0,0,0.142849,0.282096,0
-0.164701,-0.290268,0,0,0,0,0.164701,0.290268,0
-0.185999,-0.297462,0,0,0,0,0.185999,0.297462,0
-0.206759,-0.303793,0,0,0,0,0.206759,0.303793,0
-0.226998,-0.309357,0,0,0,0,0.226998,0.309357,0
-0.246735,-0.314236,0,0,0,0,0.246735,0.314236,0
-0.265989,-0.318498,0,0,0,0,0.265989,0.318498,0
-0.284777,-0.322203,0,0,0,0,0.284777,0.322203,0
-0.303117,-0.3254,0,0,0,0,0.303117,0.3254,0
-0.321026,-0.328135,0,0,0,0,0.321026,0.328135,0
-0.338521,-0.330444,0,0,0,0,0.338521,0.330444,0
-0.355616,-0.332364,0,0,0,0,0.355616,0.332364,0
-0.372325,-0.333923,0,0,0,0,0.372325,0.333923,0
-0.388662,-0.335148,0,0,0,0,0.388662,0.335148,0
-0.40464,-0.336063,0,0,0,0,0.40464,0.336063,0
-0.42027,-0.336689,0,0,0,0,0.42027,0.336689,0
-0.435563,-0.337046,0,0,0,0,0.435563,0.337046,0
-0.450531,-0.33715,0,0,0,0,0.450531,0.33715,0
-0.465182,-0.337017,0,0,0,0,0.465182,0.337017,0
-0.479527,-0.336662,0,0,0,0,0.479527,0.336662,0
-0.493573,-0.336098,0,0,0,0,0.493573,0.336098,0
-0.50733,-0.335337,0,0,0,0,0.50733,0.335337,0
-0.520805,-0.334389,0,0,0,0,0.520805,0.334389,0
-0.534005,-0.333264,0,0,0,0,0.534005,0.333264,0
-0.546938,-0.331973,0,0,0,0,0.546938,0.331973,0
-0.559609,-0.330523,0,0,0,0,0.559609,0.330523,0
-0.572026,-0.328922,0,0,0,0,0.572026,0.328922,0
-0.584193,-0.327179,0,0,0,0,0.584193,0.327179,0
-0.596118,-0.325299,0,0,0,0,0.596118,0.325299,0
-0.607804,-0.323289,0,0,0,0,0.607804,0.323289,0
-0.619258,-0.321155,0,0,0,0,0.619258,0.321155,0
-0.630484,-0.318903,0,0,0,0,0.630484,0.318903,0
-0.641486,-0.316538,0,0,0,0,0.641486,0.316538,0
-0.652269,-0.314065,0,0,0,0,0.652269,0.314065,0
-0.662837,-0.311488,0,0,0,0,0.662837,0.311488,0
-0.673194,-0.308813,0,0,0,0,0.673194,0.308813,0
-0.683344,-0.306042,0,0,0,0,0.683344,0.306042,0
-0.69329,-0.30318,0,0,0,0,0.69329,0.30318,0
-0.703037,-0.30023,0,0,0,0,0.703037,0.30023,0
-0.712587,-0.297197,0,0,0,0,0.712587,0.297197,0
-0.721943,-0.294083,0,0,0,0,0.721943,0.294083,0
-0.731109,-0.290891,0,0,0,0,0.731109,0.290891,0
-0.740087,-0.287624,0,0,0,0,0.740087,0.287624,0
-0.74888,-0.284286,0,0,0,0,0.74888,0.284286,0
-0.757491,-0.280879,0,0,0,0,0.757491,0.280879,0
-0.765923,-0.277405,0,0,0,0,0.765923,0.277405,0
-0.774177,-0.273866,0,0,0,0,0.774177,0.273866,0
-0.782257,-0.270266,0,0,0,0,0.782257,0.270266,0
-0.790164,-0.266607,0,0,0,0,0.790164,0.266607,0
-0.797901,-0.26289,0,0,0,0,0.797901,0.26289,0
-0.80547,-0.259117,0,0,0,0,0.80547,0.259117,0
-0.812872,-0.255291,0,0,0,0,0.812872,0.255291,0
-0.82011,-0.251413,0,0,0,0,0.82011,0.251413,0
-0.827186,-0.247486,0,0,0,0,0.827186,0.247486,0
-0.834101,-0.243511,0,0,0,0,0.834101,0.243511,0
-0.840857,-0.239489,0,0,0,0,0.840857,0.239489,0
-0.847456,-0.235422,0,0,0,0,0.847456,0.235422,0
-0.853899,-0.231312,0,0,0,0,0.853899,0.231312,0
-0.860188,-0.22716,0,0,0,0,0.860188,0.22716,0
-0.866325,-0.222968,0,0,0,0,0.866325,0.222968,0
-0.87231,-0.218737,0,0,0,0,0.87231,0.218737,0
-0.878145,-0.214469,0,0,0,0,0.878145,0.214469,0
-0.883831,-0.210164,0,0,0,0,0.883831,0.210164,0
-0.889371,-0.205824,0,0,0,0,0.889371,0.205824,0
-0.894764,-0.20145,0,0,0,0,0.894764,0.20145,0
-0.900012,-0.197044,0,0,0,0,0.900012,0.197044,0
-0.905116,-0.192606,0,0,0,0,0.905116,0.192606,0
-0.910077,-0.188138,0,0,0,0,0.910077,0.188138,0
-0.914897,-0.183641,0,0,0,0,0.914897,0.183641,0
-0.919576,-0.179115,0,0,0,0,0.919576,0.179115,0
-0.924115,-0.174562,0,0,0,0,0.924115,0.174562,0
-0.928515,-0.169982,0,0,0,0,0.928515,0.169982,0
-0.932778,-0.165378,0,0,0,0,0.932778,0.165378,0
-0.936903,-0.160749,0,0,0,0,0.936903,0.160749,0
-0.940892,-0.156097,0,0,0,0,0.940892,0.156097,0
-0.944745,-0.151422,0,0,0,0,0.944745,0.151422,0
-0.948463,-0.146726,0,0,0,0,0.948463,0.146726,0
-0.952047,-0.142009,0,0,0,0,0.952047,0.142009,0
-0.955498,-0.137272,0,0,0,0,0.955498,0.137272,0
-0.958816,-0.132516,0,0,0,0,0.958816,0.132516,0
-0.962002,-0.127741,0,0,0,0,0.962002,0.127741,0
-0.965057,-0.12295,0,0,0,0,0.965057,0.12295,0
-0.96798,-0.118141,0,0,0,0,0.96798,0.118141,0
-0.970773,-0.113317,0,0,0,0,0.970773,0.113317,0
-0.973436,-0.108477,0,0,0,0,0.973436,0.108477,0
-0.975969,-0.103623,0,0,0,0,0.975969,0.103623,0
-0.978373,-0.0987553,0,0,0,0,0.978373,0.0987553,0
-0.980649,-0.0938746,0,0,0,0,0.980649,0.0938746,0
-0.982796,-0.0889816,0,0,0,0,0.982796,0.0889816,0
-0.984816,-0.084077,0,0,0,0,0.984816,0.084077,0
-0.986708,-0.0791616,0,0,0,0,0.986708,0.0791616,0
-0.988473,-0.0742359,0,0,0,0,0.988473,0.0742359,0
-0.990111,-0.0693007,0,0,0,0,0.990111,0.0693007,0
-0.991623,-0.0643567,0,0,0,0,0.991623,0.0643567,0
-0.993008,-0.0594045,0,0,0,0,0.993008,0.0594045,0
-0.994267,-0.0544447,0,0,0,0,0.994267,0.0544447,0
-0.9954,-0.049478,0,0,0,0,0.9954,0.049478,0
-0.996408,-0.0445051,0,0,0,0,0.996408,0.0445051,0
-0.99729,-0.0395266,0,0,0,0,0.99729,0.0395266,0
-0.998046,-0.0345431,0,0,0,0,0.998046,0.0345431,0
-0.998678,-0.0295552,0,0,0,0,0.998678,0.0295552,0
-0.999184,-0.0245637,0,0,0,0,0.999184,0.0245637,0
-0.999565,-0.0195691,0,0,0,0,0.999565,0.0195691,0
-0.999821,-0.014572,0,0,0,0,0.999821,0.014572,0
-0.999952,-0.00957315,0,0,0,0,0.999952,0.00957315,0
-0.999958,-0.00457307,0,0,0,0,0.999958,0.00457307,0
-0.999839,0.000427576,0,0,0,0,0.999839,-0.000427576,0
-0.999595,0.00542817,0,0,0,0,0.999595,-0.00542817,0
-0.999226,0.0104281,0,0,0,0,0.999226,-0.0104281,0
-0.998732,0.0154267,0,0,0,0,0.998732,-0.0154267,0
-0.998112,0.0204234,0,0,0,0,0.998112,-0.0204234,0
-0.997367,0.0254175,0,0,0,0,0.997367,-0.0254175,0
-0.996497,0.0304084,0,0,0,0,0.996497,-0.0304084,0
-0.995501,0.0353955,0,0,0,0,0.995501,-0.0353955,0
-0.994378,0.0403781,0,0,0,0,0.994378,-0.0403781,0
-0.99313,0.0453555,0,0,0,0,0.99313,-0.0453555,0
-0.991756,0.0503273,0,0,0,0,0.991756,-0.0503273,0
-0.990255,0.0552925,0,0,0,0,0.990255,-0.0552925,0
-0.988627,0.0602507,0,0,0,0,0.988627,-0.0602507,0
-0.986871,0.0652012,0,0,0,0,0.986871,-0.0652012,0
-0.984989,0.0701432,0,0,0,0,0.984989,-0.0701432,0
-0.982978,0.0750761,0,0,0,0,0.982978,-0.0750761,0
-0.980839,0.0799992,0,0,0,0,0.980839,-0.0799992,0
-0.978572,0.0849118,0,0,0,0,0.978572,-0.0849118,0
-0.976175,0.0898133,0,0,0,0,0.976175,-0.0898133,0
-0.973649,0.0947028,0,0,0,0,0.973649,-0.0947028,0
-0.970993,0.0995796,0,0,0,0,0.970993,-0.0995796,0
-0.968206,0.104443,0,0,0,0,0.968206,-0.104443,0
-0.965289,0.109292,0,0,0,0,0.965289,-0.109292,0
-0.96224,0.114127,0,0,0,0,0.96224,-0.114127,0
-0.959058,0.118946,0,0,0,0,0.959058,-0.118946,0
-0.955744,0.123748,0,0,0,0,0.955744,-0.123748,0
-0.952296,0.128533,0,0,0,0,0.952296,-0.128533,0
-0.948714,0.1333,0,0,0,0,0.948714,-0.1333,0
-0.944997,0.138048,0,0,0,0,0.944997,-0.138048,0
-0.941145,0.142776,0,0,0,0,0.941145,-0.142776,0
-0.937156,0.147483,0,0,0,0,0.937156,-0.147483,0
-0.93303,0.152169,0,0,0,0,0.93303,-0.152169,0
-0.928766,0.156832,0,0,0,0,0.928766,-0.156832,0
-0.924363,0.161472,0,0,0,0,0.924363,-0.161472,0
-0.91982,0.166088,0,0,0,0,0.91982,-0.166088,0
-0.915136,0.170678,0,0,0,0,0.915136,-0.170678,0
-0.910311,0.175241,0,0,0,0,0.910311,-0.175241,0
-0.905343,0.179777,0,0,0,0,0.905343,-0.179777,0
-0.900231,0.184285,0,0,0,0,0.900231,-0.184285,0
-0.894973,0.188763,0,0,0,0,0.894973,-0.188763,0
-0.88957,0.19321,0,0,0,0,0.88957,-0.19321,0
-0.884019,0.197624,0,0,0,0,0.884019,-0.197624,0
-0.87832,0.202006,0,0,0,0,0.87832,-0.202006,0
-0.87247,0.206353,0,0,0,0,0.87247,-0.206353,0
-0.866469,0.210665,0,0,0,0,0.866469,-0.210665,0
-0.860316,0.214939,0,0,0,0,0.860316,-0.214939,0
-0.854008,0.219175,0,0,0,0,0.854008,-0.219175,0
-0.847544,0.22337,0,0,0,0,0.847544,-0.22337,0
-0.840923,0.227525,0,0,0,0,0.840923,-0.227525,0
-0.834143,0.231636,0,0,0,0,0.834143,-0.231636,0
-0.827203,0.235703,0,0,0,0,0.827203,-0.235703,0
-0.8201,0.239723,0,0,0,0,0.8201,-0.239723,0
-0.812832,0.243695,0,0,0,0,0.812832,-0.243695,0
-0.805398,0.247618,0,0,0,0,0.805398,-0.247618,0
-0.797796,0.251488,0,0,0,0,0.797796,-0.251488,0
-0.790024,0.255305,0,0,0,0,0.790024,-0.255305,0
-0.782079,0.259066,0,0,0,0,0.782079,-0.259066,0
-0.773959,0.26277,0,0,0,0,0.773959,-0.26277,0
-0.765662,0.266413,0,0,0,0,0.765662,-0.266413,0
-0.757185,0.269993,0,0,0,0,0.757185,-0.269993,0
-0.748526,0.273509,0,0,0,0,0.748526,-0.273509,0
-0.739683,0.276957,0,0,0,0,0.739683,-0.276957,0
-0.730651,0.280335,0,0,0,0,0.730651,-0.280335,0
-0.721429,0.283639,0,0,0,0,0.721429,-0.283639,0
-0.712014,0.286868,0,0,0,0,0.712014,-0.286868,0
-0.702401,0.290017,0,0,0,0,0.702401,-0.290017,0
-0.692589,0.293084,0,0,0,0,0.692589,-0.293084,0
-0.682573,0.296064,0,0,0,0,0.682573,-0.296064,0
-0.67235,0.298955,0,0,0,0,0.67235,-0.298955,0
-0.661916,0.301752,0,0,0,0,0.661916,-0.301752,0
-0.651267,0.30445,0,0,0,0,0.651267,-0.30445,0
-0.640398,0.307047,0,0,0,0,0.640398,-0.307047,0
-0.629307,0.309536,0,0,0,0,0.629307,-0.309536,0
-0.617987,0.311913,0,0,0,0,0.617987,-0.311913,0
-0.606434,0.314172,0,0,0,0,0.606434,-0.314172,0
-0.594644,0.316308,0,0,0,0,0.594644,-0.316308,0
-0.58261,0.318315,0,0,0,0,0.58261,-0.318315,0
-0.570327,0.320185,0,0,0,0,0.570327,-0.320185,0
-0.557789,0.321913,0,0,0,0,0.557789,-0.321913,0
-0.544991,0.32349,0,0,0,0,0.544991,-0.32349,0
-0.531924,0.324908,0,0,0,0,0.531924,-0.324908,0
-0.518584,0.326158,0,0,0,0,0.518584,-0.326158,0
-0.504961,0.327231,0,0,0,0,0.504961,-0.327231,0
-0.491048,0.328116,0,0,0,0,0.491048,-0.328116,0
-0.476837,0.328801,0,0,0,0,0.476837,-0.328801,0
-0.46232,0.329276,0,0,0,0,0.46232,-0.329276,0
-0.447486,0.329524,0,0,0,0,0.447486,-0.329524,0
-0.432327,0.329533,0,0,0,0,0.432327,-0.329533,0
-0.416831,0.329286,0,0,0,0,0.416831,-0.329286,0
-0.400987,0.328763,0,0,0,0,0.400987,-0.328763,0
-0.384784,0.327946,0,0,0,0,0.384784,-0.327946,0
-0.368208,0.326811,0,0,0,0,0.368208,-0.326811,0
-0.351247,0.325333,0,0,0,0,0.351247,-0.325333,0
-0.333886,0.323485,0,0,0,0,0.333886,-0.323485,0
-0.316109,0.321234,0,0,0,0,0.316109,-0.321234,0
-0.2979,0.318543,0,0,0,0,0.2979,-0.318543,0
-0.279242,0.315373,0,0,0,0,0.279242,-0.315373,0
-0.260118,0.311674,0,0,0,0,0.260118,-0.311674,0
-0.240507,0.307392,0,0,0,0,0.240507,-0.307392,0
-0.220391,0.302463,0,0,0,0,0.220391,-0.302463,0
-0.199749,0.296811,0,0,0,0,0.199749,-0.296811,0
-0.178562,0.290348,0,0,0,0,0.178562,-0.290348,0
-0.156811,0.282967,0,0,0,0,0.156811,-0.282967,0
-0.134482,0.274539,0,0,0,0,0.134482,-0.274539,0
-0.111566,0.264906,0,0,0,0,0.111566,-0.264906,0
-0.0880636,0.253875,0,0,0,0,0.0880636,-0.253875,0
-0.0639968,0.241204,0,0,0,0,0.0639968,-0.241204,0
-0.0394199,0.226586,0,0,0,0,0.0394199,-0.226586,0
-0.0144462,0.20963,0,0,0,0,0.0144462,-0.20963,0
0.0107077,0.189839,0,0,0,0,-0.0107077,-0.189839,0
0.0356411,0.166585,0,0,0,0,-0.0356411,-0.166585,0
0.059629,0.139115,0,0,0,0,-0.059629,-0.139115,0
0.0813991,0.106651,0,0,0,0,-0.0813991,-0.106651,0
0.0988854,0.0687577,0,0,0,0,-0.0988854,-0.0687577,0
0.109316,0.0261182,0,0,0,0,-0.109316,-0.0261182,0
0.110325,-0.018699,0,0,0,0,-0.110325,0.018699,0
0.101711,-0.0619434,0,0,0,0,-0.101711,0.0619434,0
0.0856121,-0.100781,0,0,0,0,-0.0856121,0.100781,0
0.064821,-0.134273,0,0,0,0,-0.064821,0.134273,0
0.0415154,-0.162731,0,0,0,0,-0.0415154,0.162731,0
0.0170669,-0.186892,0,0,0,0,-0.0170669,0.186892,0
-0.00773215,-0.207509,0,0,0,0,0.00773215,0.207509,0
-0.032439,-0.225218,0,0,0,0,0.032439,0.225218,0
-0.0568107,-0.240528,0,0,0,0,0.0568107,0.240528,0
-0.080717,-0.25384,0,0,0,0,0.080717,0.25384,0
-0.104092,-0.265467,0,0,0,0,0.104092,0.265467,0
-0.126908,-0.275659,0,0,0,0,0.126908,0.275659,0
-0.149157,-0.284615,0,0,0,0,0.149157,0.284615,0
-0.170845,-0.292496,0,0,0,0,0.170845,0.292496,0
-0.191984,-0.299435,0,0,0,0,0.191984,0.299435,0
-0.21259,-0.305541,0,0,0,0,0.21259,0.305541,0
-0.23268,-0.310905,0,0,0,0,0.23268,0.310905,0
-0.252274,-0.315604,0,0,0,0,0.252274,0.315604,0
-0.271389,-0.319704,0,0,0,0,0.271389,0.319704,0
-0.290045,-0.323262,0,0,0,0,0.290045,0.323262,0
-0.308257,-0.326326,0,0,0,0,0.308257,0.326326,0
-0.326044,-0.328939,0,0,0,0,0.326044,0.328939,0
-0.343421,-0.331137,0,0,0,0,0.343421,0.331137,0
-0.360402,-0.332954,0,0,0,0,0.360402,0.332954,0
-0.377001,-0.334419,0,0,0,0,0.377001,0.334419,0
-0.393233,-0.335556,0,0,0,0,0.393233,0.335556,0
-0.409108,-0.33639,0,0,0,0,0.409108,0.33639,0
-0.42464,-0.33694,0,0,0,0,0.42464,0.33694,0
-0.439837,-0.337226,0,0,0,0,0.439837,0.337226,0
-0.454712,-0.337264,0,0,0,0,0.454712,0.337264,0
-0.469274,-0.33707,0,0,0,0,0.469274,0.33707,0
-0.483532,-0.336657,0,0,0,0,0.483532,0.336657,0
-0.497494,-0.336039,0,0,0,0,0.497494,0.336039,0
-0.511168,-0.335226,0,0,0,0,0.511168,0.335226,0
-0.524563,-0.33423,0,0,0,0,0.524563,0.33423,0
-0.537685,-0.33306,0,0,0,0,0.537685,0.33306,0
-0.550542,-0.331725,0,0,0,0,0.550542,0.331725,0
-0.563139,-0.330234,0,0,0,0,0.563139,0.330234,0
-0.575483,-0.328595,0,0,0,0,0.575483,0.328595,0
-0.587581,-0.326815,0,0,0,0,0.587581,0.326815,0
-0.599436,-0.3249,0,0,0,0,0.599436,0.3249,0
-0.611055,-0.322857,0,0,0,0,0.611055,0.322857,0
-0.622443,-0.320692,0,0,0,0,0.622443,0.320692,0
-0.633604,-0.31841,0,0,0,0,0.633604,0.31841,0
-0.644543,-0.316016,0,0,0,0,0.644543,0.316016,0
-0.655264,-0.313515,0,0,0,0,0.655264,0.313515,0
-0.665771,-0.310912,0,0,0,0,0.665771,0.310912,0
-0.676069,-0.308212,0,0,0,0,0.676069,0.308212,0
-0.68616,-0.305417,0,0,0,0,0.68616,0.305417,0
-0.696049,-0.302532,0,0,0,0,0.696049,0.302532,0
-0.705739,-0.299561,0,0,0,0,0.705739,0.299561,0
-0.715233,-0.296506,0,0,0,0,0.715233,0.296506,0
-0.724535,-0.293372,0,0,0,0,0.724535,0.293372,0
-0.733647,-0.290161,0,0,0,0,0.733647,0.290161,0
-0.742572,-0.286876,0,0,0,0,0.742572,0.286876,0
-0.751313,-0.28352,0,0,0,0,0.751313,0.28352,0
-0.759873,-0.280095,0,0,0,0,0.759873,0.280095,0
-0.768254,-0.276604,0,0,0,0,0.768254,0.276604,0
-0.776459,-0.27305,0,0,0,0,0.776459,0.27305,0
-0.784489,-0.269435,0,0,0,0,0.784489,0.269435,0
-0.792348,-0.265761,0,0,0,0,0.792348,0.265761,0
-0.800037,-0.26203,0,0,0,0,0.800037,0.26203,0
-0.807558,-0.258244,0,0,0,0,0.807558,0.258244,0
-0.814914,-0.254405,0,0,0,0,0.814914,0.254405,0
-0.822106,-0.250514,0,0,0,0,0.822106,0.250514,0
-0.829136,-0.246575,0,0,0,0,0.829136,0.246575,0
-0.836006,-0.242588,0,0,0,0,0.836006,0.242588,0
-0.842718,-0.238555,0,0,0,0,0.842718,0.238555,0
-0.849272,-0.234477,0,0,0,0,0.849272,0.234477,0
-0.855672,-0.230357,0,0,0,0,0.855672,0.230357,0
-0.861918,-0.226195,0,0,0,0,0.861918,0.226195,0
-0.868011,-0.221993,0,0,0,0,0.868011,0.221993,0
-0.873954,-0.217753,0,0,0,0,0.873954,0.217753,0
-0.879747,-0.213476,0,0,0,0,0.879747,0.213476,0
-0.885392,-0.209162,0,0,0,0,0.885392,0.209162,0
-0.89089,-0.204814,0,0,0,0,0.89089,0.204814,0
-0.896242,-0.200432,0,0,0,0,0.896242,0.200432,0
-0.90145,-0.196018,0,0,0,0,0.90145,0.196018,0
-0.906514,-0.191573,0,0,0,0,0.906514,0.191573,0
-0.911435,-0.187097,0,0,0,0,0.911435,0.187097,0
-0.916215,-0.182593,0,0,0,0,0.916215,0.182593,0
-0.920855,-0.17806,0,0,0,0,0.920855,0.17806,0
-0.925355,-0.173501,0,0,0,0,0.925355,0.173501,0
-0.929717,-0.168915,0,0,0,0,0.929717,0.168915,0
-0.93394,-0.164305,0,0,0,0,0.93394,0.164305,0
-0.938027,-0.15967,0,0,0,0,0.938027,0.15967,0
-0.941978,-0.155013,0,0,0,0,0.941978,0.155013,0
-0.945793,-0.150333,0,0,0,0,0.945793,0.150333,0
-0.949474,-0.145631,0,0,0,0,0.949474,0.145631,0
-0.953021,-0.140909,0,0,0,0,0.953021,0.140909,0
-0.956435,-0.136168,0,0,0,0,0.956435,0.136168,0
-0.959716,-0.131407,0,0,0,0,0.959716,0.131407,0
-0.962865,-0.126629,0,0,0,0,0.962865,0.126629,0
-0.965882,-0.121833,0,0,0,0,0.965882,0.121833,0
-0.968769,-0.11702,0,0,0,0,0.968769,0.11702,0
-0.971526,-0.112192,0,0,0,0,0.971526,0.112192,0
-0.974152,-0.107349,0,0,0,0,0.974152,0.107349,0
-0.97665,-0.102492,0,0,0,0,0.97665,0.102492,0
-0.979018,-0.0976209,0,0,0,0,0.979018,0.0976209,0
-0.981258,-0.0927372,0,0,0,0,0.981258,0.0927372,0
-0.98337,-0.0878414,0,0,0,0,0.98337,0.0878414,0
-0.985354,-0.0829342,0,0,0,0,0.985354,0.0829342,0
-0.98721,-0.0780163,0,0,0,0,0.98721,0.0780163,0
-0.98894,-0.0730883,0,0,0,0,0.98894,0.0730883,0
-0.990543,-0.0681509,0,0,0,0,0.990543,0.0681509,0
-0.992019,-0.0632049,0,0,0,0,0.992019,0.0632049,0
-0.993369,-0.0582508,0,0,0,0,0.993369,0.0582508,0
-0.994593,-0.0532893,0,0,0,0,0.994593,0.0532893,0
-0.995691,-0.048321,0,0,0,0,0.995691,0.048321,0
-0.996664,-0.0433467,0,0,0,0,0.996664,0.0433467,0
-0.997511,-0.0383669,0,0,0,0,0.997511,0.0383669,0
-0.998233,-0.0333823,0,0,0,0,0.998233,0.0333823,0
-0.998829,-0.0283935,0,0,0,0,0.998829,0.0283935,0
-0.999301,-0.0234011,0,0,0,0,0.999301,0.0234011,0
-0.999647,-0.0184058,0,0,0,0,0.999647,0.0184058,0
-0.999868,-0.0134083,0,0,0,0,0.999868,0.0134083,0
-0.999964,-0.00840899,0,0,0,0,0.999964,0.00840899,0
-0.999936,-0.00340868,0,0,0,0,0.999936,0.00340868,0
-0.999782,0.00159207,0,0,0,0,0.999782,-0.00159207,0
-0.999503,0.00659261,0,0,0,0,0.999503,-0.00659261,0
-0.999099,0.0115923,0,0,0,0,0.999099,-0.0115923,0
-0.99857,0.0165906,0,0,0,0,0.99857,-0.0165906,0
-0.997915,0.0215868,0,0,0,0,0.997915,-0.0215868,0
-0.997136,0.0265802,0,0,0,0,0.997136,-0.0265802,0
-0.99623,0.0315704,0,0,0,0,0.99623,-0.0315704,0
-0.995199,0.0365565,0,0,0,0,0.995199,-0.0365565,0
-0.994042,0.041538,0,0,0,0,0.994042,-0.041538,0
-0.992758,0.0465143,0,0,0,0,0.992758,-0.0465143,0
-0.991349,0.0514846,0,0,0,0,0.991349,-0.0514846,0
-0.989812,0.0564483,0,0,0,0,0.989812,-0.0564483,0
-0.988149,0.0614048,0,0,0,0,0.988149,-0.0614048,0
-0.986358,0.0663534,0,0,0,0,0.986358,-0.0663534,0
-0.98444,0.0712934,0,0,0,0,0.98444,-0.0712934,0
-0.982393,0.0762241,0,0,0,0,0.982393,-0.0762241,0
-0.980219,0.0811449,0,0,0,0,0.980219,-0.0811449,0
-0.977915,0.086055,0,0,0,0,0.977915,-0.086055,0
-0.975483,0.0909537,0,0,0,0,0.975483,-0.0909537,0
-0.97292,0.0958404,0,0,0,0,0.97292,-0.0958404,0
-0.970228,0.100714,0,0,0,0,0.970228,-0.100714,0
-0.967405,0.105574,0,0,0,0,0.967405,-0.105574,0
-0.96445,0.11042,0,0,0,0,0.96445,-0.11042,0
-0.961364,0.115251,0,0,0,0,0.961364,-0.115251,0
-0.958146,0.120066,0,0,0,0,0.958146,-0.120066,0
-0.954794,0.124865,0,0,0,0,0.954794,-0.124865,0
-0.951309,0.129645,0,0,0,0,0.951309,-0.129645,0
-0.947689,0.134408,0,0,0,0,0.947689,-0.134408,0
-0.943935,0.139151,0,0,0,0,0.943935,-0.139151,0
-0.940044,0.143875,0,0,0,0,0.940044,-0.143875,0
-0.936017,0.148577,0,0,0,0,0.936017,-0.148577,0
-0.931852,0.153258,0,0,0,0,0.931852,-0.153258,0
-0.927549,0.157915,0,0,0,0,0.927549,-0.157915,0
-0.923107,0.16255,0,0,0,0,0.923107,-0.16255,0
-0.918525,0.167159,0,0,0,0,0.918525,-0.167159,0
-0.913802,0.171743,0,0,0,0,0.913802,-0.171743,0
-0.908936,0.1763,0,0,0,0,0.908936,-0.1763,0
-0.903928,0.180829,0,0,0,0,0.903928,-0.180829,0
-0.898775,0.18533,0,0,0,0,0.898775,-0.18533,0
-0.893477,0.1898,0,0,0,0,0.893477,-0.1898,0
-0.888032,0.194239,0,0,0,0,0.888032,-0.194239,0
-0.882439,0.198646,0,0,0,0,0.882439,-0.198646,0
-0.876698,0.20302,0,0,0,0,0.876698,-0.20302,0
-0.870806,0.207359,0,0,0,0,0.870806,-0.207359,0
-0.864762,0.211661,0,0,0,0,0.864762,-0.211661,0
-0.858565,0.215926,0,0,0,0,0.858565,-0.215926,0
-0.852214,0.220152,0,0,0,0,0.852214,-0.220152,0
-0.845706,0.224338,0,0,0,0,0.845706,-0.224338,0
-0.83904,0.228482,0,0,0,0,0.83904,-0.228482,0
-0.832215,0.232582,0,0,0,0,0.832215,-0.232582,0
-0.825229,0.236638,0,0,0,0,0.825229,-0.236638,0
-0.818079,0.240646,0,0,0,0,0.818079,-0.240646,0
-0.810765,0.244606,0,0,0,0,0.810765,-0.244606,0
-0.803284,0.248516,0,0,0,0,0.803284,-0.248516,0
-0.795634,0.252373,0,0,0,0,0.795634,-0.252373,0
-0.787812,0.256177,0,0,0,0,0.787812,-0.256177,0
-0.779818,0.259924,0,0,0,0,0.779818,-0.259924,0
-0.771648,0.263612,0,0,0,0,0.771648,-0.263612,0
-0.7633,0.26724,0,0,0,0,0.7633,-0.26724,0
-0.754772,0.270804,0,0,0,0,0.754772,-0.270804,0
-0.746061,0.274303,0,0,0,0,0.746061,-0.274303,0
-0.737164,0.277733,0,0,0,0,0.737164,-0.277733,0
-0.728079,0.281093,0,0,0,0,0.728079,-0.281093,0
-0.718802,0.284378,0,0,0,0,0.718802,-0.284378,0
-0.709331,0.287587,0,0,0,0,0.709331,-0.287587,0
-0.699662,0.290715,0,0,0,0,0.699662,-0.290715,0
-0.689791,0.29376,0,0,0,0,0.689791,-0.29376,0
-0.679717,0.296718,0,0,0,0,0.679717,-0.296718,0
-0.669434,0.299584,0,0,0,0,0.669434,-0.299584,0
-0.658938,0.302356,0,0,0,0,0.658938,-0.302356,0
-0.648227,0.305029,0,0,0,0,0.648227,-0.305029,0
-0.637295,0.307598,0,0,0,0,0.637295,-0.307598,0
-0.626139,0.310058,0,0,0,0,0.626139,-0.310058,0
-0.614753,0.312405,0,0,0,0,0.614753,-0.312405,0
-0.603132,0.314632,0,0,0,0,0.603132,-0.314632,0
-0.591272,0.316735,0,0,0,0,0.591272,-0.316735,0
-0.579167,0.318706,0,0,0,0,0.579167,-0.318706,0
-0.566812,0.32054,0,0,0,0,0.566812,-0.32054,0
-0.5542,0.322228,0,0,0,0,0.5542,-0.322228,0
-0.541325,0.323763,0,0,0,0,0.541325,-0.323763,0
-0.52818,0.325137,0,0,0,0,0.52818,-0.325137,0
-0.514758,0.326341,0,0,0,0,0.514758,-0.326341,0
-0.501053,0.327364,0,0,0,0,0.501053,-0.327364,0
-0.487055,0.328197,0,0,0,0,0.487055,-0.328197,0
-0.472756,0.328827,0,0,0,0,0.472756,-0.328827,0
-0.458148,0.329241,0,0,0,0,0.458148,-0.329241,0
-0.443221,0.329426,0,0,0,0,0.443221,-0.329426,0
-0.427965,0.329367,0,0,0,0,0.427965,-0.329367,0
-0.41237,0.329046,0,0,0,0,0.41237,-0.329046,0
-0.396423,0.328445,0,0,0,0,0.396423,-0.328445,0
-0.380113,0.327542,0,0,0,0,0.380113,-0.327542,0
-0.363427,0.326315,0,0,0,0,0.363427,-0.326315,0
-0.34635,0.324738,0,0,0,0,0.34635,-0.324738,0
-0.32887,0.322782,0,0,0,0,0.32887,-0.322782,0
-0.310969,0.320412,0,0,0,0,0.310969,-0.320412,0
-0.292631,0.317593,0,0,0,0,0.292631,-0.317593,0
-0.273839,0.314279,0,0,0,0,0.273839,-0.314279,0
-0.254574,0.310423,0,0,0,0,0.254574,-0.310423,0
-0.234818,0.305967,0,0,0,0,0.234818,-0.305967,0
-0.21455,0.300842,0,0,0,0,0.21455,-0.300842,0
-0.19375,0.294971,0,0,0,0,0.19375,-0.294971,0
-0.1724,0.28826,0,0,0,0,0.1724,-0.28826,0
-0.150481,0.280596,0,0,0,0,0.150481,-0.280596,0
-0.12798,0.271843,0,0,0,0,0.12798,-0.271843,0
-0.10489,0.261833,0,0,0,0,0.10489,-0.261833,0
-0.0812175,0.250361,0,0,0,0,0.0812175,-0.250361,0
-0.0569915,0.237168,0,0,0,0,0.0569915,-0.237168,0
-0.0322801,0.221923,0,0,0,0,0.0322801,-0.221923,0
-0.00722062,0.20421,0,0,0,0,0.00722062,-0.20421,0
0.0179275,0.183494,0,0,0,0,-0.0179275,-0.183494,0
0.0426878,0.159107,0,0,0,0,-0.0426878,-0.159107,0
0.0662032,0.130271,0,0,0,0,-0.0662032,-0.130271,0
0.0869932,0.0962541,0,0,0,0,-0.0869932,-0.0962541,0
0.102746,0.0568442,0,0,0,0,-0.102746,-0.0568442,0
0.110636,0.0132268,0,0,0,0,-0.110636,-0.0132268,0
0.108766,-0.0315208,0,0,0,0,-0.108766,0.0315208,0
0.0977097,-0.0736986,0,0,0,0,-0.0977097,0.0736986,0
0.0799891,-0.111015,0,0,0,0,-0.0799891,0.111015,0
0.0582927,-0.142991,0,0,0,0,-0.0582927,0.142991,0
0.0345532,-0.17013,0,0,0,0,-0.0345532,0.17013,0
0.0099473,-0.193198,0,0,0,0,-0.0099473,0.193198,0
-0.014854,-0.212919,0,0,0,0,0.014854,0.212919,0
-0.0394777,-0.229893,0,0,0,0,0.0394777,0.229893,0
-0.0637202,-0.244594,0,0,0,0,0.0637202,0.244594,0
-0.0874737,-0.257395,0,0,0,0,0.0874737,0.257395,0
-0.110686,-0.26859,0,0,0,0,0.110686,0.26859,0
-0.133334,-0.278412,0,0,0,0,0.133334,0.278412,0
-0.155418,-0.287047,0,0,0,0,0.155418,0.287047,0
-0.176943,-0.294649,0,0,0,0,0.176943,0.294649,0
-0.197923,-0.301342,0,0,0,0,0.197923,0.301342,0
-0.218376,-0.30723,0,0,0,0,0.218376,0.30723,0
-0.238319,-0.312399,0,0,0,0,0.238319,0.312399,0
-0.257771,-0.316924,0,0,0,0,0.257771,0.316924,0
-0.27675,-0.320867,0,0,0,0,0.27675,0.320867,0
-0.295275,-0.324283,0,0,0,0,0.295275,0.324283,0
-0.313362,-0.327217,0,0,0,0,0.313362,0.327217,0
-0.331027,-0.329711,0,0,0,0,0.331027,0.329711,0
-0.348287,-0.331801,0,0,0,0,0.348287,0.331801,0
-0.365156,-0.333518,0,0,0,0,0.365156,0.333518,0
-0.381647,-0.334889,0,0,0,0,0.381647,0.334889,0
-0.397774,-0.335941,0,0,0,0,0.397774,0.335941,0
-0.413548,-0.336695,0,0,0,0,0.413548,0.336695,0
-0.428981,-0.337172,0,0,0,0,0.428981,0.337172,0
-0.444085,-0.337389,0,0,0,0,0.444085,0.337389,0
-0.458868,-0.337362,0,0,0,0,0.458868,0.337362,0
-0.473341,-0.337107,0,0,0,0,0.473341,0.337107,0
-0.487512,-0.336638,0,0,0,0,0.487512,0.336638,0
-0.50139,-0.335966,0,0,0,0,0.50139,0.335966,0
-0.514983,-0.335102,0,0,0,0,0.514983,0.335102,0
-0.528298,-0.334059,0,0,0,0,0.528298,0.334059,0
-0.541343,-0.332844,0,0,0,0,0.541343,0.332844,0
-0.554124,-0.331467,0,0,0,0,0.554124,0.331467,0
-0.566648,-0.329936,0,0,0,0,0.566648,0.329936,0
-0.578921,-0.328258,0,0,0,0,0.578921,0.328258,0
-0.590948,-0.326442,0,0,0,0,0.590948,0.326442,0
-0.602735,-0.324492,0,0,0,0,0.602735,0.324492,0
-0.614287,-0.322417,0,0,0,0,0.614287,0.322417,0
-0.625609,-0.32022,0,0,0,0,0.625609,0.32022,0
-0.636706,-0.317908,0,0,0,0,0.636706,0.317908,0
-0.647582,-0.315486,0,0,0,0,0.647582,0.315486,0
-0.658241,-0.312959,0,0,0,0,0.658241,0.312959,0
-0.668688,-0.31033,0,0,0,0,0.668688,0.31033,0
-0.678926,-0.307605,0,0,0,0,0.678926,0.307605,0
-0.68896,-0.304786,0,0,0,0,0.68896,0.304786,0
-0.698791,-0.301879,0,0,0,0,0.698791,0.301879,0
-0.708425,-0.298886,0,0,0,0,0.708425,0.298886,0
-0.717864,-0.29581,0,0,0,0,0.717864,0.29581,0
-0.727111,-0.292656,0,0,0,0,0.727111,0.292656,0
-0.73617,-0.289426,0,0,0,0,0.73617,0.289426,0
-0.745042,-0.286122,0,0,0,0,0.745042,0.286122,0
-0.753732,-0.282749,0,0,0,0,0.753732,0.282749,0
-0.762241,-0.279307,0,0,0,0,0.762241,0.279307,0
-0.770571,-0.2758,0,0,0,0,0.770571,0.2758,0
-0.778726,-0.272231,0,0,0,0,0.778726,0.272231,0
-0.786708,-0.2686,0,0,0,0,0.786708,0.2686,0
-0.794518,-0.264912,0,0,0,0,0.794518,0.264912,0
-0.802159,-0.261167,0,0,0,0,0.802159,0.261167,0
-0.809634,-0.257367,0,0,0,0,0.809634,0.257367,0
-0.816943,-0.253515,0,0,0,0,0.816943,0.253515,0
-0.824089,-0.249612,0,0,0,0,0.824089,0.249612,0
-0.831073,-0.245661,0,0,0,0,0.831073,0.245661,0
-0.837898,-0.241662,0,0,0,0,0.837898,0.241662,0
-0.844566,-0.237618,0,0,0,0,0.844566,0.237618,0
-0.851076,-0.23353,0,0,0,0,0.851076,0.23353,0
-0.857432,-0.229399,0,0,0,0,0.857432,0.229399,0
-0.863635,-0.225227,0,0,0,0,0.863635,0.225227,0
-0.869686,-0.221016,0,0,0,0,0.869686,0.221016,0
-0.875586,-0.216767,0,0,0,0,0.875586,0.216767,0
-0.881338,-0.21248,0,0,0,0,0.881338,0.21248,0
-0.886941,-0.208158,0,0,0,0,0.886941,0.208158,0
-0.892398,-0.203802,0,0,0,0,0.892398,0.203802,0
-0.897709,-0.199412,0,0,0,0,0.897709,0.199412,0
-0.902876,-0.19499,0,0,0,0,0.902876,0.19499,0
-0.9079,-0.190537,0,0,0,0,0.9079,0.190537,0
-0.912782,-0.186055,0,0,0,0,0.912782,0.186055,0
-0.917523,-0.181543,0,0,0,0,0.917523,0.181543,0
-0.922123,-0.177004,0,0,0,0,0.922123,0.177004,0
-0.926584,-0.172438,0,0,0,0,0.926584,0.172438,0
-0.930907,-0.167847,0,0,0,0,0.930907,0.167847,0
-0.935092,-0.163231,0,0,0,0,0.935092,0.163231,0
-0.939141,-0.15859,0,0,0,0,0.939141,0.15859,0
-0.943054,-0.153927,0,0,0,0,0.943054,0.153927,0
-0.946831,-0.149242,0,0,0,0,0.946831,0.149242,0
-0.950475,-0.144536,0,0,0,0,0.950475,0.144536,0
-0.953984,-0.139809,0,0,0,0,0.953984,0.139809,0
-0.957361,-0.135063,0,0,0,0,0.957361,0.135063,0
-0.960605,-0.130298,0,0,0,0,0.960605,0.130298,0
-0.963717,-0.125515,0,0,0,0,0.963717,0.125515,0
-0.966698,-0.120715,0,0,0,0,0.966698,0.120715,0
-0.969548,-0.115899,0,0,0,0,0.969548,0.115899,0
-0.972269,-0.111067,0,0,0,0,0.972269,0.111067,0
-0.974859,-0.106221,0,0,0,0,0.974859,0.106221,0
-0.97732,-0.10136,0,0,0,0,0.97732,0.10136,0
-0.979653,-0.0964859,0,0,0,0,0.979653,0.0964859,0
-0.981857,-0.0915993,0,0,0,0,0.981857,0.0915993,0
-0.983933,-0.0867007,0,0,0,0,0.983933,0.0867007,0
-0.985882,-0.0817908,0,0,0,0,0.985882,0.0817908,0
-0.987703,-0.0768704,0,0,0,0,0.987703,0.0768704,0
-0.989397,-0.0719401,0,0,0,0,0.989397,0.0719401,0
-0.990965,-0.0670006,0,0,0,0,0.990965,0.0670006,0
-0.992406,-0.0620526,0,0,0,0,0.992406,0.0620526,0
-0.993721,-0.0570966,0,0,0,0,0.993721,0.0570966,0
-0.994909,-0.0521335,0,0,0,0,0.994909,0.0521335,0
-0.995973,-0.0471637,0,0,0,0,0.995973,0.0471637,0
-0.99691,-0.042188,0,0,0,0,0.99691,0.042188,0
-0.997722,-0.037207,0,0,0,0,0.997722,0.037207,0
-0.998409,-0.0322213,0,0,0,0,0.998409,0.0322213,0
-0.998971,-0.0272315,0,0,0,0,0.998971,0.0272315,0
-0.999407,-0.0222384,0,0,0,0,0.999407,0.0222384,0
-0.999719,-0.0172425,0,0,0,0,0.999719,0.0172425,0
-0.999905,-0.0122444,0,0,0,0,0.999905,0.0122444,0
-0.999967,-0.00724475,0,0,0,0,0.999967,0.00724475,0
-0.999903,-0.00224423,0,0,0,0,0.999903,0.00224423,0
-0.999715,0.00275658,0,0,0,0,0.999715,-0.00275658,0
-0.999401,0.00775704,0,0,0,0,0.999401,-0.00775704,0
-0.998962,0.0127565,0,0,0,0,0.998962,-0.0127565,0
-0.998398,0.0177544,0,0,0,0,0.998398,-0.0177544,0
-0.997709,0.0227501,0,0,0,0,0.997709,-0.0227501,0
-0.996894,0.0277429,0,0,0,0,0.996894,-0.0277429,0
-0.995954,0.0327322,0,0,0,0,0.995954,-0.0327322,0
-0.994887,0.0377173,0,0,0,0,0.994887,-0.0377173,0
-0.993695,0.0426977,0,0,0,0,0.993695,-0.0426977,0
-0.992376,0.0476727,0,0,0,0,0.992376,-0.0476727,0
-0.990931,0.0526416,0,0,0,0,0.990931,-0.0526416,0
-0.98936,0.0576037,0,0,0,0,0.98936,-0.0576037,0
-0.987661,0.0625585,0,0,0,0,0.987661,-0.0625585,0
-0.985834,0.0675052,0,0,0,0,0.985834,-0.0675052,0
-0.98388,0.0724431,0,0,0,0,0.98388,-0.0724431,0
-0.981798,0.0773716,0,0,0,0,0.981798,-0.0773716,0
-0.979588,0.08229,0,0,0,0,0.979588,-0.08229,0
-0.977248,0.0871975,0,0,0,0,0.977248,-0.0871975,0
-0.97478,0.0920936,0,0,0,0,0.97478,-0.0920936,0
-0.972181,0.0969773,0,0,0,0,0.972181,-0.0969773,0
-0.969452,0.101848,0,0,0,0,0.969452,-0.101848,0
-0.966592,0.106705,0,0,0,0,0.966592,-0.106705,0
-0.963601,0.111548,0,0,0,0,0.963601,-0.111548,0
-0.960478,0.116375,0,0,0,0,0.960478,-0.116375,0
-0.957223,0.121186,0,0,0,0,0.957223,-0.121186,0
-0.953834,0.12598,0,0,0,0,0.953834,-0.12598,0
-0.950311,0.130757,0,0,0,0,0.950311,-0.130757,0
-0.946654,0.135515,0,0,0,0,0.946654,-0.135515,0
-0.942861,0.140254,0,0,0,0,0.942861,-0.140254,0
-0.938932,0.144972,0,0,0,0,0.938932,-0.144972,0
-0.934867,0.149669,0,0,0,0,0.934867,-0.149669,0
-0.930664,0.154345,0,0,0,0,0.930664,-0.154345,0
-0.926322,0.158997,0,0,0,0,0.926322,-0.158997,0
-0.921841,0.163625,0,0,0,0,0.921841,-0.163625,0
-0.917219,0.168229,0,0,0,0,0.917219,-0.168229,0
-0.912456,0.172806,0,0,0,0,0.912456,-0.172806,0
-0.90755,0.177357,0,0,0,0,0.90755,-0.177357,0
-0.902501,0.181879,0,0,0,0,0.902501,-0.181879,0
-0.897308,0.186373,0,0,0,0,0.897308,-0.186373,0
-0.891968,0.190836,0,0,0,0,0.891968,-0.190836,0
-0.886482,0.195268,0,0,0,0,0.886482,-0.195268,0
-0.880848,0.199667,0,0,0,0,0.880848,-0.199667,0
-0.875064,0.204032,0,0,0,0,0.875064,-0.204032,0
-0.86913,0.208362,0,0,0,0,0.86913,-0.208362,0
-0.863043,0.212655,0,0,0,0,0.863043,-0.212655,0
-0.856802,0.216911,0,0,0,0,0.856802,-0.216911,0
-0.850407,0.221127,0,0,0,0,0.850407,-0.221127,0
-0.843855,0.225303,0,0,0,0,0.843855,-0.225303,0
-0.837144,0.229436,0,0,0,0,0.837144,-0.229436,0
-0.830274,0.233526,0,0,0,0,0.830274,-0.233526,0
-0.823241,0.23757,0,0,0,0,0.823241,-0.23757,0
-0.816046,0.241566,0,0,0,0,0.816046,-0.241566,0
-0.808684,0.245514,0,0,0,0,0.808684,-0.245514,0
-0.801155,0.249411,0,0,0,0,0.801155,-0.249411,0
-0.793457,0.253255,0,0,0,0,0.793457,-0.253255,0
-0.785587,0.257045,0,0,0,0,0.785587,-0.257045,0
-0.777543,0.260777,0,0,0,0,0.777543,-0.260777,0
-0.769323,0.264451,0,0,0,0,0.769323,-0.264451,0
-0.760924,0.268062,0,0,0,0,0.760924,-0.268062,0
-0.752344,0.271611,0,0,0,0,0.752344,-0.271611,0
-0.743581,0.275092,0,0,0,0,0.743581,-0.275092,0
-0.73463,0.278505,0,0,0,0,0.73463,-0.278505,0
-0.725491,0.281846,0,0,0,0,0.725491,-0.281846,0
-0.716159,0.285112,0,0,0,0,0.716159,-0.285112,0
-0.706631,0.288301,0,0,0,0,0.706631,-0.288301,0
-0.696905,0.291408,0,0,0,0,0.696905,-0.291408,0
-0.686977,0.294431,0,0,0,0,0.686977,-0.294431,0
-0.676843,0.297365,0,0,0,0,0.676843,-0.297365,0
-0.6665,0.300208,0,0,0,0,0.6665,-0.300208,0
-0.655943,0.302954,0,0,0,0,0.655943,-0.302954,0
-0.645169,0.3056,0,0,0,0,0.645169,-0.3056,0
-0.634173,0.308142,0,0,0,0,0.634173,-0.308142,0
-0.622951,0.310573,0,0,0,0,0.622951,-0.310573,0
-0.611499,0.312889,0,0,0,0,0.611499,-0.312889,0
-0.59981,0.315084,0,0,0,0,0.59981,-0.315084,0
-0.58788,0.317153,0,0,0,0,0.58788,-0.317153,0
-0.575704,0.319088,0,0,0,0,0.575704,-0.319088,0
-0.563275,0.320884,0,0,0,0,0.563275,-0.320884,0
-0.550588,0.322532,0,0,0,0,0.550588,-0.322532,0
-0.537636,0.324025,0,0,0,0,0.537636,-0.324025,0
-0.524412,0.325355,0,0,0,0,0.524412,-0.325355,0
-0.510909,0.326511,0,0,0,0,0.510909,-0.326511,0
-0.49712,0.327484,0,0,0,0,0.49712,-0.327484,0
-0.483036,0.328263,0,0,0,0,0.483036,-0.328263,0
-0.468649,0.328836,0,0,0,0,0.468649,-0.328836,0
-0.45395,0.32919,0,0,0,0,0.45395,-0.32919,0
-0.438929,0.32931,0,0,0,0,0.438929,-0.32931,0
-0.423575,0.329181,0,0,0,0,0.423575,-0.329181,0
-0.407879,0.328785,0,0,0,0,0.407879,-0.328785,0
-0.391828,0.328104,0,0,0,0,0.391828,-0.328104,0
-0.37541,0.327114,0,0,0,0,0.37541,-0.327114,0
-0.358612,0.325794,0,0,0,0,0.358612,-0.325794,0
-0.34142,0.324115,0,0,0,0,0.34142,-0.324115,0
-0.323818,0.322047,0,0,0,0,0.323818,-0.322047,0
-0.305792,0.319556,0,0,0,0,0.305792,-0.319556,0
-0.287323,0.316604,0,0,0,0,0.287323,-0.316604,0
-0.268395,0.313144,0,0,0,0,0.268395,-0.313144,0
-0.248989,0.309125,0,0,0,0,0.248989,-0.309125,0
-0.229085,0.304488,0,0,0,0,0.229085,-0.304488,0
-0.208663,0.299162,0,0,0,0,0.208663,-0.299162,0
-0.187704,0.293064,0,0,0,0,0.187704,-0.293064,0
-0.166189,0.286095,0,0,0,0,0.166189,-0.286095,0
-0.1441,0.278137,0,0,0,0,0.1441,-0.278137,0
-0.121426,0.269045,0,0,0,0,0.121426,-0.269045,0
-0.098163,0.258642,0,0,0,0,0.098163,-0.258642,0
-0.0743226,0.246707,0,0,0,0,0.0743226,-0.246707,0
-0.0499427,0.232964,0,0,0,0,0.0499427,-0.232964,0
-0.0251076,0.217059,0,0,0,0,0.0251076,-0.217059,0
1.68739e-05,0.198543,0,0,0,0,-1.68739e-05,-0.198543,0
0.0251208,0.176845,0,0,0,0,-0.0251208,-0.176845,0
0.0496382,0.151258,0,0,0,0,-0.0496382,-0.151258,0
0.0725594,0.120993,0,0,0,0,-0.0725594,-0.120993,0
0.0921749,0.0853979,0,0,0,0,-0.0921749,-0.0853979,0
0.105948,0.0445653,0,0,0,0,-0.105948,-0.0445653,0
0.111126,0.00023589,0,0,0,0,-0.111126,-0.00023589,0
0.106429,-0.0441169,0,0,0,0,-0.106429,0.0441169,0
0.0931558,-0.0850354,0,0,0,0,-0.0931558,0.0850354,0
0.0740437,-0.120797,0,0,0,0,-0.0740437,0.120797,0
0.0516027,-0.151305,0,0,0,0,-0.0516027,0.151305,0
0.0275256,-0.177191,0,0,0,0,-0.0275256,0.177191,0
0.00281664,-0.199227,0,0,0,0,-0.00281664,0.199227,0
-0.0219569,-0.218104,0,0,0,0,0.0219569,0.218104,0
-0.0464811,-0.234382,0,0,0,0,0.0464811,0.234382,0
-0.070586,-0.248505,0,0,0,0,0.070586,0.248505,0
-0.0941827,-0.26082,0,0,0,0,0.0941827,0.26082,0
-0.11723,-0.271602,0,0,0,0,0.11723,0.271602,0
-0.139712,-0.281069,0,0,0,0,0.139712,0.281069,0
-0.16163,-0.289397,0,0,0,0,0.16163,0.289397,0
-0.182993,-0.296729,0,0,0,0,0.182993,0.296729,0
-0.203817,-0.303185,0,0,0,0,0.203817,0.303185,0
-0.224119,-0.308862,0,0,0,0,0.224119,0.308862,0
-0.243916,-0.313843,0,0,0,0,0.243916,0.313843,0
-0.263228,-0.318199,0,0,0,0,0.263228,0.318199,0
-0.282072,-0.321989,0,0,0,0,0.282072,0.321989,0
-0.300467,-0.325266,0,0,0,0,0.300467,0.325266,0
-0.31843,-0.328074,0,0,0,0,0.31843,0.328074,0
-0.335976,-0.330452,0,0,0,0,0.335976,0.330452,0
-0.35312,-0.332436,0,0,0,0,0.35312,0.332436,0
-0.369878,-0.334055,0,0,0,0,0.369878,0.334055,0
-0.386261,-0.335336,0,0,0,0,0.386261,0.335336,0
-0.402285,-0.336304,0,0,0,0,0.402285,0.336304,0
-0.417959,-0.33698,0,0,0,0,0.417959,0.33698,0
-0.433295,-0.337384,0,0,0,0,0.433295,0.337384,0
-0.448305,-0.337533,0,0,0,0,0.448305,0.337533,0
-0.462997,-0.337443,0,0,0,0,0.462997,0.337443,0
-0.477382,-0.337129,0,0,0,0,0.477382,0.337129,0
-0.491467,-0.336603,0,0,0,0,0.491467,0.336603,0
-0.505262,-0.335878,0,0,0,0,0.505262,0.335878,0
-0.518774,-0.334966,0,0,0,0,0.518774,0.334966,0
-0.532011,-0.333875,0,0,0,0,0.532011,0.333875,0
-0.544979,-0.332616,0,0,0,0,0.544979,0.332616,0
-0.557685,-0.331197,0,0,0,0,0.557685,0.331197,0
-0.570136,-0.329627,0,0,0,0,0.570136,0.329627,0
-0.582337,-0.327912,0,0,0,0,0.582337,0.327912,0
-0.594295,-0.326059,0,0,0,0,0.594295,0.326059,0
-0.606014,-0.324076,0,0,0,0,0.606014,0.324076,0
-0.6175,-0.321968,0,0,0,0,0.6175,0.321968,0
-0.628757,-0.319741,0,0,0,0,0.628757,0.319741,0
-0.63979,-0.3174,0,0,0,0,0.63979,0.3174,0
-0.650603,-0.31495,0,0,0,0,0.650603,0.31495,0
-0.661201,-0.312395,0,0,0,0,0.661201,0.312395,0
-0.671588,-0.309741,0,0,0,0,0.671588,0.309741,0
-0.681767,-0.306991,0,0,0,0,0.681767,0.306991,0
-0.691743,-0.30415,0,0,0,0,0.691743,0.30415,0
-0.701518,-0.30122,0,0,0,0,0.701518,0.30122,0
-0.711095,-0.298205,0,0,0,0,0.711095,0.298205,0
-0.720479,-0.295109,0,0,0,0,0.720479,0.295109,0
-0.729673,-0.291935,0,0,0,0,0.729673,0.291935,0
-0.738678,-0.288686,0,0,0,0,0.738678,0.288686,0
-0.747498,-0.285365,0,0,0,0,0.747498,0.285365,0
-0.756136,-0.281973,0,0,0,0,0.756136,0.281973,0
-0.764593,-0.278515,0,0,0,0,0.764593,0.278515,0
-0.772874,-0.274992,0,0,0,0,0.772874,0.274992,0
-0.780979,-0.271407,0,0,0,0,0.780979,0.271407,0
-0.788912,-0.267762,0,0,0,0,0.788912,0.267762,0
-0.796674,-0.264059,0,0,0,0,0.796674,0.264059,0
-0.804268,-0.2603,0,0,0,0,0.804268,0.2603,0
-0.811695,-0.256487,0,0,0,0,0.811695,0.256487,0
-0.818958,-0.252622,0,0,0,0,0.818958,0.252622,0
-0.826058,-0.248708,0,0,0,0,0.826058,0.248708,0
-0.832998,-0.244744,0,0,0,0,0.832998,0.244744,0
-0.839778,-0.240734,0,0,0,0,0.839778,0.240734,0
-0.846401,-0.236679,0,0,0,0,0.846401,0.236679,0
-0.852868,-0.23258,0,0,0,0,0.852868,0.23258,0
-0.85918,-0.228439,0,0,0,0,0.85918,0.228439,0
-0.86534,-0.224257,0,0,0,0,0.86534,0.224257,0
-0.871349,-0.220037,0,0,0,0,0.871349,0.220037,0
-0.877207,-0.215778,0,0,0,0,0.877207,0.215778,0
-0.882916,-0.211483,0,0,0,0,0.882916,0.211483,0
-0.888479,-0.207152,0,0,0,0,0.888479,0.207152,0
-0.893894,-0.202787,0,0,0,0,0.893894,0.202787,0
-0.899165,-0.19839,0,0,0,0,0.899165,0.19839,0
-0.904292,-0.19396,0,0,0,0,0.904292,0.19396,0
-0.909276,-0.1895,0,0,0,0,0.909276,0.1895,0
-0.914118,-0.185011,0,0,0,0,0.914118,0.185011,0
-0.918819,-0.180492,0,0,0,0,0.918819,0.180492,0
-0.92338,-0.175947,0,0,0,0,0.92338,0.175947,0
-0.927802,-0.171375,0,0,0,0,0.927802,0.171375,0
-0.932086,-0.166777,0,0,0,0,0.932086,0.166777,0
-0.936233,-0.162155,0,0,0,0,0.936233,0.162155,0
-0.940244,-0.157509,0,0,0,0,0.940244,0.157509,0
-0.944119,-0.152841,0,0,0,0,0.944119,0.152841,0
-0.947859,-0.14815,0,0,0,0,0.947859,0.14815,0
-0.951465,-0.143439,0,0,0,0,0.951465,0.143439,0
-0.954937,-0.138707,0,0,0,0,0.954937,0.138707,0
-0.958276,-0.133957,0,0,0,0,0.958276,0.133957,0
-0.961483,-0.129187,0,0,0,0,0.961483,0.129187,0
-0.964559,-0.1244,0,0,0,0,0.964559,0.1244,0
-0.967503,-0.119597,0,0,0,0,0.967503,0.119597,0
-0.970317,-0.114777,0,0,0,0,0.970317,0.114777,0
-0.973001,-0.109941,0,0,0,0,0.973001,0.109941,0
-0.975556,-0.105091,0,0,0,0,0.975556,0.105091,0
-0.977981,-0.100227,0,0,0,0,0.977981,0.100227,0
-0.980278,-0.0953502,0,0,0,0,0.980278,0.0953502,0
-0.982446,-0.0904606,0,0,0,0,0.982446,0.0904606,0
-0.984487,-0.0855593,0,0,0,0,0.984487,0.0855593,0
-0.986399,-0.0806469,0,0,0,0,0.986399,0.0806469,0
-0.988185,-0.075724,0,0,0,0,0.988185,0.075724,0
-0.989844,-0.0707915,0,0,0,0,0.989844,0.0707915,0
-0.991376,-0.0658499,0,0,0,0,0.991376,0.0658499,0
-0.992782,-0.0608999,0,0,0,0,0.992782,0.0608999,0
-0.994062,-0.0559421,0,0,0,0,0.994062,0.0559421,0
-0.995216,-0.0509773,0,0,0,0,0.995216,0.0509773,0
-0.996244,-0.046006,0,0,0,0,0.996244,0.046006,0
-0.997147,-0.041029,0,0,0,0,0.997147,0.041029,0
-0.997924,-0.0360468,0,0,0,0,0.997924,0.0360468,0
-0.998576,-0.03106,0,0,0,0,0.998576,0.03106,0
-0.999103,-0.0260694,0,0,0,0,0.999103,0.0260694,0
-0.999505,-0.0210755,0,0,0,0,0.999505,0.0210755,0
-0.999781,-0.0160789,0,0,0,0,0.999781,0.0160789,0
-0.999933,-0.0110804,0,0,0,0,0.999933,0.0110804,0
-0.99996,-0.00608043,0,0,0,0,0.99996,0.00608043,0
-0.999861,-0.00107973,0,0,0,0,0.999861,0.00107973,0
-0.999638,0.0039211,0,0,0,0,0.999638,-0.0039211,0
-0.999289,0.00892144,0,0,0,0,0.999289,-0.00892144,0
-0.998816,0.0139207,0,0,0,0,0.998816,-0.0139207,0
-0.998217,0.0189181,0,0,0,0,0.998217,-0.0189181,0
-0.997493,0.0239132,0,0,0,0,0.997493,-0.0239132,0
-0.996643,0.0289053,0,0,0,0,0.996643,-0.0289053,0
-0.995667,0.0338938,0,0,0,0,0.995667,-0.0338938,0
-0.994566,0.0388779,0,0,0,0,0.994566,-0.0388779,0
-0.993338,0.0438572,0,0,0,0,0.993338,-0.0438572,0
-0.991985,0.0488308,0,0,0,0,0.991985,-0.0488308,0
-0.990504,0.0537983,0,0,0,0,0.990504,-0.0537983,0
-0.988897,0.0587588,0,0,0,0,0.988897,-0.0587588,0
-0.987163,0.0637118,0,0,0,0,0.987163,-0.0637118,0
-0.985301,0.0686565,0,0,0,0,0.985301,-0.0686565,0
-0.983311,0.0735924,0,0,0,0,0.983311,-0.0735924,0
-0.981194,0.0785186,0,0,0,0,0.981194,-0.0785186,0
-0.978947,0.0834346,0,0,0,0,0.978947,-0.0834346,0
-0.976572,0.0883395,0,0,0,0,0.976572,-0.0883395,0
-0.974067,0.0932328,0,0,0,0,0.974067,-0.0932328,0
-0.971432,0.0981136,0,0,0,0,0.971432,-0.0981136,0
-0.968666,0.102981,0,0,0,0,0.968666,-0.102981,0
-0.96577,0.107835,0,0,0,0,0.96577,-0.107835,0
-0.962742,0.112674,0,0,0,0,0.962742,-0.112674,0
-0.959582,0.117497,0,0,0,0,0.959582,-0.117497,0
-0.956289,0.122305,0,0,0,0,0.956289,-0.122305,0
-0.952863,0.127095,0,0,0,0,0.952863,-0.127095,0
-0.949303,0.131867,0,0,0,0,0.949303,-0.131867,0
-0.945608,0.136621,0,0,0,0,0.945608,-0.136621,0
-0.941777,0.141355,0,0,0,0,0.941777,-0.141355,0
-0.93781,0.146069,0,0,0,0,0.93781,-0.146069,0
-0.933706,0.150761,0,0,0,0,0.933706,-0.150761,0
-0.929464,0.155431,0,0,0,0,0.929464,-0.155431,0
-0.925083,0.160077,0,0,0,0,0.925083,-0.160077,0
-0.920563,0.1647,0,0,0,0,0.920563,-0.1647,0
-0.915901,0.169297,0,0,0,0,0.915901,-0.169297,0
-0.911098,0.173869,0,0,0,0,0.911098,-0.173869,0
-0.906153,0.178412,0,0,0,0,0.906153,-0.178412,0
-0.901063,0.182928,0,0,0,0,0.901063,-0.182928,0
-0.895829,0.187414,0,0,0,0,0.895829,-0.187414,0
-0.890449,0.19187,0,0,0,0,0.890449,-0.19187,0
-0.884921,0.196294,0,0,0,0,0.884921,-0.196294,0
-0.879245,0.200685,0,0,0,0,0.879245,-0.200685,0
-0.873418,0.205042,0,0,0,0,0.873418,-0.205042,0
-0.867441,0.209363,0,0,0,0,0.867441,-0.209363,0
-0.861311,0.213647,0,0,0,0,0.861311,-0.213647,0
-0.855027,0.217893,0,0,0,0,0.855027,-0.217893,0
-0.848588,0.2221,0,0,0,0,0.848588,-0.2221,0
-0.841991,0.226265,0,0,0,0,0.841991,-0.226265,0
-0.835235,0.230388,0,0,0,0,0.835235,-0.230388,0
-0.828319,0.234467,0,0,0,0,0.828319,-0.234467,0
-0.821241,0.238499,0,0,0,0,0.821241,-0.238499,0
-0.813999,0.242484,0,0,0,0,0.813999,-0.242484,0
-0.80659,0.246419,0,0,0,0,0.80659,-0.246419,0
-0.799013,0.250303,0,0,0,0,0.799013,-0.250303,0
-0.791267,0.254134,0,0,0,0,0.791267,-0.254134,0
-0.783347,0.257909,0,0,0,0,0.783347,-0.257909,0
-0.775254,0.261627,0,0,0,0,0.775254,-0.261627,0
-0.766983,0.265285,0,0,0,0,0.766983,-0.265285,0
-0.758533,0.268881,0,0,0,0,0.758533,-0.268881,0
-0.749901,0.272413,0,0,0,0,0.749901,-0.272413,0
-0.741085,0.275878,0,0,0,0,0.741085,-0.275878,0
-0.732081,0.279272,0,0,0,0,0.732081,-0.279272,0
-0.722887,0.282595,0,0,0,0,0.722887,-0.282595,0
-0.7135,0.285841,0,0,0,0,0.7135,-0.285841,0
-0.703916,0.289009,0,0,0,0,0.703916,-0.289009,0
-0.694132,0.292095,0,0,0,0,0.694132,-0.292095,0
-0.684146,0.295096,0,0,0,0,0.684146,-0.295096,0
-0.673952,0.298007,0,0,0,0,0.673952,-0.298007,0
-0.663549,0.300825,0,0,0,0,0.663549,-0.300825,0
-0.65293,0.303546,0,0,0,0,0.65293,-0.303546,0
-0.642093,0.306165,0,0,0,0,0.642093,-0.306165,0
-0.631033,0.308678,0,0,0,0,0.631033,-0.308678,0
-0.619745,0.31108,0,0,0,0,0.619745,-0.31108,0
-0.608225,0.313364,0,0,0,0,0.608225,-0.313364,0
-0.596468,0.315527,0,0,0,0,0.596468,-0.315527,0
-0.584468,0.317561,0,0,0,0,0.584468,-0.317561,0
-0.57222,0.31946,0,0,0,0,0.57222,-0.31946,0
-0.559717,0.321218,0,0,0,0,0.559717,-0.321218,0
-0.546954,0.322826,0,0,0,0,0.546954,-0.322826,0
-0.533925,0.324276,0,0,0,0,0.533925,-0.324276,0
-0.520621,0.32556,0,0,0,0,0.520621,-0.32556,0
-0.507036,0.326668,0,0,0,0,0.507036,-0.326668,0
-0.493163,0.32759,0,0,0,0,0.493163,-0.32759,0
-0.478992,0.328315,0,0,0,0,0.478992,-0.328315,0
-0.464516,0.328829,0,0,0,0,0.464516,-0.328829,0
-0.449724,0.329121,0,0,0,0,0.449724,-0.329121,0
-0.434608,0.329175,0,0,0,0,0.434608,-0.329175,0
-0.419156,0.328975,0,0,0,0,0.419156,-0.328975,0
-0.403358,0.328503,0,0,0,0,0.403358,-0.328503,0
-0.387202,0.327739,0,0,0,0,0.387202,-0.327739,0
-0.370675,0.326661,0,0,0,0,0.370675,-0.326661,0
-0.353764,0.325245,0,0,0,0,0.353764,-0.325245,0
-0.336454,0.323461,0,0,0,0,0.336454,-0.323461,0
-0.31873,0.32128,0,0,0,0,0.31873,-0.32128,0
-0.300577,0.318665,0,0,0,0,0.300577,-0.318665,0
-0.281976,0.315575,0,0,0,0,0.281976,-0.315575,0
-0.262911,0.311965,0,0,0,0,0.262911,-0.311965,0
-0.243361,0.307779,0,0,0,0,0.243361,-0.307779,0
-0.223308,0.302956,0,0,0,0,0.223308,-0.302956,0
-0.202731,0.297421,0,0,0,0,0.202731,-0.297421,0
-0.181611,0.291088,0,0,0,0,0.181611,-0.291088,0
-0.159929,0.283852,0,0,0,0,0.159929,-0.283852,0
-0.137669,0.275587,0,0,0,0,0.137669,-0.275587,0
-0.114821,0.266142,0,0,0,0,0.114821,-0.266142,0
-0.0913858,0.255326,0,0,0,0,0.0913858,-0.255326,0
-0.06738,0.242906,0,0,0,0,0.06738,-0.242906,0
-0.0428527,0.228583,0,0,0,0,0.0428527,-0.228583,0
-0.0179071,0.21198,0,0,0,0,0.0179071,-0.21198,0
0.00725752,0.192614,0,0,0,0,-0.00725752,-0.192614,0
0.0322715,0.169874,0,0,0,0,-0.0322715,-0.169874,0
0.0564638,0.143021,0,0,0,0,-0.0564638,-0.143021,0
0.0786494,0.111267,0,0,0,0,-0.0786494,-0.111267,0
0.096875,0.0740938,0,0,0,0,-0.096875,-0.0740938,0
0.108426,0.0319812,0,0,0,0,-0.108426,-0.0319812,0
0.110774,-0.0127568,0,0,0,0,-0.110774,0.0127568,0
0.10337,-0.0564128,0,0,0,0,-0.10337,0.0564128,0
0.0881208,-0.0959309,0,0,0,0,-0.0881208,0.0959309,0
0.0678299,-0.130138,0,0,0,0,-0.0678299,0.130138,0
0.0447843,-0.159235,0,0,0,0,-0.0447843,0.159235,0
0.0204515,-0.183934,0,0,0,0,-0.0204515,0.183934,0
-0.00431453,-0.204996,0,0,0,0,0.00431453,0.204996,0
-0.029035,-0.223075,0,0,0,0,0.029035,0.223075,0
-0.0534464,-0.238694,0,0,0,0,0.0534464,0.238694,0
-0.0774067,-0.252268,0,0,0,0,0.0774067,0.252268,0
-0.100844,-0.26412,0,0,0,0,0.100844,0.26412,0
-0.123724,-0.274507,0,0,0,0,0.123724,0.274507,0
-0.14604,-0.283634,0,0,0,0,0.14604,0.283634,0
-0.167794,-0.291666,0,0,0,0,0.167794,0.291666,0
-0.188997,-0.298739,0,0,0,0,0.188997,0.298739,0
-0.209666,-0.304966,0,0,0,0,0.209666,0.304966,0
-0.229818,-0.310439,0,0,0,0,0.229818,0.310439,0
-0.249471,-0.315238,0,0,0,0,0.249471,0.315238,0
-0.268645,-0.31943,0,0,0,0,0.268645,0.31943,0
-0.287356,-0.323072,0,0,0,0,0.287356,0.323072,0
-0.305623,-0.326213,0,0,0,0,0.305623,0.326213,0
-0.323463,-0.328898,0,0,0,0,0.323463,0.328898,0
-0.34089,-0.331164,0,0,0,0,0.34089,0.331164,0
-0.35792,-0.333043,0,0,0,0,0.35792,0.333043,0
-0.374568,-0.334566,0,0,0,0,0.374568,0.334566,0
-0.390846,-0.335759,0,0,0,0,0.390846,0.335759,0
-0.406766,-0.336645,0,0,0,0,0.406766,0.336645,0
-0.422341,-0.337245,0,0,0,0,0.422341,0.337245,0
-0.437582,-0.337577,0,0,0,0,0.437582,0.337577,0
-0.452498,-0.33766,0,0,0,0,0.452498,0.33766,0
-0.467101,-0.337507,0,0,0,0,0.467101,0.337507,0
-0.481398,-0.337135,0,0,0,0,0.481398,0.337135,0
-0.495398,-0.336554,0,0,0,0,0.495398,0.336554,0
-0.509111,-0.335778,0,0,0,0,0.509111,0.335778,0
-0.522542,-0.334816,0,0,0,0,0.522542,0.334816,0
-0.535701,-0.33368,0,0,0,0,0.535701,0.33368,0
-0.548593,-0.332377,0,0,0,0,0.548593,0.332377,0
-0.561225,-0.330917,0,0,0,0,0.561225,0.330917,0
-0.573603,-0.329307,0,0,0,0,0.573603,0.329307,0
-0.585734,-0.327556,0,0,0,0,0.585734,0.327556,0
-0.597622,-0.325668,0,0,0,0,0.597622,0.325668,0
-0.609274,-0.323651,0,0,0,0,0.609274,0.323651,0
-0.620693,-0.321512,0,0,0,0,0.620693,0.321512,0
-0.631886,-0.319254,0,0,0,0,0.631886,0.319254,0
-0.642855,-0.316884,0,0,0,0,0.642855,0.316884,0
-0.653607,-0.314406,0,0,0,0,0.653607,0.314406,0
-0.664144,-0.311825,0,0,0,0,0.664144,0.311825,0
-0.674471,-0.309146,0,0,0,0,0.674471,0.309146,0
-0.684591,-0.306372,0,0,0,0,0.684591,0.306372,0
-0.694509,-0.303507,0,0,0,0,0.694509,0.303507,0
-0.704228,-0.300555,0,0,0,0,0.704228,0.300555,0
-0.71375,-0.29752,0,0,0,0,0.71375,0.29752,0
-0.723079,-0.294403,0,0,0,0,0.723079,0.294403,0
-0.732218,-0.29121,0,0,0,0,0.732218,0.29121,0
-0.741171,-0.287942,0,0,0,0,0.741171,0.287942,0
-0.749939,-0.284603,0,0,0,0,0.749939,0.284603,0
-0.758525,-0.281194,0,0,0,0,0.758525,0.281194,0
-0.766932,-0.277719,0,0,0,0,0.766932,0.277719,0
-0.775163,-0.27418,0,0,0,0,0.775163,0.27418,0
-0.783219,-0.27058,0,0,0,0,0.783219,0.27058,0
-0.791103,-0.26692,0,0,0,0,0.791103,0.26692,0
-0.798817,-0.263203,0,0,0,0,0.798817,0.263203,0
-0.806364,-0.25943,0,0,0,0,0.806364,0.25943,0
-0.813744,-0.255604,0,0,0,0,0.813744,0.255604,0
-0.820961,-0.251727,0,0,0,0,0.820961,0.251727,0
-0.828015,-0.2478,0,0,0,0,0.828015,0.2478,0
-0.83491,-0.243825,0,0,0,0,0.83491,0.243825,0
-0.841645,-0.239803,0,0,0,0,0.841645,0.239803,0
-0.848224,-0.235737,0,0,0,0,0.848224,0.235737,0
-0.854647,-0.231628,0,0,0,0,0.854647,0.231628,0
-0.860916,-0.227477,0,0,0,0,0.860916,0.227477,0
-0.867033,-0.223285,0,0,0,0,0.867033,0.223285,0
-0.872999,-0.219055,0,0,0,0,0.872999,0.219055,0
-0.878816,-0.214787,0,0,0,0,0.878816,0.214787,0
-0.884483,-0.210483,0,0,0,0,0.884483,0.210483,0
-0.890004,-0.206144,0,0,0,0,0.890004,0.206144,0
-0.895379,-0.201771,0,0,0,0,0.895379,0.201771,0
-0.900609,-0.197366,0,0,0,0,0.900609,0.197366,0
-0.905696,-0.192929,0,0,0,0,0.905696,0.192929,0
-0.91064,-0.188461,0,0,0,0,0.91064,0.188461,0
-0.915442,-0.183965,0,0,0,0,0.915442,0.183965,0
-0.920104,-0.17944,0,0,0,0,0.920104,0.17944,0
-0.924626,-0.174888,0,0,0,0,0.924626,0.174888,0
-0.929009,-0.170309,0,0,0,0,0.929009,0.170309,0
-0.933255,-0.165706,0,0,0,0,0.933255,0.165706,0
-0.937364,-0.161078,0,0,0,0,0.937364,0.161078,0
-0.941336,-0.156427,0,0,0,0,0.941336,0.156427,0
-0.945173,-0.151753,0,0,0,0,0.945173,0.151753,0
-0.948876,-0.147057,0,0,0,0,0.948876,0.147057,0
-0.952444,-0.142341,0,0,0,0,0.952444,0.142341,0
-0.955879,-0.137605,0,0,0,0,0.955879,0.137605,0
-0.959181,-0.132849,0,0,0,0,0.959181,0.132849,0
-0.962352,-0.128076,0,0,0,0,0.962352,0.128076,0
-0.965391,-0.123285,0,0,0,0,0.965391,0.123285,0
-0.968299,-0.118477,0,0,0,0,0.968299,0.118477,0
-0.971076,-0.113653,0,0,0,0,0.971076,0.113653,0
-0.973724,-0.108814,0,0,0,0,0.973724,0.108814,0
-0.976242,-0.103961,0,0,0,0,0.976242,0.103961,0
-0.978632,-0.0990939,0,0,0,0,0.978632,0.0990939,0
-0.980892,-0.0942138,0,0,0,0,0.980892,0.0942138,0
-0.983025,-0.0893214,0,0,0,0,0.983025,0.0893214,0
-0.98503,-0.0844173,0,0,0,0,0.98503,0.0844173,0
-0.986907,-0.0795023,0,0,0,0,0.986907,0.0795023,0
-0.988658,-0.0745771,0,0,0,0,0.988658,0.0745771,0
-0.990281,-0.0696423,0,0,0,0,0.990281,0.0696423,0
-0.991778,-0.0646986,0,0,0,0,0.991778,0.0646986,0
-0.993149,-0.0597467,0,0,0,0,0.993149,0.0597467,0
-0.994394,-0.0547872,0,0,0,0,0.994394,0.0547872,0
-0.995513,-0.0498208,0,0,0,0,0.995513,0.0498208,0
-0.996506,-0.044848,0,0,0,0,0.996506,0.044848,0
-0.997374,-0.0398697,0,0,0,0,0.997374,0.0398697,0
-0.998116,-0.0348863,0,0,0,0,0.998116,0.0348863,0
-0.998733,-0.0298985,0,0,0,0,0.998733,0.0298985,0
-0.999225,-0.024907,0,0,0,0,0.999225,0.024907,0
-0.999592,-0.0199124,0,0,0,0,0.999592,0.0199124,0
-0.999834,-0.0149152,0,0,0,0,0.999834,0.0149152,0
-0.999951,-0.00991626,0,0,0,0,0.999951,0.00991626,0
-0.999943,-0.00491604,0,0,0,0,0.999943,0.00491604,0
-0.999809,8.47989e-05,0,0,0,0,0.999809,-8.47989e-05,0
-0.999551,0.00508563,0,0,0,0,0.999551,-0.00508563,0
-0.999168,0.0100858,0,0,0,0,0.999168,-0.0100858,0
-0.998659,0.0150847,0,0,0,0,0.998659,-0.0150847,0
-0.998026,0.0200818,0,0,0,0,0.998026,-0.0200818,0
-0.997266,0.0250763,0,0,0,0,0.997266,-0.0250763,0
-0.996382,0.0300676,0,0,0,0,0.996382,-0.0300676,0
-0.995371,0.0350552,0,0,0,0,0.995371,-0.0350552,0
-0.994235,0.0400383,0,0,0,0,0.994235,-0.0400383,0
-0.992972,0.0450164,0,0,0,0,0.992972,-0.0450164,0
-0.991583,0.0499887,0,0,0,0,0.991583,-0.0499887,0
-0.990067,0.0549546,0,0,0,0,0.990067,-0.0549546,0
-0.988425,0.0599135,0,0,0,0,0.988425,-0.0599135,0
-0.986655,0.0648647,0,0,0,0,0.986655,-0.0648647,0
-0.984758,0.0698074,0,0,0,0,0.984758,-0.0698074,0
-0.982732,0.0747411,0,0,0,0,0.982732,-0.0747411,0
-0.980579,0.0796651,0,0,0,0,0.980579,-0.0796651,0
-0.978296,0.0845786,0,0,0,0,0.978296,-0.0845786,0
-0.975885,0.0894809,0,0,0,0,0.975885,-0.0894809,0
-0.973343,0.0943714,0,0,0,0,0.973343,-0.0943714,0
-0.970672,0.0992492,0,0,0,0,0.970672,-0.0992492,0
-0.96787,0.104114,0,0,0,0,0.96787,-0.104114,0
-0.964937,0.108964,0,0,0,0,0.964937,-0.108964,0
-0.961872,0.113799,0,0,0,0,0.961872,-0.113799,0
-0.958675,0.118619,0,0,0,0,0.958675,-0.118619,0
-0.955345,0.123423,0,0,0,0,0.955345,-0.123423,0
-0.951882,0.128209,0,0,0,0,0.951882,-0.128209,0
-0.948284,0.132977,0,0,0,0,0.948284,-0.132977,0
-0.944551,0.137726,0,0,0,0,0.944551,-0.137726,0
-0.940682,0.142455,0,0,0,0,0.940682,-0.142455,0
-0.936677,0.147164,0,0,0,0,0.936677,-0.147164,0
-0.932534,0.151851,0,0,0,0,0.932534,-0.151851,0
-0.928254,0.156515,0,0,0,0,0.928254,-0.156515,0
-0.923834,0.161156,0,0,0,0,0.923834,-0.161156,0
-0.919274,0.165773,0,0,0,0,0.919274,-0.165773,0
-0.914573,0.170364,0,0,0,0,0.914573,-0.170364,0
-0.90973,0.174929,0,0,0,0,0.90973,-0.174929,0
-0.904744,0.179466,0,0,0,0,0.904744,-0.179466,0
-0.899614,0.183975,0,0,0,0,0.899614,-0.183975,0
-0.894339,0.188454,0,0,0,0,0.894339,-0.188454,0
-0.888917,0.192902,0,0,0,0,0.888917,-0.192902,0
-0.883347,0.197318,0,0,0,0,0.883347,-0.197318,0
-0.877629,0.201701,0,0,0,0,0.877629,-0.201701,0
-0.871761,0.206049,0,0,0,0,0.871761,-0.206049,0
-0.865741,0.210362,0,0,0,0,0.865741,-0.210362,0
-0.859567,0.214637,0,0,0,0,0.859567,-0.214637,0
-0.85324,0.218874,0,0,0,0,0.85324,-0.218874,0
-0.846756,0.22307,0,0,0,0,0.846756,-0.22307,0
-0.840115,0.227225,0,0,0,0,0.840115,-0.227225,0
-0.833314,0.231337,0,0,0,0,0.833314,-0.231337,0
-0.826352,0.235405,0,0,0,0,0.826352,-0.235405,0
-0.819228,0.239426,0,0,0,0,0.819228,-0.239426,0
-0.811938,0.243398,0,0,0,0,0.811938,-0.243398,0
-0.804482,0.247321,0,0,0,0,0.804482,-0.247321,0
-0.796858,0.251192,0,0,0,0,0.796858,-0.251192,0
-0.789062,0.255009,0,0,0,0,0.789062,-0.255009,0
-0.781094,0.25877,0,0,0,0,0.781094,-0.25877,0
-0.77295,0.262473,0,0,0,0,0.77295,-0.262473,0
-0.764629,0.266116,0,0,0,0,0.764629,-0.266116,0
-0.756128,0.269696,0,0,0,0,0.756128,-0.269696,0
-0.747443,0.273211,0,0,0,0,0.747443,-0.273211,0
-0.738574,0.276658,0,0,0,0,0.738574,-0.276658,0
-0.729516,0.280035,0,0,0,0,0.729516,-0.280035,0
-0.720268,0.283338,0,0,0,0,0.720268,-0.283338,0
-0.710825,0.286565,0,0,0,0,0.710825,-0.286565,0
-0.701184,0.289712,0,0,0,0,0.701184,-0.289712,0
-0.691343,0.292777,0,0,0,0,0.691343,-0.292777,0
-0.681298,0.295755,0,0,0,0,0.681298,-0.295755,0
-0.671045,0.298642,0,0,0,0,0.671045,-0.298642,0
-0.66058,0.301436,0,0,0,0,0.66058,-0.301436,0
-0.649899,0.304131,0,0,0,0,0.649899,-0.304131,0
-0.638999,0.306723,0,0,0,0,0.638999,-0.306723,0
-0.627874,0.309207,0,0,0,0,0.627874,-0.309207,0
-0.61652,0.311578,0,0,0,0,0.61652,-0.311578,0
-0.604932,0.313832,0,0,0,0,0.604932,-0.313832,0
-0.593106,0.315961,0,0,0,0,0.593106,-0.315961,0
-0.581035,0.31796,0,0,0,0,0.581035,-0.31796,0
-0.568714,0.319823,0,0,0,0,0.568714,-0.319823,0
-0.556137,0.321541,0,0,0,0,0.556137,-0.321541,0
-0.543298,0.323108,0,0,0,0,0.543298,-0.323108,0
-0.53019,0.324515,0,0,0,0,0.53019,-0.324515,0
-0.516807,0.325752,0,0,0,0,0.516807,-0.325752,0
-0.503139,0.326812,0,0,0,0,0.503139,-0.326812,0
-0.489181,0.327682,0,0,0,0,0.489181,-0.327682,0
-0.474923,0.328351,0,0,0,0,0.474923,-0.328351,0
-0.460356,0.328807,0,0,0,0,0.460356,-0.328807,0
-0.445472,0.329035,0,0,0,0,0.445472,-0.329035,0
-0.430259,0.329022,0,0,0,0,0.430259,-0.329022,0
-0.414708,0.328749,0,0,0,0,0.414708,-0.328749,0
-0.398808,0.328199,0,0,0,0,0.398808,-0.328199,0
-0.382545,0.327351,0,0,0,0,0.382545,-0.327351,0
-0.365908,0.326183,0,0,0,0,0.365908,-0.326183,0
-0.348882,0.324668,0,0,0,0,0.348882,-0.324668,0
-0.331453,0.322777,0,0,0,0,0.331453,-0.322777,0
-0.313606,0.320479,0,0,0,0,0.313606,-0.320479,0
-0.295324,0.317736,0,0,0,0,0.295324,-0.317736,0
-0.27659,0.314506,0,0,0,0,0.27659,-0.314506,0
-0.257385,0.31074,0,0,0,0,0.257385,-0.31074,0
-0.23769,0.306382,0,0,0,0,0.23769,-0.306382,0
-0.217486,0.301367,0,0,0,0,0.217486,-0.301367,0
-0.196752,0.295616,0,0,0,0,0.196752,-0.295616,0
-0.175469,0.289039,0,0,0,0,0.175469,-0.289039,0
-0.153618,0.281525,0,0,0,0,0.153618,-0.281525,0
-0.131187,0.272942,0,0,0,0,0.131187,-0.272942,0
-0.108165,0.263127,0,0,0,0,0.108165,-0.263127,0
-0.0845585,0.25188,0,0,0,0,0.0845585,-0.25188,0
-0.0603911,0.238949,0,0,0,0,0.0603911,-0.238949,0
-0.0357244,0.224015,0,0,0,0,0.0357244,-0.224015,0
-0.0106842,0.206674,0,0,0,0,0.0106842,-0.206674,0
0.0144908,0.186406,0,0,0,0,-0.0144908,-0.186406,0
0.0393605,0.162563,0,0,0,0,-0.0393605,-0.162563,0
0.0631307,0.134374,0,0,0,0,-0.0631307,-0.134374,0
0.0844182,0.101083,0,0,0,0,-0.0844182,-0.101083,0
0.101021,0.0623645,0,0,0,0,-0.101021,-0.0623645,0
0.110124,0.0191668,0,0,0,0,-0.110124,-0.0191668,0
0.109593,-0.0256537,0,0,0,0,-0.109593,0.0256537,0
0.099654,-0.0683493,0,0,0,0,-0.099654,0.0683493,0
0.0826729,-0.106375,0,0,0,0,-0.0826729,0.106375,0
0.0613957,-0.13905,0,0,0,0,-0.0613957,0.13905,0
0.0378662,-0.166799,0,0,0,0,-0.0378662,0.166799,0
0.0133472,-0.190376,0,0,0,0,-0.0133472,0.190376,0
-0.0114373,-0.210519,0,0,0,0,0.0114373,0.210519,0
-0.0360837,-0.227844,0,0,0,0,0.0360837,0.227844,0
-0.0603709,-0.24284,0,0,0,0,0.0603709,0.24284,0
-0.0841811,-0.255891,0,0,0,0,0.0841811,0.255891,0
-0.107456,-0.267301,0,0,0,0,0.107456,0.267301,0
-0.13017,-0.27731,0,0,0,0,0.13017,0.27731,0
-0.152319,-0.286111,0,0,0,0,0.152319,0.286111,0
-0.17391,-0.293858,0,0,0,0,0.17391,0.293858,0
-0.194955,-0.300682,0,0,0,0,0.194955,0.300682,0
-0.215471,-0.306687,0,0,0,0,0.215471,0.306687,0
-0.235475,-0.311963,0,0,0,0,0.235475,0.311963,0
-0.254986,-0.316585,0,0,0,0,0.254986,0.316585,0
-0.274022,-0.320617,0,0,0,0,0.274022,0.320617,0
-0.292602,-0.324115,0,0,0,0,0.292602,0.324115,0
-0.310743,-0.327125,0,0,0,0,0.310743,0.327125,0
-0.328461,-0.32969,0,0,0,0,0.328461,0.32969,0
-0.345771,-0.331845,0,0,0,0,0.345771,0.331845,0
-0.362688,-0.333623,0,0,0,0,0.362688,0.333623,0
-0.379227,-0.335053,0,0,0,0,0.379227,0.335053,0
-0.395399,-0.336159,0,0,0,0,0.395399,0.336159,0
-0.411218,-0.336964,0,0,0,0,0.411218,0.336964,0
-0.426695,-0.337489,0,0,0,0,0.426695,0.337489,0
-0.441841,-0.337752,0,0,0,0,0.441841,0.337752,0
-0.456665,-0.337769,0,0,0,0,0.456665,0.337769,0
-0.471178,-0.337556,0,0,0,0,0.471178,0.337556,0
-0.485389,-0.337125,0,0,0,0,0.485389,0.337125,0
-0.499305,-0.336491,0,0,0,0,0.499305,0.336491,0
-0.512936,-0.335664,0,0,0,0,0.512936,0.335664,0
-0.526288,-0.334654,0,0,0,0,0.526288,0.334654,0
-0.539369,-0.333473,0,0,0,0,0.539369,0.333473,0
-0.552185,-0.332127,0,0,0,0,0.552185,0.332127,0
-0.564744,-0.330627,0,0,0,0,0.564744,0.330627,0
-0.57705,-0.328978,0,0,0,0,0.57705,0.328978,0
-0.589111,-0.32719,0,0,0,0,0.589111,0.32719,0
-0.60093,-0.325268,0,0,0,0,0.60093,0.325268,0
-0.612515,-0.323218,0,0,0,0,0.612515,0.323218,0
-0.623868,-0.321047,0,0,0,0,0.623868,0.321047,0
-0.634996,-0.318759,0,0,0,0,0.634996,0.318759,0
-0.645903,-0.316361,0,0,0,0,0.645903,0.316361,0
-0.656593,-0.313856,0,0,0,0,0.656593,0.313856,0
-0.667069,-0.311249,0,0,0,0,0.667069,0.311249,0
-0.677337,-0.308545,0,0,0,0,0.677337,0.308545,0
-0.687399,-0.305747,0,0,0,0,0.687399,0.305747,0
-0.697259,-0.302859,0,0,0,0,0.697259,0.302859,0
-0.706922,-0.299885,0,0,0,0,0.706922,0.299885,0
-0.716388,-0.296829,0,0,0,0,0.716388,0.296829,0
-0.725663,-0.293692,0,0,0,0,0.725663,0.293692,0
-0.734749,-0.29048,0,0,0,0,0.734749,0.29048,0
-0.743648,-0.287193,0,0,0,0,0.743648,0.287193,0
-0.752364,-0.283836,0,0,0,0,0.752364,0.283836,0
-0.7609,-0.28041,0,0,0,0,0.7609,0.28041,0
-0.769256,-0.276919,0,0,0,0,0.769256,0.276919,0
-0.777437,-0.273365,0,0,0,0,0.777437,0.273365,0
-0.785444,-0.269749,0,0,0,0,0.785444,0.269749,0
-0.79328,-0.266074,0,0,0,0,0.79328,0.266074,0
-0.800946,-0.262343,0,0,0,0,0.800946,0.262343,0
-0.808446,-0.258557,0,0,0,0,0.808446,0.258557,0
-0.81578,-0.254718,0,0,0,0,0.81578,0.254718,0
-0.82295,-0.250828,0,0,0,0,0.82295,0.250828,0
-0.829959,-0.246889,0,0,0,0,0.829959,0.246889,0
-0.836808,-0.242902,0,0,0,0,0.836808,0.242902,0
-0.8435,-0.238869,0,0,0,0,0.8435,0.238869,0
-0.850034,-0.234793,0,0,0,0,0.850034,0.234793,0
-0.856414,-0.230673,0,0,0,0,0.856414,0.230673,0
-0.86264,-0.226512,0,0,0,0,0.86264,0.226512,0
-0.868714,-0.222311,0,0,0,0,0.868714,0.222311,0
-0.874638,-0.218071,0,0,0,0,0.874638,0.218071,0
-0.880412,-0.213794,0,0,0,0,0.880412,0.213794,0
-0.886039,-0.209482,0,0,0,0,0.886039,0.209482,0
-0.891518,-0.205134,0,0,0,0,0.891518,0.205134,0
-0.896852,-0.200753,0,0,0,0,0.896852,0.200753,0
-0.902042,-0.19634,0,0,0,0,0.902042,0.19634,0
-0.907088,-0.191896,0,0,0,0,0.907088,0.191896,0
-0.911992,-0.187421,0,0,0,0,0.911992,0.187421,0
-0.916755,-0.182917,0,0,0,0,0.916755,0.182917,0
-0.921378,-0.178386,0,0,0,0,0.921378,0.178386,0
-0.925861,-0.173827,0,0,0,0,0.925861,0.173827,0
-0.930206,-0.169243,0,0,0,0,0.930206,0.169243,0
-0.934413,-0.164633,0,0,0,0,0.934413,0.164633,0
-0.938483,-0.16,0,0,0,0,0.938483,0.16,0
-0.942418,-0.155343,0,0,0,0,0.942418,0.155343,0
-0.946217,-0.150664,0,0,0,0,0.946217,0.150664,0
-0.949882,-0.145963,0,0,0,0,0.949882,0.145963,0
-0.953413,-0.141242,0,0,0,0,0.953413,0.141242,0
-0.956811,-0.136501,0,0,0,0,0.956811,0.136501,0
-0.960076,-0.131741,0,0,0,0,0.960076,0.131741,0
-0.96321,-0.126964,0,0,0,0,0.96321,0.126964,0
-0.966212,-0.122168,0,0,0,0,0.966212,0.122168,0
-0.969084,-0.117357,0,0,0,0,0.969084,0.117357,0
-0.971825,-0.112529,0,0,0,0,0.971825,0.112529,0
-0.974436,-0.107687,0,0,0,0,0.974436,0.107687,0
-0.976919,-0.10283,0,0,0,0,0.976919,0.10283,0
-0.979272,-0.0979599,0,0,0,0,0.979272,0.0979599,0
-0.981497,-0.0930767,0,0,0,0,0.981497,0.0930767,0
-0.983594,-0.0881814,0,0,0,0,0.983594,0.0881814,0
-0.985563,-0.0832747,0,0,0,0,0.985563,0.0832747,0
-0.987405,-0.0783572,0,0,0,0,0.987405,0.0783572,0
-0.98912,-0.0734296,0,0,0,0,0.98912,0.0734296,0
-0.990709,-0.0684926,0,0,0,0,0.990709,0.0684926,0
-0.992171,-0.0635469,0,0,0,0,0.992171,0.0635469,0
-0.993506,-0.0585931,0,0,0,0,0.993506,0.0585931,0
-0.994716,-0.0536319,0,0,0,0,0.994716,0.0536319,0
-0.9958,-0.0486639,0,0,0,0,0.9958,0.0486639,0
-0.996758,-0.0436897,0,0,0,0,0.996758,0.0436897,0
-0.997591,-0.0387101,0,0,0,0,0.997591,0.0387101,0
-0.998298,-0.0337255,0,0,0,0,0.998298,0.0337255,0
-0.99888,-0.0287368,0,0,0,0,0.99888,0.0287368,0
-0.999338,-0.0237444,0,0,0,0,0.999338,0.0237444,0
-0.99967,-0.0187491,0,0,0,0,0.99967,0.0187491,0
-0.999877,-0.0137514,0,0,0,0,0.999877,0.0137514,0
-0.999959,-0.00875206,0,0,0,0,0.999959,0.00875206,0
-0.999916,-0.00375159,0,0,0,0,0.999916,0.00375159,0
-0.999748,0.00124936,0,0,0,0,0.999748,-0.00124936,0
-0.999455,0.00625015,0,0,0,0,0.999455,-0.00625015,0
-0.999037,0.0112502,0,0,0,0,0.999037,-0.0112502,0
-0.998493,0.0162488,0,0,0,0,0.998493,-0.0162488,0
-0.997825,0.0212453,0,0,0,0,0.997825,-0.0212453,0
-0.99703,0.0262392,0,0,0,0,0.99703,-0.0262392,0
-0.996111,0.0312298,0,0,0,0,0.996111,-0.0312298,0
-0.995065,0.0362164,0,0,0,0,0.995065,-0.0362164,0
-0.993893,0.0411985,0,0,0,0,0.993893,-0.0411985,0
-0.992596,0.0461753,0,0,0,0,0.992596,-0.0461753,0
-0.991171,0.0511462,0,0,0,0,0.991171,-0.0511462,0
-0.98962,0.0561106,0,0,0,0,0.98962,-0.0561106,0
-0.987942,0.0610678,0,0,0,0,0.987942,-0.0610678,0
-0.986137,0.0660171,0,0,0,0,0.986137,-0.0660171,0
-0.984204,0.0709579,0,0,0,0,0.984204,-0.0709579,0
-0.982143,0.0758895,0,0,0,0,0.982143,-0.0758895,0
-0.979953,0.0808111,0,0,0,0,0.979953,-0.0808111,0
-0.977635,0.0857221,0,0,0,0,0.977635,-0.0857221,0
-0.975187,0.0906217,0,0,0,0,0.975187,-0.0906217,0
-0.97261,0.0955093,0,0,0,0,0.97261,-0.0955093,0
-0.969902,0.100384,0,0,0,0,0.969902,-0.100384,0
-0.967064,0.105245,0,0,0,0,0.967064,-0.105245,0
-0.964094,0.110092,0,0,0,0,0.964094,-0.110092,0
-0.960992,0.114924,0,0,0,0,0.960992,-0.114924,0
-0.957758,0.11974,0,0,0,0,0.957758,-0.11974,0
-0.954391,0.12454,0,0,0,0,0.954391,-0.12454,0
-0.95089,0.129322,0,0,0,0,0.95089,-0.129322,0
-0.947254,0.134085,0,0,0,0,0.947254,-0.134085,0
-0.943483,0.13883,0,0,0,0,0.943483,-0.13883,0
-0.939577,0.143554,0,0,0,0,0.939577,-0.143554,0
-0.935533,0.148258,0,0,0,0,0.935533,-0.148258,0
-0.931352,0.15294,0,0,0,0,0.931352,-0.15294,0
-0.927032,0.157599,0,0,0,0,0.927032,-0.157599,0
-0.922573,0.162234,0,0,0,0,0.922573,-0.162234,0
-0.917974,0.166845,0,0,0,0,0.917974,-0.166845,0
-0.913233,0.17143,0,0,0,0,0.913233,-0.17143,0
-0.90835,0.175988,0,0,0,0,0.90835,-0.175988,0
-0.903324,0.180519,0,0,0,0,0.903324,-0.180519,0
-0.898153,0.18502,0,0,0,0,0.898153,-0.18502,0
-0.892837,0.189492,0,0,0,0,0.892837,-0.189492,0
-0.887374,0.193933,0,0,0,0,0.887374,-0.193933,0
-0.881762,0.198341,0,0,0,0,0.881762,-0.198341,0
-0.876002,0.202715,0,0,0,0,0.876002,-0.202715,0
-0.870091,0.207055,0,0,0,0,0.870091,-0.207055,0
-0.864028,0.211359,0,0,0,0,0.864028,-0.211359,0
-0.857811,0.215625,0,0,0,0,0.857811,-0.215625,0
-0.85144,0.219852,0,0,0,0,0.85144,-0.219852,0
-0.844912,0.224038,0,0,0,0,0.844912,-0.224038,0
-0.838225,0.228183,0,0,0,0,0.838225,-0.228183,0
-0.831379,0.232284,0,0,0,0,0.831379,-0.232284,0
-0.824372,0.23634,0,0,0,0,0.824372,-0.23634,0
-0.817201,0.240349,0,0,0,0,0.817201,-0.240349,0
-0.809865,0.24431,0,0,0,0,0.809865,-0.24431,0
-0.802361,0.24822,0,0,0,0,0.802361,-0.24822,0
-0.794688,0.252078,0,0,0,0,0.794688,-0.252078,0
-0.786844,0.255881,0,0,0,0,0.786844,-0.255881,0
-0.778826,0.259628,0,0,0,0,0.778826,-0.259628,0
-0.770632,0.263316,0,0,0,0,0.770632,-0.263316,0
-0.76226,0.266943,0,0,0,0,0.76226,-0.266943,0
-0.753707,0.270507,0,0,0,0,0.753707,-0.270507,0
-0.744971,0.274005,0,0,0,0,0.744971,-0.274005,0
-0.736048,0.277435,0,0,0,0,0.736048,-0.277435,0
-0.726936,0.280793,0,0,0,0,0.726936,-0.280793,0
-0.717632,0.284077,0,0,0,0,0.717632,-0.284077,0
-0.708133,0.287284,0,0,0,0,0.708133,-0.287284,0
-0.698436,0.29041,0,0,0,0,0.698436,-0.29041,0
-0.688537,0.293453,0,0,0,0,0.688537,-0.293453,0
-0.678433,0.296408,0,0,0,0,0.678433,-0.296408,0
-0.668119,0.299271,0,0,0,0,0.668119,-0.299271,0
-0.657593,0.30204,0,0,0,0,0.657593,-0.30204,0
-0.64685,0.304708,0,0,0,0,0.64685,-0.304708,0
-0.635886,0.307273,0,0,0,0,0.635886,-0.307273,0
-0.624696,0.309728,0,0,0,0,0.624696,-0.309728,0
-0.613275,0.312069,0,0,0,0,0.613275,-0.312069,0
-0.60162,0.314291,0,0,0,0,0.60162,-0.314291,0
-0.589724,0.316386,0,0,0,0,0.589724,-0.316386,0
-0.577581,0.31835,0,0,0,0,0.577581,-0.31835,0
-0.565188,0.320175,0,0,0,0,0.565188,-0.320175,0
-0.552536,0.321854,0,0,0,0,0.552536,-0.321854,0
-0.53962,0.323379,0,0,0,0,0.53962,-0.323379,0
-0.526433,0.324741,0,0,0,0,0.526433,-0.324741,0
-0.512968,0.325932,0,0,0,0,0.512968,-0.325932,0
-0.499218,0.326942,0,0,0,0,0.499218,-0.326942,0
-0.485174,0.327759,0,0,0,0,0.485174,-0.327759,0
-0.470827,0.328371,0,0,0,0,0.470827,-0.328371,0
-0.45617,0.328767,0,0,0,0,0.45617,-0.328767,0
-0.441191,0.328931,0,0,0,0,0.441191,-0.328931,0
-0.425882,0.328849,0,0,0,0,0.425882,-0.328849,0
-0.410231,0.328503,0,0,0,0,0.410231,-0.328503,0
-0.394226,0.327873,0,0,0,0,0.394226,-0.327873,0
-0.377856,0.326939,0,0,0,0,0.377856,-0.326939,0
-0.361107,0.325678,0,0,0,0,0.361107,-0.325678,0
-0.343966,0.324062,0,0,0,0,0.343966,-0.324062,0
-0.326417,0.322062,0,0,0,0,0.326417,-0.322062,0
-0.308445,0.319644,0,0,0,0,0.308445,-0.319644,0
-0.290033,0.31677,0,0,0,0,0.290033,-0.31677,0
-0.271163,0.313395,0,0,0,0,0.271163,-0.313395,0
-0.251817,0.309469,0,0,0,0,0.251817,-0.309469,0
-0.231975,0.304934,0,0,0,0,0.231975,-0.304934,0
-0.211618,0.29972,0,0,0,0,0.211618,-0.29972,0
-0.190725,0.293746,0,0,0,0,0.190725,-0.293746,0
-0.169278,0.286915,0,0,0,0,0.169278,-0.286915,0
-0.147258,0.279113,0,0,0,0,0.147258,-0.279113,0
-0.124653,0.270197,0,0,0,0,0.124653,-0.270197,0
-0.101458,0.259997,0,0,0,0,0.101458,-0.259997,0
-0.077682,0.248297,0,0,0,0,0.077682,-0.248297,0
-0.0533576,0.234829,0,0,0,0,0.0533576,-0.234829,0
-0.0285615,0.21925,0,0,0,0,0.0285615,-0.21925,0
-0.00344564,0.201127,0,0,0,0,0.00344564,-0.201127,0
0.0217043,0.179903,0,0,0,0,-0.0217043,-0.179903,0
0.0463652,0.154891,0,0,0,0,-0.0463652,-0.154891,0
0.0695997,0.125301,0,0,0,0,-0.0695997,-0.125301,0
0.0898046,0.0904385,0,0,0,0,-0.0898046,-0.0904385,0
0.104541,0.0502474,0,0,0,0,-0.104541,-0.0502474,0
0.111003,0.00620975,0,0,0,0,-0.111003,-0.00620975,0
0.107614,-0.0383636,0,0,0,0,-0.107614,0.0383636,0
0.0953519,-0.0798826,0,0,0,0,-0.0953519,0.0798826,0
0.0768756,-0.116366,0,0,0,0,-0.0768756,0.116366,0
0.0547825,-0.147551,0,0,0,0,-0.0547825,0.147551,0
0.0308727,-0.174017,0,0,0,0,-0.0308727,0.174017,0
0.00622617,-0.196535,0,0,0,0,-0.00622617,0.196535,0
-0.0185443,-0.215811,0,0,0,0,0.0185443,0.215811,0
-0.043099,-0.232422,0,0,0,0,0.043099,0.232422,0
-0.0672527,-0.246826,0,0,0,0,0.0672527,0.246826,0
-0.0909083,-0.259381,0,0,0,0,0.0909083,0.259381,0
-0.114019,-0.270369,0,0,0,0,0.114019,0.270369,0
-0.136567,-0.280016,0,0,0,0,0.136567,0.280016,0
-0.158551,-0.288503,0,0,0,0,0.158551,0.288503,0
-0.17998,-0.295977,0,0,0,0,0.17998,0.295977,0
-0.200868,-0.302559,0,0,0,0,0.200868,0.302559,0
-0.221231,-0.30835,0,0,0,0,0.221231,0.30835,0
-0.241089,-0.313435,0,0,0,0,0.241089,0.313435,0
-0.26046,-0.317886,0,0,0,0,0.26046,0.317886,0
-0.279361,-0.321763,0,0,0,0,0.279361,0.321763,0
-0.297811,-0.32512,0,0,0,0,0.297811,0.32512,0
-0.315826,-0.328002,0,0,0,0,0.315826,0.328002,0
-0.333424,-0.33045,0,0,0,0,0.333424,0.33045,0
-0.350618,-0.332498,0,0,0,0,0.350618,0.332498,0
-0.367424,-0.334177,0,0,0,0,0.367424,0.334177,0
-0.383855,-0.335515,0,0,0,0,0.383855,0.335515,0
-0.399923,-0.336536,0,0,0,0,0.399923,0.336536,0
-0.415642,-0.337263,0,0,0,0,0.415642,0.337263,0
-0.431022,-0.337714,0,0,0,0,0.431022,0.337714,0
-0.446073,-0.337908,0,0,0,0,0.446073,0.337908,0
-0.460806,-0.337861,0,0,0,0,0.460806,0.337861,0
-0.475231,-0.337588,0,0,0,0,0.475231,0.337588,0
-0.489355,-0.337101,0,0,0,0,0.489355,0.337101,0
-0.503188,-0.336414,0,0,0,0,0.503188,0.336414,0
-0.516738,-0.335537,0,0,0,0,0.516738,0.335537,0
-0.530011,-0.33448,0,0,0,0,0.530011,0.33448,0
-0.543015,-0.333254,0,0,0,0,0.543015,0.333254,0
-0.555756,-0.331866,0,0,0,0,0.555756,0.331866,0
-0.568241,-0.330326,0,0,0,0,0.568241,0.330326,0
-0.580477,-0.32864,0,0,0,0,0.580477,0.32864,0
-0.592467,-0.326815,0,0,0,0,0.592467,0.326815,0
-0.604219,-0.324859,0,0,0,0,0.604219,0.324859,0
-0.615736,-0.322776,0,0,0,0,0.615736,0.322776,0
-0.627025,-0.320574,0,0,0,0,0.627025,0.320574,0
-0.638089,-0.318257,0,0,0,0,0.638089,0.318257,0
-0.648933,-0.31583,0,0,0,0,0.648933,0.31583,0
-0.659561,-0.313298,0,0,0,0,0.659561,0.313298,0
-0.669977,-0.310666,0,0,0,0,0.669977,0.310666,0
-0.680186,-0.307937,0,0,0,0,0.680186,0.307937,0
-0.69019,-0.305116,0,0,0,0,0.69019,0.305116,0
-0.699994,-0.302205,0,0,0,0,0.699994,0.302205,0
-0.7096,-0.29921,0,0,0,0,0.7096,0.29921,0
-0.719011,-0.296133,0,0,0,0,0.719011,0.296133,0
-0.728232,-0.292976,0,0,0,0,0.728232,0.292976,0
-0.737264,-0.289745,0,0,0,0,0.737264,0.289745,0
-0.746111,-0.28644,0,0,0,0,0.746111,0.28644,0
-0.754776,-0.283065,0,0,0,0,0.754776,0.283065,0
-0.76326,-0.279623,0,0,0,0,0.76326,0.279623,0
-0.771566,-0.276115,0,0,0,0,0.771566,0.276115,0
-0.779698,-0.272545,0,0,0,0,0.779698,0.272545,0
-0.787656,-0.268914,0,0,0,0,0.787656,0.268914,0
-0.795443,-0.265225,0,0,0,0,0.795443,0.265225,0
-0.803062,-0.26148,0,0,0,0,0.803062,0.26148,0
-0.810514,-0.257681,0,0,0,0,0.810514,0.257681,0
-0.817802,-0.253829,0,0,0,0,0.817802,0.253829,0
-0.824927,-0.249926,0,0,0,0,0.824927,0.249926,0
-0.83189,-0.245975,0,0,0,0,0.83189,0.245975,0
-0.838695,-0.241977,0,0,0,0,0.838695,0.241977,0
-0.845341,-0.237933,0,0,0,0,0.845341,0.237933,0
-0.851832,-0.233846,0,0,0,0,0.851832,0.233846,0
-0.858168,-0.229715,0,0,0,0,0.858168,0.229715,0
-0.864352,-0.225544,0,0,0,0,0.864352,0.225544,0
-0.870383,-0.221334,0,0,0,0,0.870383,0.221334,0
-0.876265,-0.217085,0,0,0,0,0.876265,0.217085,0
-0.881997,-0.212799,0,0,0,0,0.881997,0.212799,0
-0.887582,-0.208478,0,0,0,0,0.887582,0.208478,0
-0.893021,-0.204122,0,0,0,0,0.893021,0.204122,0
-0.898314,-0.199733,0,0,0,0,0.898314,0.199733,0
-0.903463,-0.195312,0,0,0,0,0.903463,0.195312,0
-0.90847,-0.190861,0,0,0,0,0.90847,0.190861,0
-0.913334,-0.186379,0,0,0,0,0.913334,0.186379,0
-0.918057,-0.181868,0,0,0,0,0.918057,0.181868,0
-0.922641,-0.17733,0,0,0,0,0.922641,0.17733,0
-0.927085,-0.172765,0,0,0,0,0.927085,0.172765,0
-0.931391,-0.168175,0,0,0,0,0.931391,0.168175,0
-0.93556,-0.163559,0,0,0,0,0.93556,0.163559,0
-0.939592,-0.15892,0,0,0,0,0.939592,0.15892,0
-0.943489,-0.154258,0,0,0,0,0.943489,0.154258,0
-0.94725,-0.149573,0,0,0,0,0.94725,0.149573,0
-0.950878,-0.144868,0,0,0,0,0.950878,0.144868,0
-0.954371,-0.140142,0,0,0,0,0.954371,0.140142,0
-0.957732,-0.135396,0,0,0,0,0.957732,0.135396,0
-0.960961,-0.130632,0,0,0,0,0.960961,0.130632,0
-0.964057,-0.12585,0,0,0,0,0.964057,0.12585,0
-0.967023,-0.121051,0,0,0,0,0.967023,0.121051,0
-0.969858,-0.116236,0,0,0,0,0.969858,0.116236,0
-0.972563,-0.111404,0,0,0,0,0.972563,0.111404,0
-0.975139,-0.106559,0,0,0,0,0.975139,0.106559,0
-0.977585,-0.101699,0,0,0,0,0.977585,0.101699,0
-0.979902,-0.0968251,0,0,0,0,0.979902,0.0968251,0
-0.982092,-0.091939,0,0,0,0,0.982092,0.091939,0
-0.984153,-0.0870409,0,0,0,0,0.984153,0.0870409,0
-0.986087,-0.0821315,0,0,0,0,0.986087,0.0821315,0
-0.987894,-0.0772115,0,0,0,0,0.987894,0.0772115,0
-0.989573,-0.0722816,0,0,0,0,0.989573,0.0722816,0
-0.991126,-0.0673425,0,0,0,0,0.991126,0.0673425,0
-0.992553,-0.0623948,0,0,0,0,0.992553,0.0623948,0
-0.993853,-0.0574391,0,0,0,0,0.993853,0.0574391,0
-0.995028,-0.0524762,0,0,0,0,0.995028,0.0524762,0
-0.996077,-0.0475066,0,0,0,0,0.996077,0.0475066,0
-0.997,-0.0425311,0,0,0,0,0.997,0.0425311,0
-0.997798,-0.0375502,0,0,0,0,0.997798,0.0375502,0
-0.998471,-0.0325645,0,0,0,0,0.998471,0.0325645,0
-0.999018,-0.0275748,0,0,0,0,0.999018,0.0275748,0
-0.99944,-0.0225817,0,0,0,0,0.99944,0.0225817,0
-0.999738,-0.0175857,0,0,0,0,0.999738,0.0175857,0
-0.99991,-0.0125875,0,0,0,0,0.99991,0.0125875,0
-0.999957,-0.00758778,0,0,0,0,0.999957,0.00758778,0
-0.999879,-0.00258707,0,0,0,0,0.999879,0.00258707,0
-0.999677,0.00241395,0,0,0,0,0.999677,-0.00241395,0
-0.999349,0.00741467,0,0,0,0,0.999349,-0.00741467,0
-0.998896,0.0124145,0,0,0,0,0.998896,-0.0124145,0
-0.998317,0.0174127,0,0,0,0,0.998317,-0.0174127,0
-0.997614,0.0224088,0,0,0,0,0.997614,-0.0224088,0
-0.996785,0.027402,0,0,0,0,0.996785,-0.027402,0
-0.99583,0.0323918,0,0,0,0,0.99583,-0.0323918,0
-0.994749,0.0373774,0,0,0,0,0.994749,-0.0373774,0
-0.993543,0.0423584,0,0,0,0,0.993543,-0.0423584,0
-0.99221,0.047334,0,0,0,0,0.99221,-0.047334,0
-0.99075,0.0523035,0,0,0,0,0.99075,-0.0523035,0
-0.989164,0.0572663,0,0,0,0,0.989164,-0.0572663,0
-0.98745,0.0622218,0,0,0,0,0.98745,-0.0622218,0
-0.985609,0.0671692,0,0,0,0,0.985609,-0.0671692,0
-0.983641,0.0721079,0,0,0,0,0.983641,-0.0721079,0
-0.981544,0.0770373,0,0,0,0,0.981544,-0.0770373,0
-0.979318,0.0819565,0,0,0,0,0.979318,-0.0819565,0
-0.976964,0.086865,0,0,0,0,0.976964,-0.086865,0
-0.97448,0.0917619,0,0,0,0,0.97448,-0.0917619,0
-0.971866,0.0966466,0,0,0,0,0.971866,-0.0966466,0
-0.969122,0.101518,0,0,0,0,0.969122,-0.101518,0
-0.966247,0.106376,0,0,0,0,0.966247,-0.106376,0
-0.963241,0.11122,0,0,0,0,0.963241,-0.11122,0
-0.960102,0.116048,0,0,0,0,0.960102,-0.116048,0
-0.956831,0.12086,0,0,0,0,0.956831,-0.12086,0
-0.953426,0.125656,0,0,0,0,0.953426,-0.125656,0
-0.949887,0.130434,0,0,0,0,0.949887,-0.130434,0
-0.946214,0.135193,0,0,0,0,0.946214,-0.135193,0
-0.942405,0.139933,0,0,0,0,0.942405,-0.139933,0
-0.93846,0.144652,0,0,0,0,0.93846,-0.144652,0
-0.934378,0.149351,0,0,0,0,0.934378,-0.149351,0
-0.930158,0.154027,0,0,0,0,0.930158,-0.154027,0
-0.925799,0.158681,0,0,0,0,0.925799,-0.158681,0
-0.921301,0.163311,0,0,0,0,0.921301,-0.163311,0
-0.916662,0.167915,0,0,0,0,0.916662,-0.167915,0
-0.911882,0.172494,0,0,0,0,0.911882,-0.172494,0
-0.906959,0.177046,0,0,0,0,0.906959,-0.177046,0
-0.901892,0.18157,0,0,0,0,0.901892,-0.18157,0
-0.89668,0.186064,0,0,0,0,0.89668,-0.186064,0
-0.891323,0.190528,0,0,0,0,0.891323,-0.190528,0
-0.885818,0.194961,0,0,0,0,0.885818,-0.194961,0
-0.880165,0.199361,0,0,0,0,0.880165,-0.199361,0
-0.874363,0.203728,0,0,0,0,0.874363,-0.203728,0
-0.868409,0.208059,0,0,0,0,0.868409,-0.208059,0
-0.862303,0.212353,0,0,0,0,0.862303,-0.212353,0
-0.856043,0.21661,0,0,0,0,0.856043,-0.21661,0
-0.849627,0.220827,0,0,0,0,0.849627,-0.220827,0
-0.843055,0.225004,0,0,0,0,0.843055,-0.225004,0
-0.836323,0.229138,0,0,0,0,0.836323,-0.229138,0
-0.829432,0.233228,0,0,0,0,0.829432,-0.233228,0
-0.822378,0.237273,0,0,0,0,0.822378,-0.237273,0
-0.815161,0.24127,0,0,0,0,0.815161,-0.24127,0
-0.807777,0.245218,0,0,0,0,0.807777,-0.245218,0
-0.800226,0.249115,0,0,0,0,0.800226,-0.249115,0
-0.792505,0.25296,0,0,0,0,0.792505,-0.25296,0
-0.784612,0.256749,0,0,0,0,0.784612,-0.256749,0
-0.776544,0.260482,0,0,0,0,0.776544,-0.260482,0
-0.7683,0.264155,0,0,0,0,0.7683,-0.264155,0
-0.759877,0.267766,0,0,0,0,0.759877,-0.267766,0
-0.751272,0.271314,0,0,0,0,0.751272,-0.271314,0
-0.742483,0.274795,0,0,0,0,0.742483,-0.274795,0
-0.733506,0.278207,0,0,0,0,0.733506,-0.278207,0
-0.72434,0.281546,0,0,0,0,0.72434,-0.281546,0
-0.714981,0.284811,0,0,0,0,0.714981,-0.284811,0
-0.705426,0.287998,0,0,0,0,0.705426,-0.287998,0
-0.695671,0.291103,0,0,0,0,0.695671,-0.291103,0
-0.685714,0.294123,0,0,0,0,0.685714,-0.294123,0
-0.67555,0.297055,0,0,0,0,0.67555,-0.297055,0
-0.665177,0.299894,0,0,0,0,0.665177,-0.299894,0
-0.654589,0.302637,0,0,0,0,0.654589,-0.302637,0
-0.643783,0.305279,0,0,0,0,0.643783,-0.305279,0
-0.632754,0.307816,0,0,0,0,0.632754,-0.307816,0
-0.621499,0.310242,0,0,0,0,0.621499,-0.310242,0
-0.610011,0.312552,0,0,0,0,0.610011,-0.312552,0
-0.598287,0.314741,0,0,0,0,0.598287,-0.314741,0
-0.586321,0.316802,0,0,0,0,0.586321,-0.316802,0
-0.574107,0.31873,0,0,0,0,0.574107,-0.31873,0
-0.56164,0.320517,0,0,0,0,0.56164,-0.320517,0
-0.548912,0.322156,0,0,0,0,0.548912,-0.322156,0
-0.535919,0.323638,0,0,0,0,0.535919,-0.323638,0
-0.522653,0.324956,0,0,0,0,0.522653,-0.324956,0
-0.509107,0.326099,0,0,0,0,0.509107,-0.326099,0
-0.495272,0.327058,0,0,0,0,0.495272,-0.327058,0
-0.481141,0.327821,0,0,0,0,0.481141,-0.327821,0
-0.466706,0.328376,0,0,0,0,0.466706,-0.328376,0
-0.451956,0.328711,0,0,0,0,0.451956,-0.328711,0
-0.436883,0.328809,0,0,0,0,0.436883,-0.328809,0
-0.421476,0.328657,0,0,0,0,0.421476,-0.328657,0
-0.405723,0.328235,0,0,0,0,0.405723,-0.328235,0
-0.389614,0.327524,0,0,0,0,0.389614,-0.327524,0
-0.373135,0.326502,0,0,0,0,0.373135,-0.326502,0
-0.356274,0.325146,0,0,0,0,0.356274,-0.325146,0
-0.339016,0.323427,0,0,0,0,0.339016,-0.323427,0
-0.321345,0.321314,0,0,0,0,0.321345,-0.321314,0
-0.303247,0.318774,0,0,0,0,0.303247,-0.318774,0
-0.284703,0.315764,0,0,0,0,0.284703,-0.315764,0
-0.265696,0.312241,0,0,0,0,0.265696,-0.312241,0
-0.246207,0.308151,0,0,0,0,0.246207,-0.308151,0
-0.226217,0.303432,0,0,0,0,0.226217,-0.303432,0
-0.205705,0.298012,0,0,0,0,0.205705,-0.298012,0
-0.184651,0.291807,0,0,0,0,0.184651,-0.291807,0
-0.163038,0.284714,0,0,0,0,0.163038,-0.284714,0
-0.140847,0.276611,0,0,0,0,0.140847,-0.276611,0
-0.118069,0.267349,0,0,0,0,0.118069,-0.267349,0
-0.0947007,0.256745,0,0,0,0,0.0947007,-0.256745,0
-0.0707571,0.24457,0,0,0,0,0.0707571,-0.24457,0
-0.0462816,0.230536,0,0,0,0,0.0462816,-0.230536,0
-0.0213681,0.214277,0,0,0,0,0.0213681,-0.214277,0
0.00380047,0.195325,0,0,0,0,-0.00380047,-0.195325,0
0.0288831,0.173087,0,0,0,0,-0.0288831,-0.173087,0
0.0532588,0.146838,0,0,0,0,-0.0532588,-0.146838,0
0.0758255,0.115784,0,0,0,0,-0.0758255,-0.115784,0
0.0947416,0.0793392,0,0,0,0,-0.0947416,-0.0793392,0
0.107365,0.0377953,0,0,0,0,-0.107365,-0.0377953,0
0.111043,-0.00679429,0,0,0,0,-0.111043,0.00679429,0
0.104885,-0.0508059,0,0,0,0,-0.104885,0.0508059,0
0.090536,-0.0909839,0,0,0,0,-0.090536,0.0909839,0
0.070786,-0.12591,0,0,0,0,-0.070786,0.12591,0
0.0480262,-0.155658,0,0,0,0,-0.0480262,0.155658,0
0.0238242,-0.180908,0,0,0,0,-0.0238242,0.180908,0
-0.00090018,-0.202427,0,0,0,0,0.00090018,0.202427,0
-0.0256293,-0.220884,0,0,0,0,0.0256293,0.220884,0
-0.0500775,-0.23682,0,0,0,0,0.0500775,0.23682,0
-0.0740901,-0.250662,0,0,0,0,0.0740901,0.250662,0
-0.0975876,-0.262743,0,0,0,0,0.0975876,0.262743,0
-0.120533,-0.273328,0,0,0,0,0.120533,0.273328,0
-0.142914,-0.282629,0,0,0,0,0.142914,0.282629,0
-0.164734,-0.290814,0,0,0,0,0.164734,0.290814,0
-0.186002,-0.298024,0,0,0,0,0.186002,0.298024,0
-0.206735,-0.304373,0,0,0,0,0.206735,0.304373,0
-0.226949,-0.309958,0,0,0,0,0.226949,0.309958,0
-0.246662,-0.314858,0,0,0,0,0.246662,0.314858,0
-0.265893,-0.319141,0,0,0,0,0.265893,0.319141,0
-0.284661,-0.322868,0,0,0,0,0.284661,0.322868,0
-0.302982,-0.326088,0,0,0,0,0.302982,0.326088,0
-0.320874,-0.328846,0,0,0,0,0.320874,0.328846,0
-0.338353,-0.331179,0,0,0,0,0.338353,0.331179,0
-0.355433,-0.333122,0,0,0,0,0.355433,0.333122,0
-0.372128,-0.334704,0,0,0,0,0.372128,0.334704,0
-0.388452,-0.335953,0,0,0,0,0.388452,0.335953,0
-0.404418,-0.336891,0,0,0,0,0.404418,0.336891,0
-0.420037,-0.33754,0,0,0,0,0.420037,0.33754,0
-0.43532,-0.33792,0,0,0,0,0.43532,0.33792,0
-0.450279,-0.338047,0,0,0,0,0.450279,0.338047,0
-0.464921,-0.337937,0,0,0,0,0.464921,0.337937,0
-0.479258,-0.337605,0,0,0,0,0.479258,0.337605,0
-0.493298,-0.337063,0,0,0,0,0.493298,0.337063,0
-0.507048,-0.336323,0,0,0,0,0.507048,0.336323,0
-0.520517,-0.335397,0,0,0,0,0.520517,0.335397,0
-0.533711,-0.334294,0,0,0,0,0.533711,0.334294,0
-0.546639,-0.333023,0,0,0,0,0.546639,0.333023,0
-0.559306,-0.331594,0,0,0,0,0.559306,0.331594,0
-0.571718,-0.330014,0,0,0,0,0.571718,0.330014,0
-0.583883,-0.328291,0,0,0,0,0.583883,0.328291,0
-0.595804,-0.326431,0,0,0,0,0.595804,0.326431,0
-0.607488,-0.324441,0,0,0,0,0.607488,0.324441,0
-0.618939,-0.322327,0,0,0,0,0.618939,0.322327,0
-0.630163,-0.320094,0,0,0,0,0.630163,0.320094,0
-0.641163,-0.317747,0,0,0,0,0.641163,0.317747,0
-0.651945,-0.315293,0,0,0,0,0.651945,0.315293,0
-0.662512,-0.312734,0,0,0,0,0.662512,0.312734,0
-0.672869,-0.310076,0,0,0,0,0.672869,0.310076,0
-0.683018,-0.307323,0,0,0,0,0.683018,0.307323,0
-0.692965,-0.304478,0,0,0,0,0.692965,0.304478,0
-0.702711,-0.301546,0,0,0,0,0.702711,0.301546,0
-0.712262,-0.298529,0,0,0,0,0.712262,0.298529,0
-0.721619,-0.295431,0,0,0,0,0.721619,0.295431,0
-0.730785,-0.292256,0,0,0,0,0.730785,0.292256,0
-0.739765,-0.289005,0,0,0,0,0.739765,0.289005,0
-0.748559,-0.285682,0,0,0,0,0.748559,0.285682,0
-0.757172,-0.28229,0,0,0,0,0.757172,0.28229,0
-0.765606,-0.278831,0,0,0,0,0.765606,0.278831,0
-0.773862,-0.275307,0,0,0,0,0.773862,0.275307,0
-0.781944,-0.271722,0,0,0,0,0.781944,0.271722,0
-0.789854,-0.268076,0,0,0,0,0.789854,0.268076,0
-0.797593,-0.264373,0,0,0,0,0.797593,0.264373,0
-0.805165,-0.260614,0,0,0,0,0.805165,0.260614,0
-0.81257,-0.256801,0,0,0,0,0.81257,0.256801,0
-0.819811,-0.252937,0,0,0,0,0.819811,0.252937,0
-0.82689,-0.249022,0,0,0,0,0.82689,0.249022,0
-0.833809,-0.245059,0,0,0,0,0.833809,0.245059,0
-0.840568,-0.241049,0,0,0,0,0.840568,0.241049,0
-0.847171,-0.236994,0,0,0,0,0.847171,0.236994,0
-0.853618,-0.232896,0,0,0,0,0.853618,0.232896,0
-0.859911,-0.228756,0,0,0,0,0.859911,0.228756,0
-0.866051,-0.224575,0,0,0,0,0.866051,0.224575,0
-0.87204,-0.220355,0,0,0,0,0.87204,0.220355,0
-0.87788,-0.216097,0,0,0,0,0.87788,0.216097,0
-0.883571,-0.211802,0,0,0,0,0.883571,0.211802,0
-0.889114,-0.207472,0,0,0,0,0.889114,0.207472,0
-0.894512,-0.203108,0,0,0,0,0.894512,0.203108,0
-0.899765,-0.198712,0,0,0,0,0.899765,0.198712,0
-0.904874,-0.194283,0,0,0,0,0.904874,0.194283,0
-0.90984,-0.189824,0,0,0,0,0.90984,0.189824,0
-0.914664,-0.185335,0,0,0,0,0.914664,0.185335,0
-0.919348,-0.180818,0,0,0,0,0.919348,0.180818,0
-0.923893,-0.176273,0,0,0,0,0.923893,0.176273,0
-0.928298,-0.171702,0,0,0,0,0.928298,0.171702,0
-0.932566,-0.167105,0,0,0,0,0.932566,0.167105,0
-0.936696,-0.162484,0,0,0,0,0.936696,0.162484,0
-0.94069,-0.157839,0,0,0,0,0.94069,0.157839,0
-0.944549,-0.153171,0,0,0,0,0.944549,0.153171,0
-0.948273,-0.148482,0,0,0,0,0.948273,0.148482,0
-0.951863,-0.143771,0,0,0,0,0.951863,0.143771,0
-0.955319,-0.139041,0,0,0,0,0.955319,0.139041,0
-0.958643,-0.134291,0,0,0,0,0.958643,0.134291,0
-0.961835,-0.129522,0,0,0,0,0.961835,0.129522,0
-0.964895,-0.124736,0,0,0,0,0.964895,0.124736,0
-0.967824,-0.119933,0,0,0,0,0.967824,0.119933,0
-0.970623,-0.115114,0,0,0,0,0.970623,0.115114,0
-0.973291,-0.110279,0,0,0,0,0.973291,0.110279,0
-0.975831,-0.105429,0,0,0,0,0.975831,0.105429,0
-0.978241,-0.100566,0,0,0,0,0.978241,0.100566,0
-0.980523,-0.0956896,0,0,0,0,0.980523,0.0956896,0
-0.982676,-0.0908005,0,0,0,0,0.982676,0.0908005,0
-0.984702,-0.0858997,0,0,0,0,0.984702,0.0858997,0
-0.9866,-0.0809877,0,0,0,0,0.9866,0.0809877,0
-0.988372,-0.0760653,0,0,0,0,0.988372,0.0760653,0
-0.990016,-0.0711331,0,0,0,0,0.990016,0.0711331,0
-0.991534,-0.0661919,0,0,0,0,0.991534,0.0661919,0
-0.992925,-0.0612422,0,0,0,0,0.992925,0.0612422,0
-0.994191,-0.0562847,0,0,0,0,0.994191,0.0562847,0
-0.99533,-0.0513201,0,0,0,0,0.99533,0.0513201,0
-0.996344,-0.046349,0,0,0,0,0.996344,0.046349,0
-0.997232,-0.0413721,0,0,0,0,0.997232,0.0413721,0
-0.997995,-0.03639,0,0,0,0,0.997995,0.03639,0
-0.998633,-0.0314033,0,0,0,0,0.998633,0.0314033,0
-0.999146,-0.0264127,0,0,0,0,0.999146,0.0264127,0
-0.999533,-0.0214188,0,0,0,0,0.999533,0.0214188,0
-0.999796,-0.0164222,0,0,0,0,0.999796,0.0164222,0
-0.999933,-0.0114235,0,0,0,0,0.999933,0.0114235,0
-0.999946,-0.0064234,0,0,0,0,0.999946,0.0064234,0
-0.999833,-0.00142251,0,0,0,0,0.999833,0.00142251,0
-0.999595,0.00357856,0,0,0,0,0.999595,-0.00357856,0
-0.999233,0.00857918,0,0,0,0,0.999233,-0.00857918,0
-0.998745,0.0135787,0,0,0,0,0.998745,-0.0135787,0
-0.998132,0.0185766,0,0,0,0,0.998132,-0.0185766,0
-0.997393,0.0235721,0,0,0,0,0.997393,-0.0235721,0
-0.996529,0.0285646,0,0,0,0,0.996529,-0.0285646,0
-0.995539,0.0335536,0,0,0,0,0.995539,-0.0335536,0
-0.994424,0.0385383,0,0,0,0,0.994424,-0.0385383,0
-0.993182,0.0435181,0,0,0,0,0.993182,-0.0435181,0
-0.991813,0.0484923,0,0,0,0,0.991813,-0.0484923,0
-0.990319,0.0534604,0,0,0,0,0.990319,-0.0534604,0
-0.988697,0.0584216,0,0,0,0,0.988697,-0.0584216,0
-0.986948,0.0633753,0,0,0,0,0.986948,-0.0633753,0
-0.985071,0.0683209,0,0,0,0,0.985071,-0.0683209,0
-0.983067,0.0732575,0,0,0,0,0.983067,-0.0732575,0
-0.980934,0.0781846,0,0,0,0,0.980934,-0.0781846,0
-0.978673,0.0831014,0,0,0,0,0.978673,-0.0831014,0
-0.976283,0.0880073,0,0,0,0,0.976283,-0.0880073,0
-0.973763,0.0929015,0,0,0,0,0.973763,-0.0929015,0
-0.971112,0.0977833,0,0,0,0,0.971112,-0.0977833,0
-0.968332,0.102652,0,0,0,0,0.968332,-0.102652,0
-0.96542,0.107507,0,0,0,0,0.96542,-0.107507,0
-0.962377,0.112347,0,0,0,0,0.962377,-0.112347,0
-0.959201,0.117171,0,0,0,0,0.959201,-0.117171,0
-0.955893,0.12198,0,0,0,0,0.955893,-0.12198,0
-0.952451,0.126771,0,0,0,0,0.952451,-0.126771,0
-0.948874,0.131545,0,0,0,0,0.948874,-0.131545,0
-0.945163,0.136299,0,0,0,0,0.945163,-0.136299,0
-0.941316,0.141035,0,0,0,0,0.941316,-0.141035,0
-0.937333,0.145749,0,0,0,0,0.937333,-0.145749,0
-0.933212,0.150443,0,0,0,0,0.933212,-0.150443,0
-0.928954,0.155114,0,0,0,0,0.928954,-0.155114,0
-0.924556,0.159762,0,0,0,0,0.924556,-0.159762,0
-0.920018,0.164386,0,0,0,0,0.920018,-0.164386,0
-0.91534,0.168984,0,0,0,0,0.91534,-0.168984,0
-0.910519,0.173557,0,0,0,0,0.910519,-0.173557,0
-0.905556,0.178102,0,0,0,0,0.905556,-0.178102,0
-0.900449,0.182619,0,0,0,0,0.900449,-0.182619,0
-0.895196,0.187106,0,0,0,0,0.895196,-0.187106,0
-0.889798,0.191563,0,0,0,0,0.889798,-0.191563,0
-0.884251,0.195988,0,0,0,0,0.884251,-0.195988,0
-0.878556,0.20038,0,0,0,0,0.878556,-0.20038,0
-0.872711,0.204738,0,0,0,0,0.872711,-0.204738,0
-0.866715,0.20906,0,0,0,0,0.866715,-0.20906,0
-0.860565,0.213346,0,0,0,0,0.860565,-0.213346,0
-0.854262,0.217593,0,0,0,0,0.854262,-0.217593,0
-0.847802,0.2218,0,0,0,0,0.847802,-0.2218,0
-0.841185,0.225967,0,0,0,0,0.841185,-0.225967,0
-0.834409,0.23009,0,0,0,0,0.834409,-0.23009,0
-0.827471,0.234169,0,0,0,0,0.827471,-0.234169,0
-0.820372,0.238202,0,0,0,0,0.820372,-0.238202,0
-0.813107,0.242188,0,0,0,0,0.813107,-0.242188,0
-0.805677,0.246123,0,0,0,0,0.805677,-0.246123,0
-0.798078,0.250008,0,0,0,0,0.798078,-0.250008,0
-0.790308,0.253839,0,0,0,0,0.790308,-0.253839,0
-0.782365,0.257614,0,0,0,0,0.782365,-0.257614,0
-0.774248,0.261332,0,0,0,0,0.774248,-0.261332,0
-0.765953,0.26499,0,0,0,0,0.765953,-0.26499,0
-0.757479,0.268585,0,0,0,0,0.757479,-0.268585,0
-0.748821,0.272116,0,0,0,0,0.748821,-0.272116,0
-0.739979,0.27558,0,0,0,0,0.739979,-0.27558,0
-0.730949,0.278974,0,0,0,0,0.730949,-0.278974,0
-0.721728,0.282295,0,0,0,0,0.721728,-0.282295,0
-0.712314,0.28554,0,0,0,0,0.712314,-0.28554,0
-0.702702,0.288706,0,0,0,0,0.702702,-0.288706,0
-0.69289,0.29179,0,0,0,0,0.69289,-0.29179,0
-0.682874,0.294788,0,0,0,0,0.682874,-0.294788,0
-0.672651,0.297696,0,0,0,0,0.672651,-0.297696,0
-0.662216,0.300511,0,0,0,0,0.662216,-0.300511,0
-0.651566,0.303228,0,0,0,0,0.651566,-0.303228,0
-0.640697,0.305843,0,0,0,0,0.640697,-0.305843,0
-0.629604,0.308351,0,0,0,0,0.629604,-0.308351,0
-0.618282,0.310747,0,0,0,0,0.618282,-0.310747,0
-0.606728,0.313026,0,0,0,0,0.606728,-0.313026,0
-0.594934,0.315182,0,0,0,0,0.594934,-0.315182,0
-0.582898,0.317209,0,0,0,0,0.582898,-0.317209,0
-0.570611,0.3191,0,0,0,0,0.570611,-0.3191,0
-0.55807,0.320849,0,0,0,0,0.55807,-0.320849,0
-0.545267,0.322447,0,0,0,0,0.545267,-0.322447,0
-0.532196,0.323886,0,0,0,0,0.532196,-0.323886,0
-0.518849,0.325158,0,0,0,0,0.518849,-0.325158,0
-0.505221,0.326252,0,0,0,0,0.505221,-0.326252,0
-0.491301,0.32716,0,0,0,0,0.491301,-0.32716,0
-0.477083,0.327868,0,0,0,0,0.477083,-0.327868,0
-0.462558,0.328365,0,0,0,0,0.462558,-0.328365,0
-0.447716,0.328637,0,0,0,0,0.447716,-0.328637,0
-0.432547,0.328669,0,0,0,0,0.432547,-0.328669,0
-0.417041,0.328444,0,0,0,0,0.417041,-0.328444,0
-0.401186,0.327945,0,0,0,0,0.401186,-0.327945,0
-0.384971,0.327151,0,0,0,0,0.384971,-0.327151,0
-0.368382,0.32604,0,0,0,0,0.368382,-0.32604,0
-0.351407,0.324586,0,0,0,0,0.351407,-0.324586,0
-0.33403,0.322762,0,0,0,0,0.33403,-0.322762,0
-0.316237,0.320534,0,0,0,0,0.316237,-0.320534,0
-0.29801,0.317867,0,0,0,0,0.29801,-0.317867,0
-0.279333,0.314719,0,0,0,0,0.279333,-0.314719,0
-0.260188,0.311043,0,0,0,0,0.260188,-0.311043,0
-0.240554,0.306782,0,0,0,0,0.240554,-0.306782,0
-0.220414,0.301874,0,0,0,0,0.220414,-0.301874,0
-0.199745,0.296242,0,0,0,0,0.199745,-0.296242,0
-0.178529,0.289797,0,0,0,0,0.178529,-0.289797,0
-0.156748,0.282431,0,0,0,0,0.156748,-0.282431,0
-0.134386,0.274015,0,0,0,0,0.134386,-0.274015,0
-0.111433,0.264392,0,0,0,0,0.111433,-0.264392,0
-0.0878926,0.253365,0,0,0,0,0.0878926,-0.253365,0
-0.0637851,0.240691,0,0,0,0,0.0637851,-0.240691,0
-0.0391658,0.226061,0,0,0,0,0.0391658,-0.226061,0
-0.0141494,0.209082,0,0,0,0,0.0141494,-0.209082,0
0.0110445,0.189252,0,0,0,0,-0.0110445,-0.189252,0
0.0360095,0.165939,0,0,0,0,-0.0360095,-0.165939,0
0.0600101,0.138385,0,0,0,0,-0.0600101,-0.138385,0
0.0817562,0.105813,0,0,0,0,-0.0817562,-0.105813,0
0.099158,0.0678022,0,0,0,0,-0.099158,-0.0678022,0
0.109433,0.0250766,0,0,0,0,-0.109433,-0.0250766,0
0.110246,-0.019747,0,0,0,0,-0.110246,0.019747,0
0.101469,-0.0629141,0,0,0,0,-0.101469,0.0629141,0
0.0852766,-0.101637,0,0,0,0,-0.0852766,0.101637,0
0.0644546,-0.13502,0,0,0,0,-0.0644546,0.13502,0
0.0411574,-0.163391,0,0,0,0,-0.0411574,0.163391,0
0.0167382,-0.187491,0,0,0,0,-0.0167382,0.187491,0
-0.00802222,-0.208066,0,0,0,0,0.00802222,0.208066,0
-0.0326871,-0.225749,0,0,0,0,0.0326871,0.225749,0
-0.0570165,-0.241046,0,0,0,0,0.0570165,0.241046,0
-0.0808819,-0.254354,0,0,0,0,0.0808819,0.254354,0
-0.104219,-0.265984,0,0,0,0,0.104219,0.265984,0
-0.126998,-0.276183,0,0,0,0,0.126998,0.276183,0
-0.149213,-0.285151,0,0,0,0,0.149213,0.285151,0
-0.17087,-0.293047,0,0,0,0,0.17087,0.293047,0
-0.191979,-0.300003,0,0,0,0,0.191979,0.300003,0
-0.212558,-0.306127,0,0,0,0,0.212558,0.306127,0
-0.232623,-0.311511,0,0,0,0,0.232623,0.311511,0
-0.252193,-0.316231,0,0,0,0,0.252193,0.316231,0
-0.271287,-0.320354,0,0,0,0,0.271287,0.320354,0
-0.289923,-0.323934,0,0,0,0,0.289923,0.323934,0
-0.308117,-0.327021,0,0,0,0,0.308117,0.327021,0
-0.325887,-0.329657,0,0,0,0,0.325887,0.329657,0
-0.343248,-0.331879,0,0,0,0,0.343248,0.331879,0
-0.360214,-0.333719,0,0,0,0,0.360214,0.333719,0
-0.3768,-0.335207,0,0,0,0,0.3768,0.335207,0
-0.393019,-0.336368,0,0,0,0,0.393019,0.336368,0
-0.408883,-0.337225,0,0,0,0,0.408883,0.337225,0
-0.424404,-0.337798,0,0,0,0,0.424404,0.337798,0
-0.439592,-0.338107,0,0,0,0,0.439592,0.338107,0
-0.454457,-0.338168,0,0,0,0,0.454457,0.338168,0
-0.469011,-0.337997,0,0,0,0,0.469011,0.337997,0
-0.483261,-0.337606,0,0,0,0,0.483261,0.337606,0
-0.497215,-0.33701,0,0,0,0,0.497215,0.33701,0
-0.510884,-0.336219,0,0,0,0,0.510884,0.336219,0
-0.524272,-0.335244,0,0,0,0,0.524272,0.335244,0
-0.537389,-0.334096,0,0,0,0,0.537389,0.334096,0
-0.550241,-0.332782,0,0,0,0,0.550241,0.332782,0
-0.562834,-0.331312,0,0,0,0,0.562834,0.331312,0
-0.575175,-0.329693,0,0,0,0,0.575175,0.329693,0
-0.587268,-0.327933,0,0,0,0,0.587268,0.327933,0
-0.599121,-0.326038,0,0,0,0,0.599121,0.326038,0
-0.610737,-0.324015,0,0,0,0,0.610737,0.324015,0
-0.622123,-0.321869,0,0,0,0,0.622123,0.321869,0
-0.633282,-0.319606,0,0,0,0,0.633282,0.319606,0
-0.644219,-0.31723,0,0,0,0,0.644219,0.31723,0
-0.654939,-0.314748,0,0,0,0,0.654939,0.314748,0
-0.665446,-0.312164,0,0,0,0,0.665446,0.312164,0
-0.675743,-0.309481,0,0,0,0,0.675743,0.309481,0
-0.685834,-0.306703,0,0,0,0,0.685834,0.306703,0
-0.695723,-0.303836,0,0,0,0,0.695723,0.303836,0
-0.705413,-0.300881,0,0,0,0,0.705413,0.300881,0
-0.714908,-0.297843,0,0,0,0,0.714908,0.297843,0
-0.724211,-0.294725,0,0,0,0,0.724211,0.294725,0
-0.733324,-0.29153,0,0,0,0,0.733324,0.29153,0
-0.74225,-0.288261,0,0,0,0,0.74225,0.288261,0
-0.750993,-0.28492,0,0,0,0,0.750993,0.28492,0
-0.759554,-0.281511,0,0,0,0,0.759554,0.281511,0
-0.767937,-0.278035,0,0,0,0,0.767937,0.278035,0
-0.776144,-0.274496,0,0,0,0,0.776144,0.274496,0
-0.784177,-0.270895,0,0,0,0,0.784177,0.270895,0
-0.792038,-0.267234,0,0,0,0,0.792038,0.267234,0
-0.799729,-0.263517,0,0,0,0,0.799729,0.263517,0
-0.807254,-0.259744,0,0,0,0,0.807254,0.259744,0
-0.814612,-0.255918,0,0,0,0,0.814612,0.255918,0
-0.821807,-0.252041,0,0,0,0,0.821807,0.252041,0
-0.828841,-0.248114,0,0,0,0,0.828841,0.248114,0
-0.835714,-0.24414,0,0,0,0,0.835714,0.24414,0
-0.842429,-0.240118,0,0,0,0,0.842429,0.240118,0
-0.848988,-0.236053,0,0,0,0,0.848988,0.236053,0
-0.855391,-0.231944,0,0,0,0,0.855391,0.231944,0
-0.861641,-0.227794,0,0,0,0,0.861641,0.227794,0
-0.867738,-0.223603,0,0,0,0,0.867738,0.223603,0
-0.873685,-0.219373,0,0,0,0,0.873685,0.219373,0
-0.879483,-0.215106,0,0,0,0,0.879483,0.215106,0
-0.885132,-0.210803,0,0,0,0,0.885132,0.210803,0
-0.890635,-0.206465,0,0,0,0,0.890635,0.206465,0
-0.895991,-0.202093,0,0,0,0,0.895991,0.202093,0
-0.901204,-0.197688,0,0,0,0,0.901204,0.197688,0
-0.906272,-0.193252,0,0,0,0,0.906272,0.193252,0
-0.911199,-0.188786,0,0,0,0,0.911199,0.188786,0
-0.915984,-0.18429,0,0,0,0,0.915984,0.18429,0
-0.920628,-0.179766,0,0,0,0,0.920628,0.179766,0
-0.925134,-0.175215,0,0,0,0,0.925134,0.175215,0
-0.9295,-0.170637,0,0,0,0,0.9295,0.170637,0
-0.933729,-0.166034,0,0,0,0,0.933729,0.166034,0
-0.937822,-0.161407,0,0,0,0,0.937822,0.161407,0
-0.941778,-0.156757,0,0,0,0,0.941778,0.156757,0
-0.945599,-0.152084,0,0,0,0,0.945599,0.152084,0
-0.949285,-0.147389,0,0,0,0,0.949285,0.147389,0
-0.952837,-0.142674,0,0,0,0,0.952837,0.142674,0
-0.956257,-0.137938,0,0,0,0,0.956257,0.137938,0
-0.959544,-0.133184,0,0,0,0,0.959544,0.133184,0
-0.962698,-0.128411,0,0,0,0,0.962698,0.128411,0
-0.965722,-0.123621,0,0,0,0,0.965722,0.123621,0
-0.968615,-0.118814,0,0,0,0,0.968615,0.118814,0
-0.971377,-0.113991,0,0,0,0,0.971377,0.113991,0
-0.97401,-0.109152,0,0,0,0,0.97401,0.109152,0
-0.976513,-0.1043,0,0,0,0,0.976513,0.1043,0
-0.978887,-0.099433,0,0,0,0,0.978887,0.099433,0
-0.981133,-0.0945534,0,0,0,0,0.981133,0.0945534,0
-0.983251,-0.0896615,0,0,0,0,0.983251,0.0896615,0
-0.985241,-0.0847579,0,0,0,0,0.985241,0.0847579,0
-0.987104,-0.0798434,0,0,0,0,0.987104,0.0798434,0
-0.98884,-0.0749185,0,0,0,0,0.98884,0.0749185,0
-0.990449,-0.0699841,0,0,0,0,0.990449,0.0699841,0
-0.991932,-0.0650408,0,0,0,0,0.991932,0.0650408,0
-0.993288,-0.0600891,0,0,0,0,0.993288,0.0600891,0
-0.994518,-0.0551299,0,0,0,0,0.994518,0.0551299,0
-0.995623,-0.0501637,0,0,0,0,0.995623,0.0501637,0
-0.996602,-0.0451911,0,0,0,0,0.996602,0.0451911,0
-0.997455,-0.0402129,0,0,0,0,0.997455,0.0402129,0
-0.998183,-0.0352296,0,0,0,0,0.998183,0.0352296,0
-0.998786,-0.0302418,0,0,0,0,0.998786,0.0302418,0
-0.999264,-0.0252503,0,0,0,0,0.999264,0.0252503,0
-0.999616,-0.0202557,0,0,0,0,0.999616,0.0202557,0
-0.999844,-0.0152585,0,0,0,0,0.999844,0.0152585,0
-0.999947,-0.0102593,0,0,0,0,0.999947,0.0102593,0
-0.999924,-0.00525896,0,0,0,0,0.999924,0.00525896,0
-0.999777,-0.000257908,0,0,0,0,0.999777,0.000257908,0
-0.999505,0.00474317,0,0,0,0,0.999505,-0.00474317,0
-0.999107,0.00974366,0,0,0,0,0.999107,-0.00974366,0
-0.998584,0.0147429,0,0,0,0,0.998584,-0.0147429,0
-0.997936,0.0197403,0,0,0,0,0.997936,-0.0197403,0
-0.997163,0.0247353,0,0,0,0,0.997163,-0.0247353,0
-0.996264,0.0297271,0,0,0,0,0.996264,-0.0297271,0
-0.995239,0.0347152,0,0,0,0,0.995239,-0.0347152,0
-0.994088,0.0396988,0,0,0,0,0.994088,-0.0396988,0
-0.992811,0.0446775,0,0,0,0,0.992811,-0.0446775,0
-0.991408,0.0496504,0,0,0,0,0.991408,-0.0496504,0
-0.989877,0.054617,0,0,0,0,0.989877,-0.054617,0
-0.98822,0.0595766,0,0,0,0,0.98822,-0.0595766,0
-0.986436,0.0645285,0,0,0,0,0.986436,-0.0645285,0
-0.984524,0.0694721,0,0,0,0,0.984524,-0.0694721,0
-0.982483,0.0744066,0,0,0,0,0.982483,-0.0744066,0
-0.980315,0.0793314,0,0,0,0,0.980315,-0.0793314,0
-0.978018,0.0842458,0,0,0,0,0.978018,-0.0842458,0
-0.975591,0.089149,0,0,0,0,0.975591,-0.089149,0
-0.973035,0.0940404,0,0,0,0,0.973035,-0.0940404,0
-0.970348,0.0989192,0,0,0,0,0.970348,-0.0989192,0
-0.967531,0.103785,0,0,0,0,0.967531,-0.103785,0
-0.964583,0.108636,0,0,0,0,0.964583,-0.108636,0
-0.961503,0.113473,0,0,0,0,0.961503,-0.113473,0
-0.95829,0.118294,0,0,0,0,0.95829,-0.118294,0
-0.954944,0.123098,0,0,0,0,0.954944,-0.123098,0
-0.951465,0.127885,0,0,0,0,0.951465,-0.127885,0
-0.947851,0.132655,0,0,0,0,0.947851,-0.132655,0
-0.944102,0.137405,0,0,0,0,0.944102,-0.137405,0
-0.940217,0.142135,0,0,0,0,0.940217,-0.142135,0
-0.936195,0.146845,0,0,0,0,0.936195,-0.146845,0
-0.932036,0.151533,0,0,0,0,0.932036,-0.151533,0
-0.927738,0.156199,0,0,0,0,0.927738,-0.156199,0
-0.923301,0.160841,0,0,0,0,0.923301,-0.160841,0
-0.918724,0.165459,0,0,0,0,0.918724,-0.165459,0
-0.914006,0.170052,0,0,0,0,0.914006,-0.170052,0
-0.909146,0.174618,0,0,0,0,0.909146,-0.174618,0
-0.904142,0.179156,0,0,0,0,0.904142,-0.179156,0
-0.898994,0.183666,0,0,0,0,0.898994,-0.183666,0
-0.893701,0.188146,0,0,0,0,0.893701,-0.188146,0
-0.888261,0.192596,0,0,0,0,0.888261,-0.192596,0
-0.882673,0.197013,0,0,0,0,0.882673,-0.197013,0
-0.876936,0.201397,0,0,0,0,0.876936,-0.201397,0
-0.871048,0.205746,0,0,0,0,0.871048,-0.205746,0
-0.865008,0.21006,0,0,0,0,0.865008,-0.21006,0
-0.858816,0.214336,0,0,0,0,0.858816,-0.214336,0
-0.852468,0.218574,0,0,0,0,0.852468,-0.218574,0
-0.845964,0.222771,0,0,0,0,0.845964,-0.222771,0
-0.839302,0.226927,0,0,0,0,0.839302,-0.226927,0
-0.832481,0.23104,0,0,0,0,0.832481,-0.23104,0
-0.825498,0.235108,0,0,0,0,0.825498,-0.235108,0
-0.818352,0.239129,0,0,0,0,0.818352,-0.239129,0
-0.811041,0.243102,0,0,0,0,0.811041,-0.243102,0
-0.803562,0.247026,0,0,0,0,0.803562,-0.247026,0
-0.795915,0.250897,0,0,0,0,0.795915,-0.250897,0
-0.788097,0.254714,0,0,0,0,0.788097,-0.254714,0
-0.780105,0.258475,0,0,0,0,0.780105,-0.258475,0
-0.771937,0.262178,0,0,0,0,0.771937,-0.262178,0
-0.763592,0.265821,0,0,0,0,0.763592,-0.265821,0
-0.755066,0.2694,0,0,0,0,0.755066,-0.2694,0
-0.746356,0.272915,0,0,0,0,0.746356,-0.272915,0
-0.737461,0.276361,0,0,0,0,0.737461,-0.276361,0
-0.728377,0.279736,0,0,0,0,0.728377,-0.279736,0
-0.719101,0.283038,0,0,0,0,0.719101,-0.283038,0
-0.709631,0.286263,0,0,0,0,0.709631,-0.286263,0
-0.699962,0.289409,0,0,0,0,0.699962,-0.289409,0
-0.690092,0.292471,0,0,0,0,0.690092,-0.292471,0
-0.680017,0.295446,0,0,0,0,0.680017,-0.295446,0
-0.669734,0.298331,0,0,0,0,0.669734,-0.298331,0
-0.659238,0.301121,0,0,0,0,0.659238,-0.301121,0
-0.648526,0.303812,0,0,0,0,0.648526,-0.303812,0
-0.637593,0.306399,0,0,0,0,0.637593,-0.306399,0
-0.626435,0.308879,0,0,0,0,0.626435,-0.308879,0
-0.615047,0.311245,0,0,0,0,0.615047,-0.311245,0
-0.603424,0.313492,0,0,0,0,0.603424,-0.313492,0
-0.591562,0.315615,0,0,0,0,0.591562,-0.315615,0
-0.579454,0.317606,0,0,0,0,0.579454,-0.317606,0
-0.567095,0.31946,0,0,0,0,0.567095,-0.31946,0
-0.554479,0.32117,0,0,0,0,0.554479,-0.32117,0
-0.541599,0.322726,0,0,0,0,0.541599,-0.322726,0
-0.528449,0.324122,0,0,0,0,0.528449,-0.324122,0
-0.515022,0.325347,0,0,0,0,0.515022,-0.325347,0
-0.50131,0.326392,0,0,0,0,0.50131,-0.326392,0
-0.487306,0.327247,0,0,0,0,0.487306,-0.327247,0
-0.473,0.3279,0,0,0,0,0.473,-0.3279,0
-0.458384,0.328337,0,0,0,0,0.458384,-0.328337,0
-0.443448,0.328545,0,0,0,0,0.443448,-0.328545,0
-0.428182,0.328509,0,0,0,0,0.428182,-0.328509,0
-0.412576,0.328211,0,0,0,0,0.412576,-0.328211,0
-0.396618,0.327634,0,0,0,0,0.396618,-0.327634,0
-0.380296,0.326755,0,0,0,0,0.380296,-0.326755,0
-0.363596,0.325552,0,0,0,0,0.363596,-0.325552,0
-0.346506,0.323998,0,0,0,0,0.346506,-0.323998,0
-0.329009,0.322065,0,0,0,0,0.329009,-0.322065,0
-0.311092,0.319719,0,0,0,0,0.311092,-0.319719,0
-0.292736,0.316923,0,0,0,0,0.292736,-0.316923,0
-0.273924,0.313632,0,0,0,0,0.273924,-0.313632,0
-0.254638,0.309798,0,0,0,0,0.254638,-0.309798,0
-0.234858,0.305363,0,0,0,0,0.234858,-0.305363,0
-0.214565,0.300259,0,0,0,0,0.214565,-0.300259,0
-0.193738,0.294407,0,0,0,0,0.193738,-0.294407,0
-0.172359,0.287713,0,0,0,0,0.172359,-0.287713,0
-0.150408,0.280064,0,0,0,0,0.150408,-0.280064,0
-0.127873,0.271322,0,0,0,0,0.127873,-0.271322,0
-0.104746,0.261321,0,0,0,0,0.104746,-0.261321,0
-0.0810347,0.249851,0,0,0,0,0.0810347,-0.249851,0
-0.0567674,0.236652,0,0,0,0,0.0567674,-0.236652,0
-0.0320134,0.221393,0,0,0,0,0.0320134,-0.221393,0
-0.00691162,0.203652,0,0,0,0,0.00691162,-0.203652,0
0.0182748,0.182892,0,0,0,0,-0.0182748,-0.182892,0
0.0430626,0.158439,0,0,0,0,-0.0430626,-0.158439,0
0.0665824,0.129512,0,0,0,0,-0.0665824,-0.129512,0
0.0873333,0.0953818,0,0,0,0,-0.0873333,-0.0953818,0
0.102981,0.0558582,0,0,0,0,-0.102981,-0.0558582,0
0.110698,0.0121736,0,0,0,0,-0.110698,-0.0121736,0
0.108635,-0.0325536,0,0,0,0,-0.108635,0.0325536,0
0.0974333,-0.0746377,0,0,0,0,-0.0974333,0.0746377,0
0.0796395,-0.111837,0,0,0,0,-0.0796395,0.111837,0
0.0579259,-0.14371,0,0,0,0,-0.0579259,0.14371,0
0.0342024,-0.17077,0,0,0,0,-0.0342024,0.17077,0
0.0096293,-0.193782,0,0,0,0,-0.0096293,0.193782,0
-0.0151319,-0.213467,0,0,0,0,0.0151319,0.213467,0
-0.0397133,-0.23042,0,0,0,0,0.0397133,0.23042,0
-0.0639138,-0.24511,0,0,0,0,0.0639138,0.24511,0
-0.087627,-0.257909,0,0,0,0,0.087627,0.257909,0
-0.110801,-0.269108,0,0,0,0,0.110801,0.269108,0
-0.133414,-0.278939,0,0,0,0,0.133414,0.278939,0
-0.155464,-0.287587,0,0,0,0,0.155464,0.287587,0
-0.176958,-0.295205,0,0,0,0,0.176958,0.295205,0
-0.19791,-0.301915,0,0,0,0,0.19791,0.301915,0
-0.218336,-0.307822,0,0,0,0,0.218336,0.307822,0
-0.238255,-0.313012,0,0,0,0,0.238255,0.313012,0
-0.257684,-0.317558,0,0,0,0,0.257684,0.317558,0
-0.276642,-0.321523,0,0,0,0,0.276642,0.321523,0
-0.295147,-0.324961,0,0,0,0,0.295147,0.324961,0
-0.313216,-0.327919,0,0,0,0,0.313216,0.327919,0
-0.330865,-0.330436,0,0,0,0,0.330865,0.330436,0
-0.34811,-0.332549,0,0,0,0,0.34811,0.332549,0
-0.364964,-0.334289,0,0,0,0,0.364964,0.334289,0
-0.381442,-0.335684,0,0,0,0,0.381442,0.335684,0
-0.397556,-0.336759,0,0,0,0,0.397556,0.336759,0
-0.413319,-0.337537,0,0,0,0,0.413319,0.337537,0
-0.428742,-0.338036,0,0,0,0,0.428742,0.338036,0
-0.443836,-0.338276,0,0,0,0,0.443836,0.338276,0
-0.45861,-0.338272,0,0,0,0,0.45861,0.338272,0
-0.473075,-0.33804,0,0,0,0,0.473075,0.33804,0
-0.487238,-0.337593,0,0,0,0,0.487238,0.337593,0
-0.501109,-0.336943,0,0,0,0,0.501109,0.336943,0
-0.514696,-0.336101,0,0,0,0,0.514696,0.336101,0
-0.528006,-0.335079,0,0,0,0,0.528006,0.335079,0
-0.541045,-0.333885,0,0,0,0,0.541045,0.333885,0
-0.553822,-0.332529,0,0,0,0,0.553822,0.332529,0
-0.566342,-0.331019,0,0,0,0,0.566342,0.331019,0
-0.578611,-0.329362,0,0,0,0,0.578611,0.329362,0
-0.590634,-0.327566,0,0,0,0,0.590634,0.327566,0
-0.602418,-0.325636,0,0,0,0,0.602418,0.325636,0
-0.613968,-0.32358,0,0,0,0,0.613968,0.32358,0
-0.625288,-0.321403,0,0,0,0,0.625288,0.321403,0
-0.636383,-0.31911,0,0,0,0,0.636383,0.31911,0
-0.647258,-0.316706,0,0,0,0,0.647258,0.316706,0
-0.657916,-0.314197,0,0,0,0,0.657916,0.314197,0
-0.668362,-0.311586,0,0,0,0,0.668362,0.311586,0
-0.6786,-0.308878,0,0,0,0,0.6786,0.308878,0
-0.688633,-0.306077,0,0,0,0,0.688633,0.306077,0
-0.698465,-0.303187,0,0,0,0,0.698465,0.303187,0
-0.708099,-0.300211,0,0,0,0,0.708099,0.300211,0
-0.717539,-0.297152,0,0,0,0,0.717539,0.297152,0
-0.726787,-0.294014,0,0,0,0,0.726787,0.294014,0
-0.735847,-0.2908,0,0,0,0,0.735847,0.2908,0
-0.74472,-0.287512,0,0,0,0,0.74472,0.287512,0
-0.753411,-0.284154,0,0,0,0,0.753411,0.284154,0
-0.761922,-0.280727,0,0,0,0,0.761922,0.280727,0
-0.770254,-0.277235,0,0,0,0,0.770254,0.277235,0
-0.778411,-0.27368,0,0,0,0,0.778411,0.27368,0
-0.786395,-0.270064,0,0,0,0,0.786395,0.270064,0
-0.794208,-0.266389,0,0,0,0,0.794208,0.266389,0
-0.801852,-0.262658,0,0,0,0,0.801852,0.262658,0
-0.809329,-0.258871,0,0,0,0,0.809329,0.258871,0
-0.816641,-0.255033,0,0,0,0,0.816641,0.255033,0
-0.823791,-0.251143,0,0,0,0,0.823791,0.251143,0
-0.830779,-0.247204,0,0,0,0,0.830779,0.247204,0
-0.837607,-0.243217,0,0,0,0,0.837607,0.243217,0
-0.844278,-0.239185,0,0,0,0,0.844278,0.239185,0
-0.850792,-0.235109,0,0,0,0,0.850792,0.235109,0
-0.857152,-0.23099,0,0,0,0,0.857152,0.23099,0
-0.863359,-0.226829,0,0,0,0,0.863359,0.226829,0
-0.869414,-0.222629,0,0,0,0,0.869414,0.222629,0
-0.875318,-0.21839,0,0,0,0,0.875318,0.21839,0
-0.881074,-0.214114,0,0,0,0,0.881074,0.214114,0
-0.886682,-0.209802,0,0,0,0,0.886682,0.209802,0
-0.892143,-0.205455,0,0,0,0,0.892143,0.205455,0
-0.897459,-0.201075,0,0,0,0,0.897459,0.201075,0
-0.902631,-0.196663,0,0,0,0,0.902631,0.196663,0
-0.90766,-0.192219,0,0,0,0,0.90766,0.192219,0
-0.912546,-0.187746,0,0,0,0,0.912546,0.187746,0
-0.917292,-0.183243,0,0,0,0,0.917292,0.183243,0
-0.921897,-0.178712,0,0,0,0,0.921897,0.178712,0
-0.926364,-0.174154,0,0,0,0,0.926364,0.174154,0
-0.930692,-0.169571,0,0,0,0,0.930692,0.169571,0
-0.934882,-0.164962,0,0,0,0,0.934882,0.164962,0
-0.938936,-0.160329,0,0,0,0,0.938936,0.160329,0
-0.942855,-0.155673,0,0,0,0,0.942855,0.155673,0
-0.946638,-0.150995,0,0,0,0,0.946638,0.150995,0
-0.950287,-0.146295,0,0,0,0,0.950287,0.146295,0
-0.953802,-0.141575,0,0,0,0,0.953802,0.141575,0
-0.957184,-0.136835,0,0,0,0,0.957184,0.136835,0
-0.960434,-0.132076,0,0,0,0,0.960434,0.132076,0
-0.963552,-0.127299,0,0,0,0,0.963552,0.127299,0
-0.966539,-0.122505,0,0,0,0,0.966539,0.122505,0
-0.969395,-0.117694,0,0,0,0,0.969395,0.117694,0
-0.972121,-0.112867,0,0,0,0,0.972121,0.112867,0
-0.974718,-0.108025,0,0,0,0,0.974718,0.108025,0
-0.977185,-0.103169,0,0,0,0,0.977185,0.103169,0
-0.979523,-0.0982992,0,0,0,0,0.979523,0.0982992,0
-0.981734,-0.0934165,0,0,0,0,0.981734,0.0934165,0
-0.983816,-0.0885218,0,0,0,0,0.983816,0.0885218,0
-0.98577,-0.0836155,0,0,0,0,0.98577,0.0836155,0
-0.987598,-0.0786984,0,0,0,0,0.987598,0.0786984,0
-0.989298,-0.0737712,0,0,0,0,0.989298,0.0737712,0
-0.990872,-0.0688346,0,0,0,0,0.990872,0.0688346,0
-0.992319,-0.0638892,0,0,0,0,0.992319,0.0638892,0
-0.993641,-0.0589357,0,0,0,0,0.993641,0.0589357,0
-0.994836,-0.0539747,0,0,0,0,0.994836,0.0539747,0
-0.995905,-0.0490069,0,0,0,0,0.995905,0.0490069,0
-0.996849,-0.0440328,0,0,0,0,0.996849,0.0440328,0
-0.997668,-0.0390533,0,0,0,0,0.997668,0.0390533,0
-0.998361,-0.0340689,0,0,0,0,0.998361,0.0340689,0
-0.998929,-0.0290801,0,0,0,0,0.998929,0.0290801,0
-0.999372,-0.0240878,0,0,0,0,0.999372,0.0240878,0
-0.99969,-0.0190924,0,0,0,0,0.99969,0.0190924,0
-0.999883,-0.0140946,0,0,0,0,0.999883,0.0140946,0
-0.999951,-0.0090951,0,0,0,0,0.999951,0.0090951,0
-0.999893,-0.00409444,0,0,0,0,0.999893,0.00409444,0
-0.999711,0.000906735,0,0,0,0,0.999711,-0.000906735,0
-0.999404,0.0059078,0,0,0,0,0.999404,-0.0059078,0
-0.998972,0.0109081,0,0,0,0,0.998972,-0.0109081,0
-0.998414,0.0159071,0,0,0,0,0.998414,-0.0159071,0
-0.997731,0.020904,0,0,0,0,0.997731,-0.020904,0
-0.996923,0.0258984,0,0,0,0,0.996923,-0.0258984,0
-0.995989,0.0308894,0,0,0,0,0.995989,-0.0308894,0
-0.994929,0.0358766,0,0,0,0,0.994929,-0.0358766,0
-0.993743,0.0408592,0,0,0,0,0.993743,-0.0408592,0
-0.99243,0.0458366,0,0,0,0,0.99243,-0.0458366,0
-0.990992,0.0508082,0,0,0,0,0.990992,-0.0508082,0
-0.989426,0.0557733,0,0,0,0,0.989426,-0.0557733,0
-0.987734,0.0607312,0,0,0,0,0.987734,-0.0607312,0
-0.985914,0.0656813,0,0,0,0,0.985914,-0.0656813,0
-0.983966,0.0706229,0,0,0,0,0.983966,-0.0706229,0
-0.98189,0.0755552,0,0,0,0,0.98189,-0.0755552,0
-0.979686,0.0804777,0,0,0,0,0.979686,-0.0804777,0
-0.977352,0.0853896,0,0,0,0,0.977352,-0.0853896,0
-0.974889,0.0902902,0,0,0,0,0.974889,-0.0902902,0
-0.972297,0.0951788,0,0,0,0,0.972297,-0.0951788,0
-0.969574,0.100055,0,0,0,0,0.969574,-0.100055,0
-0.96672,0.104917,0,0,0,0,0.96672,-0.104917,0
-0.963735,0.109765,0,0,0,0,0.963735,-0.109765,0
-0.960618,0.114598,0,0,0,0,0.960618,-0.114598,0
-0.957368,0.119415,0,0,0,0,0.957368,-0.119415,0
-0.953985,0.124216,0,0,0,0,0.953985,-0.124216,0
-0.950468,0.128999,0,0,0,0,0.950468,-0.128999,0
-0.946816,0.133764,0,0,0,0,0.946816,-0.133764,0
-0.943029,0.138509,0,0,0,0,0.943029,-0.138509,0
-0.939106,0.143235,0,0,0,0,0.939106,-0.143235,0
-0.935046,0.14794,0,0,0,0,0.935046,-0.14794,0
-0.930848,0.152623,0,0,0,0,0.930848,-0.152623,0
-0.926512,0.157283,0,0,0,0,0.926512,-0.157283,0
-0.922036,0.16192,0,0,0,0,0.922036,-0.16192,0
-0.917419,0.166532,0,0,0,0,0.917419,-0.166532,0
-0.912661,0.171118,0,0,0,0,0.912661,-0.171118,0
-0.907761,0.175677,0,0,0,0,0.907761,-0.175677,0
-0.902717,0.180209,0,0,0,0,0.902717,-0.180209,0
-0.897528,0.184712,0,0,0,0,0.897528,-0.184712,0
-0.892193,0.189185,0,0,0,0,0.892193,-0.189185,0
-0.886712,0.193627,0,0,0,0,0.886712,-0.193627,0
-0.881082,0.198036,0,0,0,0,0.881082,-0.198036,0
-0.875303,0.202412,0,0,0,0,0.875303,-0.202412,0
-0.869372,0.206752,0,0,0,0,0.869372,-0.206752,0
-0.86329,0.211057,0,0,0,0,0.86329,-0.211057,0
-0.857054,0.215324,0,0,0,0,0.857054,-0.215324,0
-0.850662,0.219552,0,0,0,0,0.850662,-0.219552,0
-0.844114,0.223739,0,0,0,0,0.844114,-0.223739,0
-0.837407,0.227885,0,0,0,0,0.837407,-0.227885,0
-0.83054,0.231987,0,0,0,0,0.83054,-0.231987,0
-0.823511,0.236044,0,0,0,0,0.823511,-0.236044,0
-0.816319,0.240053,0,0,0,0,0.816319,-0.240053,0
-0.80896,0.244014,0,0,0,0,0.80896,-0.244014,0
-0.801435,0.247925,0,0,0,0,0.801435,-0.247925,0
-0.793739,0.251783,0,0,0,0,0.793739,-0.251783,0
-0.785872,0.255586,0,0,0,0,0.785872,-0.255586,0
-0.77783,0.259333,0,0,0,0,0.77783,-0.259333,0
-0.769612,0.263021,0,0,0,0,0.769612,-0.263021,0
-0.761216,0.266648,0,0,0,0,0.761216,-0.266648,0
-0.752638,0.270211,0,0,0,0,0.752638,-0.270211,0
-0.743876,0.273709,0,0,0,0,0.743876,-0.273709,0
-0.734927,0.277137,0,0,0,0,0.734927,-0.277137,0
-0.725789,0.280494,0,0,0,0,0.725789,-0.280494,0
-0.716458,0.283777,0,0,0,0,0.716458,-0.283777,0
-0.706931,0.286982,0,0,0,0,0.706931,-0.286982,0
-0.697205,0.290106,0,0,0,0,0.697205,-0.290106,0
-0.687277,0.293147,0,0,0,0,0.687277,-0.293147,0
-0.677143,0.296099,0,0,0,0,0.677143,-0.296099,0
-0.6668,0.298959,0,0,0,0,0.6668,-0.298959,0
-0.656243,0.301724,0,0,0,0,0.656243,-0.301724,0
-0.645468,0.304389,0,0,0,0,0.645468,-0.304389,0
-0.634471,0.306949,0,0,0,0,0.634471,-0.306949,0
-0.623247,0.309399,0,0,0,0,0.623247,-0.309399,0
-0.611792,0.311734,0,0,0,0,0.611792,-0.311734,0
-0.600101,0.313949,0,0,0,0,0.600101,-0.313949,0
-0.588169,0.316038,0,0,0,0,0.588169,-0.316038,0
-0.575989,0.317994,0,0,0,0,0.575989,-0.317994,0
-0.563557,0.319811,0,0,0,0,0.563557,-0.319811,0
-0.550865,0.32148,0,0,0,0,0.550865,-0.32148,0
-0.537909,0.322994,0,0,0,0,0.537909,-0.322994,0
-0.52468,0.324345,0,0,0,0,0.52468,-0.324345,0
-0.511171,0.325523,0,0,0,0,0.511171,-0.325523,0
-0.497376,0.326519,0,0,0,0,0.497376,-0.326519,0
-0.483285,0.32732,0,0,0,0,0.483285,-0.32732,0
-0.46889,0.327916,0,0,0,0,0.46889,-0.327916,0
-0.454183,0.328292,0,0,0,0,0.454183,-0.328292,0
-0.439152,0.328436,0,0,0,0,0.439152,-0.328436,0
-0.423789,0.32833,0,0,0,0,0.423789,-0.32833,0
-0.408082,0.327957,0,0,0,0,0.408082,-0.327957,0
-0.39202,0.327299,0,0,0,0,0.39202,-0.327299,0
-0.375589,0.326334,0,0,0,0,0.375589,-0.326334,0
-0.358777,0.325037,0,0,0,0,0.358777,-0.325037,0
-0.34157,0.323382,0,0,0,0,0.34157,-0.323382,0
-0.323953,0.321337,0,0,0,0,0.323953,-0.321337,0
-0.305909,0.31887,0,0,0,0,0.305909,-0.31887,0
-0.287422,0.315941,0,0,0,0,0.287422,-0.315941,0
-0.268474,0.312503,0,0,0,0,0.268474,-0.312503,0
-0.249046,0.308507,0,0,0,0,0.249046,-0.308507,0
-0.229118,0.303891,0,0,0,0,0.229118,-0.303891,0
-0.208671,0.298585,0,0,0,0,0.208671,-0.298585,0
-0.187684,0.292505,0,0,0,0,0.187684,-0.292505,0
-0.166139,0.285553,0,0,0,0,0.166139,-0.285553,0
-0.144018,0.277609,0,0,0,0,0.144018,-0.277609,0
-0.121309,0.268528,0,0,0,0,0.121309,-0.268528,0
-0.0980082,0.258131,0,0,0,0,0.0980082,-0.258131,0
-0.0741279,0.246196,0,0,0,0,0.0741279,-0.246196,0
-0.0497062,0.232445,0,0,0,0,0.0497062,-0.232445,0
-0.0248283,0.216522,0,0,0,0,0.0248283,-0.216522,0
0.000337761,0.197975,0,0,0,0,-0.000337761,-0.197975,0
0.0254778,0.176226,0,0,0,0,-0.0254778,-0.176226,0
0.0500177,0.150567,0,0,0,0,-0.0500177,-0.150567,0
0.072933,0.120203,0,0,0,0,-0.072933,-0.120203,0
0.0924923,0.0844912,0,0,0,0,-0.0924923,-0.0844912,0
0.106139,0.0435527,0,0,0,0,-0.106139,-0.0435527,0
0.11113,-0.000820986,0,0,0,0,-0.11113,0.000820986,0
0.106249,-0.045128,0,0,0,0,-0.106249,0.045128,0
0.0928514,-0.085941,0,0,0,0,-0.0928514,0.085941,0
0.0736846,-0.121588,0,0,0,0,-0.0736846,0.121588,0
0.0512382,-0.151999,0,0,0,0,-0.0512382,0.151999,0
0.0271832,-0.177813,0,0,0,0,-0.0271832,0.177813,0
0.00250996,-0.199799,0,0,0,0,-0.00250996,0.199799,0
-0.0222224,-0.218644,0,0,0,0,0.0222224,0.218644,0
-0.0467043,-0.234904,0,0,0,0,0.0467043,0.234904,0
-0.0707676,-0.24902,0,0,0,0,0.0707676,0.24902,0
-0.0943246,-0.261335,0,0,0,0,0.0943246,0.261335,0
-0.117334,-0.272122,0,0,0,0,0.117334,0.272122,0
-0.139781,-0.281599,0,0,0,0,0.139781,0.281599,0
-0.161667,-0.289941,0,0,0,0,0.161667,0.289941,0
-0.183,-0.297289,0,0,0,0,0.183,0.297289,0
-0.203796,-0.303763,0,0,0,0,0.203796,0.303763,0
-0.224072,-0.30946,0,0,0,0,0.224072,0.30946,0
-0.243845,-0.314462,0,0,0,0,0.243845,0.314462,0
-0.263135,-0.318839,0,0,0,0,0.263135,0.318839,0
-0.281959,-0.322652,0,0,0,0,0.281959,0.322652,0
-0.300335,-0.325951,0,0,0,0,0.300335,0.325951,0
-0.318279,-0.328782,0,0,0,0,0.318279,0.328782,0
-0.335809,-0.331184,0,0,0,0,0.335809,0.331184,0
-0.352938,-0.333191,0,0,0,0,0.352938,0.333191,0
-0.369682,-0.334833,0,0,0,0,0.369682,0.334833,0
-0.386053,-0.336138,0,0,0,0,0.386053,0.336138,0
-0.402064,-0.337129,0,0,0,0,0.402064,0.337129,0
-0.417727,-0.337828,0,0,0,0,0.417727,0.337828,0
-0.433053,-0.338255,0,0,0,0,0.433053,0.338255,0
-0.448053,-0.338427,0,0,0,0,0.448053,0.338427,0
-0.462737,-0.33836,0,0,0,0,0.462737,0.33836,0
-0.477113,-0.338068,0,0,0,0,0.477113,0.338068,0
-0.491191,-0.337565,0,0,0,0,0.491191,0.337565,0
-0.50498,-0.336862,0,0,0,0,0.50498,0.336862,0
-0.518485,-0.335971,0,0,0,0,0.518485,0.335971,0
-0.531716,-0.334902,0,0,0,0,0.531716,0.334902,0
-0.54468,-0.333664,0,0,0,0,0.54468,0.333664,0
-0.557381,-0.332266,0,0,0,0,0.557381,0.332266,0
-0.569828,-0.330716,0,0,0,0,0.569828,0.330716,0
-0.582026,-0.329021,0,0,0,0,0.582026,0.329021,0
-0.59398,-0.327189,0,0,0,0,0.59398,0.327189,0
-0.605697,-0.325226,0,0,0,0,0.605697,0.325226,0
-0.61718,-0.323137,0,0,0,0,0.61718,0.323137,0
-0.628435,-0.320929,0,0,0,0,0.628435,0.320929,0
-0.639466,-0.318606,0,0,0,0,0.639466,0.318606,0
-0.650278,-0.316175,0,0,0,0,0.650278,0.316175,0
-0.660876,-0.313639,0,0,0,0,0.660876,0.313639,0
-0.671262,-0.311003,0,0,0,0,0.671262,0.311003,0
-0.68144,-0.30827,0,0,0,0,0.68144,0.30827,0
-0.691416,-0.305446,0,0,0,0,0.691416,0.305446,0
-0.701191,-0.302533,0,0,0,0,0.701191,0.302533,0
-0.710769,-0.299535,0,0,0,0,0.710769,0.299535,0
-0.720154,-0.296456,0,0,0,0,0.720154,0.296456,0
-0.729348,-0.293298,0,0,0,0,0.729348,0.293298,0
-0.738354,-0.290065,0,0,0,0,0.738354,0.290065,0
-0.747176,-0.286759,0,0,0,0,0.747176,0.286759,0
-0.755815,-0.283383,0,0,0,0,0.755815,0.283383,0
-0.764275,-0.279939,0,0,0,0,0.764275,0.279939,0
-0.772557,-0.276431,0,0,0,0,0.772557,0.276431,0
-0.780665,-0.27286,0,0,0,0,0.780665,0.27286,0
-0.7886,-0.269229,0,0,0,0,0.7886,0.269229,0
-0.796365,-0.26554,0,0,0,0,0.796365,0.26554,0
-0.803961,-0.261795,0,0,0,0,0.803961,0.261795,0
-0.811392,-0.257995,0,0,0,0,0.811392,0.257995,0
-0.818657,-0.254144,0,0,0,0,0.818657,0.254144,0
-0.825761,-0.250241,0,0,0,0,0.825761,0.250241,0
-0.832704,-0.246291,0,0,0,0,0.832704,0.246291,0
-0.839487,-0.242293,0,0,0,0,0.839487,0.242293,0
-0.846114,-0.238249,0,0,0,0,0.846114,0.238249,0
-0.852584,-0.234162,0,0,0,0,0.852584,0.234162,0
-0.858901,-0.230033,0,0,0,0,0.858901,0.230033,0
-0.865065,-0.225862,0,0,0,0,0.865065,0.225862,0
-0.871077,-0.221652,0,0,0,0,0.871077,0.221652,0
-0.87694,-0.217404,0,0,0,0,0.87694,0.217404,0
-0.882654,-0.213119,0,0,0,0,0.882654,0.213119,0
-0.88822,-0.208799,0,0,0,0,0.88822,0.208799,0
-0.89364,-0.204444,0,0,0,0,0.89364,0.204444,0
-0.898916,-0.200056,0,0,0,0,0.898916,0.200056,0
-0.904047,-0.195636,0,0,0,0,0.904047,0.195636,0
-0.909036,-0.191185,0,0,0,0,0.909036,0.191185,0
-0.913883,-0.186704,0,0,0,0,0.913883,0.186704,0
-0.918589,-0.182194,0,0,0,0,0.918589,0.182194,0
-0.923155,-0.177657,0,0,0,0,0.923155,0.177657,0
-0.927583,-0.173093,0,0,0,0,0.927583,0.173093,0
-0.931872,-0.168503,0,0,0,0,0.931872,0.168503,0
-0.936024,-0.163889,0,0,0,0,0.936024,0.163889,0
-0.94004,-0.15925,0,0,0,0,0.94004,0.15925,0
-0.943921,-0.154589,0,0,0,0,0.943921,0.154589,0
-0.947666,-0.149905,0,0,0,0,0.947666,0.149905,0
-0.951278,-0.1452,0,0,0,0,0.951278,0.1452,0
-0.954755,-0.140475,0,0,0,0,0.954755,0.140475,0
-0.958101,-0.135731,0,0,0,0,0.958101,0.135731,0
-0.961314,-0.130967,0,0,0,0,0.961314,0.130967,0
-0.964395,-0.126186,0,0,0,0,0.964395,0.126186,0
-0.967345,-0.121388,0,0,0,0,0.967345,0.121388,0
-0.970165,-0.116573,0,0,0,0,0.970165,0.116573,0
-0.972855,-0.111742,0,0,0,0,0.972855,0.111742,0
-0.975415,-0.106897,0,0,0,0,0.975415,0.106897,0
-0.977847,-0.102037,0,0,0,0,0.977847,0.102037,0
-0.980149,-0.0971646,0,0,0,0,0.980149,0.0971646,0
-0.982324,-0.092279,0,0,0,0,0.982324,0.092279,0
-0.98437,-0.0873814,0,0,0,0,0.98437,0.0873814,0
-0.98629,-0.0824725,0,0,0,0,0.98629,0.0824725,0
-0.988082,-0.0775529,0,0,0,0,0.988082,0.0775529,0
-0.989747,-0.0726234,0,0,0,0,0.989747,0.0726234,0
-0.991285,-0.0676846,0,0,0,0,0.991285,0.0676846,0
-0.992697,-0.0627372,0,0,0,0,0.992697,0.0627372,0
-0.993983,-0.0577818,0,0,0,0,0.993983,0.0577818,0
-0.995144,-0.0528191,0,0,0,0,0.995144,0.0528191,0
-0.996178,-0.0478497,0,0,0,0,0.996178,0.0478497,0
-0.997087,-0.0428743,0,0,0,0,0.997087,0.0428743,0
-0.997871,-0.0378935,0,0,0,0,0.997871,0.0378935,0
-0.998529,-0.0329079,0,0,0,0,0.998529,0.0329079,0
-0.999062,-0.0279182,0,0,0,0,0.999062,0.0279182,0
-0.99947,-0.022925,0,0,0,0,0.99947,0.022925,0
-0.999754,-0.017929,0,0,0,0,0.999754,0.017929,0
-0.999912,-0.0129307,0,0,0,0,0.999912,0.0129307,0
-0.999945,-0.00793076,0,0,0,0,0.999945,0.00793076,0
-0.999853,-0.00292986,0,0,0,0,0.999853,0.00292986,0
-0.999636,0.00207141,0,0,0,0,0.999636,-0.00207141,0
-0.999294,0.00707242,0,0,0,0,0.999294,-0.00707242,0
-0.998826,0.0120725,0,0,0,0,0.998826,-0.0120725,0
-0.998234,0.0170712,0,0,0,0,0.998234,-0.0170712,0
-0.997516,0.0220676,0,0,0,0,0.997516,-0.0220676,0
-0.996673,0.0270613,0,0,0,0,0.996673,-0.0270613,0
-0.995704,0.0320516,0,0,0,0,0.995704,-0.0320516,0
-0.994609,0.0370378,0,0,0,0,0.994609,-0.0370378,0
-0.993387,0.0420193,0,0,0,0,0.993387,-0.0420193,0
-0.99204,0.0469955,0,0,0,0,0.99204,-0.0469955,0
-0.990566,0.0519657,0,0,0,0,0.990566,-0.0519657,0
-0.988965,0.0569292,0,0,0,0,0.988965,-0.0569292,0
-0.987237,0.0618854,0,0,0,0,0.987237,-0.0618854,0
-0.985381,0.0668336,0,0,0,0,0.985381,-0.0668336,0
-0.983398,0.0717732,0,0,0,0,0.983398,-0.0717732,0
-0.981286,0.0767034,0,0,0,0,0.981286,-0.0767034,0
-0.979046,0.0816235,0,0,0,0,0.979046,-0.0816235,0
-0.976677,0.0865329,0,0,0,0,0.976677,-0.0865329,0
-0.974178,0.0914308,0,0,0,0,0.974178,-0.0914308,0
-0.971549,0.0963164,0,0,0,0,0.971549,-0.0963164,0
-0.968789,0.101189,0,0,0,0,0.968789,-0.101189,0
-0.965899,0.106048,0,0,0,0,0.965899,-0.106048,0
-0.962877,0.110893,0,0,0,0,0.962877,-0.110893,0
-0.959723,0.115722,0,0,0,0,0.959723,-0.115722,0
-0.956436,0.120536,0,0,0,0,0.956436,-0.120536,0
-0.953015,0.125332,0,0,0,0,0.953015,-0.125332,0
-0.949461,0.130111,0,0,0,0,0.949461,-0.130111,0
-0.945771,0.134872,0,0,0,0,0.945771,-0.134872,0
-0.941946,0.139613,0,0,0,0,0.941946,-0.139613,0
-0.937985,0.144334,0,0,0,0,0.937985,-0.144334,0
-0.933886,0.149033,0,0,0,0,0.933886,-0.149033,0
-0.92965,0.153711,0,0,0,0,0.92965,-0.153711,0
-0.925274,0.158366,0,0,0,0,0.925274,-0.158366,0
-0.920759,0.162997,0,0,0,0,0.920759,-0.162997,0
-0.916103,0.167603,0,0,0,0,0.916103,-0.167603,0
-0.911305,0.172183,0,0,0,0,0.911305,-0.172183,0
-0.906364,0.176736,0,0,0,0,0.906364,-0.176736,0
-0.90128,0.18126,0,0,0,0,0.90128,-0.18126,0
-0.89605,0.185756,0,0,0,0,0.89605,-0.185756,0
-0.890674,0.190222,0,0,0,0,0.890674,-0.190222,0
-0.885151,0.194656,0,0,0,0,0.885151,-0.194656,0
-0.879479,0.199057,0,0,0,0,0.879479,-0.199057,0
-0.873658,0.203424,0,0,0,0,0.873658,-0.203424,0
-0.867685,0.207757,0,0,0,0,0.867685,-0.207757,0
-0.861559,0.212052,0,0,0,0,0.861559,-0.212052,0
-0.855279,0.21631,0,0,0,0,0.855279,-0.21631,0
-0.848844,0.220528,0,0,0,0,0.848844,-0.220528,0
-0.842251,0.224705,0,0,0,0,0.842251,-0.224705,0
-0.835499,0.22884,0,0,0,0,0.835499,-0.22884,0
-0.828586,0.232931,0,0,0,0,0.828586,-0.232931,0
-0.821511,0.236977,0,0,0,0,0.821511,-0.236977,0
-0.814272,0.240974,0,0,0,0,0.814272,-0.240974,0
-0.806867,0.244923,0,0,0,0,0.806867,-0.244923,0
-0.799293,0.248821,0,0,0,0,0.799293,-0.248821,0
-0.791549,0.252665,0,0,0,0,0.791549,-0.252665,0
-0.783633,0.256455,0,0,0,0,0.783633,-0.256455,0
-0.775541,0.260187,0,0,0,0,0.775541,-0.260187,0
-0.767273,0.26386,0,0,0,0,0.767273,-0.26386,0
-0.758825,0.267471,0,0,0,0,0.758825,-0.267471,0
-0.750195,0.271018,0,0,0,0,0.750195,-0.271018,0
-0.74138,0.274498,0,0,0,0,0.74138,-0.274498,0
-0.732378,0.277909,0,0,0,0,0.732378,-0.277909,0
-0.723185,0.281247,0,0,0,0,0.723185,-0.281247,0
-0.713798,0.284511,0,0,0,0,0.713798,-0.284511,0
-0.704215,0.287695,0,0,0,0,0.704215,-0.287695,0
-0.694432,0.290799,0,0,0,0,0.694432,-0.290799,0
-0.684446,0.293816,0,0,0,0,0.684446,-0.293816,0
-0.674252,0.296745,0,0,0,0,0.674252,-0.296745,0
-0.663848,0.299582,0,0,0,0,0.663848,-0.299582,0
-0.653229,0.302321,0,0,0,0,0.653229,-0.302321,0
-0.642391,0.304959,0,0,0,0,0.642391,-0.304959,0
-0.631329,0.30749,0,0,0,0,0.631329,-0.30749,0
-0.62004,0.309911,0,0,0,0,0.62004,-0.309911,0
-0.608518,0.312216,0,0,0,0,0.608518,-0.312216,0
-0.596758,0.314398,0,0,0,0,0.596758,-0.314398,0
-0.584755,0.316453,0,0,0,0,0.584755,-0.316453,0
-0.572503,0.318372,0,0,0,0,0.572503,-0.318372,0
-0.559997,0.32015,0,0,0,0,0.559997,-0.32015,0
-0.54723,0.321779,0,0,0,0,0.54723,-0.321779,0
-0.534196,0.323251,0,0,0,0,0.534196,-0.323251,0
-0.520887,0.324557,0,0,0,0,0.520887,-0.324557,0
-0.507296,0.325687,0,0,0,0,0.507296,-0.325687,0
-0.493416,0.326631,0,0,0,0,0.493416,-0.326631,0
-0.479238,0.327378,0,0,0,0,0.479238,-0.327378,0
-0.464754,0.327916,0,0,0,0,0.464754,-0.327916,0
-0.449954,0.32823,0,0,0,0,0.449954,-0.32823,0
-0.434829,0.328307,0,0,0,0,0.434829,-0.328307,0
-0.419367,0.328131,0,0,0,0,0.419367,-0.328131,0
-0.403558,0.327682,0,0,0,0,0.403558,-0.327682,0
-0.38739,0.326942,0,0,0,0,0.38739,-0.326942,0
-0.37085,0.325888,0,0,0,0,0.37085,-0.325888,0
-0.353925,0.324495,0,0,0,0,0.353925,-0.324495,0
-0.3366,0.322735,0,0,0,0,0.3366,-0.322735,0
-0.31886,0.320577,0,0,0,0,0.31886,-0.320577,0
-0.300689,0.317985,0,0,0,0,0.300689,-0.317985,0
-0.282069,0.314919,0,0,0,0,0.282069,-0.314919,0
-0.262983,0.311331,0,0,0,0,0.262983,-0.311331,0
-0.243411,0.307167,0,0,0,0,0.243411,-0.307167,0
-0.223333,0.302364,0,0,0,0,0.223333,-0.302364,0
-0.20273,0.296849,0,0,0,0,0.20273,-0.296849,0
-0.181582,0.290534,0,0,0,0,0.181582,-0.290534,0
-0.159869,0.283314,0,0,0,0,0.159869,-0.283314,0
-0.137576,0.275063,0,0,0,0,0.137576,-0.275063,0
-0.114693,0.265627,0,0,0,0,0.114693,-0.265627,0
-0.0912195,0.254816,0,0,0,0,0.0912195,-0.254816,0
-0.0671732,0.242393,0,0,0,0,0.0671732,-0.242393,0
-0.0426037,0.22806,0,0,0,0,0.0426037,-0.22806,0
-0.0176153,0.211436,0,0,0,0,0.0176153,-0.211436,0
0.00758986,0.192033,0,0,0,0,-0.00758986,-0.192033,0
0.0326371,0.169237,0,0,0,0,-0.0326371,-0.169237,0
0.0568455,0.142304,0,0,0,0,-0.0568455,-0.142304,0
0.0790132,0.110445,0,0,0,0,-0.0790132,-0.110445,0
0.0971636,0.0731533,0,0,0,0,-0.0971636,-0.0731533,0
0.108567,0.0309472,0,0,0,0,-0.108567,-0.0309472,0
0.110722,-0.0138093,0,0,0,0,-0.110722,0.0138093,0
0.103147,-0.0573972,0,0,0,0,-0.103147,0.0573972,0
0.0877942,-0.0968025,0,0,0,0,-0.0877942,0.0968025,0
0.0674655,-0.130898,0,0,0,0,-0.0674655,0.130898,0
0.0444244,-0.159905,0,0,0,0,-0.0444244,0.159905,0
0.0201188,-0.184539,0,0,0,0,-0.0201188,0.184539,0
-0.00460946,-0.205558,0,0,0,0,0.00460946,0.205558,0
-0.0292882,-0.223609,0,0,0,0,0.0292882,0.223609,0
-0.0536572,-0.239214,0,0,0,0,0.0536572,0.239214,0
-0.0775764,-0.252782,0,0,0,0,0.0775764,0.252782,0
-0.100974,-0.264636,0,0,0,0,0.100974,0.264636,0
-0.123818,-0.27503,0,0,0,0,0.123818,0.27503,0
-0.1461,-0.284168,0,0,0,0,0.1461,0.284168,0
-0.167822,-0.292215,0,0,0,0,0.167822,0.292215,0
-0.188996,-0.299305,0,0,0,0,0.188996,0.299305,0
-0.209637,-0.30555,0,0,0,0,0.209637,0.30555,0
-0.229764,-0.311043,0,0,0,0,0.229764,0.311043,0
-0.249394,-0.315863,0,0,0,0,0.249394,0.315863,0
-0.268545,-0.320076,0,0,0,0,0.268545,0.320076,0
-0.287237,-0.32374,0,0,0,0,0.287237,0.32374,0
-0.305485,-0.326905,0,0,0,0,0.305485,0.326905,0
-0.323307,-0.329613,0,0,0,0,0.323307,0.329613,0
-0.340719,-0.331902,0,0,0,0,0.340719,0.331902,0
-0.357734,-0.333805,0,0,0,0,0.357734,0.333805,0
-0.374368,-0.335351,0,0,0,0,0.374368,0.335351,0
-0.390633,-0.336567,0,0,0,0,0.390633,0.336567,0
-0.406542,-0.337476,0,0,0,0,0.406542,0.337476,0
-0.422106,-0.338099,0,0,0,0,0.422106,0.338099,0
-0.437336,-0.338455,0,0,0,0,0.437336,0.338455,0
-0.452244,-0.33856,0,0,0,0,0.452244,0.33856,0
-0.466838,-0.338431,0,0,0,0,0.466838,0.338431,0
-0.481127,-0.33808,0,0,0,0,0.481127,0.33808,0
-0.49512,-0.337522,0,0,0,0,0.49512,0.337522,0
-0.508826,-0.336768,0,0,0,0,0.508826,0.336768,0
-0.522252,-0.335828,0,0,0,0,0.522252,0.335828,0
-0.535405,-0.334712,0,0,0,0,0.535405,0.334712,0
-0.548292,-0.333431,0,0,0,0,0.548292,0.333431,0
-0.56092,-0.331992,0,0,0,0,0.56092,0.331992,0
-0.573294,-0.330403,0,0,0,0,0.573294,0.330403,0
-0.585421,-0.328671,0,0,0,0,0.585421,0.328671,0
-0.597307,-0.326803,0,0,0,0,0.597307,0.326803,0
-0.608955,-0.324806,0,0,0,0,0.608955,0.324806,0
-0.620373,-0.322686,0,0,0,0,0.620373,0.322686,0
-0.631563,-0.320447,0,0,0,0,0.631563,0.320447,0
-0.642531,-0.318096,0,0,0,0,0.642531,0.318096,0
-0.653281,-0.315637,0,0,0,0,0.653281,0.315637,0
-0.663818,-0.313074,0,0,0,0,0.663818,0.313074,0
-0.674144,-0.310412,0,0,0,0,0.674144,0.310412,0
-0.684264,-0.307656,0,0,0,0,0.684264,0.307656,0
-0.694182,-0.304808,0,0,0,0,0.694182,0.304808,0
-0.703901,-0.301873,0,0,0,0,0.703901,0.301873,0
-0.713423,-0.298854,0,0,0,0,0.713423,0.298854,0
-0.722753,-0.295754,0,0,0,0,0.722753,0.295754,0
-0.731894,-0.292577,0,0,0,0,0.731894,0.292577,0
-0.740847,-0.289325,0,0,0,0,0.740847,0.289325,0
-0.749617,-0.286001,0,0,0,0,0.749617,0.286001,0
-0.758205,-0.282608,0,0,0,0,0.758205,0.282608,0
-0.766614,-0.279148,0,0,0,0,0.766614,0.279148,0
-0.774846,-0.275623,0,0,0,0,0.774846,0.275623,0
-0.782905,-0.272037,0,0,0,0,0.782905,0.272037,0
-0.790791,-0.268391,0,0,0,0,0.790791,0.268391,0
-0.798508,-0.264688,0,0,0,0,0.798508,0.264688,0
-0.806057,-0.260929,0,0,0,0,0.806057,0.260929,0
-0.813441,-0.257116,0,0,0,0,0.813441,0.257116,0
-0.82066,-0.253252,0,0,0,0,0.82066,0.253252,0
-0.827718,-0.249337,0,0,0,0,0.827718,0.249337,0
-0.834616,-0.245374,0,0,0,0,0.834616,0.245374,0
-0.841355,-0.241365,0,0,0,0,0.841355,0.241365,0
-0.847937,-0.237311,0,0,0,0,0.847937,0.237311,0
-0.854364,-0.233213,0,0,0,0,0.854364,0.233213,0
-0.860638,-0.229073,0,0,0,0,0.860638,0.229073,0
-0.866759,-0.224893,0,0,0,0,0.866759,0.224893,0
-0.872729,-0.220674,0,0,0,0,0.872729,0.220674,0
-0.878549,-0.216416,0,0,0,0,0.878549,0.216416,0
-0.884221,-0.212123,0,0,0,0,0.884221,0.212123,0
-0.889747,-0.207794,0,0,0,0,0.889747,0.207794,0
-0.895126,-0.20343,0,0,0,0,0.895126,0.20343,0
-0.900361,-0.199034,0,0,0,0,0.900361,0.199034,0
-0.905452,-0.194607,0,0,0,0,0.905452,0.194607,0
-0.910401,-0.190148,0,0,0,0,0.910401,0.190148,0
-0.915208,-0.185661,0,0,0,0,0.915208,0.185661,0
-0.919875,-0.181144,0,0,0,0,0.919875,0.181144,0
-0.924402,-0.1766,0,0,0,0,0.924402,0.1766,0
-0.928791,-0.17203,0,0,0,0,0.928791,0.17203,0
-0.933042,-0.167434,0,0,0,0,0.933042,0.167434,0
-0.937156,-0.162814,0,0,0,0,0.937156,0.162814,0
-0.941134,-0.15817,0,0,0,0,0.941134,0.15817,0
-0.944976,-0.153503,0,0,0,0,0.944976,0.153503,0
-0.948684,-0.148814,0,0,0,0,0.948684,0.148814,0
-0.952258,-0.144104,0,0,0,0,0.952258,0.144104,0
-0.955699,-0.139374,0,0,0,0,0.955699,0.139374,0
-0.959007,-0.134625,0,0,0,0,0.959007,0.134625,0
-0.962183,-0.129857,0,0,0,0,0.962183,0.129857,0
-0.965228,-0.125072,0,0,0,0,0.965228,0.125072,0
-0.968142,-0.12027,0,0,0,0,0.968142,0.12027,0
-0.970925,-0.115451,0,0,0,0,0.970925,0.115451,0
-0.973579,-0.110617,0,0,0,0,0.973579,0.110617,0
-0.976103,-0.105768,0,0,0,0,0.976103,0.105768,0
-0.978498,-0.100905,0,0,0,0,0.978498,0.100905,0
-0.980765,-0.0960293,0,0,0,0,0.980765,0.0960293,0
-0.982904,-0.0911408,0,0,0,0,0.982904,0.0911408,0
-0.984915,-0.0862404,0,0,0,0,0.984915,0.0862404,0
-0.986799,-0.0813289,0,0,0,0,0.986799,0.0813289,0
-0.988555,-0.0764069,0,0,0,0,0.988555,0.0764069,0
-0.990185,-0.0714751,0,0,0,0,0.990185,0.0714751,0
-0.991688,-0.0665341,0,0,0,0,0.991688,0.0665341,0
-0.993066,-0.0615847,0,0,0,0,0.993066,0.0615847,0
-0.994317,-0.0566275,0,0,0,0,0.994317,0.0566275,0
-0.995442,-0.0516631,0,0,0,0,0.995442,0.0516631,0
-0.996441,-0.0466922,0,0,0,0,0.996441,0.0466922,0
-0.997315,-0.0417154,0,0,0,0,0.997315,0.0417154,0
-0.998064,-0.0367333,0,0,0,0,0.998064,0.0367333,0
-0.998688,-0.0317467,0,0,0,0,0.998688,0.0317467,0
-0.999186,-0.0267561,0,0,0,0,0.999186,0.0267561,0
-0.999559,-0.0217621,0,0,0,0,0.999559,0.0217621,0
-0.999807,-0.0167654,0,0,0,0,0.999807,0.0167654,0
-0.999931,-0.0117666,0,0,0,0,0.999931,0.0117666,0
-0.999929,-0.00676633,0,0,0,0,0.999929,0.00676633,0
-0.999802,-0.00176522,0,0,0,0,0.999802,0.00176522,0
-0.99955,0.00323611,0,0,0,0,0.99955,-0.00323611,0
-0.999174,0.00823703,0,0,0,0,0.999174,-0.00823703,0
-0.998671,0.0132369,0,0,0,0,0.998671,-0.0132369,0
-0.998044,0.0182352,0,0,0,0,0.998044,-0.0182352,0
-0.997291,0.0232311,0,0,0,0,0.997291,-0.0232311,0
-0.996413,0.0282241,0,0,0,0,0.996413,-0.0282241,0
-0.995409,0.0332136,0,0,0,0,0.995409,-0.0332136,0
-0.994279,0.0381988,0,0,0,0,0.994279,-0.0381988,0
-0.993022,0.0431792,0,0,0,0,0.993022,-0.0431792,0
-0.99164,0.0481541,0,0,0,0,0.99164,-0.0481541,0
-0.99013,0.0531229,0,0,0,0,0.99013,-0.0531229,0
-0.988494,0.0580848,0,0,0,0,0.988494,-0.0580848,0
-0.98673,0.0630393,0,0,0,0,0.98673,-0.0630393,0
-0.984839,0.0679856,0,0,0,0,0.984839,-0.0679856,0
-0.98282,0.0729231,0,0,0,0,0.98282,-0.0729231,0
-0.980673,0.077851,0,0,0,0,0.980673,-0.077851,0
-0.978396,0.0827687,0,0,0,0,0.978396,-0.0827687,0
-0.975991,0.0876755,0,0,0,0,0.975991,-0.0876755,0
-0.973456,0.0925707,0,0,0,0,0.973456,-0.0925707,0
-0.97079,0.0974535,0,0,0,0,0.97079,-0.0974535,0
-0.967995,0.102323,0,0,0,0,0.967995,-0.102323,0
-0.965067,0.107179,0,0,0,0,0.965067,-0.107179,0
-0.962009,0.11202,0,0,0,0,0.962009,-0.11202,0
-0.958817,0.116846,0,0,0,0,0.958817,-0.116846,0
-0.955493,0.121655,0,0,0,0,0.955493,-0.121655,0
-0.952035,0.126448,0,0,0,0,0.952035,-0.126448,0
-0.948443,0.131223,0,0,0,0,0.948443,-0.131223,0
-0.944716,0.135979,0,0,0,0,0.944716,-0.135979,0
-0.940853,0.140715,0,0,0,0,0.940853,-0.140715,0
-0.936853,0.145431,0,0,0,0,0.936853,-0.145431,0
-0.932716,0.150126,0,0,0,0,0.932716,-0.150126,0
-0.92844,0.154798,0,0,0,0,0.92844,-0.154798,0
-0.924026,0.159447,0,0,0,0,0.924026,-0.159447,0
-0.919471,0.164072,0,0,0,0,0.919471,-0.164072,0
-0.914775,0.168672,0,0,0,0,0.914775,-0.168672,0
-0.909937,0.173246,0,0,0,0,0.909937,-0.173246,0
-0.904956,0.177792,0,0,0,0,0.904956,-0.177792,0
-0.899831,0.18231,0,0,0,0,0.899831,-0.18231,0
-0.894561,0.186799,0,0,0,0,0.894561,-0.186799,0
-0.889144,0.191257,0,0,0,0,0.889144,-0.191257,0
-0.883579,0.195683,0,0,0,0,0.883579,-0.195683,0
-0.877865,0.200076,0,0,0,0,0.877865,-0.200076,0
-0.872001,0.204435,0,0,0,0,0.872001,-0.204435,0
-0.865985,0.208759,0,0,0,0,0.865985,-0.208759,0
-0.859816,0.213045,0,0,0,0,0.859816,-0.213045,0
-0.853492,0.217293,0,0,0,0,0.853492,-0.217293,0
-0.847013,0.221502,0,0,0,0,0.847013,-0.221502,0
-0.840375,0.225669,0,0,0,0,0.840375,-0.225669,0
-0.833578,0.229793,0,0,0,0,0.833578,-0.229793,0
-0.82662,0.233873,0,0,0,0,0.82662,-0.233873,0
-0.819498,0.237907,0,0,0,0,0.819498,-0.237907,0
-0.812212,0.241893,0,0,0,0,0.812212,-0.241893,0
-0.804759,0.245829,0,0,0,0,0.804759,-0.245829,0
-0.797138,0.249713,0,0,0,0,0.797138,-0.249713,0
-0.789345,0.253544,0,0,0,0,0.789345,-0.253544,0
-0.781379,0.25732,0,0,0,0,0.781379,-0.25732,0
-0.773238,0.261038,0,0,0,0,0.773238,-0.261038,0
-0.764919,0.264695,0,0,0,0,0.764919,-0.264695,0
-0.756419,0.26829,0,0,0,0,0.756419,-0.26829,0
-0.747737,0.271821,0,0,0,0,0.747737,-0.271821,0
-0.738869,0.275284,0,0,0,0,0.738869,-0.275284,0
-0.729813,0.278676,0,0,0,0,0.729813,-0.278676,0
-0.720565,0.281996,0,0,0,0,0.720565,-0.281996,0
-0.711123,0.285239,0,0,0,0,0.711123,-0.285239,0
-0.701483,0.288404,0,0,0,0,0.701483,-0.288404,0
-0.691643,0.291485,0,0,0,0,0.691643,-0.291485,0
-0.681597,0.29448,0,0,0,0,0.681597,-0.29448,0
-0.671344,0.297386,0,0,0,0,0.671344,-0.297386,0
-0.660879,0.300197,0,0,0,0,0.660879,-0.300197,0
-0.650197,0.302911,0,0,0,0,0.650197,-0.302911,0
-0.639296,0.305521,0,0,0,0,0.639296,-0.305521,0
-0.628169,0.308025,0,0,0,0,0.628169,-0.308025,0
-0.616814,0.310416,0,0,0,0,0.616814,-0.310416,0
-0.605224,0.312689,0,0,0,0,0.605224,-0.312689,0
-0.593395,0.314838,0,0,0,0,0.593395,-0.314838,0
-0.581321,0.316857,0,0,0,0,0.581321,-0.316857,0
-0.568997,0.31874,0,0,0,0,0.568997,-0.31874,0
-0.556416,0.32048,0,0,0,0,0.556416,-0.32048,0
-0.543573,0.322068,0,0,0,0,0.543573,-0.322068,0
-0.53046,0.323496,0,0,0,0,0.53046,-0.323496,0
-0.51707,0.324755,0,0,0,0,0.51707,-0.324755,0
-0.503397,0.325837,0,0,0,0,0.503397,-0.325837,0
-0.489432,0.326729,0,0,0,0,0.489432,-0.326729,0
-0.475166,0.327421,0,0,0,0,0.475166,-0.327421,0
-0.460592,0.327899,0,0,0,0,0.460592,-0.327899,0
-0.445699,0.328151,0,0,0,0,0.445699,-0.328151,0
-0.430477,0.328161,0,0,0,0,0.430477,-0.328161,0
-0.414916,0.327912,0,0,0,0,0.414916,-0.327912,0
-0.399004,0.327385,0,0,0,0,0.399004,-0.327385,0
-0.382729,0.326561,0,0,0,0,0.382729,-0.326561,0
-0.366079,0.325416,0,0,0,0,0.366079,-0.325416,0
-0.349039,0.323924,0,0,0,0,0.349039,-0.323924,0
-0.331595,0.322058,0,0,0,0,0.331595,-0.322058,0
-0.313731,0.319783,0,0,0,0,0.313731,-0.319783,0
-0.295431,0.317063,0,0,0,0,0.295431,-0.317063,0
-0.276677,0.313856,0,0,0,0,0.276677,-0.313856,0
-0.257451,0.310113,0,0,0,0,0.257451,-0.310113,0
-0.237733,0.305776,0,0,0,0,0.237733,-0.305776,0
-0.217504,0.300781,0,0,0,0,0.217504,-0.300781,0
-0.196743,0.29505,0,0,0,0,0.196743,-0.29505,0
-0.175431,0.28849,0,0,0,0,0.175431,-0.28849,0
-0.153549,0.280991,0,0,0,0,0.153549,-0.280991,0
-0.131084,0.27242,0,0,0,0,0.131084,-0.27242,0
-0.108026,0.262614,0,0,0,0,0.108026,-0.262614,0
-0.0843806,0.25137,0,0,0,0,0.0843806,-0.25137,0
-0.0601721,0.238435,0,0,0,0,0.0601721,-0.238435,0
-0.0354628,0.223488,0,0,0,0,0.0354628,-0.223488,0
-0.0103801,0.206121,0,0,0,0,0.0103801,-0.206121,0
0.0148341,0.185811,0,0,0,0,-0.0148341,-0.185811,0
0.0397333,0.161905,0,0,0,0,-0.0397333,-0.161905,0
0.0635119,0.133629,0,0,0,0,-0.0635119,-0.133629,0
0.0847674,0.100227,0,0,0,0,-0.0847674,-0.100227,0
0.101275,0.0613921,0,0,0,0,-0.101275,-0.0613921,0
0.110211,0.018118,0,0,0,0,-0.110211,-0.018118,0
0.109486,-0.0266943,0,0,0,0,-0.109486,0.0266943,0
0.0993934,-0.0693032,0,0,0,0,-0.0993934,0.0693032,0
0.0823299,-0.107212,0,0,0,0,-0.0823299,0.107212,0
0.0610294,-0.139782,0,0,0,0,-0.0610294,0.139782,0
0.0375127,-0.167448,0,0,0,0,-0.0375127,0.167448,0
0.0130249,-0.190967,0,0,0,0,-0.0130249,0.190967,0
-0.0117202,-0.211072,0,0,0,0,0.0117202,0.211072,0
-0.0363244,-0.228373,0,0,0,0,0.0363244,0.228373,0
-0.0605695,-0.243357,0,0,0,0,0.0605695,0.243357,0
-0.0843391,-0.256405,0,0,0,0,0.0843391,0.256405,0
-0.107575,-0.267819,0,0,0,0,0.107575,0.267819,0
-0.130254,-0.277836,0,0,0,0,0.130254,0.277836,0
-0.15237,-0.286649,0,0,0,0,0.15237,0.286649,0
-0.173929,-0.294412,0,0,0,0,0.173929,0.294412,0
-0.194945,-0.301252,0,0,0,0,0.194945,0.301252,0
-0.215434,-0.307276,0,0,0,0,0.215434,0.307276,0
-0.235413,-0.312573,0,0,0,0,0.235413,0.312573,0
-0.254902,-0.317216,0,0,0,0,0.254902,0.317216,0
-0.273917,-0.32127,0,0,0,0,0.273917,0.32127,0
-0.292477,-0.32479,0,0,0,0,0.292477,0.32479,0
-0.310599,-0.327823,0,0,0,0,0.310599,0.327823,0
-0.3283,-0.330411,0,0,0,0,0.3283,0.330411,0
-0.345595,-0.33259,0,0,0,0,0.345595,0.33259,0
-0.362498,-0.334391,0,0,0,0,0.362498,0.334391,0
-0.379023,-0.335844,0,0,0,0,0.379023,0.335844,0
-0.395183,-0.336974,0,0,0,0,0.395183,0.336974,0
-0.410991,-0.337802,0,0,0,0,0.410991,0.337802,0
-0.426457,-0.33835,0,0,0,0,0.426457,0.33835,0
-0.441593,-0.338636,0,0,0,0,0.441593,0.338636,0
-0.456408,-0.338676,0,0,0,0,0.456408,0.338676,0
-0.470913,-0.338485,0,0,0,0,0.470913,0.338485,0
-0.485116,-0.338077,0,0,0,0,0.485116,0.338077,0
-0.499025,-0.337465,0,0,0,0,0.499025,0.337465,0
-0.512649,-0.33666,0,0,0,0,0.512649,0.33666,0
-0.525995,-0.335672,0,0,0,0,0.525995,0.335672,0
-0.539071,-0.334511,0,0,0,0,0.539071,0.334511,0
-0.551883,-0.333187,0,0,0,0,0.551883,0.333187,0
-0.564437,-0.331707,0,0,0,0,0.564437,0.331707,0
-0.57674,-0.330079,0,0,0,0,0.57674,0.330079,0
-0.588797,-0.328311,0,0,0,0,0.588797,0.328311,0
-0.600613,-0.326409,0,0,0,0,0.600613,0.326409,0
-0.612195,-0.324378,0,0,0,0,0.612195,0.324378,0
-0.623547,-0.322226,0,0,0,0,0.623547,0.322226,0
-0.634673,-0.319958,0,0,0,0,0.634673,0.319958,0
-0.645578,-0.317578,0,0,0,0,0.645578,0.317578,0
-0.656267,-0.315091,0,0,0,0,0.656267,0.315091,0
-0.666742,-0.312503,0,0,0,0,0.666742,0.312503,0
-0.677009,-0.309816,0,0,0,0,0.677009,0.309816,0
-0.687072,-0.307036,0,0,0,0,0.687072,0.307036,0
-0.696932,-0.304165,0,0,0,0,0.696932,0.304165,0
-0.706594,-0.301208,0,0,0,0,0.706594,0.301208,0
-0.716062,-0.298168,0,0,0,0,0.716062,0.298168,0
-0.725337,-0.295048,0,0,0,0,0.725337,0.295048,0
-0.734424,-0.291851,0,0,0,0,0.734424,0.291851,0
-0.743325,-0.28858,0,0,0,0,0.743325,0.28858,0
-0.752043,-0.285239,0,0,0,0,0.752043,0.285239,0
-0.760579,-0.281828,0,0,0,0,0.760579,0.281828,0
-0.768938,-0.278352,0,0,0,0,0.768938,0.278352,0
-0.777121,-0.274812,0,0,0,0,0.777121,0.274812,0
-0.78513,-0.27121,0,0,0,0,0.78513,0.27121,0
-0.792969,-0.26755,0,0,0,0,0.792969,0.26755,0
-0.800638,-0.263832,0,0,0,0,0.800638,0.263832,0
-0.80814,-0.260059,0,0,0,0,0.80814,0.260059,0
-0.815477,-0.256234,0,0,0,0,0.815477,0.256234,0
-0.82265,-0.252357,0,0,0,0,0.82265,0.252357,0
-0.829663,-0.24843,0,0,0,0,0.829663,0.24843,0
-0.836515,-0.244455,0,0,0,0,0.836515,0.244455,0
-0.84321,-0.240435,0,0,0,0,0.84321,0.240435,0
-0.849748,-0.23637,0,0,0,0,0.849748,0.23637,0
-0.856132,-0.232261,0,0,0,0,0.856132,0.232261,0
-0.862362,-0.228112,0,0,0,0,0.862362,0.228112,0
-0.86844,-0.223921,0,0,0,0,0.86844,0.223921,0
-0.874368,-0.219693,0,0,0,0,0.874368,0.219693,0
-0.880147,-0.215426,0,0,0,0,0.880147,0.215426,0
-0.885777,-0.211124,0,0,0,0,0.885777,0.211124,0
-0.891262,-0.206786,0,0,0,0,0.891262,0.206786,0
-0.8966,-0.202415,0,0,0,0,0.8966,0.202415,0
-0.901795,-0.198011,0,0,0,0,0.901795,0.198011,0
-0.906846,-0.193576,0,0,0,0,0.906846,0.193576,0
-0.911755,-0.18911,0,0,0,0,0.911755,0.18911,0
-0.916522,-0.184616,0,0,0,0,0.916522,0.184616,0
-0.92115,-0.180092,0,0,0,0,0.92115,0.180092,0
-0.925638,-0.175542,0,0,0,0,0.925638,0.175542,0
-0.929988,-0.170965,0,0,0,0,0.929988,0.170965,0
-0.934201,-0.166364,0,0,0,0,0.934201,0.166364,0
-0.938277,-0.161737,0,0,0,0,0.938277,0.161737,0
-0.942216,-0.157088,0,0,0,0,0.942216,0.157088,0
-0.946021,-0.152416,0,0,0,0,0.946021,0.152416,0
-0.949691,-0.147722,0,0,0,0,0.949691,0.147722,0
-0.953228,-0.143007,0,0,0,0,0.953228,0.143007,0
-0.956632,-0.138272,0,0,0,0,0.956632,0.138272,0
-0.959903,-0.133519,0,0,0,0,0.959903,0.133519,0
-0.963042,-0.128747,0,0,0,0,0.963042,0.128747,0
-0.96605,-0.123957,0,0,0,0,0.96605,0.123957,0
-0.968928,-0.119151,0,0,0,0,0.968928,0.119151,0
-0.971675,-0.114328,0,0,0,0,0.971675,0.114328,0
-0.974292,-0.109491,0,0,0,0,0.974292,0.109491,0
-0.976781,-0.104638,0,0,0,0,0.976781,0.104638,0
-0.97914,-0.0997724,0,0,0,0,0.97914,0.0997724,0
-0.981371,-0.0948934,0,0,0,0,0.981371,0.0948934,0
-0.983474,-0.0900019,0,0,0,0,0.983474,0.0900019,0
-0.98545,-0.0850988,0,0,0,0,0.98545,0.0850988,0
-0.987298,-0.0801847,0,0,0,0,0.987298,0.0801847,0
-0.989019,-0.0752603,0,0,0,0,0.989019,0.0752603,0
-0.990614,-0.0703262,0,0,0,0,0.990614,0.0703262,0
-0.992082,-0.0653831,0,0,0,0,0.992082,0.0653831,0
-0.993424,-0.0604318,0,0,0,0,0.993424,0.0604318,0
-0.99464,-0.0554728,0,0,0,0,0.99464,0.0554728,0
-0.99573,-0.0505067,0,0,0,0,0.99573,0.0505067,0
-0.996695,-0.0455343,0,0,0,0,0.996695,0.0455343,0
-0.997534,-0.0405562,0,0,0,0,0.997534,0.0405562,0
-0.998248,-0.0355729,0,0,0,0,0.998248,0.0355729,0
-0.998836,-0.0305852,0,0,0,0,0.998836,0.0305852,0
-0.9993,-0.0255937,0,0,0,0,0.9993,0.0255937,0
-0.999638,-0.020599,0,0,0,0,0.999638,0.020599,0
-0.999852,-0.0156017,0,0,0,0,0.999852,0.0156017,0
-0.99994,-0.0106024,0,0,0,0,0.99994,0.0106024,0
-0.999904,-0.00560182,0,0,0,0,0.999904,0.00560182,0
-0.999742,-0.000600537,0,0,0,0,0.999742,0.000600537,0
-0.999455,0.00440082,0,0,0,0,0.999455,-0.00440082,0
-0.999044,0.00940163,0,0,0,0,0.999044,-0.00940163,0
-0.998507,0.0144013,0,0,0,0,0.998507,-0.0144013,0
-0.997844,0.0193991,0,0,0,0,0.997844,-0.0193991,0
-0.997057,0.0243945,0,0,0,0,0.997057,-0.0243945,0
-0.996143,0.0293868,0,0,0,0,0.996143,-0.0293868,0
-0.995104,0.0343754,0,0,0,0,0.995104,-0.0343754,0
-0.993939,0.0393596,0,0,0,0,0.993939,-0.0393596,0
-0.992647,0.0443389,0,0,0,0,0.992647,-0.0443389,0
-0.991229,0.0493124,0,0,0,0,0.991229,-0.0493124,0
-0.989685,0.0542797,0,0,0,0,0.989685,-0.0542797,0
-0.988013,0.0592401,0,0,0,0,0.988013,-0.0592401,0
-0.986214,0.0641927,0,0,0,0,0.986214,-0.0641927,0
-0.984287,0.0691371,0,0,0,0,0.984287,-0.0691371,0
-0.982232,0.0740725,0,0,0,0,0.982232,-0.0740725,0
-0.980049,0.0789982,0,0,0,0,0.980049,-0.0789982,0
-0.977736,0.0839135,0,0,0,0,0.977736,-0.0839135,0
-0.975295,0.0888177,0,0,0,0,0.975295,-0.0888177,0
-0.972724,0.09371,0,0,0,0,0.972724,-0.09371,0
-0.970022,0.0985898,0,0,0,0,0.970022,-0.0985898,0
-0.967189,0.103456,0,0,0,0,0.967189,-0.103456,0
-0.964226,0.108309,0,0,0,0,0.964226,-0.108309,0
-0.96113,0.113146,0,0,0,0,0.96113,-0.113146,0
-0.957901,0.117969,0,0,0,0,0.957901,-0.117969,0
-0.95454,0.122774,0,0,0,0,0.95454,-0.122774,0
-0.951044,0.127563,0,0,0,0,0.951044,-0.127563,0
-0.947415,0.132333,0,0,0,0,0.947415,-0.132333,0
-0.943649,0.137084,0,0,0,0,0.943649,-0.137084,0
-0.939748,0.141816,0,0,0,0,0.939748,-0.141816,0
-0.93571,0.146527,0,0,0,0,0.93571,-0.146527,0
-0.931534,0.151217,0,0,0,0,0.931534,-0.151217,0
-0.92722,0.155884,0,0,0,0,0.92722,-0.155884,0
-0.922766,0.160527,0,0,0,0,0.922766,-0.160527,0
-0.918172,0.165146,0,0,0,0,0.918172,-0.165146,0
-0.913436,0.16974,0,0,0,0,0.913436,-0.16974,0
-0.908558,0.174307,0,0,0,0,0.908558,-0.174307,0
-0.903537,0.178847,0,0,0,0,0.903537,-0.178847,0
-0.898371,0.183358,0,0,0,0,0.898371,-0.183358,0
-0.89306,0.18784,0,0,0,0,0.89306,-0.18784,0
-0.887601,0.19229,0,0,0,0,0.887601,-0.19229,0
-0.881994,0.196708,0,0,0,0,0.881994,-0.196708,0
-0.876238,0.201094,0,0,0,0,0.876238,-0.201094,0
-0.870332,0.205444,0,0,0,0,0.870332,-0.205444,0
-0.864273,0.209759,0,0,0,0,0.864273,-0.209759,0
-0.85806,0.214036,0,0,0,0,0.85806,-0.214036,0
-0.851693,0.218274,0,0,0,0,0.851693,-0.218274,0
-0.845169,0.222473,0,0,0,0,0.845169,-0.222473,0
-0.838486,0.22663,0,0,0,0,0.838486,-0.22663,0
-0.831644,0.230743,0,0,0,0,0.831644,-0.230743,0
-0.82464,0.234812,0,0,0,0,0.82464,-0.234812,0
-0.817472,0.238834,0,0,0,0,0.817472,-0.238834,0
-0.810139,0.242808,0,0,0,0,0.810139,-0.242808,0
-0.802639,0.246731,0,0,0,0,0.802639,-0.246731,0
-0.794969,0.250603,0,0,0,0,0.794969,-0.250603,0
-0.787127,0.25442,0,0,0,0,0.787127,-0.25442,0
-0.779112,0.258181,0,0,0,0,0.779112,-0.258181,0
-0.77092,0.261884,0,0,0,0,0.77092,-0.261884,0
-0.76255,0.265526,0,0,0,0,0.76255,-0.265526,0
-0.753999,0.269106,0,0,0,0,0.753999,-0.269106,0
-0.745264,0.272619,0,0,0,0,0.745264,-0.272619,0
-0.736343,0.276064,0,0,0,0,0.736343,-0.276064,0
-0.727233,0.279439,0,0,0,0,0.727233,-0.279439,0
-0.71793,0.282739,0,0,0,0,0.71793,-0.282739,0
-0.708432,0.285963,0,0,0,0,0.708432,-0.285963,0
-0.698735,0.289106,0,0,0,0,0.698735,-0.289106,0
-0.688836,0.292166,0,0,0,0,0.688836,-0.292166,0
-0.678732,0.295139,0,0,0,0,0.678732,-0.295139,0
-0.668418,0.29802,0,0,0,0,0.668418,-0.29802,0
-0.657892,0.300807,0,0,0,0,0.657892,-0.300807,0
-0.647148,0.303494,0,0,0,0,0.647148,-0.303494,0
-0.636182,0.306077,0,0,0,0,0.636182,-0.306077,0
-0.62499,0.308552,0,0,0,0,0.62499,-0.308552,0
-0.613568,0.310912,0,0,0,0,0.613568,-0.310912,0
-0.60191,0.313153,0,0,0,0,0.60191,-0.313153,0
-0.590011,0.315269,0,0,0,0,0.590011,-0.315269,0
-0.577866,0.317253,0,0,0,0,0.577866,-0.317253,0
-0.565469,0.319099,0,0,0,0,0.565469,-0.319099,0
-0.552813,0.320798,0,0,0,0,0.552813,-0.320798,0
-0.539893,0.322345,0,0,0,0,0.539893,-0.322345,0
-0.526701,0.323729,0,0,0,0,0.526701,-0.323729,0
-0.51323,0.324942,0,0,0,0,0.51323,-0.324942,0
-0.499474,0.325973,0,0,0,0,0.499474,-0.325973,0
-0.485422,0.326812,0,0,0,0,0.485422,-0.326812,0
-0.471069,0.327448,0,0,0,0,0.471069,-0.327448,0
-0.456403,0.327866,0,0,0,0,0.456403,-0.327866,0
-0.441416,0.328054,0,0,0,0,0.441416,-0.328054,0
-0.426096,0.327995,0,0,0,0,0.426096,-0.327995,0
-0.410435,0.327672,0,0,0,0,0.410435,-0.327672,0
-0.394419,0.327066,0,0,0,0,0.394419,-0.327066,0
-0.378036,0.326156,0,0,0,0,0.378036,-0.326156,0
-0.361274,0.324918,0,0,0,0,0.361274,-0.324918,0
-0.344118,0.323326,0,0,0,0,0.344118,-0.323326,0
-0.326554,0.321349,0,0,0,0,0.326554,-0.321349,0
-0.308564,0.318955,0,0,0,0,0.308564,-0.318955,0
-0.290134,0.316104,0,0,0,0,0.290134,-0.316104,0
-0.271244,0.312752,0,0,0,0,0.271244,-0.312752,0
-0.251876,0.308848,0,0,0,0,0.251876,-0.308848,0
-0.232011,0.304334,0,0,0,0,0.232011,-0.304334,0
-0.211629,0.29914,0,0,0,0,0.211629,-0.29914,0
-0.190708,0.293184,0,0,0,0,0.190708,-0.293184,0
-0.169231,0.286371,0,0,0,0,0.169231,-0.286371,0
-0.147179,0.278583,0,0,0,0,0.147179,-0.278583,0
-0.12454,0.269679,0,0,0,0,0.12454,-0.269679,0
-0.101308,0.259485,0,0,0,0,0.101308,-0.259485,0
-0.0774922,0.247786,0,0,0,0,0.0774922,-0.247786,0
-0.0531262,0.234312,0,0,0,0,0.0531262,-0.234312,0
-0.0282873,0.218717,0,0,0,0,0.0282873,-0.218717,0
-0.00312952,0.200564,0,0,0,0,0.00312952,-0.200564,0
0.0220577,0.179293,0,0,0,0,-0.0220577,-0.179293,0
0.0467435,0.15421,0,0,0,0,-0.0467435,-0.15421,0
0.0699771,0.124525,0,0,0,0,-0.0699771,-0.124525,0
0.0901338,0.0895476,0,0,0,0,-0.0901338,-0.0895476,0
0.104753,0.0492464,0,0,0,0,-0.104753,-0.0492464,0
0.111034,0.00515359,0,0,0,0,-0.111034,-0.00515359,0
0.107456,-0.0393853,0,0,0,0,-0.107456,0.0393853,0
0.0950602,-0.0808037,0,0,0,0,-0.0950602,0.0808037,0
0.076521,-0.117171,0,0,0,0,-0.076521,0.117171,0
0.0544173,-0.148256,0,0,0,0,-0.0544173,0.148256,0
0.030527,-0.174647,0,0,0,0,-0.030527,0.174647,0
0.00591489,-0.197113,0,0,0,0,-0.00591489,0.197113,0
-0.0188149,-0.216355,0,0,0,0,0.0188149,0.216355,0
-0.0433272,-0.232947,0,0,0,0,0.0433272,0.232947,0
-0.0674392,-0.247342,0,0,0,0,0.0674392,0.247342,0
-0.0910548,-0.259895,0,0,0,0,0.0910548,0.259895,0
-0.114128,-0.270889,0,0,0,0,0.114128,0.270889,0
-0.13664,-0.280545,0,0,0,0,0.13664,0.280545,0
-0.158591,-0.289045,0,0,0,0,0.158591,0.289045,0
-0.17999,-0.296535,0,0,0,0,0.17999,0.296535,0
-0.20085,-0.303135,0,0,0,0,0.20085,0.303135,0
-0.221187,-0.308945,0,0,0,0,0.221187,0.308945,0
-0.241021,-0.314051,0,0,0,0,0.241021,0.314051,0
-0.260369,-0.318523,0,0,0,0,0.260369,0.318523,0
-0.279249,-0.322422,0,0,0,0,0.279249,0.322422,0
-0.29768,-0.325802,0,0,0,0,0.29768,0.325802,0
-0.315678,-0.328707,0,0,0,0,0.315678,0.328707,0
-0.333258,-0.331178,0,0,0,0,0.333258,0.331178,0
-0.350437,-0.333249,0,0,0,0,0.350437,0.333249,0
-0.367229,-0.334952,0,0,0,0,0.367229,0.334952,0
-0.383647,-0.336313,0,0,0,0,0.383647,0.336313,0
-0.399703,-0.337358,0,0,0,0,0.399703,0.337358,0
-0.415411,-0.338108,0,0,0,0,0.415411,0.338108,0
-0.43078,-0.338582,0,0,0,0,0.43078,0.338582,0
-0.445822,-0.338799,0,0,0,0,0.445822,0.338799,0
-0.460546,-0.338775,0,0,0,0,0.460546,0.338775,0
-0.474963,-0.338524,0,0,0,0,0.474963,0.338524,0
-0.48908,-0.33806,0,0,0,0,0.48908,0.33806,0
-0.502906,-0.337394,0,0,0,0,0.502906,0.337394,0
-0.516449,-0.336539,0,0,0,0,0.516449,0.336539,0
-0.529716,-0.335504,0,0,0,0,0.529716,0.335504,0
-0.542715,-0.334299,0,0,0,0,0.542715,0.334299,0
-0.555452,-0.332932,0,0,0,0,0.555452,0.332932,0
-0.567933,-0.331412,0,0,0,0,0.567933,0.331412,0
-0.580165,-0.329746,0,0,0,0,0.580165,0.329746,0
-0.592152,-0.327942,0,0,0,0,0.592152,0.327942,0
-0.603901,-0.326005,0,0,0,0,0.603901,0.326005,0
-0.615416,-0.323942,0,0,0,0,0.615416,0.323942,0
-0.626702,-0.321759,0,0,0,0,0.626702,0.321759,0
-0.637765,-0.319461,0,0,0,0,0.637765,0.319461,0
-0.648607,-0.317053,0,0,0,0,0.648607,0.317053,0
-0.659234,-0.314539,0,0,0,0,0.659234,0.314539,0
-0.66965,-0.311925,0,0,0,0,0.66965,0.311925,0
-0.679858,-0.309213,0,0,0,0,0.679858,0.309213,0
-0.689862,-0.306409,0,0,0,0,0.689862,0.306409,0
-0.699666,-0.303516,0,0,0,0,0.699666,0.303516,0
-0.709272,-0.300537,0,0,0,0,0.709272,0.300537,0
-0.718685,-0.297477,0,0,0,0,0.718685,0.297477,0
-0.727906,-0.294337,0,0,0,0,0.727906,0.294337,0
-0.73694,-0.291121,0,0,0,0,0.73694,0.291121,0
-0.745788,-0.287832,0,0,0,0,0.745788,0.287832,0
-0.754454,-0.284472,0,0,0,0,0.754454,0.284472,0
-0.76294,-0.281045,0,0,0,0,0.76294,0.281045,0
-0.771248,-0.277552,0,0,0,0,0.771248,0.277552,0
-0.779382,-0.273996,0,0,0,0,0.779382,0.273996,0
-0.787342,-0.27038,0,0,0,0,0.787342,0.27038,0
-0.795132,-0.266705,0,0,0,0,0.795132,0.266705,0
-0.802754,-0.262973,0,0,0,0,0.802754,0.262973,0
-0.810209,-0.259187,0,0,0,0,0.810209,0.259187,0
-0.817499,-0.255348,0,0,0,0,0.817499,0.255348,0
-0.824627,-0.251458,0,0,0,0,0.824627,0.251458,0
-0.831594,-0.24752,0,0,0,0,0.831594,0.24752,0
-0.838402,-0.243534,0,0,0,0,0.838402,0.243534,0
-0.845052,-0.239502,0,0,0,0,0.845052,0.239502,0
-0.851547,-0.235426,0,0,0,0,0.851547,0.235426,0
-0.857887,-0.231307,0,0,0,0,0.857887,0.231307,0
-0.864074,-0.227147,0,0,0,0,0.864074,0.227147,0
-0.87011,-0.222948,0,0,0,0,0.87011,0.222948,0
-0.875996,-0.21871,0,0,0,0,0.875996,0.21871,0
-0.881733,-0.214434,0,0,0,0,0.881733,0.214434,0
-0.887322,-0.210123,0,0,0,0,0.887322,0.210123,0
-0.892765,-0.205777,0,0,0,0,0.892765,0.205777,0
-0.898063,-0.201398,0,0,0,0,0.898063,0.201398,0
-0.903217,-0.196986,0,0,0,0,0.903217,0.196986,0
-0.908228,-0.192544,0,0,0,0,0.908228,0.192544,0
-0.913097,-0.188071,0,0,0,0,0.913097,0.188071,0
-0.917826,-0.183569,0,0,0,0,0.917826,0.183569,0
-0.922414,-0.179039,0,0,0,0,0.922414,0.179039,0
-0.926863,-0.174482,0,0,0,0,0.926863,0.174482,0
-0.931175,-0.1699,0,0,0,0,0.931175,0.1699,0
-0.935349,-0.165292,0,0,0,0,0.935349,0.165292,0
-0.939386,-0.16066,0,0,0,0,0.939386,0.16066,0
-0.943288,-0.156005,0,0,0,0,0.943288,0.156005,0
-0.947055,-0.151327,0,0,0,0,0.947055,0.151327,0
-0.950688,-0.146628,0,0,0,0,0.950688,0.146628,0
-0.954188,-0.141909,0,0,0,0,0.954188,0.141909,0
-0.957554,-0.137169,0,0,0,0,0.957554,0.137169,0
-0.960788,-0.132411,0,0,0,0,0.960788,0.132411,0
-0.963891,-0.127635,0,0,0,0,0.963891,0.127635,0
-0.966863,-0.122841,0,0,0,0,0.966863,0.122841,0
-0.969704,-0.118031,0,0,0,0,0.969704,0.118031,0
-0.972415,-0.113205,0,0,0,0,0.972415,0.113205,0
-0.974996,-0.108364,0,0,0,0,0.974996,0.108364,0
-0.977448,-0.103508,0,0,0,0,0.977448,0.103508,0
-0.979772,-0.0986388,0,0,0,0,0.979772,0.0986388,0
-0.981967,-0.0937567,0,0,0,0,0.981967,0.0937567,0
-0.984035,-0.0888624,0,0,0,0,0.984035,0.0888624,0
-0.985975,-0.0839566,0,0,0,0,0.985975,0.0839566,0
-0.987787,-0.0790399,0,0,0,0,0.987787,0.0790399,0
-0.989473,-0.0741131,0,0,0,0,0.989473,0.0741131,0
-0.991033,-0.0691768,0,0,0,0,0.991033,0.0691768,0
-0.992466,-0.0642317,0,0,0,0,0.992466,0.0642317,0
-0.993772,-0.0592784,0,0,0,0,0.993772,0.0592784,0
-0.994953,-0.0543176,0,0,0,0,0.994953,0.0543176,0
-0.996008,-0.04935,0,0,0,0,0.996008,0.04935,0
-0.996938,-0.0443761,0,0,0,0,0.996938,0.0443761,0
-0.997742,-0.0393967,0,0,0,0,0.997742,0.0393967,0
-0.998421,-0.0344123,0,0,0,0,0.998421,0.0344123,0
-0.998975,-0.0294235,0,0,0,0,0.998975,0.0294235,0
-0.999404,-0.0244311,0,0,0,0,0.999404,0.0244311,0
-0.999707,-0.0194357,0,0,0,0,0.999707,0.0194357,0
-0.999886,-0.0144378,0,0,0,0,0.999886,0.0144378,0
-0.99994,-0.0094381,0,0,0,0,0.99994,0.0094381,0
-0.999868,-0.00443723,0,0,0,0,0.999868,0.00443723,0
-0.999672,0.000564193,0,0,0,0,0.999672,-0.000564193,0
-0.999351,0.00556555,0,0,0,0,0.999351,-0.00556555,0
-0.998904,0.0105662,0,0,0,0,0.998904,-0.0105662,0
-0.998332,0.0155655,0,0,0,0,0.998332,-0.0155655,0
-0.997635,0.0205629,0,0,0,0,0.997635,-0.0205629,0
-0.996812,0.0255577,0,0,0,0,0.996812,-0.0255577,0
-0.995864,0.0305493,0,0,0,0,0.995864,-0.0305493,0
-0.994789,0.035537,0,0,0,0,0.994789,-0.035537,0
-0.993589,0.0405202,0,0,0,0,0.993589,-0.0405202,0
-0.992262,0.0454982,0,0,0,0,0.992262,-0.0454982,0
-0.990809,0.0504705,0,0,0,0,0.990809,-0.0504705,0
-0.989229,0.0554363,0,0,0,0,0.989229,-0.0554363,0
-0.987522,0.0603949,0,0,0,0,0.987522,-0.0603949,0
-0.985687,0.0653458,0,0,0,0,0.985687,-0.0653458,0
-0.983725,0.0702882,0,0,0,0,0.983725,-0.0702882,0
-0.981634,0.0752214,0,0,0,0,0.981634,-0.0752214,0
-0.979415,0.0801448,0,0,0,0,0.979415,-0.0801448,0
-0.977067,0.0850576,0,0,0,0,0.977067,-0.0850576,0
-0.974589,0.0899592,0,0,0,0,0.974589,-0.0899592,0
-0.971981,0.0948487,0,0,0,0,0.971981,-0.0948487,0
-0.969243,0.0997255,0,0,0,0,0.969243,-0.0997255,0
-0.966374,0.104589,0,0,0,0,0.966374,-0.104589,0
-0.963373,0.109438,0,0,0,0,0.963373,-0.109438,0
-0.96024,0.114272,0,0,0,0,0.96024,-0.114272,0
-0.956975,0.11909,0,0,0,0,0.956975,-0.11909,0
-0.953576,0.123892,0,0,0,0,0.953576,-0.123892,0
-0.950043,0.128676,0,0,0,0,0.950043,-0.128676,0
-0.946375,0.133442,0,0,0,0,0.946375,-0.133442,0
-0.942572,0.138189,0,0,0,0,0.942572,-0.138189,0
-0.938633,0.142916,0,0,0,0,0.938633,-0.142916,0
-0.934556,0.147622,0,0,0,0,0.934556,-0.147622,0
-0.930342,0.152307,0,0,0,0,0.930342,-0.152307,0
-0.925988,0.156968,0,0,0,0,0.925988,-0.156968,0
-0.921495,0.161606,0,0,0,0,0.921495,-0.161606,0
-0.916861,0.166219,0,0,0,0,0.916861,-0.166219,0
-0.912086,0.170807,0,0,0,0,0.912086,-0.170807,0
-0.907168,0.175368,0,0,0,0,0.907168,-0.175368,0
-0.902106,0.179901,0,0,0,0,0.902106,-0.179901,0
-0.8969,0.184405,0,0,0,0,0.8969,-0.184405,0
-0.891547,0.188879,0,0,0,0,0.891547,-0.188879,0
-0.886047,0.193322,0,0,0,0,0.886047,-0.193322,0
-0.880398,0.197732,0,0,0,0,0.880398,-0.197732,0
-0.8746,0.202109,0,0,0,0,0.8746,-0.202109,0
-0.868651,0.206451,0,0,0,0,0.868651,-0.206451,0
-0.862549,0.210756,0,0,0,0,0.862549,-0.210756,0
-0.856293,0.215024,0,0,0,0,0.856293,-0.215024,0
-0.849881,0.219253,0,0,0,0,0.849881,-0.219253,0
-0.843312,0.223442,0,0,0,0,0.843312,-0.223442,0
-0.836585,0.227588,0,0,0,0,0.836585,-0.227588,0
-0.829697,0.231691,0,0,0,0,0.829697,-0.231691,0
-0.822647,0.235748,0,0,0,0,0.822647,-0.235748,0
-0.815433,0.239758,0,0,0,0,0.815433,-0.239758,0
-0.808052,0.24372,0,0,0,0,0.808052,-0.24372,0
-0.800504,0.247631,0,0,0,0,0.800504,-0.247631,0
-0.792786,0.251489,0,0,0,0,0.792786,-0.251489,0
-0.784895,0.255293,0,0,0,0,0.784895,-0.255293,0
-0.77683,0.259039,0,0,0,0,0.77683,-0.259039,0
-0.768588,0.262727,0,0,0,0,0.768588,-0.262727,0
-0.760167,0.266354,0,0,0,0,0.760167,-0.266354,0
-0.751564,0.269917,0,0,0,0,0.751564,-0.269917,0
-0.742776,0.273413,0,0,0,0,0.742776,-0.273413,0
-0.733802,0.276841,0,0,0,0,0.733802,-0.276841,0
-0.724637,0.280197,0,0,0,0,0.724637,-0.280197,0
-0.715279,0.283478,0,0,0,0,0.715279,-0.283478,0
-0.705724,0.286681,0,0,0,0,0.705724,-0.286681,0
-0.69597,0.289804,0,0,0,0,0.69597,-0.289804,0
-0.686013,0.292841,0,0,0,0,0.686013,-0.292841,0
-0.675849,0.295791,0,0,0,0,0.675849,-0.295791,0
-0.665475,0.298648,0,0,0,0,0.665475,-0.298648,0
-0.654887,0.301409,0,0,0,0,0.654887,-0.301409,0
-0.64408,0.30407,0,0,0,0,0.64408,-0.30407,0
-0.63305,0.306625,0,0,0,0,0.63305,-0.306625,0
-0.621793,0.309071,0,0,0,0,0.621793,-0.309071,0
-0.610303,0.3114,0,0,0,0,0.610303,-0.3114,0
-0.598577,0.313609,0,0,0,0,0.598577,-0.313609,0
-0.586607,0.315691,0,0,0,0,0.586607,-0.315691,0
-0.57439,0.317639,0,0,0,0,0.57439,-0.317639,0
-0.561919,0.319447,0,0,0,0,0.561919,-0.319447,0
-0.549188,0.321106,0,0,0,0,0.549188,-0.321106,0
-0.53619,0.32261,0,0,0,0,0.53619,-0.32261,0
-0.522919,0.323949,0,0,0,0,0.522919,-0.323949,0
-0.509366,0.325115,0,0,0,0,0.509366,-0.325115,0
-0.495525,0.326095,0,0,0,0,0.495525,-0.326095,0
-0.481388,0.326881,0,0,0,0,0.481388,-0.326881,0
-0.466945,0.327459,0,0,0,0,0.466945,-0.327459,0
-0.452187,0.327816,0,0,0,0,0.452187,-0.327816,0
-0.437104,0.327938,0,0,0,0,0.437104,-0.327938,0
-0.421687,0.327809,0,0,0,0,0.421687,-0.327809,0
-0.405924,0.32741,0,0,0,0,0.405924,-0.32741,0
-0.389803,0.326723,0,0,0,0,0.389803,-0.326723,0
-0.373312,0.325725,0,0,0,0,0.373312,-0.325725,0
-0.356436,0.324393,0,0,0,0,0.356436,-0.324393,0
-0.339163,0.322697,0,0,0,0,0.339163,-0.322697,0
-0.321476,0.320608,0,0,0,0,0.321476,-0.320608,0
-0.30336,0.318091,0,0,0,0,0.30336,-0.318091,0
-0.284798,0.315105,0,0,0,0,0.284798,-0.315105,0
-0.265771,0.311604,0,0,0,0,0.265771,-0.311604,0
-0.24626,0.307536,0,0,0,0,0.24626,-0.307536,0
-0.226245,0.302838,0,0,0,0,0.226245,-0.302838,0
-0.205707,0.297438,0,0,0,0,0.205707,-0.297438,0
-0.184626,0.291251,0,0,0,0,0.184626,-0.291251,0
-0.162982,0.284174,0,0,0,0,0.162982,-0.284174,0
-0.140759,0.276084,0,0,0,0,0.140759,-0.276084,0
-0.117945,0.266833,0,0,0,0,0.117945,-0.266833,0
-0.0945391,0.256234,0,0,0,0,0.0945391,-0.256234,0
-0.0705553,0.244058,0,0,0,0,0.0705553,-0.244058,0
-0.0460377,0.230015,0,0,0,0,0.0460377,-0.230015,0
-0.0210814,0.213736,0,0,0,0,0.0210814,-0.213736,0
0.00412828,0.19475,0,0,0,0,-0.00412828,-0.19475,0
0.0292456,0.172459,0,0,0,0,-0.0292456,-0.172459,0
0.0536405,0.146133,0,0,0,0,-0.0536405,-0.146133,0
0.0761951,0.114977,0,0,0,0,-0.0761951,-0.114977,0
0.0950449,0.0784141,0,0,0,0,-0.0950449,-0.0784141,0
0.10753,0.0367703,0,0,0,0,-0.10753,-0.0367703,0
0.111018,-0.00784982,0,0,0,0,-0.111018,0.00784982,0
0.104682,-0.051803,0,0,0,0,-0.104682,0.051803,0
0.0902196,-0.0918711,0,0,0,0,-0.0902196,0.0918711,0
0.0704242,-0.126684,0,0,0,0,-0.0704242,0.126684,0
0.0476646,-0.156339,0,0,0,0,-0.0476646,0.156339,0
0.0234876,-0.181521,0,0,0,0,-0.0234876,0.181521,0
-0.0011999,-0.202993,0,0,0,0,0.0011999,0.202993,0
-0.0258875,-0.221421,0,0,0,0,0.0258875,0.221421,0
-0.0502933,-0.237341,0,0,0,0,0.0502933,0.237341,0
-0.0742647,-0.251176,0,0,0,0,0.0742647,0.251176,0
-0.0977228,-0.263258,0,0,0,0,0.0977228,0.263258,0
-0.120631,-0.27385,0,0,0,0,0.120631,0.27385,0
-0.142978,-0.283161,0,0,0,0,0.142978,0.283161,0
-0.164765,-0.291361,0,0,0,0,0.164765,0.291361,0
-0.186004,-0.298587,0,0,0,0,0.186004,0.298587,0
-0.206709,-0.304955,0,0,0,0,0.206709,0.304955,0
-0.226897,-0.310559,0,0,0,0,0.226897,0.310559,0
-0.246587,-0.315479,0,0,0,0,0.246587,0.315479,0
-0.265796,-0.319785,0,0,0,0,0.265796,0.319785,0
-0.284544,-0.323534,0,0,0,0,0.284544,0.323534,0
-0.302846,-0.326777,0,0,0,0,0.302846,0.326777,0
-0.320721,-0.329557,0,0,0,0,0.320721,0.329557,0
-0.338183,-0.331914,0,0,0,0,0.338183,0.331914,0
-0.355247,-0.33388,0,0,0,0,0.355247,0.33388,0
-0.371929,-0.335486,0,0,0,0,0.371929,0.335486,0
-0.38824,-0.336758,0,0,0,0,0.38824,0.336758,0
-0.404194,-0.33772,0,0,0,0,0.404194,0.33772,0
-0.419802,-0.338392,0,0,0,0,0.419802,0.338392,0
-0.435076,-0.338795,0,0,0,0,0.435076,0.338795,0
-0.450024,-0.338944,0,0,0,0,0.450024,0.338944,0
-0.464659,-0.338857,0,0,0,0,0.464659,0.338857,0
-0.478987,-0.338547,0,0,0,0,0.478987,0.338547,0
-0.49302,-0.338027,0,0,0,0,0.49302,0.338027,0
-0.506763,-0.33731,0,0,0,0,0.506763,0.33731,0
-0.520226,-0.336405,0,0,0,0,0.520226,0.336405,0
-0.533415,-0.335323,0,0,0,0,0.533415,0.335323,0
-0.546338,-0.334074,0,0,0,0,0.546338,0.334074,0
-0.559,-0.332666,0,0,0,0,0.559,0.332666,0
-0.571409,-0.331107,0,0,0,0,0.571409,0.331107,0
-0.583569,-0.329403,0,0,0,0,0.583569,0.329403,0
-0.595488,-0.327563,0,0,0,0,0.595488,0.327563,0
-0.607169,-0.325593,0,0,0,0,0.607169,0.325593,0
-0.618618,-0.323498,0,0,0,0,0.618618,0.323498,0
-0.629839,-0.321284,0,0,0,0,0.629839,0.321284,0
-0.640838,-0.318957,0,0,0,0,0.640838,0.318957,0
-0.651619,-0.31652,0,0,0,0,0.651619,0.31652,0
-0.662185,-0.31398,0,0,0,0,0.662185,0.31398,0
-0.672541,-0.31134,0,0,0,0,0.672541,0.31134,0
-0.68269,-0.308604,0,0,0,0,0.68269,0.308604,0
-0.692636,-0.305777,0,0,0,0,0.692636,0.305777,0
-0.702383,-0.302862,0,0,0,0,0.702383,0.302862,0
-0.711934,-0.299861,0,0,0,0,0.711934,0.299861,0
-0.721292,-0.29678,0,0,0,0,0.721292,0.29678,0
-0.730459,-0.29362,0,0,0,0,0.730459,0.29362,0
-0.73944,-0.290385,0,0,0,0,0.73944,0.290385,0
-0.748236,-0.287078,0,0,0,0,0.748236,0.287078,0
-0.75685,-0.283701,0,0,0,0,0.75685,0.283701,0
-0.765286,-0.280257,0,0,0,0,0.765286,0.280257,0
-0.773544,-0.276748,0,0,0,0,0.773544,0.276748,0
-0.781628,-0.273177,0,0,0,0,0.781628,0.273177,0
-0.78954,-0.269545,0,0,0,0,0.78954,0.269545,0
-0.797282,-0.265856,0,0,0,0,0.797282,0.265856,0
-0.804857,-0.26211,0,0,0,0,0.804857,0.26211,0
-0.812265,-0.258311,0,0,0,0,0.812265,0.258311,0
-0.819509,-0.254459,0,0,0,0,0.819509,0.254459,0
-0.826591,-0.250557,0,0,0,0,0.826591,0.250557,0
-0.833513,-0.246607,0,0,0,0,0.833513,0.246607,0
-0.840276,-0.242609,0,0,0,0,0.840276,0.242609,0
-0.846882,-0.238566,0,0,0,0,0.846882,0.238566,0
-0.853333,-0.23448,0,0,0,0,0.853333,0.23448,0
-0.85963,-0.230351,0,0,0,0,0.85963,0.230351,0
-0.865774,-0.226181,0,0,0,0,0.865774,0.226181,0
-0.871768,-0.221972,0,0,0,0,0.871768,0.221972,0
-0.877611,-0.217724,0,0,0,0,0.877611,0.217724,0
-0.883307,-0.21344,0,0,0,0,0.883307,0.21344,0
-0.888855,-0.20912,0,0,0,0,0.888855,0.20912,0
-0.894257,-0.204766,0,0,0,0,0.894257,0.204766,0
-0.899514,-0.200379,0,0,0,0,0.899514,0.200379,0
-0.904628,-0.19596,0,0,0,0,0.904628,0.19596,0
-0.909599,-0.19151,0,0,0,0,0.909599,0.19151,0
-0.914429,-0.18703,0,0,0,0,0.914429,0.18703,0
-0.919118,-0.182521,0,0,0,0,0.919118,0.182521,0
-0.923667,-0.177984,0,0,0,0,0.923667,0.177984,0
-0.928078,-0.173421,0,0,0,0,0.928078,0.173421,0
-0.93235,-0.168832,0,0,0,0,0.93235,0.168832,0
-0.936486,-0.164219,0,0,0,0,0.936486,0.164219,0
-0.940486,-0.159581,0,0,0,0,0.940486,0.159581,0
-0.94435,-0.15492,0,0,0,0,0.94435,0.15492,0
-0.948079,-0.150238,0,0,0,0,0.948079,0.150238,0
-0.951675,-0.145534,0,0,0,0,0.951675,0.145534,0
-0.955137,-0.140809,0,0,0,0,0.955137,0.140809,0
-0.958466,-0.136065,0,0,0,0,0.958466,0.136065,0
-0.961664,-0.131303,0,0,0,0,0.961664,0.131303,0
-0.96473,-0.126522,0,0,0,0,0.96473,0.126522,0
-0.967665,-0.121724,0,0,0,0,0.967665,0.121724,0
-0.970469,-0.11691,0,0,0,0,0.970469,0.11691,0
-0.973144,-0.11208,0,0,0,0,0.973144,0.11208,0
-0.975689,-0.107236,0,0,0,0,0.975689,0.107236,0
-0.978106,-0.102377,0,0,0,0,0.978106,0.102377,0
-0.980393,-0.0975045,0,0,0,0,0.980393,0.0975045,0
-0.982553,-0.0926194,0,0,0,0,0.982553,0.0926194,0
-0.984585,-0.0877222,0,0,0,0,0.984585,0.0877222,0
-0.98649,-0.0828137,0,0,0,0,0.98649,0.0828137,0
-0.988267,-0.0778946,0,0,0,0,0.988267,0.0778946,0
-0.989917,-0.0729654,0,0,0,0,0.989917,0.0729654,0
-0.991441,-0.0680269,0,0,0,0,0.991441,0.0680269,0
-0.992839,-0.0630798,0,0,0,0,0.992839,0.0630798,0
-0.994111,-0.0581246,0,0,0,0,0.994111,0.0581246,0
-0.995257,-0.0531621,0,0,0,0,0.995257,0.0531621,0
-0.996277,-0.0481929,0,0,0,0,0.996277,0.0481929,0
-0.997172,-0.0432176,0,0,0,0,0.997172,0.0432176,0
-0.997941,-0.0382368,0,0,0,0,0.997941,0.0382368,0
-0.998585,-0.0332513,0,0,0,0,0.998585,0.0332513,0
-0.999104,-0.0282616,0,0,0,0,0.999104,0.0282616,0
-0.999498,-0.0232684,0,0,0,0,0.999498,0.0232684,0
-0.999767,-0.0182722,0,0,0,0,0.999767,0.0182722,0
-0.999911,-0.0132738,0,0,0,0,0.999911,0.0132738,0
-0.99993,-0.0082737,0,0,0,0,0.99993,0.0082737,0
-0.999824,-0.00327258,0,0,0,0,0.999824,0.00327258,0
-0.999592,0.00172896,0,0,0,0,0.999592,-0.00172896,0
-0.999236,0.00673028,0,0,0,0,0.999236,-0.00673028,0
-0.998755,0.0117308,0,0,0,0,0.998755,-0.0117308,0
-0.998148,0.0167298,0,0,0,0,0.998148,-0.0167298,0
-0.997416,0.0217267,0,0,0,0,0.997416,-0.0217267,0
-0.996558,0.0267208,0,0,0,0,0.996558,-0.0267208,0
-0.995574,0.0317116,0,0,0,0,0.995574,-0.0317116,0
-0.994465,0.0366984,0,0,0,0,0.994465,-0.0366984,0
-0.99323,0.0416805,0,0,0,0,0.99323,-0.0416805,0
-0.991868,0.0466574,0,0,0,0,0.991868,-0.0466574,0
-0.990379,0.0516282,0,0,0,0,0.990379,-0.0516282,0
-0.988764,0.0565925,0,0,0,0,0.988764,-0.0565925,0
-0.987021,0.0615495,0,0,0,0,0.987021,-0.0615495,0
-0.985151,0.0664985,0,0,0,0,0.985151,-0.0664985,0
-0.983153,0.0714388,0,0,0,0,0.983153,-0.0714388,0
-0.981026,0.0763699,0,0,0,0,0.981026,-0.0763699,0
-0.978771,0.0812909,0,0,0,0,0.978771,-0.0812909,0
-0.976386,0.0862012,0,0,0,0,0.976386,-0.0862012,0
-0.973873,0.0911001,0,0,0,0,0.973873,-0.0911001,0
-0.971228,0.0959868,0,0,0,0,0.971228,-0.0959868,0
-0.968454,0.100861,0,0,0,0,0.968454,-0.100861,0
-0.965548,0.105721,0,0,0,0,0.965548,-0.105721,0
-0.962511,0.110566,0,0,0,0,0.962511,-0.110566,0
-0.959341,0.115397,0,0,0,0,0.959341,-0.115397,0
-0.956038,0.120211,0,0,0,0,0.956038,-0.120211,0
-0.952602,0.125009,0,0,0,0,0.952602,-0.125009,0
-0.949031,0.129789,0,0,0,0,0.949031,-0.129789,0
-0.945326,0.134551,0,0,0,0,0.945326,-0.134551,0
-0.941484,0.139293,0,0,0,0,0.941484,-0.139293,0
-0.937507,0.144015,0,0,0,0,0.937507,-0.144015,0
-0.933391,0.148716,0,0,0,0,0.933391,-0.148716,0
-0.929138,0.153395,0,0,0,0,0.929138,-0.153395,0
-0.924746,0.158051,0,0,0,0,0.924746,-0.158051,0
-0.920213,0.162683,0,0,0,0,0.920213,-0.162683,0
-0.91554,0.167291,0,0,0,0,0.91554,-0.167291,0
-0.910725,0.171872,0,0,0,0,0.910725,-0.171872,0
-0.905766,0.176426,0,0,0,0,0.905766,-0.176426,0
-0.900664,0.180952,0,0,0,0,0.900664,-0.180952,0
-0.895416,0.185449,0,0,0,0,0.895416,-0.185449,0
-0.890022,0.189916,0,0,0,0,0.890022,-0.189916,0
-0.884481,0.194351,0,0,0,0,0.884481,-0.194351,0
-0.87879,0.198754,0,0,0,0,0.87879,-0.198754,0
-0.87295,0.203122,0,0,0,0,0.87295,-0.203122,0
-0.866957,0.207455,0,0,0,0,0.866957,-0.207455,0
-0.860812,0.211752,0,0,0,0,0.860812,-0.211752,0
-0.854512,0.216011,0,0,0,0,0.854512,-0.216011,0
-0.848057,0.22023,0,0,0,0,0.848057,-0.22023,0
-0.841443,0.224408,0,0,0,0,0.841443,-0.224408,0
-0.834671,0.228544,0,0,0,0,0.834671,-0.228544,0
-0.827737,0.232636,0,0,0,0,0.827737,-0.232636,0
-0.820641,0.236682,0,0,0,0,0.820641,-0.236682,0
-0.81338,0.24068,0,0,0,0,0.81338,-0.24068,0
-0.805952,0.244629,0,0,0,0,0.805952,-0.244629,0
-0.798356,0.248527,0,0,0,0,0.798356,-0.248527,0
-0.790589,0.252372,0,0,0,0,0.790589,-0.252372,0
-0.782649,0.256162,0,0,0,0,0.782649,-0.256162,0
-0.774534,0.259894,0,0,0,0,0.774534,-0.259894,0
-0.766242,0.263566,0,0,0,0,0.766242,-0.263566,0
-0.757769,0.267177,0,0,0,0,0.757769,-0.267177,0
-0.749114,0.270724,0,0,0,0,0.749114,-0.270724,0
-0.740273,0.274203,0,0,0,0,0.740273,-0.274203,0
-0.731245,0.277613,0,0,0,0,0.731245,-0.277613,0
-0.722025,0.28095,0,0,0,0,0.722025,-0.28095,0
-0.712611,0.284211,0,0,0,0,0.712611,-0.284211,0
-0.703,0.287394,0,0,0,0,0.703,-0.287394,0
-0.693189,0.290495,0,0,0,0,0.693189,-0.290495,0
-0.683173,0.293511,0,0,0,0,0.683173,-0.293511,0
-0.672949,0.296437,0,0,0,0,0.672949,-0.296437,0
-0.662514,0.29927,0,0,0,0,0.662514,-0.29927,0
-0.651864,0.302005,0,0,0,0,0.651864,-0.302005,0
-0.640993,0.304639,0,0,0,0,0.640993,-0.304639,0
-0.629899,0.307166,0,0,0,0,0.629899,-0.307166,0
-0.618576,0.309582,0,0,0,0,0.618576,-0.309582,0
-0.607019,0.31188,0,0,0,0,0.607019,-0.31188,0
-0.595223,0.314056,0,0,0,0,0.595223,-0.314056,0
-0.583183,0.316103,0,0,0,0,0.583183,-0.316103,0
-0.570893,0.318015,0,0,0,0,0.570893,-0.318015,0
-0.558348,0.319784,0,0,0,0,0.558348,-0.319784,0
-0.545541,0.321403,0,0,0,0,0.545541,-0.321403,0
-0.532465,0.322864,0,0,0,0,0.532465,-0.322864,0
-0.519113,0.324158,0,0,0,0,0.519113,-0.324158,0
-0.505478,0.325274,0,0,0,0,0.505478,-0.325274,0
-0.491553,0.326204,0,0,0,0,0.491553,-0.326204,0
-0.477327,0.326935,0,0,0,0,0.477327,-0.326935,0
-0.462794,0.327454,0,0,0,0,0.462794,-0.327454,0
-0.447943,0.327749,0,0,0,0,0.447943,-0.327749,0
-0.432765,0.327804,0,0,0,0,0.432765,-0.327804,0
-0.417249,0.327603,0,0,0,0,0.417249,-0.327603,0
-0.401383,0.327128,0,0,0,0,0.401383,-0.327128,0
-0.385156,0.326358,0,0,0,0,0.385156,-0.326358,0
-0.368554,0.32527,0,0,0,0,0.368554,-0.32527,0
-0.351565,0.32384,0,0,0,0,0.351565,-0.32384,0
-0.334173,0.322039,0,0,0,0,0.334173,-0.322039,0
-0.316363,0.319835,0,0,0,0,0.316363,-0.319835,0
-0.298119,0.317191,0,0,0,0,0.298119,-0.317191,0
-0.279422,0.314066,0,0,0,0,0.279422,-0.314066,0
-0.260256,0.310412,0,0,0,0,0.260256,-0.310412,0
-0.2406,0.306174,0,0,0,0,0.2406,-0.306174,0
-0.220435,0.301286,0,0,0,0,0.220435,-0.301286,0
-0.19974,0.295673,0,0,0,0,0.19974,-0.295673,0
-0.178495,0.289246,0,0,0,0,0.178495,-0.289246,0
-0.156683,0.281895,0,0,0,0,0.156683,-0.281895,0
-0.134287,0.273492,0,0,0,0,0.134287,-0.273492,0
-0.111299,0.263878,0,0,0,0,0.111299,-0.263878,0
-0.0877194,0.252854,0,0,0,0,0.0877194,-0.252854,0
-0.0635711,0.240177,0,0,0,0,0.0635711,-0.240177,0
-0.0389093,0.225536,0,0,0,0,0.0389093,-0.225536,0
-0.0138503,0.208533,0,0,0,0,0.0138503,-0.208533,0
0.0113835,0.188664,0,0,0,0,-0.0113835,-0.188664,0
0.0363799,0.165291,0,0,0,0,-0.0363799,-0.165291,0
0.0603927,0.137653,0,0,0,0,-0.0603927,-0.137653,0
0.0821135,0.104973,0,0,0,0,-0.0821135,-0.104973,0
0.099429,0.0668442,0,0,0,0,-0.099429,-0.0668442,0
0.109546,0.0240337,0,0,0,0,-0.109546,-0.0240337,0
0.110165,-0.020794,0,0,0,0,-0.110165,0.020794,0
0.101225,-0.0638824,0,0,0,0,-0.101225,0.0638824,0
0.0849412,-0.10249,0,0,0,0,-0.0849412,0.10249,0
0.0640895,-0.135764,0,0,0,0,-0.0640895,0.135764,0
0.0408014,-0.16405,0,0,0,0,-0.0408014,0.16405,0
0.0164116,-0.188088,0,0,0,0,-0.0164116,0.188088,0
-0.00831001,-0.208622,0,0,0,0,0.00831001,0.208622,0
-0.0329328,-0.226281,0,0,0,0,0.0329328,0.226281,0
-0.05722,-0.241565,0,0,0,0,0.05722,0.241565,0
-0.0810447,-0.254868,0,0,0,0,0.0810447,0.254868,0
-0.104343,-0.2665,0,0,0,0,0.104343,0.2665,0
-0.127086,-0.276708,0,0,0,0,0.127086,0.276708,0
-0.149267,-0.285687,0,0,0,0,0.149267,0.285687,0
-0.170892,-0.293598,0,0,0,0,0.170892,0.293598,0
-0.191973,-0.300571,0,0,0,0,0.191973,0.300571,0
-0.212524,-0.306714,0,0,0,0,0.212524,0.306714,0
-0.232564,-0.312118,0,0,0,0,0.232564,0.312118,0
-0.252111,-0.316859,0,0,0,0,0.252111,0.316859,0
-0.271184,-0.321003,0,0,0,0,0.271184,0.321003,0
-0.2898,-0.324606,0,0,0,0,0.2898,0.324606,0
-0.307976,-0.327716,0,0,0,0,0.307976,0.327716,0
-0.325728,-0.330375,0,0,0,0,0.325728,0.330375,0
-0.343073,-0.33262,0,0,0,0,0.343073,0.33262,0
-0.360025,-0.334484,0,0,0,0,0.360025,0.334484,0
-0.376597,-0.335995,0,0,0,0,0.376597,0.335995,0
-0.392804,-0.337179,0,0,0,0,0.392804,0.337179,0
-0.408656,-0.33806,0,0,0,0,0.408656,0.33806,0
-0.424166,-0.338656,0,0,0,0,0.424166,0.338656,0
-0.439344,-0.338988,0,0,0,0,0.439344,0.338988,0
-0.4542,-0.339072,0,0,0,0,0.4542,0.339072,0
-0.468745,-0.338923,0,0,0,0,0.468745,0.338923,0
-0.482987,-0.338555,0,0,0,0,0.482987,0.338555,0
-0.496935,-0.337981,0,0,0,0,0.496935,0.337981,0
-0.510597,-0.337212,0,0,0,0,0.510597,0.337212,0
-0.52398,-0.336259,0,0,0,0,0.52398,0.336259,0
-0.537091,-0.335131,0,0,0,0,0.537091,0.335131,0
-0.549938,-0.333839,0,0,0,0,0.549938,0.333839,0
-0.562527,-0.332389,0,0,0,0,0.562527,0.332389,0
-0.574864,-0.330791,0,0,0,0,0.574864,0.330791,0
-0.586954,-0.329051,0,0,0,0,0.586954,0.329051,0
-0.598803,-0.327176,0,0,0,0,0.598803,0.327176,0
-0.610417,-0.325172,0,0,0,0,0.610417,0.325172,0
-0.621801,-0.323045,0,0,0,0,0.621801,0.323045,0
-0.632958,-0.320801,0,0,0,0,0.632958,0.320801,0
-0.643894,-0.318445,0,0,0,0,0.643894,0.318445,0
-0.654612,-0.315981,0,0,0,0,0.654612,0.315981,0
-0.665118,-0.313415,0,0,0,0,0.665118,0.313415,0
-0.675414,-0.310749,0,0,0,0,0.675414,0.310749,0
-0.685505,-0.30799,0,0,0,0,0.685505,0.30799,0
-0.695394,-0.305139,0,0,0,0,0.695394,0.305139,0
-0.705085,-0.302201,0,0,0,0,0.705085,0.302201,0
-0.71458,-0.29918,0,0,0,0,0.71458,0.29918,0
-0.723884,-0.296078,0,0,0,0,0.723884,0.296078,0
-0.732998,-0.292899,0,0,0,0,0.732998,0.292899,0
-0.741925,-0.289646,0,0,0,0,0.741925,0.289646,0
-0.750669,-0.28632,0,0,0,0,0.750669,0.28632,0
-0.759233,-0.282926,0,0,0,0,0.759233,0.282926,0
-0.767617,-0.279465,0,0,0,0,0.767617,0.279465,0
-0.775826,-0.27594,0,0,0,0,0.775826,0.27594,0
-0.783861,-0.272354,0,0,0,0,0.783861,0.272354,0
-0.791725,-0.268708,0,0,0,0,0.791725,0.268708,0
-0.799419,-0.265004,0,0,0,0,0.799419,0.265004,0
-0.806946,-0.261245,0,0,0,0,0.806946,0.261245,0
-0.814308,-0.257432,0,0,0,0,0.814308,0.257432,0
-0.821506,-0.253568,0,0,0,0,0.821506,0.253568,0
-0.828542,-0.249653,0,0,0,0,0.828542,0.249653,0
-0.835419,-0.245691,0,0,0,0,0.835419,0.245691,0
-0.842138,-0.241682,0,0,0,0,0.842138,0.241682,0
-0.8487,-0.237628,0,0,0,0,0.8487,0.237628,0
-0.855107,-0.233531,0,0,0,0,0.855107,0.233531,0
-0.861361,-0.229392,0,0,0,0,0.861361,0.229392,0
-0.867462,-0.225212,0,0,0,0,0.867462,0.225212,0
-0.873413,-0.220993,0,0,0,0,0.873413,0.220993,0
-0.879215,-0.216737,0,0,0,0,0.879215,0.216737,0
-0.884869,-0.212444,0,0,0,0,0.884869,0.212444,0
-0.890376,-0.208116,0,0,0,0,0.890376,0.208116,0
-0.895737,-0.203753,0,0,0,0,0.895737,0.203753,0
-0.900954,-0.199358,0,0,0,0,0.900954,0.199358,0
-0.906028,-0.194931,0,0,0,0,0.906028,0.194931,0
-0.910959,-0.190474,0,0,0,0,0.910959,0.190474,0
-0.915749,-0.185987,0,0,0,0,0.915749,0.185987,0
-0.920399,-0.181471,0,0,0,0,0.920399,0.181471,0
-0.924909,-0.176928,0,0,0,0,0.924909,0.176928,0
-0.929281,-0.172359,0,0,0,0,0.929281,0.172359,0
-0.933515,-0.167764,0,0,0,0,0.933515,0.167764,0
-0.937613,-0.163144,0,0,0,0,0.937613,0.163144,0
-0.941574,-0.158501,0,0,0,0,0.941574,0.158501,0
-0.945401,-0.153835,0,0,0,0,0.945401,0.153835,0
-0.949092,-0.149147,0,0,0,0,0.949092,0.149147,0
-0.952651,-0.144438,0,0,0,0,0.952651,0.144438,0
-0.956076,-0.139709,0,0,0,0,0.956076,0.139709,0
-0.959368,-0.13496,0,0,0,0,0.959368,0.13496,0
-0.962529,-0.130193,0,0,0,0,0.962529,0.130193,0
-0.965558,-0.125408,0,0,0,0,0.965558,0.125408,0
-0.968456,-0.120607,0,0,0,0,0.968456,0.120607,0
-0.971225,-0.115789,0,0,0,0,0.971225,0.115789,0
-0.973863,-0.110955,0,0,0,0,0.973863,0.110955,0
-0.976373,-0.106107,0,0,0,0,0.976373,0.106107,0
-0.978753,-0.101245,0,0,0,0,0.978753,0.101245,0
-0.981005,-0.0963694,0,0,0,0,0.981005,0.0963694,0
-0.983129,-0.0914814,0,0,0,0,0.983129,0.0914814,0
-0.985125,-0.0865814,0,0,0,0,0.985125,0.0865814,0
-0.986994,-0.0816703,0,0,0,0,0.986994,0.0816703,0
-0.988736,-0.0767487,0,0,0,0,0.988736,0.0767487,0
-0.990352,-0.0718172,0,0,0,0,0.990352,0.0718172,0
-0.99184,-0.0668766,0,0,0,0,0.99184,0.0668766,0
-0.993203,-0.0619274,0,0,0,0,0.993203,0.0619274,0
-0.99444,-0.0569704,0,0,0,0,0.99444,0.0569704,0
-0.995551,-0.0520062,0,0,0,0,0.995551,0.0520062,0
-0.996536,-0.0470354,0,0,0,0,0.996536,0.0470354,0
-0.997396,-0.0420587,0,0,0,0,0.997396,0.0420587,0
-0.99813,-0.0370768,0,0,0,0,0.99813,0.0370768,0
-0.998739,-0.0320901,0,0,0,0,0.998739,0.0320901,0
-0.999223,-0.0270995,0,0,0,0,0.999223,0.0270995,0
-0.999583,-0.0221054,0,0,0,0,0.999583,0.0221054,0
-0.999817,-0.0171086,0,0,0,0,0.999817,0.0171086,0
-0.999926,-0.0121097,0,0,0,0,0.999926,0.0121097,0
-0.99991,-0.00710921,0,0,0,0,0.99991,0.00710921,0
-0.999769,-0.00210786,0,0,0,0,0.999769,0.00210786,0
-0.999503,0.00289376,0,0,0,0,0.999503,-0.00289376,0
-0.999112,0.00789501,0,0,0,0,0.999112,-0.00789501,0
-0.998595,0.0128953,0,0,0,0,0.998595,-0.0128953,0
-0.997954,0.0178939,0,0,0,0,0.997954,-0.0178939,0
-0.997187,0.0228903,0,0,0,0,0.997187,-0.0228903,0
-0.996294,0.0278838,0,0,0,0,0.996294,-0.0278838,0
-0.995275,0.0328738,0,0,0,0,0.995275,-0.0328738,0
-0.994131,0.0378596,0,0,0,0,0.994131,-0.0378596,0
-0.99286,0.0428407,0,0,0,0,0.99286,-0.0428407,0
-0.991463,0.0478162,0,0,0,0,0.991463,-0.0478162,0
-0.989939,0.0527857,0,0,0,0,0.989939,-0.0527857,0
-0.988288,0.0577484,0,0,0,0,0.988288,-0.0577484,0
-0.98651,0.0627036,0,0,0,0,0.98651,-0.0627036,0
-0.984604,0.0676507,0,0,0,0,0.984604,-0.0676507,0
-0.98257,0.072589,0,0,0,0,0.98257,-0.072589,0
-0.980408,0.0775179,0,0,0,0,0.980408,-0.0775179,0
-0.978117,0.0824365,0,0,0,0,0.978117,-0.0824365,0
-0.975696,0.0873443,0,0,0,0,0.975696,-0.0873443,0
-0.973146,0.0922404,0,0,0,0,0.973146,-0.0922404,0
-0.970466,0.0971242,0,0,0,0,0.970466,-0.0971242,0
-0.967654,0.101995,0,0,0,0,0.967654,-0.101995,0
-0.964712,0.106852,0,0,0,0,0.964712,-0.106852,0
-0.961638,0.111694,0,0,0,0,0.961638,-0.111694,0
-0.958431,0.116521,0,0,0,0,0.958431,-0.116521,0
-0.955091,0.121332,0,0,0,0,0.955091,-0.121332,0
-0.951617,0.126125,0,0,0,0,0.951617,-0.126125,0
-0.948009,0.130901,0,0,0,0,0.948009,-0.130901,0
-0.944265,0.135658,0,0,0,0,0.944265,-0.135658,0
-0.940386,0.140396,0,0,0,0,0.940386,-0.140396,0
-0.93637,0.145113,0,0,0,0,0.93637,-0.145113,0
-0.932216,0.149809,0,0,0,0,0.932216,-0.149809,0
-0.927924,0.154483,0,0,0,0,0.927924,-0.154483,0
-0.923492,0.159133,0,0,0,0,0.923492,-0.159133,0
-0.91892,0.16376,0,0,0,0,0.91892,-0.16376,0
-0.914207,0.168361,0,0,0,0,0.914207,-0.168361,0
-0.909352,0.172936,0,0,0,0,0.909352,-0.172936,0
-0.904353,0.177483,0,0,0,0,0.904353,-0.177483,0
-0.89921,0.182003,0,0,0,0,0.89921,-0.182003,0
-0.893922,0.186492,0,0,0,0,0.893922,-0.186492,0
-0.888486,0.190952,0,0,0,0,0.888486,-0.190952,0
-0.882903,0.195379,0,0,0,0,0.882903,-0.195379,0
-0.87717,0.199773,0,0,0,0,0.87717,-0.199773,0
-0.871287,0.204134,0,0,0,0,0.871287,-0.204134,0
-0.865252,0.208458,0,0,0,0,0.865252,-0.208458,0
-0.859063,0.212746,0,0,0,0,0.859063,-0.212746,0
-0.85272,0.216995,0,0,0,0,0.85272,-0.216995,0
-0.84622,0.221204,0,0,0,0,0.84622,-0.221204,0
-0.839561,0.225372,0,0,0,0,0.839561,-0.225372,0
-0.832744,0.229497,0,0,0,0,0.832744,-0.229497,0
-0.825764,0.233578,0,0,0,0,0.825764,-0.233578,0
-0.818621,0.237612,0,0,0,0,0.818621,-0.237612,0
-0.811314,0.241599,0,0,0,0,0.811314,-0.241599,0
-0.803838,0.245535,0,0,0,0,0.803838,-0.245535,0
-0.796194,0.24942,0,0,0,0,0.796194,-0.24942,0
-0.788378,0.253251,0,0,0,0,0.788378,-0.253251,0
-0.780389,0.257027,0,0,0,0,0.780389,-0.257027,0
-0.772224,0.260744,0,0,0,0,0.772224,-0.260744,0
-0.76388,0.264402,0,0,0,0,0.76388,-0.264402,0
-0.755356,0.267997,0,0,0,0,0.755356,-0.267997,0
-0.746648,0.271526,0,0,0,0,0.746648,-0.271526,0
-0.737755,0.274988,0,0,0,0,0.737755,-0.274988,0
-0.728672,0.27838,0,0,0,0,0.728672,-0.27838,0
-0.719397,0.281698,0,0,0,0,0.719397,-0.281698,0
-0.709928,0.28494,0,0,0,0,0.709928,-0.28494,0
-0.70026,0.288102,0,0,0,0,0.70026,-0.288102,0
-0.69039,0.291182,0,0,0,0,0.69039,-0.291182,0
-0.680316,0.294174,0,0,0,0,0.680316,-0.294174,0
-0.670032,0.297077,0,0,0,0,0.670032,-0.297077,0
-0.659536,0.299885,0,0,0,0,0.659536,-0.299885,0
-0.648823,0.302595,0,0,0,0,0.648823,-0.302595,0
-0.637889,0.305201,0,0,0,0,0.637889,-0.305201,0
-0.626729,0.307699,0,0,0,0,0.626729,-0.307699,0
-0.615339,0.310085,0,0,0,0,0.615339,-0.310085,0
-0.603714,0.312352,0,0,0,0,0.603714,-0.312352,0
-0.591849,0.314495,0,0,0,0,0.591849,-0.314495,0
-0.579738,0.316507,0,0,0,0,0.579738,-0.316507,0
-0.567375,0.318381,0,0,0,0,0.567375,-0.318381,0
-0.554755,0.320111,0,0,0,0,0.554755,-0.320111,0
-0.541871,0.321689,0,0,0,0,0.541871,-0.321689,0
-0.528717,0.323106,0,0,0,0,0.528717,-0.323106,0
-0.515284,0.324353,0,0,0,0,0.515284,-0.324353,0
-0.501566,0.325421,0,0,0,0,0.501566,-0.325421,0
-0.487555,0.326298,0,0,0,0,0.487555,-0.326298,0
-0.473241,0.326973,0,0,0,0,0.473241,-0.326973,0
-0.458617,0.327433,0,0,0,0,0.458617,-0.327433,0
-0.443673,0.327664,0,0,0,0,0.443673,-0.327664,0
-0.428398,0.327651,0,0,0,0,0.428398,-0.327651,0
-0.412781,0.327377,0,0,0,0,0.412781,-0.327377,0
-0.396812,0.326823,0,0,0,0,0.396812,-0.326823,0
-0.380477,0.325968,0,0,0,0,0.380477,-0.325968,0
-0.363764,0.324789,0,0,0,0,0.363764,-0.324789,0
-0.346659,0.323259,0,0,0,0,0.346659,-0.323259,0
-0.329147,0.321349,0,0,0,0,0.329147,-0.321349,0
-0.311212,0.319027,0,0,0,0,0.311212,-0.319027,0
-0.292838,0.316254,0,0,0,0,0.292838,-0.316254,0
-0.274007,0.312986,0,0,0,0,0.274007,-0.312986,0
-0.254699,0.309174,0,0,0,0,0.254699,-0.309174,0
-0.234897,0.30476,0,0,0,0,0.234897,-0.30476,0
-0.214578,0.299677,0,0,0,0,0.214578,-0.299677,0
-0.193725,0.293844,0,0,0,0,0.193725,-0.293844,0
-0.172315,0.287167,0,0,0,0,0.172315,-0.287167,0
-0.150333,0.279532,0,0,0,0,0.150333,-0.279532,0
-0.127764,0.270802,0,0,0,0,0.127764,-0.270802,0
-0.104601,0.260808,0,0,0,0,0.104601,-0.260808,0
-0.0808498,0.249341,0,0,0,0,0.0808498,-0.249341,0
-0.0565411,0.236136,0,0,0,0,0.0565411,-0.236136,0
-0.0317444,0.220863,0,0,0,0,0.0317444,-0.220863,0
-0.00660035,0.203095,0,0,0,0,0.00660035,-0.203095,0
0.0186243,0.182289,0,0,0,0,-0.0186243,-0.182289,0
0.0434393,0.15777,0,0,0,0,-0.0434393,-0.15777,0
0.0669627,0.128751,0,0,0,0,-0.0669627,-0.128751,0
0.0876731,0.0945068,0,0,0,0,-0.0876731,-0.0945068,0
0.103213,0.0548699,0,0,0,0,-0.103213,-0.0548699,0
0.110756,0.0111198,0,0,0,0,-0.110756,-0.0111198,0
0.1085,-0.0335847,0,0,0,0,-0.1085,0.0335847,0
0.0971558,-0.075574,0,0,0,0,-0.0971558,0.075574,0
0.0792903,-0.112657,0,0,0,0,-0.0792903,0.112657,0
0.0575606,-0.144427,0,0,0,0,-0.0575606,0.144427,0
0.0338536,-0.171408,0,0,0,0,-0.0338536,0.171408,0
0.00931353,-0.194366,0,0,0,0,-0.00931353,0.194366,0
-0.0154075,-0.214015,0,0,0,0,0.0154075,0.214015,0
-0.0399466,-0.230946,0,0,0,0,0.0399466,0.230946,0
-0.0641052,-0.245627,0,0,0,0,0.0641052,0.245627,0
-0.0877782,-0.258424,0,0,0,0,0.0877782,0.258424,0
-0.110914,-0.269627,0,0,0,0,0.110914,0.269627,0
-0.133492,-0.279467,0,0,0,0,0.133492,0.279467,0
-0.155508,-0.288128,0,0,0,0,0.155508,0.288128,0
-0.176972,-0.29576,0,0,0,0,0.176972,0.29576,0
-0.197895,-0.302488,0,0,0,0,0.197895,0.302488,0
-0.218295,-0.308414,0,0,0,0,0.218295,0.308414,0
-0.238189,-0.313625,0,0,0,0,0.238189,0.313625,0
-0.257596,-0.318192,0,0,0,0,0.257596,0.318192,0
-0.276533,-0.32218,0,0,0,0,0.276533,0.32218,0
-0.295018,-0.32564,0,0,0,0,0.295018,0.32564,0
-0.313069,-0.32862,0,0,0,0,0.313069,0.32862,0
-0.330701,-0.331161,0,0,0,0,0.330701,0.331161,0
-0.34793,-0.333297,0,0,0,0,0.34793,0.333297,0
-0.36477,-0.335061,0,0,0,0,0.36477,0.335061,0
-0.381235,-0.336479,0,0,0,0,0.381235,0.336479,0
-0.397337,-0.337578,0,0,0,0,0.397337,0.337578,0
-0.413089,-0.338378,0,0,0,0,0.413089,0.338378,0
-0.428501,-0.338901,0,0,0,0,0.428501,0.338901,0
-0.443585,-0.339164,0,0,0,0,0.443585,0.339164,0
-0.45835,-0.339183,0,0,0,0,0.45835,0.339183,0
-0.472807,-0.338973,0,0,0,0,0.472807,0.338973,0
-0.486963,-0.338548,0,0,0,0,0.486963,0.338548,0
-0.500827,-0.33792,0,0,0,0,0.500827,0.33792,0
-0.514407,-0.3371,0,0,0,0,0.514407,0.3371,0
-0.527711,-0.3361,0,0,0,0,0.527711,0.3361,0
-0.540746,-0.334927,0,0,0,0,0.540746,0.334927,0
-0.553518,-0.333592,0,0,0,0,0.553518,0.333592,0
-0.566033,-0.332102,0,0,0,0,0.566033,0.332102,0
-0.578298,-0.330466,0,0,0,0,0.578298,0.330466,0
-0.590319,-0.328689,0,0,0,0,0.590319,0.328689,0
-0.6021,-0.32678,0,0,0,0,0.6021,0.32678,0
-0.613647,-0.324743,0,0,0,0,0.613647,0.324743,0
-0.624965,-0.322585,0,0,0,0,0.624965,0.322585,0
-0.636058,-0.320311,0,0,0,0,0.636058,0.320311,0
-0.646931,-0.317926,0,0,0,0,0.646931,0.317926,0
-0.657589,-0.315435,0,0,0,0,0.657589,0.315435,0
-0.668034,-0.312842,0,0,0,0,0.668034,0.312842,0
-0.678271,-0.310152,0,0,0,0,0.678271,0.310152,0
-0.688304,-0.307369,0,0,0,0,0.688304,0.307369,0
-0.698136,-0.304495,0,0,0,0,0.698136,0.304495,0
-0.707771,-0.301536,0,0,0,0,0.707771,0.301536,0
-0.717211,-0.298494,0,0,0,0,0.717211,0.298494,0
-0.72646,-0.295372,0,0,0,0,0.72646,0.295372,0
-0.73552,-0.292173,0,0,0,0,0.73552,0.292173,0
-0.744396,-0.288901,0,0,0,0,0.744396,0.288901,0
-0.753088,-0.285558,0,0,0,0,0.753088,0.285558,0
-0.7616,-0.282147,0,0,0,0,0.7616,0.282147,0
-0.769935,-0.27867,0,0,0,0,0.769935,0.27867,0
-0.778094,-0.275129,0,0,0,0,0.778094,0.275129,0
-0.78608,-0.271527,0,0,0,0,0.78608,0.271527,0
-0.793895,-0.267866,0,0,0,0,0.793895,0.267866,0
-0.801542,-0.264148,0,0,0,0,0.801542,0.264148,0
-0.809022,-0.260376,0,0,0,0,0.809022,0.260376,0
-0.816337,-0.25655,0,0,0,0,0.816337,0.25655,0
-0.82349,-0.252673,0,0,0,0,0.82349,0.252673,0
-0.830481,-0.248746,0,0,0,0,0.830481,0.248746,0
-0.837313,-0.244772,0,0,0,0,0.837313,0.244772,0
-0.843987,-0.240752,0,0,0,0,0.843987,0.240752,0
-0.850505,-0.236687,0,0,0,0,0.850505,0.236687,0
-0.856869,-0.23258,0,0,0,0,0.856869,0.23258,0
-0.86308,-0.22843,0,0,0,0,0.86308,0.22843,0
-0.869139,-0.224241,0,0,0,0,0.869139,0.224241,0
-0.875047,-0.220013,0,0,0,0,0.875047,0.220013,0
-0.880807,-0.215747,0,0,0,0,0.880807,0.215747,0
-0.88642,-0.211445,0,0,0,0,0.88642,0.211445,0
-0.891885,-0.207109,0,0,0,0,0.891885,0.207109,0
-0.897206,-0.202738,0,0,0,0,0.897206,0.202738,0
-0.902383,-0.198335,0,0,0,0,0.902383,0.198335,0
-0.907416,-0.193901,0,0,0,0,0.907416,0.193901,0
-0.912307,-0.189436,0,0,0,0,0.912307,0.189436,0
-0.917058,-0.184942,0,0,0,0,0.917058,0.184942,0
-0.921669,-0.18042,0,0,0,0,0.921669,0.18042,0
-0.92614,-0.17587,0,0,0,0,0.92614,0.17587,0
-0.930473,-0.171295,0,0,0,0,0.930473,0.171295,0
-0.934669,-0.166693,0,0,0,0,0.934669,0.166693,0
-0.938728,-0.162068,0,0,0,0,0.938728,0.162068,0
-0.942652,-0.157419,0,0,0,0,0.942652,0.157419,0
-0.946441,-0.152748,0,0,0,0,0.946441,0.152748,0
-0.950095,-0.148055,0,0,0,0,0.950095,0.148055,0
-0.953616,-0.143341,0,0,0,0,0.953616,0.143341,0
-0.957004,-0.138607,0,0,0,0,0.957004,0.138607,0
-0.960259,-0.133854,0,0,0,0,0.960259,0.133854,0
-0.963383,-0.129083,0,0,0,0,0.963383,0.129083,0
-0.966376,-0.124294,0,0,0,0,0.966376,0.124294,0
-0.969238,-0.119488,0,0,0,0,0.969238,0.119488,0
-0.97197,-0.114666,0,0,0,0,0.97197,0.114666,0
-0.974572,-0.109829,0,0,0,0,0.974572,0.109829,0
-0.977046,-0.104978,0,0,0,0,0.977046,0.104978,0
-0.97939,-0.100112,0,0,0,0,0.97939,0.100112,0
-0.981607,-0.0952337,0,0,0,0,0.981607,0.0952337,0
-0.983695,-0.0903427,0,0,0,0,0.983695,0.0903427,0
-0.985656,-0.08544,0,0,0,0,0.985656,0.08544,0
-0.987489,-0.0805263,0,0,0,0,0.987489,0.0805263,0
-0.989196,-0.0756022,0,0,0,0,0.989196,0.0756022,0
-0.990776,-0.0706685,0,0,0,0,0.990776,0.0706685,0
-0.99223,-0.0657257,0,0,0,0,0.99223,0.0657257,0
-0.993557,-0.0607746,0,0,0,0,0.993557,0.0607746,0
-0.994759,-0.0558158,0,0,0,0,0.994759,0.0558158,0
-0.995835,-0.0508499,0,0,0,0,0.995835,0.0508499,0
-0.996785,-0.0458776,0,0,0,0,0.996785,0.0458776,0
-0.99761,-0.0408996,0,0,0,0,0.99761,0.0408996,0
-0.998309,-0.0359164,0,0,0,0,0.998309,0.0359164,0
-0.998884,-0.0309287,0,0,0,0,0.998884,0.0309287,0
-0.999333,-0.0259371,0,0,0,0,0.999333,0.0259371,0
-0.999657,-0.0209423,0,0,0,0,0.999657,0.0209423,0
-0.999857,-0.0159449,0,0,0,0,0.999857,0.0159449,0
-0.999931,-0.0109454,0,0,0,0,0.999931,0.0109454,0
-0.99988,-0.00594462,0,0,0,0,0.99988,0.00594462,0
-0.999704,-0.000943083,0,0,0,0,0.999704,0.000943083,0
-0.999404,0.00405858,0,0,0,0,0.999404,-0.00405858,0
-0.998978,0.00905973,0,0,0,0,0.998978,-0.00905973,0
-0.998426,0.0140597,0,0,0,0,0.998426,-0.0140597,0
-0.99775,0.019058,0,0,0,0,0.99775,-0.019058,0
-0.996948,0.0240538,0,0,0,0,0.996948,-0.0240538,0
-0.99602,0.0290467,0,0,0,0,0.99602,-0.0290467,0
-0.994966,0.0340358,0,0,0,0,0.994966,-0.0340358,0
-0.993787,0.0390206,0,0,0,0,0.993787,-0.0390206,0
-0.992481,0.0440005,0,0,0,0,0.992481,-0.0440005,0
-0.991048,0.0489748,0,0,0,0,0.991048,-0.0489748,0
-0.989489,0.0539428,0,0,0,0,0.989489,-0.0539428,0
-0.987803,0.0589039,0,0,0,0,0.987803,-0.0589039,0
-0.985989,0.0638573,0,0,0,0,0.985989,-0.0638573,0
-0.984048,0.0688025,0,0,0,0,0.984048,-0.0688025,0
-0.981978,0.0737388,0,0,0,0,0.981978,-0.0737388,0
-0.97978,0.0786654,0,0,0,0,0.97978,-0.0786654,0
-0.977452,0.0835816,0,0,0,0,0.977452,-0.0835816,0
-0.974996,0.0884868,0,0,0,0,0.974996,-0.0884868,0
-0.972409,0.0933801,0,0,0,0,0.972409,-0.0933801,0
-0.969693,0.098261,0,0,0,0,0.969693,-0.098261,0
-0.966845,0.103129,0,0,0,0,0.966845,-0.103129,0
-0.963865,0.107982,0,0,0,0,0.963865,-0.107982,0
-0.960754,0.112821,0,0,0,0,0.960754,-0.112821,0
-0.95751,0.117644,0,0,0,0,0.95751,-0.117644,0
-0.954133,0.122451,0,0,0,0,0.954133,-0.122451,0
-0.950621,0.12724,0,0,0,0,0.950621,-0.12724,0
-0.946975,0.132012,0,0,0,0,0.946975,-0.132012,0
-0.943194,0.136765,0,0,0,0,0.943194,-0.136765,0
-0.939276,0.141498,0,0,0,0,0.939276,-0.141498,0
-0.935222,0.14621,0,0,0,0,0.935222,-0.14621,0
-0.931029,0.150901,0,0,0,0,0.931029,-0.150901,0
-0.926698,0.155569,0,0,0,0,0.926698,-0.155569,0
-0.922227,0.160214,0,0,0,0,0.922227,-0.160214,0
-0.917616,0.164834,0,0,0,0,0.917616,-0.164834,0
-0.912863,0.169429,0,0,0,0,0.912863,-0.169429,0
-0.907968,0.173998,0,0,0,0,0.907968,-0.173998,0
-0.902929,0.178539,0,0,0,0,0.902929,-0.178539,0
-0.897745,0.183051,0,0,0,0,0.897745,-0.183051,0
-0.892415,0.187534,0,0,0,0,0.892415,-0.187534,0
-0.886938,0.191985,0,0,0,0,0.886938,-0.191985,0
-0.881313,0.196405,0,0,0,0,0.881313,-0.196405,0
-0.875538,0.200791,0,0,0,0,0.875538,-0.200791,0
-0.869612,0.205143,0,0,0,0,0.869612,-0.205143,0
-0.863534,0.209459,0,0,0,0,0.863534,-0.209459,0
-0.857302,0.213737,0,0,0,0,0.857302,-0.213737,0
-0.850914,0.217976,0,0,0,0,0.850914,-0.217976,0
-0.84437,0.222176,0,0,0,0,0.84437,-0.222176,0
-0.837667,0.226333,0,0,0,0,0.837667,-0.226333,0
-0.830803,0.230448,0,0,0,0,0.830803,-0.230448,0
-0.823778,0.234517,0,0,0,0,0.823778,-0.234517,0
-0.816589,0.23854,0,0,0,0,0.816589,-0.23854,0
-0.809234,0.242514,0,0,0,0,0.809234,-0.242514,0
-0.801711,0.246438,0,0,0,0,0.801711,-0.246438,0
-0.794018,0.25031,0,0,0,0,0.794018,-0.25031,0
-0.786154,0.254128,0,0,0,0,0.786154,-0.254128,0
-0.778115,0.257889,0,0,0,0,0.778115,-0.257889,0
-0.769899,0.261591,0,0,0,0,0.769899,-0.261591,0
-0.761505,0.265233,0,0,0,0,0.761505,-0.265233,0
-0.752928,0.268812,0,0,0,0,0.752928,-0.268812,0
-0.744168,0.272325,0,0,0,0,0.744168,-0.272325,0
-0.735221,0.275769,0,0,0,0,0.735221,-0.275769,0
-0.726084,0.279142,0,0,0,0,0.726084,-0.279142,0
-0.716754,0.282442,0,0,0,0,0.716754,-0.282442,0
-0.707228,0.285663,0,0,0,0,0.707228,-0.285663,0
-0.697503,0.288805,0,0,0,0,0.697503,-0.288805,0
-0.687575,0.291862,0,0,0,0,0.687575,-0.291862,0
-0.677441,0.294832,0,0,0,0,0.677441,-0.294832,0
-0.667097,0.297711,0,0,0,0,0.667097,-0.297711,0
-0.65654,0.300494,0,0,0,0,0.65654,-0.300494,0
-0.645764,0.303177,0,0,0,0,0.645764,-0.303177,0
-0.634765,0.305756,0,0,0,0,0.634765,-0.305756,0
-0.62354,0.308225,0,0,0,0,0.62354,-0.308225,0
-0.612083,0.31058,0,0,0,0,0.612083,-0.31058,0
-0.60039,0.312815,0,0,0,0,0.60039,-0.312815,0
-0.588455,0.314924,0,0,0,0,0.588455,-0.314924,0
-0.576272,0.3169,0,0,0,0,0.576272,-0.3169,0
-0.563836,0.318737,0,0,0,0,0.563836,-0.318737,0
-0.551141,0.320428,0,0,0,0,0.551141,-0.320428,0
-0.538179,0.321963,0,0,0,0,0.538179,-0.321963,0
-0.524945,0.323336,0,0,0,0,0.524945,-0.323336,0
-0.511431,0.324536,0,0,0,0,0.511431,-0.324536,0
-0.497629,0.325553,0,0,0,0,0.497629,-0.325553,0
-0.483531,0.326377,0,0,0,0,0.483531,-0.326377,0
-0.469129,0.326995,0,0,0,0,0.469129,-0.326995,0
-0.454413,0.327395,0,0,0,0,0.454413,-0.327395,0
-0.439374,0.327561,0,0,0,0,0.439374,-0.327561,0
-0.424001,0.327479,0,0,0,0,0.424001,-0.327479,0
-0.408284,0.32713,0,0,0,0,0.408284,-0.32713,0
-0.392209,0.326495,0,0,0,0,0.392209,-0.326495,0
-0.375766,0.325554,0,0,0,0,0.375766,-0.325554,0
-0.358941,0.32428,0,0,0,0,0.358941,-0.32428,0
-0.341719,0.322649,0,0,0,0,0.341719,-0.322649,0
-0.324086,0.320628,0,0,0,0,0.324086,-0.320628,0
-0.306025,0.318184,0,0,0,0,0.306025,-0.318184,0
-0.287519,0.315278,0,0,0,0,0.287519,-0.315278,0
-0.268551,0.311863,0,0,0,0,0.268551,-0.311863,0
-0.249101,0.307889,0,0,0,0,0.249101,-0.307889,0
-0.229149,0.303294,0,0,0,0,0.229149,-0.303294,0
-0.208676,0.298008,0,0,0,0,0.208676,-0.298008,0
-0.187662,0.291947,0,0,0,0,0.187662,-0.291947,0
-0.166086,0.285012,0,0,0,0,0.166086,-0.285012,0
-0.143933,0.277081,0,0,0,0,0.143933,-0.277081,0
-0.121189,0.26801,0,0,0,0,0.121189,-0.26801,0
-0.0978512,0.25762,0,0,0,0,0.0978512,-0.25762,0
-0.073931,0.245685,0,0,0,0,0.073931,-0.245685,0
-0.0494674,0.231926,0,0,0,0,0.0494674,-0.231926,0
-0.0245468,0.215985,0,0,0,0,0.0245468,-0.215985,0
0.00066091,0.197406,0,0,0,0,-0.00066091,-0.197406,0
0.0258369,0.175607,0,0,0,0,-0.0258369,-0.175607,0
0.0503988,0.149874,0,0,0,0,-0.0503988,-0.149874,0
0.0733074,0.119411,0,0,0,0,-0.0733074,-0.119411,0
0.0928089,0.0835817,0,0,0,0,-0.0928089,-0.0835817,0
0.106327,0.0425381,0,0,0,0,-0.106327,-0.0425381,0
0.111131,-0.00187779,0,0,0,0,-0.111131,0.00187779,0
0.106067,-0.046137,0,0,0,0,-0.106067,0.046137,0
0.0925463,-0.0868439,0,0,0,0,-0.0925463,0.0868439,0
0.0733263,-0.122376,0,0,0,0,-0.0733263,0.122376,0
0.0508753,-0.152691,0,0,0,0,-0.0508753,0.152691,0
0.026843,-0.178434,0,0,0,0,-0.026843,0.178434,0
0.00220553,-0.200371,0,0,0,0,-0.00220553,0.200371,0
-0.0224857,-0.219185,0,0,0,0,0.0224857,0.219185,0
-0.0469252,-0.235427,0,0,0,0,0.0469252,0.235427,0
-0.0709469,-0.249535,0,0,0,0,0.0709469,0.249535,0
-0.0944644,-0.26185,0,0,0,0,0.0944644,0.26185,0
-0.117436,-0.272643,0,0,0,0,0.117436,0.272643,0
-0.139849,-0.28213,0,0,0,0,0.139849,0.28213,0
-0.161702,-0.290485,0,0,0,0,0.161702,0.290485,0
-0.183005,-0.29785,0,0,0,0,0.183005,0.29785,0
-0.203773,-0.304342,0,0,0,0,0.203773,0.304342,0
-0.224023,-0.310058,0,0,0,0,0.224023,0.310058,0
-0.243772,-0.315081,0,0,0,0,0.243772,0.315081,0
-0.26304,-0.31948,0,0,0,0,0.26304,0.31948,0
-0.281843,-0.323315,0,0,0,0,0.281843,0.323315,0
-0.3002,-0.326637,0,0,0,0,0.3002,0.326637,0
-0.318127,-0.329491,0,0,0,0,0.318127,0.329491,0
-0.33564,-0.331916,0,0,0,0,0.33564,0.331916,0
-0.352754,-0.333946,0,0,0,0,0.352754,0.333946,0
-0.369484,-0.335611,0,0,0,0,0.369484,0.335611,0
-0.385842,-0.336939,0,0,0,0,0.385842,0.336939,0
-0.401841,-0.337954,0,0,0,0,0.401841,0.337954,0
-0.417493,-0.338676,0,0,0,0,0.417493,0.338676,0
-0.432809,-0.339126,0,0,0,0,0.432809,0.339126,0
-0.447799,-0.339321,0,0,0,0,0.447799,0.339321,0
-0.462474,-0.339277,0,0,0,0,0.462474,0.339277,0
-0.476843,-0.339007,0,0,0,0,0.476843,0.339007,0
-0.490913,-0.338526,0,0,0,0,0.490913,0.338526,0
-0.504695,-0.337845,0,0,0,0,0.504695,0.337845,0
-0.518195,-0.336976,0,0,0,0,0.518195,0.336976,0
-0.53142,-0.335928,0,0,0,0,0.53142,0.335928,0
-0.544378,-0.334712,0,0,0,0,0.544378,0.334712,0
-0.557075,-0.333335,0,0,0,0,0.557075,0.333335,0
-0.569518,-0.331805,0,0,0,0,0.569518,0.331805,0
-0.581712,-0.330131,0,0,0,0,0.581712,0.330131,0
-0.593664,-0.328318,0,0,0,0,0.593664,0.328318,0
-0.605377,-0.326375,0,0,0,0,0.605377,0.326375,0
-0.616858,-0.324306,0,0,0,0,0.616858,0.324306,0
-0.628111,-0.322116,0,0,0,0,0.628111,0.322116,0
-0.63914,-0.319813,0,0,0,0,0.63914,0.319813,0
-0.649951,-0.3174,0,0,0,0,0.649951,0.3174,0
-0.660547,-0.314882,0,0,0,0,0.660547,0.314882,0
-0.670933,-0.312264,0,0,0,0,0.670933,0.312264,0
-0.681111,-0.309549,0,0,0,0,0.681111,0.309549,0
-0.691086,-0.306742,0,0,0,0,0.691086,0.306742,0
-0.700862,-0.303846,0,0,0,0,0.700862,0.303846,0
-0.71044,-0.300865,0,0,0,0,0.71044,0.300865,0
-0.719826,-0.297802,0,0,0,0,0.719826,0.297802,0
-0.729021,-0.29466,0,0,0,0,0.729021,0.29466,0
-0.738028,-0.291443,0,0,0,0,0.738028,0.291443,0
-0.746851,-0.288152,0,0,0,0,0.746851,0.288152,0
-0.755492,-0.284792,0,0,0,0,0.755492,0.284792,0
-0.763953,-0.281363,0,0,0,0,0.763953,0.281363,0
-0.772238,-0.27787,0,0,0,0,0.772238,0.27787,0
-0.780348,-0.274314,0,0,0,0,0.780348,0.274314,0
-0.788285,-0.270697,0,0,0,0,0.788285,0.270697,0
-0.796053,-0.267021,0,0,0,0,0.796053,0.267021,0
-0.803652,-0.263289,0,0,0,0,0.803652,0.263289,0
-0.811085,-0.259503,0,0,0,0,0.811085,0.259503,0
-0.818354,-0.255665,0,0,0,0,0.818354,0.255665,0
-0.82546,-0.251775,0,0,0,0,0.82546,0.251775,0
-0.832406,-0.247837,0,0,0,0,0.832406,0.247837,0
-0.839194,-0.243851,0,0,0,0,0.839194,0.243851,0
-0.845824,-0.23982,0,0,0,0,0.845824,0.23982,0
-0.852298,-0.235744,0,0,0,0,0.852298,0.235744,0
-0.858618,-0.231626,0,0,0,0,0.858618,0.231626,0
-0.864786,-0.227467,0,0,0,0,0.864786,0.227467,0
-0.870803,-0.223268,0,0,0,0,0.870803,0.223268,0
-0.876669,-0.21903,0,0,0,0,0.876669,0.21903,0
-0.882388,-0.214756,0,0,0,0,0.882388,0.214756,0
-0.887959,-0.210445,0,0,0,0,0.887959,0.210445,0
-0.893383,-0.2061,0,0,0,0,0.893383,0.2061,0
-0.898663,-0.201722,0,0,0,0,0.898663,0.201722,0
-0.9038,-0.197311,0,0,0,0,0.9038,0.197311,0
-0.908793,-0.192869,0,0,0,0,0.908793,0.192869,0
-0.913645,-0.188397,0,0,0,0,0.913645,0.188397,0
-0.918356,-0.183896,0,0,0,0,0.918356,0.183896,0
-0.922927,-0.179367,0,0,0,0,0.922927,0.179367,0
-0.92736,-0.174811,0,0,0,0,0.92736,0.174811,0
-0.931655,-0.170229,0,0,0,0,0.931655,0.170229,0
-0.935812,-0.165622,0,0,0,0,0.935812,0.165622,0
-0.939834,-0.160991,0,0,0,0,0.939834,0.160991,0
-0.943719,-0.156337,0,0,0,0,0.943719,0.156337,0
-0.94747,-0.15166,0,0,0,0,0.94747,0.15166,0
-0.951087,-0.146962,0,0,0,0,0.951087,0.146962,0
-0.954571,-0.142243,0,0,0,0,0.954571,0.142243,0
-0.957922,-0.137504,0,0,0,0,0.957922,0.137504,0
-0.96114,-0.132747,0,0,0,0,0.96114,0.132747,0
-0.964227,-0.127971,0,0,0,0,0.964227,0.127971,0
-0.967184,-0.123178,0,0,0,0,0.967184,0.123178,0
-0.970009,-0.118369,0,0,0,0,0.970009,0.118369,0
-0.972705,-0.113543,0,0,0,0,0.972705,0.113543,0
-0.975272,-0.108703,0,0,0,0,0.975272,0.108703,0
-0.977709,-0.103847,0,0,0,0,0.977709,0.103847,0
-0.980018,-0.0989788,0,0,0,0,0.980018,0.0989788,0
-0.982198,-0.0940972,0,0,0,0,0.982198,0.0940972,0
-0.984251,-0.0892034,0,0,0,0,0.984251,0.0892034,0
-0.986176,-0.084298,0,0,0,0,0.986176,0.084298,0
-0.987974,-0.0793817,0,0,0,0,0.987974,0.0793817,0
-0.989646,-0.0744552,0,0,0,0,0.989646,0.0744552,0
-0.99119,-0.0695192,0,0,0,0,0.99119,0.0695192,0
-0.992609,-0.0645744,0,0,0,0,0.992609,0.0645744,0
-0.993901,-0.0596213,0,0,0,0,0.993901,0.0596213,0
-0.995068,-0.0546607,0,0,0,0,0.995068,0.0546607,0
-0.996109,-0.0496932,0,0,0,0,0.996109,0.0496932,0
-0.997024,-0.0447195,0,0,0,0,0.997024,0.0447195,0
-0.997814,-0.0397401,0,0,0,0,0.997814,0.0397401,0
-0.998479,-0.0347557,0,0,0,0,0.998479,0.0347557,0
-0.999018,-0.029767,0,0,0,0,0.999018,0.029767,0
-0.999433,-0.0247745,0,0,0,0,0.999433,0.0247745,0
-0.999722,-0.019779,0,0,0,0,0.999722,0.019779,0
-0.999887,-0.0147809,0,0,0,0,0.999887,0.0147809,0
-0.999926,-0.00978106,0,0,0,0,0.999926,0.00978106,0
-0.999841,-0.00477996,0,0,0,0,0.999841,0.00477996,0
-0.99963,0.000221742,0,0,0,0,0.99963,-0.000221742,0
-0.999295,0.00522341,0,0,0,0,0.999295,-0.00522341,0
-0.998834,0.0102244,0,0,0,0,0.998834,-0.0102244,0
-0.998248,0.0152242,0,0,0,0,0.998248,-0.0152242,0
-0.997536,0.020222,0,0,0,0,0.997536,-0.020222,0
-0.996699,0.0252173,0,0,0,0,0.996699,-0.0252173,0
-0.995736,0.0302094,0,0,0,0,0.995736,-0.0302094,0
-0.994648,0.0351976,0,0,0,0,0.994648,-0.0351976,0
-0.993433,0.0401815,0,0,0,0,0.993433,-0.0401815,0
-0.992092,0.0451602,0,0,0,0,0.992092,-0.0451602,0
-0.990624,0.0501331,0,0,0,0,0.990624,-0.0501331,0
-0.989029,0.0550996,0,0,0,0,0.989029,-0.0550996,0
-0.987308,0.060059,0,0,0,0,0.987308,-0.060059,0
-0.985458,0.0650107,0,0,0,0,0.985458,-0.0650107,0
-0.983481,0.0699539,0,0,0,0,0.983481,-0.0699539,0
-0.981376,0.0748881,0,0,0,0,0.981376,-0.0748881,0
-0.979141,0.0798123,0,0,0,0,0.979141,-0.0798123,0
-0.976778,0.0847261,0,0,0,0,0.976778,-0.0847261,0
-0.974285,0.0896286,0,0,0,0,0.974285,-0.0896286,0
-0.971662,0.0945192,0,0,0,0,0.971662,-0.0945192,0
-0.968909,0.0993971,0,0,0,0,0.968909,-0.0993971,0
-0.966025,0.104262,0,0,0,0,0.966025,-0.104262,0
-0.963009,0.109112,0,0,0,0,0.963009,-0.109112,0
-0.95986,0.113947,0,0,0,0,0.95986,-0.113947,0
-0.956579,0.118766,0,0,0,0,0.956579,-0.118766,0
-0.953164,0.123569,0,0,0,0,0.953164,-0.123569,0
-0.949615,0.128355,0,0,0,0,0.949615,-0.128355,0
-0.945932,0.133122,0,0,0,0,0.945932,-0.133122,0
-0.942112,0.13787,0,0,0,0,0.942112,-0.13787,0
-0.938156,0.142598,0,0,0,0,0.938156,-0.142598,0
-0.934063,0.147306,0,0,0,0,0.934063,-0.147306,0
-0.929832,0.151991,0,0,0,0,0.929832,-0.151991,0
-0.925462,0.156654,0,0,0,0,0.925462,-0.156654,0
-0.920952,0.161293,0,0,0,0,0.920952,-0.161293,0
-0.916301,0.165908,0,0,0,0,0.916301,-0.165908,0
-0.911508,0.170496,0,0,0,0,0.911508,-0.170496,0
-0.906572,0.175059,0,0,0,0,0.906572,-0.175059,0
-0.901493,0.179593,0,0,0,0,0.901493,-0.179593,0
-0.896268,0.184098,0,0,0,0,0.896268,-0.184098,0
-0.890897,0.188573,0,0,0,0,0.890897,-0.188573,0
-0.885378,0.193018,0,0,0,0,0.885378,-0.193018,0
-0.879711,0.197429,0,0,0,0,0.879711,-0.197429,0
-0.873894,0.201807,0,0,0,0,0.873894,-0.201807,0
-0.867925,0.20615,0,0,0,0,0.867925,-0.20615,0
-0.861804,0.210457,0,0,0,0,0.861804,-0.210457,0
-0.855528,0.214726,0,0,0,0,0.855528,-0.214726,0
-0.849096,0.218956,0,0,0,0,0.849096,-0.218956,0
-0.842507,0.223145,0,0,0,0,0.842507,-0.223145,0
-0.835759,0.227292,0,0,0,0,0.835759,-0.227292,0
-0.82885,0.231396,0,0,0,0,0.82885,-0.231396,0
-0.821779,0.235454,0,0,0,0,0.821779,-0.235454,0
-0.814543,0.239465,0,0,0,0,0.814543,-0.239465,0
-0.807141,0.243427,0,0,0,0,0.807141,-0.243427,0
-0.79957,0.247338,0,0,0,0,0.79957,-0.247338,0
-0.791829,0.251197,0,0,0,0,0.791829,-0.251197,0
-0.783915,0.255,0,0,0,0,0.783915,-0.255,0
-0.775826,0.258747,0,0,0,0,0.775826,-0.258747,0
-0.76756,0.262435,0,0,0,0,0.76756,-0.262435,0
-0.759114,0.266061,0,0,0,0,0.759114,-0.266061,0
-0.750486,0.269623,0,0,0,0,0.750486,-0.269623,0
-0.741673,0.273119,0,0,0,0,0.741673,-0.273119,0
-0.732672,0.276546,0,0,0,0,0.732672,-0.276546,0
-0.72348,0.2799,0,0,0,0,0.72348,-0.2799,0
-0.714095,0.28318,0,0,0,0,0.714095,-0.28318,0
-0.704512,0.286382,0,0,0,0,0.704512,-0.286382,0
-0.69473,0.289502,0,0,0,0,0.69473,-0.289502,0
-0.684743,0.292537,0,0,0,0,0.684743,-0.292537,0
-0.67455,0.295484,0,0,0,0,0.67455,-0.295484,0
-0.664145,0.298338,0,0,0,0,0.664145,-0.298338,0
-0.653525,0.301096,0,0,0,0,0.653525,-0.301096,0
-0.642686,0.303752,0,0,0,0,0.642686,-0.303752,0
-0.631623,0.306303,0,0,0,0,0.631623,-0.306303,0
-0.620332,0.308743,0,0,0,0,0.620332,-0.308743,0
-0.608808,0.311067,0,0,0,0,0.608808,-0.311067,0
-0.597046,0.313269,0,0,0,0,0.597046,-0.313269,0
-0.58504,0.315344,0,0,0,0,0.58504,-0.315344,0
-0.572785,0.317284,0,0,0,0,0.572785,-0.317284,0
-0.560275,0.319083,0,0,0,0,0.560275,-0.319083,0
-0.547504,0.320733,0,0,0,0,0.547504,-0.320733,0
-0.534464,0.322226,0,0,0,0,0.534464,-0.322226,0
-0.52115,0.323554,0,0,0,0,0.52115,-0.323554,0
-0.507554,0.324706,0,0,0,0,0.507554,-0.324706,0
-0.493667,0.325672,0,0,0,0,0.493667,-0.325672,0
-0.479483,0.326441,0,0,0,0,0.479483,-0.326441,0
-0.464991,0.327002,0,0,0,0,0.464991,-0.327002,0
-0.450182,0.32734,0,0,0,0,0.450182,-0.32734,0
-0.435047,0.32744,0,0,0,0,0.435047,-0.32744,0
-0.419576,0.327287,0,0,0,0,0.419576,-0.327287,0
-0.403756,0.326862,0,0,0,0,0.403756,-0.326862,0
-0.387576,0.326145,0,0,0,0,0.387576,-0.326145,0
-0.371023,0.325114,0,0,0,0,0.371023,-0.325114,0
-0.354084,0.323745,0,0,0,0,0.354084,-0.323745,0
-0.336744,0.322009,0,0,0,0,0.336744,-0.322009,0
-0.318988,0.319875,0,0,0,0,0.318988,-0.319875,0
-0.300799,0.317306,0,0,0,0,0.300799,-0.317306,0
-0.28216,0.314263,0,0,0,0,0.28216,-0.314263,0
-0.263053,0.310697,0,0,0,0,0.263053,-0.310697,0
-0.243459,0.306555,0,0,0,0,0.243459,-0.306555,0
-0.223357,0.301773,0,0,0,0,0.223357,-0.301773,0
-0.202728,0.296278,0,0,0,0,0.202728,-0.296278,0
-0.181551,0.289981,0,0,0,0,0.181551,-0.289981,0
-0.159808,0.282776,0,0,0,0,0.159808,-0.282776,0
-0.137482,0.274538,0,0,0,0,0.137482,-0.274538,0
-0.114563,0.265112,0,0,0,0,0.114563,-0.265112,0
-0.0910511,0.254305,0,0,0,0,0.0910511,-0.254305,0
-0.0669642,0.241881,0,0,0,0,0.0669642,-0.241881,0
-0.0423524,0.227538,0,0,0,0,0.0423524,-0.227538,0
-0.0173213,0.210891,0,0,0,0,0.0173213,-0.210891,0
0.00792445,0.191452,0,0,0,0,-0.00792445,-0.191452,0
0.0330047,0.168599,0,0,0,0,-0.0330047,-0.168599,0
0.0572287,0.141584,0,0,0,0,-0.0572287,-0.141584,0
0.0793775,0.109619,0,0,0,0,-0.0793775,-0.109619,0
0.0974509,0.0722101,0,0,0,0,-0.0974509,-0.0722101,0
0.108705,0.0299117,0,0,0,0,-0.108705,-0.0299117,0
0.110667,-0.0148612,0,0,0,0,-0.110667,0.0148612,0
0.102921,-0.0583791,0,0,0,0,-0.102921,0.0583791,0
0.0874675,-0.0976714,0,0,0,0,-0.0874675,0.0976714,0
0.0671022,-0.131656,0,0,0,0,-0.0671022,0.131656,0
0.0440663,-0.160574,0,0,0,0,-0.0440663,0.160574,0
0.0197882,-0.185144,0,0,0,0,-0.0197882,0.185144,0
-0.00490211,-0.206119,0,0,0,0,0.00490211,0.206119,0
-0.029539,-0.224143,0,0,0,0,0.029539,0.224143,0
-0.0538657,-0.239733,0,0,0,0,0.0538657,0.239733,0
-0.0777439,-0.253297,0,0,0,0,0.0777439,0.253297,0
-0.101103,-0.265152,0,0,0,0,0.101103,0.265152,0
-0.12391,-0.275554,0,0,0,0,0.12391,0.275554,0
-0.146157,-0.284703,0,0,0,0,0.146157,0.284703,0
-0.167847,-0.292764,0,0,0,0,0.167847,0.292764,0
-0.188992,-0.29987,0,0,0,0,0.188992,0.29987,0
-0.209606,-0.306134,0,0,0,0,0.209606,0.306134,0
-0.229708,-0.311647,0,0,0,0,0.229708,0.311647,0
-0.249314,-0.316488,0,0,0,0,0.249314,0.316488,0
-0.268444,-0.320723,0,0,0,0,0.268444,0.320723,0
-0.287115,-0.32441,0,0,0,0,0.287115,0.32441,0
-0.305345,-0.327597,0,0,0,0,0.305345,0.327597,0
-0.32315,-0.330328,0,0,0,0,0.32315,0.330328,0
-0.340545,-0.33264,0,0,0,0,0.340545,0.33264,0
-0.357546,-0.334566,0,0,0,0,0.357546,0.334566,0
-0.374166,-0.336136,0,0,0,0,0.374166,0.336136,0
-0.390418,-0.337376,0,0,0,0,0.390418,0.337376,0
-0.406315,-0.338308,0,0,0,0,0.406315,0.338308,0
-0.421869,-0.338954,0,0,0,0,0.421869,0.338954,0
-0.437089,-0.339333,0,0,0,0,0.437089,0.339333,0
-0.451987,-0.339461,0,0,0,0,0.451987,0.339461,0
-0.466572,-0.339354,0,0,0,0,0.466572,0.339354,0
-0.480854,-0.339026,0,0,0,0,0.480854,0.339026,0
-0.49484,-0.33849,0,0,0,0,0.49484,0.33849,0
-0.508539,-0.337757,0,0,0,0,0.508539,0.337757,0
-0.521959,-0.336839,0,0,0,0,0.521959,0.336839,0
-0.535107,-0.335745,0,0,0,0,0.535107,0.335745,0
-0.547989,-0.334485,0,0,0,0,0.547989,0.334485,0
-0.560612,-0.333066,0,0,0,0,0.560612,0.333066,0
-0.572983,-0.331498,0,0,0,0,0.572983,0.331498,0
-0.585106,-0.329786,0,0,0,0,0.585106,0.329786,0
-0.596989,-0.327938,0,0,0,0,0.596989,0.327938,0
-0.608635,-0.325961,0,0,0,0,0.608635,0.325961,0
-0.62005,-0.32386,0,0,0,0,0.62005,0.32386,0
-0.631238,-0.32164,0,0,0,0,0.631238,0.32164,0
-0.642205,-0.319308,0,0,0,0,0.642205,0.319308,0
-0.652953,-0.316867,0,0,0,0,0.652953,0.316867,0
-0.663489,-0.314322,0,0,0,0,0.663489,0.314322,0
-0.673815,-0.311679,0,0,0,0,0.673815,0.311679,0
-0.683935,-0.30894,0,0,0,0,0.683935,0.30894,0
-0.693852,-0.306109,0,0,0,0,0.693852,0.306109,0
-0.703571,-0.303191,0,0,0,0,0.703571,0.303191,0
-0.713094,-0.300189,0,0,0,0,0.713094,0.300189,0
-0.722425,-0.297105,0,0,0,0,0.722425,0.297105,0
-0.731566,-0.293944,0,0,0,0,0.731566,0.293944,0
-0.740521,-0.290707,0,0,0,0,0.740521,0.290707,0
-0.749292,-0.287399,0,0,0,0,0.749292,0.287399,0
-0.757881,-0.284021,0,0,0,0,0.757881,0.284021,0
-0.766292,-0.280576,0,0,0,0,0.766292,0.280576,0
-0.774527,-0.277066,0,0,0,0,0.774527,0.277066,0
-0.782588,-0.273494,0,0,0,0,0.782588,0.273494,0
-0.790477,-0.269862,0,0,0,0,0.790477,0.269862,0
-0.798196,-0.266173,0,0,0,0,0.798196,0.266173,0
-0.805748,-0.262427,0,0,0,0,0.805748,0.262427,0
-0.813134,-0.258628,0,0,0,0,0.813134,0.258628,0
-0.820357,-0.254776,0,0,0,0,0.820357,0.254776,0
-0.827418,-0.250874,0,0,0,0,0.827418,0.250874,0
-0.834319,-0.246924,0,0,0,0,0.834319,0.246924,0
-0.841062,-0.242927,0,0,0,0,0.841062,0.242927,0
-0.847648,-0.238884,0,0,0,0,0.847648,0.238884,0
-0.854078,-0.234798,0,0,0,0,0.854078,0.234798,0
-0.860356,-0.23067,0,0,0,0,0.860356,0.23067,0
-0.866481,-0.226501,0,0,0,0,0.866481,0.226501,0
-0.872455,-0.222292,0,0,0,0,0.872455,0.222292,0
-0.87828,-0.218045,0,0,0,0,0.87828,0.218045,0
-0.883956,-0.213762,0,0,0,0,0.883956,0.213762,0
-0.889486,-0.209443,0,0,0,0,0.889486,0.209443,0
-0.89487,-0.205089,0,0,0,0,0.89487,0.205089,0
-0.900109,-0.200703,0,0,0,0,0.900109,0.200703,0
-0.905205,-0.196284,0,0,0,0,0.905205,0.196284,0
-0.910159,-0.191835,0,0,0,0,0.910159,0.191835,0
-0.914971,-0.187356,0,0,0,0,0.914971,0.187356,0
-0.919643,-0.182848,0,0,0,0,0.919643,0.182848,0
-0.924175,-0.178313,0,0,0,0,0.924175,0.178313,0
-0.928569,-0.17375,0,0,0,0,0.928569,0.17375,0
-0.932825,-0.169162,0,0,0,0,0.932825,0.169162,0
-0.936945,-0.164549,0,0,0,0,0.936945,0.164549,0
-0.940928,-0.159912,0,0,0,0,0.940928,0.159912,0
-0.944776,-0.155253,0,0,0,0,0.944776,0.155253,0
-0.948489,-0.150571,0,0,0,0,0.948489,0.150571,0
-0.952069,-0.145867,0,0,0,0,0.952069,0.145867,0
-0.955515,-0.141144,0,0,0,0,0.955515,0.141144,0
-0.958829,-0.136401,0,0,0,0,0.958829,0.136401,0
-0.962011,-0.131639,0,0,0,0,0.962011,0.131639,0
-0.965061,-0.126859,0,0,0,0,0.965061,0.126859,0
-0.967981,-0.122062,0,0,0,0,0.967981,0.122062,0
-0.970771,-0.117248,0,0,0,0,0.970771,0.117248,0
-0.97343,-0.112419,0,0,0,0,0.97343,0.112419,0
-0.97596,-0.107575,0,0,0,0,0.97596,0.107575,0
-0.978362,-0.102717,0,0,0,0,0.978362,0.102717,0
-0.980635,-0.0978447,0,0,0,0,0.980635,0.0978447,0
-0.98278,-0.0929601,0,0,0,0,0.98278,0.0929601,0
-0.984797,-0.0880634,0,0,0,0,0.984797,0.0880634,0
-0.986687,-0.0831553,0,0,0,0,0.986687,0.0831553,0
-0.98845,-0.0782365,0,0,0,0,0.98845,0.0782365,0
-0.990086,-0.0733077,0,0,0,0,0.990086,0.0733077,0
-0.991595,-0.0683695,0,0,0,0,0.991595,0.0683695,0
-0.992978,-0.0634226,0,0,0,0,0.992978,0.0634226,0
-0.994236,-0.0584677,0,0,0,0,0.994236,0.0584677,0
-0.995367,-0.0535053,0,0,0,0,0.995367,0.0535053,0
-0.996373,-0.0485362,0,0,0,0,0.996373,0.0485362,0
-0.997254,-0.043561,0,0,0,0,0.997254,0.043561,0
-0.998009,-0.0385803,0,0,0,0,0.998009,0.0385803,0
-0.998639,-0.0335948,0,0,0,0,0.998639,0.0335948,0
-0.999143,-0.0286051,0,0,0,0,0.999143,0.0286051,0
-0.999523,-0.0236118,0,0,0,0,0.999523,0.0236118,0
-0.999778,-0.0186155,0,0,0,0,0.999778,0.0186155,0
-0.999907,-0.0136169,0,0,0,0,0.999907,0.0136169,0
-0.999912,-0.00861659,0,0,0,0,0.999912,0.00861659,0
-0.999792,-0.00361522,0,0,0,0,0.999792,0.00361522,0
-0.999546,0.00138661,0,0,0,0,0.999546,-0.00138661,0
-0.999176,0.00638826,0,0,0,0,0.999176,-0.00638826,0
-0.99868,0.0113891,0,0,0,0,0.99868,-0.0113891,0
-0.998059,0.0163885,0,0,0,0,0.998059,-0.0163885,0
-0.997313,0.0213859,0,0,0,0,0.997313,-0.0213859,0
-0.996441,0.0263806,0,0,0,0,0.996441,-0.0263806,0
-0.995443,0.0313719,0,0,0,0,0.995443,-0.0313719,0
-0.994319,0.0363593,0,0,0,0,0.994319,-0.0363593,0
-0.993069,0.041342,0,0,0,0,0.993069,-0.041342,0
-0.991693,0.0463195,0,0,0,0,0.991693,-0.0463195,0
-0.99019,0.0512911,0,0,0,0,0.99019,-0.0512911,0
-0.98856,0.0562561,0,0,0,0,0.98856,-0.0562561,0
-0.986802,0.0612138,0,0,0,0,0.986802,-0.0612138,0
-0.984917,0.0661637,0,0,0,0,0.984917,-0.0661637,0
-0.982904,0.0711049,0,0,0,0,0.982904,-0.0711049,0
-0.980763,0.0760369,0,0,0,0,0.980763,-0.0760369,0
-0.978493,0.0809588,0,0,0,0,0.978493,-0.0809588,0
-0.976094,0.0858701,0,0,0,0,0.976094,-0.0858701,0
-0.973565,0.09077,0,0,0,0,0.973565,-0.09077,0
-0.970905,0.0956577,0,0,0,0,0.970905,-0.0956577,0
-0.968115,0.100533,0,0,0,0,0.968115,-0.100533,0
-0.965194,0.105394,0,0,0,0,0.965194,-0.105394,0
-0.962141,0.110241,0,0,0,0,0.962141,-0.110241,0
-0.958956,0.115072,0,0,0,0,0.958956,-0.115072,0
-0.955637,0.119888,0,0,0,0,0.955637,-0.119888,0
-0.952185,0.124687,0,0,0,0,0.952185,-0.124687,0
-0.948599,0.129468,0,0,0,0,0.948599,-0.129468,0
-0.944877,0.134231,0,0,0,0,0.944877,-0.134231,0
-0.94102,0.138975,0,0,0,0,0.94102,-0.138975,0
-0.937025,0.143698,0,0,0,0,0.937025,-0.143698,0
-0.932894,0.1484,0,0,0,0,0.932894,-0.1484,0
-0.928624,0.15308,0,0,0,0,0.928624,-0.15308,0
-0.924214,0.157738,0,0,0,0,0.924214,-0.157738,0
-0.919665,0.162371,0,0,0,0,0.919665,-0.162371,0
-0.914974,0.16698,0,0,0,0,0.914974,-0.16698,0
-0.910141,0.171562,0,0,0,0,0.910141,-0.171562,0
-0.905165,0.176118,0,0,0,0,0.905165,-0.176118,0
-0.900045,0.180645,0,0,0,0,0.900045,-0.180645,0
-0.894779,0.185143,0,0,0,0,0.894779,-0.185143,0
-0.889367,0.189611,0,0,0,0,0.889367,-0.189611,0
-0.883807,0.194048,0,0,0,0,0.883807,-0.194048,0
-0.878098,0.198451,0,0,0,0,0.878098,-0.198451,0
-0.872238,0.202821,0,0,0,0,0.872238,-0.202821,0
-0.866226,0.207155,0,0,0,0,0.866226,-0.207155,0
-0.860061,0.211453,0,0,0,0,0.860061,-0.211453,0
-0.853742,0.215713,0,0,0,0,0.853742,-0.215713,0
-0.847266,0.219933,0,0,0,0,0.847266,-0.219933,0
-0.840632,0.224112,0,0,0,0,0.840632,-0.224112,0
-0.833839,0.228249,0,0,0,0,0.833839,-0.228249,0
-0.826884,0.232341,0,0,0,0,0.826884,-0.232341,0
-0.819766,0.236388,0,0,0,0,0.819766,-0.236388,0
-0.812484,0.240387,0,0,0,0,0.812484,-0.240387,0
-0.805034,0.244336,0,0,0,0,0.805034,-0.244336,0
-0.797415,0.248235,0,0,0,0,0.797415,-0.248235,0
-0.789625,0.25208,0,0,0,0,0.789625,-0.25208,0
-0.781662,0.255869,0,0,0,0,0.781662,-0.255869,0
-0.773523,0.259602,0,0,0,0,0.773523,-0.259602,0
-0.765206,0.263274,0,0,0,0,0.765206,-0.263274,0
-0.756709,0.266884,0,0,0,0,0.756709,-0.266884,0
-0.748028,0.27043,0,0,0,0,0.748028,-0.27043,0
-0.739162,0.273909,0,0,0,0,0.739162,-0.273909,0
-0.730107,0.277317,0,0,0,0,0.730107,-0.277317,0
-0.72086,0.280653,0,0,0,0,0.72086,-0.280653,0
-0.711419,0.283913,0,0,0,0,0.711419,-0.283913,0
-0.70178,0.287095,0,0,0,0,0.70178,-0.287095,0
-0.69194,0.290193,0,0,0,0,0.69194,-0.290193,0
-0.681895,0.293206,0,0,0,0,0.681895,-0.293206,0
-0.671641,0.296129,0,0,0,0,0.671641,-0.296129,0
-0.661175,0.298959,0,0,0,0,0.661175,-0.298959,0
-0.650493,0.301691,0,0,0,0,0.650493,-0.301691,0
-0.63959,0.30432,0,0,0,0,0.63959,-0.30432,0
-0.628463,0.306843,0,0,0,0,0.628463,-0.306843,0
-0.617105,0.309253,0,0,0,0,0.617105,-0.309253,0
-0.605513,0.311546,0,0,0,0,0.605513,-0.311546,0
-0.593682,0.313715,0,0,0,0,0.593682,-0.313715,0
-0.581605,0.315755,0,0,0,0,0.581605,-0.315755,0
-0.569277,0.317658,0,0,0,0,0.569277,-0.317658,0
-0.556692,0.319418,0,0,0,0,0.556692,-0.319418,0
-0.543845,0.321027,0,0,0,0,0.543845,-0.321027,0
-0.530727,0.322477,0,0,0,0,0.530727,-0.322477,0
-0.517332,0.323759,0,0,0,0,0.517332,-0.323759,0
-0.503653,0.324862,0,0,0,0,0.503653,-0.324862,0
-0.489681,0.325776,0,0,0,0,0.489681,-0.325776,0
-0.475408,0.326491,0,0,0,0,0.475408,-0.326491,0
-0.460826,0.326992,0,0,0,0,0.460826,-0.326992,0
-0.445924,0.327267,0,0,0,0,0.445924,-0.327267,0
-0.430693,0.3273,0,0,0,0,0.430693,-0.3273,0
-0.415121,0.327074,0,0,0,0,0.415121,-0.327074,0
-0.399198,0.326571,0,0,0,0,0.399198,-0.326571,0
-0.382911,0.325771,0,0,0,0,0.382911,-0.325771,0
-0.366248,0.324649,0,0,0,0,0.366248,-0.324649,0
-0.349193,0.323182,0,0,0,0,0.349193,-0.323182,0
-0.331734,0.321339,0,0,0,0,0.331734,-0.321339,0
-0.313853,0.319087,0,0,0,0,0.313853,-0.319087,0
-0.295535,0.316391,0,0,0,0,0.295535,-0.316391,0
-0.276762,0.313207,0,0,0,0,0.276762,-0.313207,0
-0.257515,0.309485,0,0,0,0,0.257515,-0.309485,0
-0.237774,0.305171,0,0,0,0,0.237774,-0.305171,0
-0.21752,0.300196,0,0,0,0,0.21752,-0.300196,0
-0.196732,0.294484,0,0,0,0,0.196732,-0.294484,0
-0.175391,0.287942,0,0,0,0,0.175391,-0.287942,0
-0.153479,0.280458,0,0,0,0,0.153479,-0.280458,0
-0.130979,0.271899,0,0,0,0,0.130979,-0.271899,0
-0.107885,0.262101,0,0,0,0,0.107885,-0.262101,0
-0.0842005,0.25086,0,0,0,0,0.0842005,-0.25086,0
-0.0599508,0.237921,0,0,0,0,0.0599508,-0.237921,0
-0.035199,0.22296,0,0,0,0,0.035199,-0.22296,0
-0.0100738,0.205568,0,0,0,0,0.0100738,-0.205568,0
0.0151795,0.185216,0,0,0,0,-0.0151795,-0.185216,0
0.040108,0.161246,0,0,0,0,-0.040108,-0.161246,0
0.0638943,0.132882,0,0,0,0,-0.0638943,-0.132882,0
0.0851167,0.0993676,0,0,0,0,-0.0851167,-0.0993676,0
0.101526,0.0604173,0,0,0,0,-0.101526,-0.0604173,0
0.110295,0.0170683,0,0,0,0,-0.110295,-0.0170683,0
0.109377,-0.0277336,0,0,0,0,-0.109377,0.0277336,0
0.0991312,-0.0702545,0,0,0,0,-0.0991312,0.0702545,0
0.0819871,-0.108048,0,0,0,0,-0.0819871,0.108048,0
0.0606646,-0.140511,0,0,0,0,-0.0606646,0.140511,0
0.0371611,-0.168096,0,0,0,0,-0.0371611,0.168096,0
0.0127047,-0.191557,0,0,0,0,-0.0127047,0.191557,0
-0.0120008,-0.211623,0,0,0,0,0.0120008,0.211623,0
-0.0365628,-0.228902,0,0,0,0,0.0365628,0.228902,0
-0.0607658,-0.243874,0,0,0,0,0.0607658,0.243874,0
-0.0844949,-0.25692,0,0,0,0,0.0844949,0.25692,0
-0.107693,-0.268337,0,0,0,0,0.107693,0.268337,0
-0.130335,-0.278363,0,0,0,0,0.130335,0.278363,0
-0.152418,-0.287187,0,0,0,0,0.152418,0.287187,0
-0.173946,-0.294965,0,0,0,0,0.173946,0.294965,0
-0.194933,-0.301823,0,0,0,0,0.194933,0.301823,0
-0.215396,-0.307866,0,0,0,0,0.215396,0.307866,0
-0.23535,-0.313183,0,0,0,0,0.23535,0.313183,0
-0.254815,-0.317847,0,0,0,0,0.254815,0.317847,0
-0.273809,-0.321923,0,0,0,0,0.273809,0.321923,0
-0.29235,-0.325466,0,0,0,0,0.29235,0.325466,0
-0.310454,-0.328522,0,0,0,0,0.310454,0.328522,0
-0.328138,-0.331133,0,0,0,0,0.328138,0.331133,0
-0.345417,-0.333335,0,0,0,0,0.345417,0.333335,0
-0.362305,-0.33516,0,0,0,0,0.362305,0.33516,0
-0.378817,-0.336636,0,0,0,0,0.378817,0.336636,0
-0.394965,-0.337789,0,0,0,0,0.394965,0.337789,0
-0.410761,-0.338641,0,0,0,0,0.410761,0.338641,0
-0.426216,-0.339212,0,0,0,0,0.426216,0.339212,0
-0.441342,-0.339521,0,0,0,0,0.441342,0.339521,0
-0.456149,-0.339583,0,0,0,0,0.456149,0.339583,0
-0.470645,-0.339415,0,0,0,0,0.470645,0.339415,0
-0.48484,-0.339029,0,0,0,0,0.48484,0.339029,0
-0.498743,-0.338439,0,0,0,0,0.498743,0.338439,0
-0.51236,-0.337656,0,0,0,0,0.51236,0.337656,0
-0.525701,-0.336689,0,0,0,0,0.525701,0.336689,0
-0.538771,-0.33555,0,0,0,0,0.538771,0.33555,0
-0.551578,-0.334247,0,0,0,0,0.551578,0.334247,0
-0.564128,-0.332787,0,0,0,0,0.564128,0.332787,0
-0.576427,-0.33118,0,0,0,0,0.576427,0.33118,0
-0.58848,-0.329432,0,0,0,0,0.58848,0.329432,0
-0.600294,-0.327549,0,0,0,0,0.600294,0.327549,0
-0.611873,-0.325539,0,0,0,0,0.611873,0.325539,0
-0.623223,-0.323406,0,0,0,0,0.623223,0.323406,0
-0.634347,-0.321156,0,0,0,0,0.634347,0.321156,0
-0.645251,-0.318795,0,0,0,0,0.645251,0.318795,0
-0.655938,-0.316327,0,0,0,0,0.655938,0.316327,0
-0.666413,-0.313756,0,0,0,0,0.666413,0.313756,0
-0.67668,-0.311087,0,0,0,0,0.67668,0.311087,0
-0.686741,-0.308324,0,0,0,0,0.686741,0.308324,0
-0.696602,-0.305471,0,0,0,0,0.696602,0.305471,0
-0.706265,-0.302531,0,0,0,0,0.706265,0.302531,0
-0.715733,-0.299507,0,0,0,0,0.715733,0.299507,0
-0.725009,-0.296403,0,0,0,0,0.725009,0.296403,0
-0.734097,-0.293223,0,0,0,0,0.734097,0.293223,0
-0.742999,-0.289968,0,0,0,0,0.742999,0.289968,0
-0.751718,-0.286641,0,0,0,0,0.751718,0.286641,0
-0.760256,-0.283246,0,0,0,0,0.760256,0.283246,0
-0.768617,-0.279784,0,0,0,0,0.768617,0.279784,0
-0.776802,-0.276259,0,0,0,0,0.776802,0.276259,0
-0.784814,-0.272671,0,0,0,0,0.784814,0.272671,0
-0.792654,-0.269025,0,0,0,0,0.792654,0.269025,0
-0.800326,-0.265321,0,0,0,0,0.800326,0.265321,0
-0.807831,-0.261562,0,0,0,0,0.807831,0.261562,0
-0.815171,-0.257749,0,0,0,0,0.815171,0.257749,0
-0.822348,-0.253885,0,0,0,0,0.822348,0.253885,0
-0.829363,-0.249971,0,0,0,0,0.829363,0.249971,0
-0.836219,-0.246008,0,0,0,0,0.836219,0.246008,0
-0.842917,-0.242,0,0,0,0,0.842917,0.242,0
-0.849459,-0.237947,0,0,0,0,0.849459,0.237947,0
-0.855847,-0.23385,0,0,0,0,0.855847,0.23385,0
-0.862081,-0.229711,0,0,0,0,0.862081,0.229711,0
-0.868163,-0.225532,0,0,0,0,0.868163,0.225532,0
-0.874095,-0.221314,0,0,0,0,0.874095,0.221314,0
-0.879878,-0.217058,0,0,0,0,0.879878,0.217058,0
-0.885513,-0.212766,0,0,0,0,0.885513,0.212766,0
-0.891002,-0.208438,0,0,0,0,0.891002,0.208438,0
-0.896345,-0.204077,0,0,0,0,0.896345,0.204077,0
-0.901544,-0.199682,0,0,0,0,0.901544,0.199682,0
-0.9066,-0.195256,0,0,0,0,0.9066,0.195256,0
-0.911514,-0.1908,0,0,0,0,0.911514,0.1908,0
-0.916286,-0.186314,0,0,0,0,0.916286,0.186314,0
-0.920919,-0.181799,0,0,0,0,0.920919,0.181799,0
-0.925412,-0.177257,0,0,0,0,0.925412,0.177257,0
-0.929768,-0.172688,0,0,0,0,0.929768,0.172688,0
-0.933985,-0.168094,0,0,0,0,0.933985,0.168094,0
-0.938066,-0.163475,0,0,0,0,0.938066,0.163475,0
-0.942012,-0.158833,0,0,0,0,0.942012,0.158833,0
-0.945822,-0.154167,0,0,0,0,0.945822,0.154167,0
-0.949498,-0.14948,0,0,0,0,0.949498,0.14948,0
-0.95304,-0.144772,0,0,0,0,0.95304,0.144772,0
-0.956449,-0.140044,0,0,0,0,0.956449,0.140044,0
-0.959726,-0.135296,0,0,0,0,0.959726,0.135296,0
-0.962871,-0.13053,0,0,0,0,0.962871,0.13053,0
-0.965885,-0.125745,0,0,0,0,0.965885,0.125745,0
-0.968768,-0.120944,0,0,0,0,0.968768,0.120944,0
-0.971522,-0.116127,0,0,0,0,0.971522,0.116127,0
-0.974145,-0.111294,0,0,0,0,0.974145,0.111294,0
-0.976639,-0.106447,0,0,0,0,0.976639,0.106447,0
-0.979005,-0.101585,0,0,0,0,0.979005,0.101585,0
-0.981242,-0.0967099,0,0,0,0,0.981242,0.0967099,0
-0.983351,-0.0918223,0,0,0,0,0.983351,0.0918223,0
-0.985333,-0.0869228,0,0,0,0,0.985333,0.0869228,0
-0.987187,-0.082012,0,0,0,0,0.987187,0.082012,0
-0.988915,-0.0770908,0,0,0,0,0.988915,0.0770908,0
-0.990515,-0.0721596,0,0,0,0,0.990515,0.0721596,0
-0.99199,-0.0672192,0,0,0,0,0.99199,0.0672192,0
-0.993338,-0.0622703,0,0,0,0,0.993338,0.0622703,0
-0.99456,-0.0573135,0,0,0,0,0.99456,0.0573135,0
-0.995657,-0.0523495,0,0,0,0,0.995657,0.0523495,0
-0.996628,-0.0473788,0,0,0,0,0.996628,0.0473788,0
-0.997473,-0.0424022,0,0,0,0,0.997473,0.0424022,0
-0.998193,-0.0374203,0,0,0,0,0.998193,0.0374203,0
-0.998788,-0.0324336,0,0,0,0,0.998788,0.0324336,0
-0.999258,-0.0274429,0,0,0,0,0.999258,0.0274429,0
-0.999603,-0.0224488,0,0,0,0,0.999603,0.0224488,0
-0.999823,-0.0174518,0,0,0,0,0.999823,0.0174518,0
-0.999918,-0.0124527,0,0,0,0,0.999918,0.0124527,0
-0.999888,-0.00745202,0,0,0,0,0.999888,0.00745202,0
-0.999733,-0.00245041,0,0,0,0,0.999733,0.00245041,0
-0.999453,0.00255151,0,0,0,0,0.999453,-0.00255151,0
-0.999047,0.00755311,0,0,0,0,0.999047,-0.00755311,0
-0.998517,0.0125538,0,0,0,0,0.998517,-0.0125538,0
-0.997861,0.0175528,0,0,0,0,0.997861,-0.0175528,0
-0.997079,0.0225497,0,0,0,0,0.997079,-0.0225497,0
-0.996172,0.0275437,0,0,0,0,0.996172,-0.0275437,0
-0.995139,0.0325343,0,0,0,0,0.995139,-0.0325343,0
-0.993981,0.0375207,0,0,0,0,0.993981,-0.0375207,0
-0.992695,0.0425024,0,0,0,0,0.992695,-0.0425024,0
-0.991284,0.0474786,0,0,0,0,0.991284,-0.0474786,0
-0.989745,0.0524488,0,0,0,0,0.989745,-0.0524488,0
-0.98808,0.0574122,0,0,0,0,0.98808,-0.0574122,0
-0.986287,0.0623683,0,0,0,0,0.986287,-0.0623683,0
-0.984366,0.0673162,0,0,0,0,0.984366,-0.0673162,0
-0.982318,0.0722554,0,0,0,0,0.982318,-0.0722554,0
-0.980141,0.0771852,0,0,0,0,0.980141,-0.0771852,0
-0.977834,0.0821048,0,0,0,0,0.977834,-0.0821048,0
-0.975399,0.0870135,0,0,0,0,0.975399,-0.0870135,0
-0.972834,0.0919107,0,0,0,0,0.972834,-0.0919107,0
-0.970138,0.0967955,0,0,0,0,0.970138,-0.0967955,0
-0.967311,0.101667,0,0,0,0,0.967311,-0.101667,0
-0.964354,0.106525,0,0,0,0,0.964354,-0.106525,0
-0.961264,0.111369,0,0,0,0,0.961264,-0.111369,0
-0.958041,0.116197,0,0,0,0,0.958041,-0.116197,0
-0.954685,0.121008,0,0,0,0,0.954685,-0.121008,0
-0.951196,0.125803,0,0,0,0,0.951196,-0.125803,0
-0.947571,0.13058,0,0,0,0,0.947571,-0.13058,0
-0.943812,0.135339,0,0,0,0,0.943812,-0.135339,0
-0.939916,0.140078,0,0,0,0,0.939916,-0.140078,0
-0.935884,0.144796,0,0,0,0,0.935884,-0.144796,0
-0.931713,0.149493,0,0,0,0,0.931713,-0.149493,0
-0.927404,0.154168,0,0,0,0,0.927404,-0.154168,0
-0.922956,0.15882,0,0,0,0,0.922956,-0.15882,0
-0.918367,0.163448,0,0,0,0,0.918367,-0.163448,0
-0.913636,0.16805,0,0,0,0,0.913636,-0.16805,0
-0.908763,0.172626,0,0,0,0,0.908763,-0.172626,0
-0.903747,0.177175,0,0,0,0,0.903747,-0.177175,0
-0.898586,0.181696,0,0,0,0,0.898586,-0.181696,0
-0.893279,0.186187,0,0,0,0,0.893279,-0.186187,0
-0.887825,0.190647,0,0,0,0,0.887825,-0.190647,0
-0.882223,0.195076,0,0,0,0,0.882223,-0.195076,0
-0.876472,0.199472,0,0,0,0,0.876472,-0.199472,0
-0.87057,0.203833,0,0,0,0,0.87057,-0.203833,0
-0.864515,0.208159,0,0,0,0,0.864515,-0.208159,0
-0.858307,0.212447,0,0,0,0,0.858307,-0.212447,0
-0.851943,0.216697,0,0,0,0,0.851943,-0.216697,0
-0.845423,0.220908,0,0,0,0,0.845423,-0.220908,0
-0.838744,0.225076,0,0,0,0,0.838744,-0.225076,0
-0.831906,0.229202,0,0,0,0,0.831906,-0.229202,0
-0.824905,0.233284,0,0,0,0,0.824905,-0.233284,0
-0.817741,0.237319,0,0,0,0,0.817741,-0.237319,0
-0.810411,0.241306,0,0,0,0,0.810411,-0.241306,0
-0.802913,0.245243,0,0,0,0,0.802913,-0.245243,0
-0.795246,0.249128,0,0,0,0,0.795246,-0.249128,0
-0.787407,0.25296,0,0,0,0,0.787407,-0.25296,0
-0.779395,0.256735,0,0,0,0,0.779395,-0.256735,0
-0.771206,0.260453,0,0,0,0,0.771206,-0.260453,0
-0.762838,0.26411,0,0,0,0,0.762838,-0.26411,0
-0.754288,0.267704,0,0,0,0,0.754288,-0.267704,0
-0.745555,0.271233,0,0,0,0,0.745555,-0.271233,0
-0.736636,0.274694,0,0,0,0,0.736636,-0.274694,0
-0.727527,0.278085,0,0,0,0,0.727527,-0.278085,0
-0.718225,0.281402,0,0,0,0,0.718225,-0.281402,0
-0.708728,0.284642,0,0,0,0,0.708728,-0.284642,0
-0.699031,0.287802,0,0,0,0,0.699031,-0.287802,0
-0.689133,0.290879,0,0,0,0,0.689133,-0.290879,0
-0.679029,0.293869,0,0,0,0,0.679029,-0.293869,0
-0.668715,0.296769,0,0,0,0,0.668715,-0.296769,0
-0.658188,0.299574,0,0,0,0,0.658188,-0.299574,0
-0.647443,0.302279,0,0,0,0,0.647443,-0.302279,0
-0.636476,0.304881,0,0,0,0,0.636476,-0.304881,0
-0.625283,0.307375,0,0,0,0,0.625283,-0.307375,0
-0.613859,0.309755,0,0,0,0,0.613859,-0.309755,0
-0.602198,0.312016,0,0,0,0,0.602198,-0.312016,0
-0.590297,0.314152,0,0,0,0,0.590297,-0.314152,0
-0.578149,0.316156,0,0,0,0,0.578149,-0.316156,0
-0.565748,0.318022,0,0,0,0,0.565748,-0.318022,0
-0.553088,0.319743,0,0,0,0,0.553088,-0.319743,0
-0.540163,0.321311,0,0,0,0,0.540163,-0.321311,0
-0.526966,0.322716,0,0,0,0,0.526966,-0.322716,0
-0.51349,0.323951,0,0,0,0,0.51349,-0.323951,0
-0.499727,0.325004,0,0,0,0,0.499727,-0.325004,0
-0.485669,0.325866,0,0,0,0,0.485669,-0.325866,0
-0.471308,0.326524,0,0,0,0,0.471308,-0.326524,0
-0.456634,0.326966,0,0,0,0,0.456634,-0.326966,0
-0.441638,0.327176,0,0,0,0,0.441638,-0.327176,0
-0.426309,0.32714,0,0,0,0,0.426309,-0.32714,0
-0.410637,0.326841,0,0,0,0,0.410637,-0.326841,0
-0.394609,0.326258,0,0,0,0,0.394609,-0.326258,0
-0.378215,0.325372,0,0,0,0,0.378215,-0.325372,0
-0.361439,0.324158,0,0,0,0,0.361439,-0.324158,0
-0.344268,0.32259,0,0,0,0,0.344268,-0.32259,0
-0.326688,0.320637,0,0,0,0,0.326688,-0.320637,0
-0.308682,0.318266,0,0,0,0,0.308682,-0.318266,0
-0.290233,0.315438,0,0,0,0,0.290233,-0.315438,0
-0.271323,0.312109,0,0,0,0,0.271323,-0.312109,0
-0.251934,0.308227,0,0,0,0,0.251934,-0.308227,0
-0.232045,0.303734,0,0,0,0,0.232045,-0.303734,0
-0.211637,0.29856,0,0,0,0,0.211637,-0.29856,0
-0.19069,0.292624,0,0,0,0,0.19069,-0.292624,0
-0.169183,0.285827,0,0,0,0,0.169183,-0.285827,0
-0.147099,0.278053,0,0,0,0,0.147099,-0.278053,0
-0.124425,0.26916,0,0,0,0,0.124425,-0.26916,0
-0.101156,0.258974,0,0,0,0,0.101156,-0.258974,0
-0.0773002,0.247276,0,0,0,0,0.0773002,-0.247276,0
-0.0528925,0.233795,0,0,0,0,0.0528925,-0.233795,0
-0.0280109,0.218184,0,0,0,0,0.0280109,-0.218184,0
-0.00281113,0.200001,0,0,0,0,0.00281113,-0.200001,0
0.0224132,0.178682,0,0,0,0,-0.0224132,-0.178682,0
0.0471236,0.153529,0,0,0,0,-0.0471236,-0.153529,0
0.0703554,0.123748,0,0,0,0,-0.0703554,-0.123748,0
0.0904625,0.088654,0,0,0,0,-0.0904625,-0.088654,0
0.104963,0.0482432,0,0,0,0,-0.104963,-0.0482432,0
0.111062,0.00409718,0,0,0,0,-0.111062,-0.00409718,0
0.107296,-0.0404052,0,0,0,0,-0.107296,0.0404052,0
0.0947677,-0.0817221,0,0,0,0,-0.0947677,0.0817221,0
0.0761672,-0.117973,0,0,0,0,-0.0761672,0.117973,0
0.0540538,-0.148959,0,0,0,0,-0.0540538,0.148959,0
0.0301834,-0.175276,0,0,0,0,-0.0301834,0.175276,0
0.00560585,-0.19769,0,0,0,0,-0.00560585,0.19769,0
-0.0190833,-0.216899,0,0,0,0,0.0190833,0.216899,0
-0.0435532,-0.233471,0,0,0,0,0.0435532,0.233471,0
-0.0676234,-0.247857,0,0,0,0,0.0676234,0.247857,0
-0.0911991,-0.26041,0,0,0,0,0.0911991,0.26041,0
-0.114234,-0.271409,0,0,0,0,0.114234,0.271409,0
-0.136712,-0.281075,0,0,0,0,0.136712,0.281075,0
-0.15863,-0.289588,0,0,0,0,0.15863,0.289588,0
-0.179998,-0.297093,0,0,0,0,0.179998,0.297093,0
-0.20083,-0.303711,0,0,0,0,0.20083,0.303711,0
-0.221141,-0.309541,0,0,0,0,0.221141,0.309541,0
-0.240951,-0.314667,0,0,0,0,0.240951,0.314667,0
-0.260276,-0.319161,0,0,0,0,0.260276,0.319161,0
-0.279136,-0.323082,0,0,0,0,0.279136,0.323082,0
-0.297547,-0.326484,0,0,0,0,0.297547,0.326484,0
-0.315527,-0.329412,0,0,0,0,0.315527,0.329412,0
-0.333091,-0.331906,0,0,0,0,0.333091,0.331906,0
-0.350255,-0.334001,0,0,0,0,0.350255,0.334001,0
-0.367032,-0.335727,0,0,0,0,0.367032,0.335727,0
-0.383437,-0.337112,0,0,0,0,0.383437,0.337112,0
-0.399481,-0.33818,0,0,0,0,0.399481,0.33818,0
-0.415177,-0.338953,0,0,0,0,0.415177,0.338953,0
-0.430536,-0.33945,0,0,0,0,0.430536,0.33945,0
-0.445569,-0.33969,0,0,0,0,0.445569,0.33969,0
-0.460284,-0.339689,0,0,0,0,0.460284,0.339689,0
-0.474692,-0.33946,0,0,0,0,0.474692,0.33946,0
-0.488802,-0.339018,0,0,0,0,0.488802,0.339018,0
-0.502621,-0.338375,0,0,0,0,0.502621,0.338375,0
-0.516158,-0.337541,0,0,0,0,0.516158,0.337541,0
-0.52942,-0.336527,0,0,0,0,0.52942,0.336527,0
-0.542414,-0.335343,0,0,0,0,0.542414,0.335343,0
-0.555146,-0.333998,0,0,0,0,0.555146,0.333998,0
-0.567623,-0.332498,0,0,0,0,0.567623,0.332498,0
-0.57985,-0.330853,0,0,0,0,0.57985,0.330853,0
-0.591835,-0.329068,0,0,0,0,0.591835,0.329068,0
-0.60358,-0.327152,0,0,0,0,0.60358,0.327152,0
-0.615093,-0.325108,0,0,0,0,0.615093,0.325108,0
-0.626377,-0.322944,0,0,0,0,0.626377,0.322944,0
-0.637438,-0.320665,0,0,0,0,0.637438,0.320665,0
-0.648279,-0.318275,0,0,0,0,0.648279,0.318275,0
-0.658905,-0.31578,0,0,0,0,0.658905,0.31578,0
-0.66932,-0.313183,0,0,0,0,0.66932,0.313183,0
-0.679528,-0.310489,0,0,0,0,0.679528,0.310489,0
-0.689532,-0.307703,0,0,0,0,0.689532,0.307703,0
-0.699335,-0.304827,0,0,0,0,0.699335,0.304827,0
-0.708942,-0.301865,0,0,0,0,0.708942,0.301865,0
-0.718355,-0.29882,0,0,0,0,0.718355,0.29882,0
-0.727578,-0.295697,0,0,0,0,0.727578,0.295697,0
-0.736612,-0.292497,0,0,0,0,0.736612,0.292497,0
-0.745462,-0.289223,0,0,0,0,0.745462,0.289223,0
-0.754129,-0.285879,0,0,0,0,0.754129,0.285879,0
-0.762617,-0.282466,0,0,0,0,0.762617,0.282466,0
-0.770927,-0.278988,0,0,0,0,0.770927,0.278988,0
-0.779063,-0.275447,0,0,0,0,0.779063,0.275447,0
-0.787026,-0.271845,0,0,0,0,0.787026,0.271845,0
-0.794818,-0.268184,0,0,0,0,0.794818,0.268184,0
-0.802443,-0.264466,0,0,0,0,0.802443,0.264466,0
-0.8099,-0.260693,0,0,0,0,0.8099,0.260693,0
-0.817194,-0.256867,0,0,0,0,0.817194,0.256867,0
-0.824325,-0.25299,0,0,0,0,0.824325,0.25299,0
-0.831295,-0.249064,0,0,0,0,0.831295,0.249064,0
-0.838107,-0.24509,0,0,0,0,0.838107,0.24509,0
-0.84476,-0.24107,0,0,0,0,0.84476,0.24107,0
-0.851259,-0.237006,0,0,0,0,0.851259,0.237006,0
-0.857603,-0.232899,0,0,0,0,0.857603,0.232899,0
-0.863794,-0.22875,0,0,0,0,0.863794,0.22875,0
-0.869834,-0.224561,0,0,0,0,0.869834,0.224561,0
-0.875723,-0.220334,0,0,0,0,0.875723,0.220334,0
-0.881465,-0.216069,0,0,0,0,0.881465,0.216069,0
-0.887058,-0.211768,0,0,0,0,0.887058,0.211768,0
-0.892506,-0.207432,0,0,0,0,0.892506,0.207432,0
-0.897809,-0.203062,0,0,0,0,0.897809,0.203062,0
-0.902967,-0.19866,0,0,0,0,0.902967,0.19866,0
-0.907983,-0.194227,0,0,0,0,0.907983,0.194227,0
-0.912857,-0.189763,0,0,0,0,0.912857,0.189763,0
-0.91759,-0.185269,0,0,0,0,0.91759,0.185269,0
-0.922184,-0.180748,0,0,0,0,0.922184,0.180748,0
-0.926639,-0.176199,0,0,0,0,0.926639,0.176199,0
-0.930955,-0.171624,0,0,0,0,0.930955,0.171624,0
-0.935134,-0.167024,0,0,0,0,0.935134,0.167024,0
-0.939177,-0.162399,0,0,0,0,0.939177,0.162399,0
-0.943085,-0.157751,0,0,0,0,0.943085,0.157751,0
-0.946857,-0.153081,0,0,0,0,0.946857,0.153081,0
-0.950496,-0.148389,0,0,0,0,0.950496,0.148389,0
-0.954001,-0.143675,0,0,0,0,0.954001,0.143675,0
-0.957373,-0.138942,0,0,0,0,0.957373,0.138942,0
-0.960613,-0.13419,0,0,0,0,0.960613,0.13419,0
-0.963721,-0.129419,0,0,0,0,0.963721,0.129419,0
-0.966699,-0.124631,0,0,0,0,0.966699,0.124631,0
-0.969546,-0.119826,0,0,0,0,0.969546,0.119826,0
-0.972262,-0.115005,0,0,0,0,0.972262,0.115005,0
-0.97485,-0.110168,0,0,0,0,0.97485,0.110168,0
-0.977308,-0.105317,0,0,0,0,0.977308,0.105317,0
-0.979638,-0.100452,0,0,0,0,0.979638,0.100452,0
-0.981839,-0.0955743,0,0,0,0,0.981839,0.0955743,0
-0.983913,-0.0906838,0,0,0,0,0.983913,0.0906838,0
-0.985859,-0.0857815,0,0,0,0,0.985859,0.0857815,0
-0.987678,-0.0808682,0,0,0,0,0.987678,0.0808682,0
-0.98937,-0.0759445,0,0,0,0,0.98937,0.0759445,0
-0.990936,-0.071011,0,0,0,0,0.990936,0.071011,0
-0.992375,-0.0660685,0,0,0,0,0.992375,0.0660685,0
-0.993688,-0.0611176,0,0,0,0,0.993688,0.0611176,0
-0.994875,-0.056159,0,0,0,0,0.994875,0.056159,0
-0.995937,-0.0511932,0,0,0,0,0.995937,0.0511932,0
-0.996873,-0.0462211,0,0,0,0,0.996873,0.0462211,0
-0.997683,-0.0412431,0,0,0,0,0.997683,0.0412431,0
-0.998368,-0.0362599,0,0,0,0,0.998368,0.0362599,0
-0.998929,-0.0312722,0,0,0,0,0.998929,0.0312722,0
-0.999364,-0.0262805,0,0,0,0,0.999364,0.0262805,0
-0.999674,-0.0212856,0,0,0,0,0.999674,0.0212856,0
-0.999859,-0.016288,0,0,0,0,0.999859,0.016288,0
-0.999919,-0.0112884,0,0,0,0,0.999919,0.0112884,0
-0.999854,-0.00628736,0,0,0,0,0.999854,0.00628736,0
-0.999664,-0.00128554,0,0,0,0,0.999664,0.00128554,0
-0.999349,0.00371644,0,0,0,0,0.999349,-0.00371644,0
-0.998909,0.00871796,0,0,0,0,0.998909,-0.00871796,0
-0.998343,0.0137184,0,0,0,0,0.998343,-0.0137184,0
-0.997653,0.0187171,0,0,0,0,0.997653,-0.0187171,0
-0.996836,0.0237134,0,0,0,0,0.996836,-0.0237134,0
-0.995894,0.0287068,0,0,0,0,0.995894,-0.0287068,0
-0.994826,0.0336965,0,0,0,0,0.994826,-0.0336965,0
-0.993632,0.038682,0,0,0,0,0.993632,-0.038682,0
-0.992312,0.0436625,0,0,0,0,0.992312,-0.0436625,0
-0.990865,0.0486375,0,0,0,0,0.990865,-0.0486375,0
-0.989291,0.0536062,0,0,0,0,0.989291,-0.0536062,0
-0.98759,0.0585681,0,0,0,0,0.98759,-0.0585681,0
-0.985762,0.0635223,0,0,0,0,0.985762,-0.0635223,0
-0.983806,0.0684684,0,0,0,0,0.983806,-0.0684684,0
-0.981721,0.0734055,0,0,0,0,0.981721,-0.0734055,0
-0.979508,0.078333,0,0,0,0,0.979508,-0.078333,0
-0.977166,0.0832502,0,0,0,0,0.977166,-0.0832502,0
-0.974694,0.0881564,0,0,0,0,0.974694,-0.0881564,0
-0.972092,0.0930508,0,0,0,0,0.972092,-0.0930508,0
-0.96936,0.0979327,0,0,0,0,0.96936,-0.0979327,0
-0.966497,0.102801,0,0,0,0,0.966497,-0.102801,0
-0.963502,0.107656,0,0,0,0,0.963502,-0.107656,0
-0.960376,0.112496,0,0,0,0,0.960376,-0.112496,0
-0.957116,0.11732,0,0,0,0,0.957116,-0.11732,0
-0.953723,0.122128,0,0,0,0,0.953723,-0.122128,0
-0.950196,0.126919,0,0,0,0,0.950196,-0.126919,0
-0.946534,0.131692,0,0,0,0,0.946534,-0.131692,0
-0.942736,0.136446,0,0,0,0,0.942736,-0.136446,0
-0.938802,0.14118,0,0,0,0,0.938802,-0.14118,0
-0.934731,0.145894,0,0,0,0,0.934731,-0.145894,0
-0.930522,0.150586,0,0,0,0,0.930522,-0.150586,0
-0.926174,0.155255,0,0,0,0,0.926174,-0.155255,0
-0.921686,0.159901,0,0,0,0,0.921686,-0.159901,0
-0.917057,0.164523,0,0,0,0,0.917057,-0.164523,0
-0.912287,0.169119,0,0,0,0,0.912287,-0.169119,0
-0.907374,0.173689,0,0,0,0,0.907374,-0.173689,0
-0.902317,0.178231,0,0,0,0,0.902317,-0.178231,0
-0.897115,0.182745,0,0,0,0,0.897115,-0.182745,0
-0.891767,0.187229,0,0,0,0,0.891767,-0.187229,0
-0.886272,0.191682,0,0,0,0,0.886272,-0.191682,0
-0.880628,0.196103,0,0,0,0,0.880628,-0.196103,0
-0.874834,0.20049,0,0,0,0,0.874834,-0.20049,0
-0.868889,0.204843,0,0,0,0,0.868889,-0.204843,0
-0.862791,0.20916,0,0,0,0,0.862791,-0.20916,0
-0.85654,0.213439,0,0,0,0,0.85654,-0.213439,0
-0.850132,0.217679,0,0,0,0,0.850132,-0.217679,0
-0.843567,0.22188,0,0,0,0,0.843567,-0.22188,0
-0.836844,0.226038,0,0,0,0,0.836844,-0.226038,0
-0.829959,0.230153,0,0,0,0,0.829959,-0.230153,0
-0.822913,0.234224,0,0,0,0,0.822913,-0.234224,0
-0.815702,0.238247,0,0,0,0,0.815702,-0.238247,0
-0.808325,0.242222,0,0,0,0,0.808325,-0.242222,0
-0.800779,0.246146,0,0,0,0,0.800779,-0.246146,0
-0.793064,0.250018,0,0,0,0,0.793064,-0.250018,0
-0.785176,0.253836,0,0,0,0,0.785176,-0.253836,0
-0.777113,0.257597,0,0,0,0,0.777113,-0.257597,0
-0.768874,0.2613,0,0,0,0,0.768874,-0.2613,0
-0.760455,0.264941,0,0,0,0,0.760455,-0.264941,0
-0.751853,0.268519,0,0,0,0,0.751853,-0.268519,0
-0.743068,0.272032,0,0,0,0,0.743068,-0.272032,0
-0.734094,0.275475,0,0,0,0,0.734094,-0.275475,0
-0.724931,0.278847,0,0,0,0,0.724931,-0.278847,0
-0.715573,0.282145,0,0,0,0,0.715573,-0.282145,0
-0.70602,0.285365,0,0,0,0,0.70602,-0.285365,0
-0.696266,0.288504,0,0,0,0,0.696266,-0.288504,0
-0.686309,0.291559,0,0,0,0,0.686309,-0.291559,0
-0.676146,0.294527,0,0,0,0,0.676146,-0.294527,0
-0.665771,0.297402,0,0,0,0,0.665771,-0.297402,0
-0.655182,0.300181,0,0,0,0,0.655182,-0.300181,0
-0.644374,0.302861,0,0,0,0,0.644374,-0.302861,0
-0.633343,0.305435,0,0,0,0,0.633343,-0.305435,0
-0.622084,0.307899,0,0,0,0,0.622084,-0.307899,0
-0.610593,0.310249,0,0,0,0,0.610593,-0.310249,0
-0.598864,0.312477,0,0,0,0,0.598864,-0.312477,0
-0.586892,0.314579,0,0,0,0,0.586892,-0.314579,0
-0.574671,0.316548,0,0,0,0,0.574671,-0.316548,0
-0.562197,0.318376,0,0,0,0,0.562197,-0.318376,0
-0.549461,0.320057,0,0,0,0,0.549461,-0.320057,0
-0.536459,0.321582,0,0,0,0,0.536459,-0.321582,0
-0.523182,0.322943,0,0,0,0,0.523182,-0.322943,0
-0.509624,0.32413,0,0,0,0,0.509624,-0.32413,0
-0.495777,0.325133,0,0,0,0,0.495777,-0.325133,0
-0.481632,0.325941,0,0,0,0,0.481632,-0.325941,0
-0.467181,0.326542,0,0,0,0,0.467181,-0.326542,0
-0.452415,0.326922,0,0,0,0,0.452415,-0.326922,0
-0.437324,0.327068,0,0,0,0,0.437324,-0.327068,0
-0.421897,0.326961,0,0,0,0,0.421897,-0.326961,0
-0.406123,0.326587,0,0,0,0,0.406123,-0.326587,0
-0.38999,0.325923,0,0,0,0,0.38999,-0.325923,0
-0.373486,0.324949,0,0,0,0,0.373486,-0.324949,0
-0.356597,0.32364,0,0,0,0,0.356597,-0.32364,0
-0.339309,0.321968,0,0,0,0,0.339309,-0.321968,0
-0.321606,0.319903,0,0,0,0,0.321606,-0.319903,0
-0.303472,0.317409,0,0,0,0,0.303472,-0.317409,0
-0.284891,0.314446,0,0,0,0,0.284891,-0.314446,0
-0.265843,0.310968,0,0,0,0,0.265843,-0.310968,0
-0.24631,0.306921,0,0,0,0,0.24631,-0.306921,0
-0.226272,0.302244,0,0,0,0,0.226272,-0.302244,0
-0.205708,0.296864,0,0,0,0,0.205708,-0.296864,0
-0.184599,0.290695,0,0,0,0,0.184599,-0.290695,0
-0.162924,0.283635,0,0,0,0,0.162924,-0.283635,0
-0.140668,0.275559,0,0,0,0,0.140668,-0.275559,0
-0.117819,0.266317,0,0,0,0,0.117819,-0.266317,0
-0.0943753,0.255723,0,0,0,0,0.0943753,-0.255723,0
-0.0703513,0.243547,0,0,0,0,0.0703513,-0.243547,0
-0.0457916,0.229495,0,0,0,0,0.0457916,-0.229495,0
-0.0207924,0.213196,0,0,0,0,0.0207924,-0.213196,0
0.00445833,0.194175,0,0,0,0,-0.00445833,-0.194175,0
0.0296101,0.17183,0,0,0,0,-0.0296101,-0.17183,0
0.0540238,0.145426,0,0,0,0,-0.0540238,-0.145426,0
0.0765653,0.114167,0,0,0,0,-0.0765653,-0.114167,0
0.0953471,0.0774862,0,0,0,0,-0.0953471,-0.0774862,0
0.107692,0.0357436,0,0,0,0,-0.107692,-0.0357436,0
0.110989,-0.00890491,0,0,0,0,-0.110989,0.00890491,0
0.104476,-0.0527979,0,0,0,0,-0.104476,0.0527979,0
0.0899028,-0.0927556,0,0,0,0,-0.0899028,0.0927556,0
0.0700635,-0.127456,0,0,0,0,-0.0700635,0.127456,0
0.0473048,-0.157018,0,0,0,0,-0.0473048,0.157018,0
0.0231531,-0.182133,0,0,0,0,-0.0231531,0.182133,0
-0.00149735,-0.203559,0,0,0,0,0.00149735,0.203559,0
-0.0261435,-0.221958,0,0,0,0,0.0261435,0.221958,0
-0.0505069,-0.237862,0,0,0,0,0.0505069,0.237862,0
-0.074437,-0.251691,0,0,0,0,0.074437,0.251691,0
-0.0978558,-0.263774,0,0,0,0,0.0978558,0.263774,0
-0.120727,-0.274373,0,0,0,0,0.120727,0.274373,0
-0.14304,-0.283694,0,0,0,0,0.14304,0.283694,0
-0.164795,-0.291908,0,0,0,0,0.164795,0.291908,0
-0.186004,-0.299151,0,0,0,0,0.186004,0.299151,0
-0.206681,-0.305536,0,0,0,0,0.206681,0.305536,0
-0.226844,-0.31116,0,0,0,0,0.226844,0.31116,0
-0.24651,-0.316102,0,0,0,0,0.24651,0.316102,0
-0.265697,-0.320429,0,0,0,0,0.265697,0.320429,0
-0.284424,-0.3242,0,0,0,0,0.284424,0.3242,0
-0.302708,-0.327466,0,0,0,0,0.302708,0.327466,0
-0.320565,-0.330269,0,0,0,0,0.320565,0.330269,0
-0.338011,-0.332649,0,0,0,0,0.338011,0.332649,0
-0.355061,-0.334639,0,0,0,0,0.355061,0.334639,0
-0.371728,-0.336268,0,0,0,0,0.371728,0.336268,0
-0.388027,-0.337563,0,0,0,0,0.388027,0.337563,0
-0.403969,-0.338548,0,0,0,0,0.403969,0.338548,0
-0.419566,-0.339244,0,0,0,0,0.419566,0.339244,0
-0.434829,-0.339669,0,0,0,0,0.434829,0.339669,0
-0.449768,-0.339842,0,0,0,0,0.449768,0.339842,0
-0.464394,-0.339777,0,0,0,0,0.464394,0.339777,0
-0.478715,-0.33949,0,0,0,0,0.478715,0.33949,0
-0.492739,-0.338992,0,0,0,0,0.492739,0.338992,0
-0.506476,-0.338296,0,0,0,0,0.506476,0.338296,0
-0.519933,-0.337413,0,0,0,0,0.519933,0.337413,0
-0.533117,-0.336353,0,0,0,0,0.533117,0.336353,0
-0.546034,-0.335125,0,0,0,0,0.546034,0.335125,0
-0.558692,-0.333738,0,0,0,0,0.558692,0.333738,0
-0.571097,-0.332199,0,0,0,0,0.571097,0.332199,0
-0.583254,-0.330516,0,0,0,0,0.583254,0.330516,0
-0.595169,-0.328696,0,0,0,0,0.595169,0.328696,0
-0.606847,-0.326745,0,0,0,0,0.606847,0.326745,0
-0.618294,-0.324669,0,0,0,0,0.618294,0.324669,0
-0.629513,-0.322475,0,0,0,0,0.629513,0.322475,0
-0.640511,-0.320166,0,0,0,0,0.640511,0.320166,0
-0.65129,-0.317748,0,0,0,0,0.65129,0.317748,0
-0.661855,-0.315226,0,0,0,0,0.661855,0.315226,0
-0.67221,-0.312604,0,0,0,0,0.67221,0.312604,0
-0.682359,-0.309886,0,0,0,0,0.682359,0.309886,0
-0.692306,-0.307075,0,0,0,0,0.692306,0.307075,0
-0.702053,-0.304177,0,0,0,0,0.702053,0.304177,0
-0.711604,-0.301193,0,0,0,0,0.711604,0.301193,0
-0.720962,-0.298128,0,0,0,0,0.720962,0.298128,0
-0.730131,-0.294985,0,0,0,0,0.730131,0.294985,0
-0.739112,-0.291766,0,0,0,0,0.739112,0.291766,0
-0.74791,-0.288474,0,0,0,0,0.74791,0.288474,0
-0.756526,-0.285112,0,0,0,0,0.756526,0.285112,0
-0.764963,-0.281683,0,0,0,0,0.764963,0.281683,0
-0.773224,-0.278189,0,0,0,0,0.773224,0.278189,0
-0.78131,-0.274632,0,0,0,0,0.78131,0.274632,0
-0.789224,-0.271014,0,0,0,0,0.789224,0.271014,0
-0.796969,-0.267339,0,0,0,0,0.796969,0.267339,0
-0.804546,-0.263607,0,0,0,0,0.804546,0.263607,0
-0.811957,-0.259821,0,0,0,0,0.811957,0.259821,0
-0.819204,-0.255982,0,0,0,0,0.819204,0.255982,0
-0.82629,-0.252093,0,0,0,0,0.82629,0.252093,0
-0.833215,-0.248155,0,0,0,0,0.833215,0.248155,0
-0.839981,-0.244169,0,0,0,0,0.839981,0.244169,0
-0.846591,-0.240138,0,0,0,0,0.846591,0.240138,0
-0.853046,-0.236063,0,0,0,0,0.853046,0.236063,0
-0.859346,-0.231946,0,0,0,0,0.859346,0.231946,0
-0.865495,-0.227787,0,0,0,0,0.865495,0.227787,0
-0.871492,-0.223588,0,0,0,0,0.871492,0.223588,0
-0.87734,-0.219352,0,0,0,0,0.87734,0.219352,0
-0.883039,-0.215078,0,0,0,0,0.883039,0.215078,0
-0.888592,-0.210768,0,0,0,0,0.888592,0.210768,0
-0.893999,-0.206424,0,0,0,0,0.893999,0.206424,0
-0.899261,-0.202046,0,0,0,0,0.899261,0.202046,0
-0.904379,-0.197636,0,0,0,0,0.904379,0.197636,0
-0.909355,-0.193195,0,0,0,0,0.909355,0.193195,0
-0.91419,-0.188724,0,0,0,0,0.91419,0.188724,0
-0.918883,-0.184224,0,0,0,0,0.918883,0.184224,0
-0.923438,-0.179695,0,0,0,0,0.923438,0.179695,0
-0.927854,-0.17514,0,0,0,0,0.927854,0.17514,0
-0.932132,-0.170559,0,0,0,0,0.932132,0.170559,0
-0.936273,-0.165953,0,0,0,0,0.936273,0.165953,0
-0.940278,-0.161323,0,0,0,0,0.940278,0.161323,0
-0.944147,-0.156669,0,0,0,0,0.944147,0.156669,0
-0.947882,-0.151993,0,0,0,0,0.947882,0.151993,0
-0.951483,-0.147296,0,0,0,0,0.951483,0.147296,0
-0.954951,-0.142578,0,0,0,0,0.954951,0.142578,0
-0.958286,-0.13784,0,0,0,0,0.958286,0.13784,0
-0.961489,-0.133083,0,0,0,0,0.961489,0.133083,0
-0.964561,-0.128308,0,0,0,0,0.964561,0.128308,0
-0.967502,-0.123516,0,0,0,0,0.967502,0.123516,0
-0.970312,-0.118707,0,0,0,0,0.970312,0.118707,0
-0.972993,-0.113882,0,0,0,0,0.972993,0.113882,0
-0.975544,-0.109042,0,0,0,0,0.975544,0.109042,0
-0.977967,-0.104187,0,0,0,0,0.977967,0.104187,0
-0.980261,-0.0993192,0,0,0,0,0.980261,0.0993192,0
-0.982426,-0.0944381,0,0,0,0,0.982426,0.0944381,0
-0.984464,-0.0895447,0,0,0,0,0.984464,0.0895447,0
-0.986375,-0.0846396,0,0,0,0,0.986375,0.0846396,0
-0.988159,-0.0797237,0,0,0,0,0.988159,0.0797237,0
-0.989815,-0.0747976,0,0,0,0,0.989815,0.0747976,0
-0.991346,-0.0698619,0,0,0,0,0.991346,0.0698619,0
-0.99275,-0.0649173,0,0,0,0,0.99275,0.0649173,0
-0.994028,-0.0599645,0,0,0,0,0.994028,0.0599645,0
-0.99518,-0.055004,0,0,0,0,0.99518,0.055004,0
-0.996206,-0.0500366,0,0,0,0,0.996206,0.0500366,0
-0.997108,-0.045063,0,0,0,0,0.997108,0.045063,0
-0.997883,-0.0400836,0,0,0,0,0.997883,0.0400836,0
-0.998534,-0.0350993,0,0,0,0,0.998534,0.0350993,0
-0.999059,-0.0301105,0,0,0,0,0.999059,0.0301105,0
-0.999459,-0.0251179,0,0,0,0,0.999459,0.0251179,0
-0.999735,-0.0201223,0,0,0,0,0.999735,0.0201223,0
-0.999885,-0.0151241,0,0,0,0,0.999885,0.0151241,0
-0.99991,-0.010124,0,0,0,0,0.99991,0.010124,0
-0.99981,-0.00512261,0,0,0,0,0.99981,0.00512261,0
-0.999586,-0.000120612,0,0,0,0,0.999586,0.000120612,0
-0.999236,0.0048814,0,0,0,0,0.999236,-0.0048814,0
-0.998761,0.0098828,0,0,0,0,0.998761,-0.0098828,0
-0.99816,0.014883,0,0,0,0,0.99816,-0.014883,0
-0.997435,0.0198812,0,0,0,0,0.997435,-0.0198812,0
-0.996583,0.024877,0,0,0,0,0.996583,-0.024877,0
-0.995606,0.0298697,0,0,0,0,0.995606,-0.0298697,0
-0.994503,0.0348586,0,0,0,0,0.994503,-0.0348586,0
-0.993274,0.039843,0,0,0,0,0.993274,-0.039843,0
-0.991918,0.0448224,0,0,0,0,0.991918,-0.0448224,0
-0.990436,0.049796,0,0,0,0,0.990436,-0.049796,0
-0.988827,0.0547633,0,0,0,0,0.988827,-0.0547633,0
-0.987091,0.0597235,0,0,0,0,0.987091,-0.0597235,0
-0.985227,0.064676,0,0,0,0,0.985227,-0.064676,0
-0.983235,0.0696201,0,0,0,0,0.983235,-0.0696201,0
-0.981114,0.0745551,0,0,0,0,0.981114,-0.0745551,0
-0.978865,0.0794804,0,0,0,0,0.978865,-0.0794804,0
-0.976487,0.0843951,0,0,0,0,0.976487,-0.0843951,0
-0.973979,0.0892986,0,0,0,0,0.973979,-0.0892986,0
-0.971341,0.0941902,0,0,0,0,0.971341,-0.0941902,0
-0.968572,0.0990692,0,0,0,0,0.968572,-0.0990692,0
-0.965673,0.103935,0,0,0,0,0.965673,-0.103935,0
-0.962641,0.108786,0,0,0,0,0.962641,-0.108786,0
-0.959477,0.113622,0,0,0,0,0.959477,-0.113622,0
-0.95618,0.118443,0,0,0,0,0.95618,-0.118443,0
-0.95275,0.123247,0,0,0,0,0.95275,-0.123247,0
-0.949185,0.128034,0,0,0,0,0.949185,-0.128034,0
-0.945485,0.132802,0,0,0,0,0.945485,-0.132802,0
-0.941649,0.137552,0,0,0,0,0.941649,-0.137552,0
-0.937677,0.142281,0,0,0,0,0.937677,-0.142281,0
-0.933567,0.14699,0,0,0,0,0.933567,-0.14699,0
-0.929319,0.151677,0,0,0,0,0.929319,-0.151677,0
-0.924932,0.156341,0,0,0,0,0.924932,-0.156341,0
-0.920405,0.160981,0,0,0,0,0.920405,-0.160981,0
-0.915737,0.165597,0,0,0,0,0.915737,-0.165597,0
-0.910927,0.170187,0,0,0,0,0.910927,-0.170187,0
-0.905973,0.17475,0,0,0,0,0.905973,-0.17475,0
-0.900876,0.179286,0,0,0,0,0.900876,-0.179286,0
-0.895633,0.183793,0,0,0,0,0.895633,-0.183793,0
-0.890244,0.188269,0,0,0,0,0.890244,-0.188269,0
-0.884707,0.192714,0,0,0,0,0.884707,-0.192714,0
-0.879021,0.197127,0,0,0,0,0.879021,-0.197127,0
-0.873185,0.201506,0,0,0,0,0.873185,-0.201506,0
-0.867197,0.205851,0,0,0,0,0.867197,-0.205851,0
-0.861056,0.210158,0,0,0,0,0.861056,-0.210158,0
-0.85476,0.214428,0,0,0,0,0.85476,-0.214428,0
-0.848308,0.218659,0,0,0,0,0.848308,-0.218659,0
-0.841699,0.22285,0,0,0,0,0.841699,-0.22285,0
-0.83493,0.226998,0,0,0,0,0.83493,-0.226998,0
-0.828,0.231102,0,0,0,0,0.828,-0.231102,0
-0.820907,0.235161,0,0,0,0,0.820907,-0.235161,0
-0.813649,0.239172,0,0,0,0,0.813649,-0.239172,0
-0.806225,0.243135,0,0,0,0,0.806225,-0.243135,0
-0.798632,0.247046,0,0,0,0,0.798632,-0.247046,0
-0.790867,0.250905,0,0,0,0,0.790867,-0.250905,0
-0.78293,0.254709,0,0,0,0,0.78293,-0.254709,0
-0.774818,0.258456,0,0,0,0,0.774818,-0.258456,0
-0.766527,0.262143,0,0,0,0,0.766527,-0.262143,0
-0.758057,0.265769,0,0,0,0,0.758057,-0.265769,0
-0.749403,0.269331,0,0,0,0,0.749403,-0.269331,0
-0.740564,0.272826,0,0,0,0,0.740564,-0.272826,0
-0.731537,0.276251,0,0,0,0,0.731537,-0.276251,0
-0.722319,0.279605,0,0,0,0,0.722319,-0.279605,0
-0.712906,0.282883,0,0,0,0,0.712906,-0.282883,0
-0.703296,0.286083,0,0,0,0,0.703296,-0.286083,0
-0.693484,0.289201,0,0,0,0,0.693484,-0.289201,0
-0.683469,0.292234,0,0,0,0,0.683469,-0.292234,0
-0.673245,0.295178,0,0,0,0,0.673245,-0.295178,0
-0.66281,0.298029,0,0,0,0,0.66281,-0.298029,0
-0.652159,0.300783,0,0,0,0,0.652159,-0.300783,0
-0.641287,0.303435,0,0,0,0,0.641287,-0.303435,0
-0.630191,0.305981,0,0,0,0,0.630191,-0.305981,0
-0.618866,0.308416,0,0,0,0,0.618866,-0.308416,0
-0.607307,0.310734,0,0,0,0,0.607307,-0.310734,0
-0.595509,0.31293,0,0,0,0,0.595509,-0.31293,0
-0.583466,0.314998,0,0,0,0,0.583466,-0.314998,0
-0.571173,0.31693,0,0,0,0,0.571173,-0.31693,0
-0.558624,0.31872,0,0,0,0,0.558624,-0.31872,0
-0.545812,0.32036,0,0,0,0,0.545812,-0.32036,0
-0.532732,0.321842,0,0,0,0,0.532732,-0.321842,0
-0.519375,0.323158,0,0,0,0,0.519375,-0.323158,0
-0.505734,0.324296,0,0,0,0,0.505734,-0.324296,0
-0.491802,0.325248,0,0,0,0,0.491802,-0.325248,0
-0.477569,0.326001,0,0,0,0,0.477569,-0.326001,0
-0.463028,0.326544,0,0,0,0,0.463028,-0.326544,0
-0.448169,0.326862,0,0,0,0,0.448169,-0.326862,0
-0.432981,0.32694,0,0,0,0,0.432981,-0.32694,0
-0.417455,0.326763,0,0,0,0,0.417455,-0.326763,0
-0.401578,0.326311,0,0,0,0,0.401578,-0.326311,0
-0.385339,0.325564,0,0,0,0,0.385339,-0.325564,0
-0.368724,0.3245,0,0,0,0,0.368724,-0.3245,0
-0.351721,0.323094,0,0,0,0,0.351721,-0.323094,0
-0.334314,0.321316,0,0,0,0,0.334314,-0.321316,0
-0.316487,0.319136,0,0,0,0,0.316487,-0.319136,0
-0.298225,0.316515,0,0,0,0,0.298225,-0.316515,0
-0.279509,0.313414,0,0,0,0,0.279509,-0.313414,0
-0.260322,0.309782,0,0,0,0,0.260322,-0.309782,0
-0.240643,0.305565,0,0,0,0,0.240643,-0.305565,0
-0.220454,0.300698,0,0,0,0,0.220454,-0.300698,0
-0.199732,0.295105,0,0,0,0,0.199732,-0.295105,0
-0.178459,0.288695,0,0,0,0,0.178459,-0.288695,0
-0.156616,0.28136,0,0,0,0,0.156616,-0.28136,0
-0.134186,0.27297,0,0,0,0,0.134186,-0.27297,0
-0.111162,0.263364,0,0,0,0,0.111162,-0.263364,0
-0.0875441,0.252345,0,0,0,0,0.0875441,-0.252345,0
-0.0633549,0.239665,0,0,0,0,0.0633549,-0.239665,0
-0.0386506,0.225011,0,0,0,0,0.0386506,-0.225011,0
-0.0135489,0.207985,0,0,0,0,0.0135489,-0.207985,0
0.0117247,0.188076,0,0,0,0,-0.0117247,-0.188076,0
0.0367522,0.164642,0,0,0,0,-0.0367522,-0.164642,0
0.0607765,0.136918,0,0,0,0,-0.0607765,-0.136918,0
0.0824709,0.104129,0,0,0,0,-0.0824709,-0.104129,0
0.0996985,0.0658836,0,0,0,0,-0.0996985,-0.0658836,0
0.109656,0.0229896,0,0,0,0,-0.109656,-0.0229896,0
0.11008,-0.0218399,0,0,0,0,-0.11008,0.0218399,0
0.10098,-0.0648481,0,0,0,0,-0.10098,0.0648481,0
0.0846059,-0.103341,0,0,0,0,-0.0846059,0.103341,0
0.0637257,-0.136507,0,0,0,0,-0.0637257,0.136507,0
0.0404473,-0.164707,0,0,0,0,-0.0404473,0.164707,0
0.0160873,-0.188685,0,0,0,0,-0.0160873,0.188685,0
-0.00859553,-0.209179,0,0,0,0,0.00859553,0.209179,0
-0.0331763,-0.226812,0,0,0,0,0.0331763,0.226812,0
-0.0574214,-0.242083,0,0,0,0,0.0574214,0.242083,0
-0.0812053,-0.255382,0,0,0,0,0.0812053,0.255382,0
-0.104465,-0.267018,0,0,0,0,0.104465,0.267018,0
-0.127172,-0.277233,0,0,0,0,0.127172,0.277233,0
-0.149319,-0.286224,0,0,0,0,0.149319,0.286224,0
-0.170913,-0.29415,0,0,0,0,0.170913,0.29415,0
-0.191964,-0.301139,0,0,0,0,0.191964,0.301139,0
-0.212488,-0.307301,0,0,0,0,0.212488,0.307301,0
-0.232504,-0.312725,0,0,0,0,0.232504,0.312725,0
-0.252028,-0.317488,0,0,0,0,0.252028,0.317488,0
-0.271079,-0.321654,0,0,0,0,0.271079,0.321654,0
-0.289675,-0.325279,0,0,0,0,0.289675,0.325279,0
-0.307832,-0.328412,0,0,0,0,0.307832,0.328412,0
-0.325568,-0.331094,0,0,0,0,0.325568,0.331094,0
-0.342897,-0.333362,0,0,0,0,0.342897,0.333362,0
-0.359834,-0.335249,0,0,0,0,0.359834,0.335249,0
-0.376392,-0.336784,0,0,0,0,0.376392,0.336784,0
-0.392586,-0.337991,0,0,0,0,0.392586,0.337991,0
-0.408427,-0.338895,0,0,0,0,0.408427,0.338895,0
-0.423926,-0.339515,0,0,0,0,0.423926,0.339515,0
-0.439094,-0.33987,0,0,0,0,0.439094,0.33987,0
-0.453941,-0.339976,0,0,0,0,0.453941,0.339976,0
-0.468478,-0.33985,0,0,0,0,0.468478,0.33985,0
-0.482712,-0.339504,0,0,0,0,0.482712,0.339504,0
-0.496653,-0.338952,0,0,0,0,0.496653,0.338952,0
-0.510308,-0.338205,0,0,0,0,0.510308,0.338205,0
-0.523685,-0.337273,0,0,0,0,0.523685,0.337273,0
-0.536791,-0.336167,0,0,0,0,0.536791,0.336167,0
-0.549633,-0.334895,0,0,0,0,0.549633,0.334895,0
-0.562218,-0.333467,0,0,0,0,0.562218,0.333467,0
-0.57455,-0.331889,0,0,0,0,0.57455,0.331889,0
-0.586637,-0.330169,0,0,0,0,0.586637,0.330169,0
-0.598484,-0.328314,0,0,0,0,0.598484,0.328314,0
-0.610095,-0.32633,0,0,0,0,0.610095,0.32633,0
-0.621476,-0.324222,0,0,0,0,0.621476,0.324222,0
-0.632631,-0.321997,0,0,0,0,0.632631,0.321997,0
-0.643565,-0.319659,0,0,0,0,0.643565,0.319659,0
-0.654283,-0.317214,0,0,0,0,0.654283,0.317214,0
-0.664788,-0.314665,0,0,0,0,0.664788,0.314665,0
-0.675083,-0.312018,0,0,0,0,0.675083,0.312018,0
-0.685174,-0.309276,0,0,0,0,0.685174,0.309276,0
-0.695063,-0.306442,0,0,0,0,0.695063,0.306442,0
-0.704754,-0.303522,0,0,0,0,0.704754,0.303522,0
-0.71425,-0.300517,0,0,0,0,0.71425,0.300517,0
-0.723554,-0.297431,0,0,0,0,0.723554,0.297431,0
-0.732669,-0.294268,0,0,0,0,0.732669,0.294268,0
-0.741598,-0.29103,0,0,0,0,0.741598,0.29103,0
-0.750343,-0.287721,0,0,0,0,0.750343,0.287721,0
-0.758908,-0.284341,0,0,0,0,0.758908,0.284341,0
-0.767295,-0.280895,0,0,0,0,0.767295,0.280895,0
-0.775506,-0.277385,0,0,0,0,0.775506,0.277385,0
-0.783543,-0.273813,0,0,0,0,0.783543,0.273813,0
-0.791409,-0.270181,0,0,0,0,0.791409,0.270181,0
-0.799106,-0.266491,0,0,0,0,0.799106,0.266491,0
-0.806635,-0.262745,0,0,0,0,0.806635,0.262745,0
-0.814,-0.258945,0,0,0,0,0.814,0.258945,0
-0.821201,-0.255094,0,0,0,0,0.821201,0.255094,0
-0.828241,-0.251192,0,0,0,0,0.828241,0.251192,0
-0.835121,-0.247242,0,0,0,0,0.835121,0.247242,0
-0.841843,-0.243245,0,0,0,0,0.841843,0.243245,0
-0.848409,-0.239203,0,0,0,0,0.848409,0.239203,0
-0.85482,-0.235118,0,0,0,0,0.85482,0.235118,0
-0.861078,-0.23099,0,0,0,0,0.861078,0.23099,0
-0.867183,-0.226821,0,0,0,0,0.867183,0.226821,0
-0.873139,-0.222613,0,0,0,0,0.873139,0.222613,0
-0.878944,-0.218367,0,0,0,0,0.878944,0.218367,0
-0.884603,-0.214084,0,0,0,0,0.884603,0.214084,0
-0.890114,-0.209766,0,0,0,0,0.890114,0.209766,0
-0.89548,-0.205413,0,0,0,0,0.89548,0.205413,0
-0.900701,-0.201028,0,0,0,0,0.900701,0.201028,0
-0.90578,-0.19661,0,0,0,0,0.90578,0.19661,0
-0.910716,-0.192162,0,0,0,0,0.910716,0.192162,0
-0.915511,-0.187683,0,0,0,0,0.915511,0.187683,0
-0.920165,-0.183176,0,0,0,0,0.920165,0.183176,0
-0.924681,-0.178641,0,0,0,0,0.924681,0.178641,0
-0.929058,-0.17408,0,0,0,0,0.929058,0.17408,0
-0.933298,-0.169493,0,0,0,0,0.933298,0.169493,0
-0.9374,-0.16488,0,0,0,0,0.9374,0.16488,0
-0.941367,-0.160244,0,0,0,0,0.941367,0.160244,0
-0.945199,-0.155585,0,0,0,0,0.945199,0.155585,0
-0.948897,-0.150904,0,0,0,0,0.948897,0.150904,0
-0.95246,-0.146202,0,0,0,0,0.95246,0.146202,0
-0.955891,-0.141479,0,0,0,0,0.955891,0.141479,0
-0.959189,-0.136737,0,0,0,0,0.959189,0.136737,0
-0.962355,-0.131975,0,0,0,0,0.962355,0.131975,0
-0.965391,-0.127196,0,0,0,0,0.965391,0.127196,0
-0.968295,-0.1224,0,0,0,0,0.968295,0.1224,0
-0.971069,-0.117587,0,0,0,0,0.971069,0.117587,0
-0.973714,-0.112758,0,0,0,0,0.973714,0.112758,0
-0.976229,-0.107914,0,0,0,0,0.976229,0.107914,0
-0.978615,-0.103057,0,0,0,0,0.978615,0.103057,0
-0.980873,-0.0981853,0,0,0,0,0.980873,0.0981853,0
-0.983004,-0.0933011,0,0,0,0,0.983004,0.0933011,0
-0.985006,-0.0884049,0,0,0,0,0.985006,0.0884049,0
-0.986881,-0.0834972,0,0,0,0,0.986881,0.0834972,0
-0.988629,-0.0785787,0,0,0,0,0.988629,0.0785787,0
-0.990251,-0.0736502,0,0,0,0,0.990251,0.0736502,0
-0.991746,-0.0687123,0,0,0,0,0.991746,0.0687123,0
-0.993115,-0.0637656,0,0,0,0,0.993115,0.0637656,0
-0.994358,-0.0588108,0,0,0,0,0.994358,0.0588108,0
-0.995475,-0.0538487,0,0,0,0,0.995475,0.0538487,0
-0.996467,-0.0488797,0,0,0,0,0.996467,0.0488797,0
-0.997333,-0.0439045,0,0,0,0,0.997333,0.0439045,0
-0.998074,-0.0389239,0,0,0,0,0.998074,0.0389239,0
-0.998689,-0.0339383,0,0,0,0,0.998689,0.0339383,0
-0.99918,-0.0289485,0,0,0,0,0.99918,0.0289485,0
-0.999545,-0.0239551,0,0,0,0,0.999545,0.0239551,0
-0.999786,-0.0189587,0,0,0,0,0.999786,0.0189587,0
-0.999901,-0.0139599,0,0,0,0,0.999901,0.0139599,0
-0.999892,-0.00895942,0,0,0,0,0.999892,0.00895942,0
-0.999757,-0.00395778,0,0,0,0,0.999757,0.00395778,0
-0.999498,0.00104436,0,0,0,0,0.999498,-0.00104436,0
-0.999113,0.00604637,0,0,0,0,0.999113,-0.00604637,0
-0.998603,0.0110476,0,0,0,0,0.998603,-0.0110476,0
-0.997968,0.0160475,0,0,0,0,0.997968,-0.0160475,0
-0.997207,0.0210453,0,0,0,0,0.997207,-0.0210453,0
-0.996321,0.0260405,0,0,0,0,0.996321,-0.0260405,0
-0.995308,0.0310324,0,0,0,0,0.995308,-0.0310324,0
-0.99417,0.0360204,0,0,0,0,0.99417,-0.0360204,0
-0.992906,0.0410038,0,0,0,0,0.992906,-0.0410038,0
-0.991515,0.045982,0,0,0,0,0.991515,-0.045982,0
-0.989998,0.0509543,0,0,0,0,0.989998,-0.0509543,0
-0.988353,0.0559201,0,0,0,0,0.988353,-0.0559201,0
-0.986581,0.0608786,0,0,0,0,0.986581,-0.0608786,0
-0.984681,0.0658293,0,0,0,0,0.984681,-0.0658293,0
-0.982654,0.0707714,0,0,0,0,0.982654,-0.0707714,0
-0.980497,0.0757043,0,0,0,0,0.980497,-0.0757043,0
-0.978212,0.0806272,0,0,0,0,0.978212,-0.0806272,0
-0.975798,0.0855394,0,0,0,0,0.975798,-0.0855394,0
-0.973254,0.0904403,0,0,0,0,0.973254,-0.0904403,0
-0.970579,0.0953291,0,0,0,0,0.970579,-0.0953291,0
-0.967774,0.100205,0,0,0,0,0.967774,-0.100205,0
-0.964838,0.105067,0,0,0,0,0.964838,-0.105067,0
-0.961769,0.109915,0,0,0,0,0.961769,-0.109915,0
-0.958568,0.114748,0,0,0,0,0.958568,-0.114748,0
-0.955234,0.119565,0,0,0,0,0.955234,-0.119565,0
-0.951766,0.124365,0,0,0,0,0.951766,-0.124365,0
-0.948163,0.129148,0,0,0,0,0.948163,-0.129148,0
-0.944426,0.133912,0,0,0,0,0.944426,-0.133912,0
-0.940552,0.138657,0,0,0,0,0.940552,-0.138657,0
-0.936541,0.143381,0,0,0,0,0.936541,-0.143381,0
-0.932393,0.148085,0,0,0,0,0.932393,-0.148085,0
-0.928106,0.152766,0,0,0,0,0.928106,-0.152766,0
-0.92368,0.157425,0,0,0,0,0.92368,-0.157425,0
-0.919113,0.16206,0,0,0,0,0.919113,-0.16206,0
-0.914405,0.166669,0,0,0,0,0.914405,-0.166669,0
-0.909555,0.171253,0,0,0,0,0.909555,-0.171253,0
-0.904561,0.17581,0,0,0,0,0.904561,-0.17581,0
-0.899423,0.180339,0,0,0,0,0.899423,-0.180339,0
-0.894139,0.184838,0,0,0,0,0.894139,-0.184838,0
-0.888709,0.189308,0,0,0,0,0.888709,-0.189308,0
-0.88313,0.193745,0,0,0,0,0.88313,-0.193745,0
-0.877402,0.19815,0,0,0,0,0.877402,-0.19815,0
-0.871523,0.202521,0,0,0,0,0.871523,-0.202521,0
-0.865492,0.206856,0,0,0,0,0.865492,-0.206856,0
-0.859307,0.211155,0,0,0,0,0.859307,-0.211155,0
-0.852968,0.215416,0,0,0,0,0.852968,-0.215416,0
-0.846472,0.219637,0,0,0,0,0.846472,-0.219637,0
-0.839818,0.223817,0,0,0,0,0.839818,-0.223817,0
-0.833003,0.227954,0,0,0,0,0.833003,-0.227954,0
-0.826028,0.232048,0,0,0,0,0.826028,-0.232048,0
-0.818888,0.236095,0,0,0,0,0.818888,-0.236095,0
-0.811583,0.240095,0,0,0,0,0.811583,-0.240095,0
-0.804111,0.244045,0,0,0,0,0.804111,-0.244045,0
-0.79647,0.247943,0,0,0,0,0.79647,-0.247943,0
-0.788657,0.251789,0,0,0,0,0.788657,-0.251789,0
-0.78067,0.255578,0,0,0,0,0.78067,-0.255578,0
-0.772507,0.259311,0,0,0,0,0.772507,-0.259311,0
-0.764166,0.262983,0,0,0,0,0.764166,-0.262983,0
-0.755644,0.266593,0,0,0,0,0.755644,-0.266593,0
-0.746938,0.270138,0,0,0,0,0.746938,-0.270138,0
-0.738046,0.273616,0,0,0,0,0.738046,-0.273616,0
-0.728965,0.277023,0,0,0,0,0.728965,-0.277023,0
-0.719691,0.280358,0,0,0,0,0.719691,-0.280358,0
-0.710222,0.283616,0,0,0,0,0.710222,-0.283616,0
-0.700555,0.286796,0,0,0,0,0.700555,-0.286796,0
-0.690686,0.289892,0,0,0,0,0.690686,-0.289892,0
-0.680611,0.292903,0,0,0,0,0.680611,-0.292903,0
-0.670328,0.295823,0,0,0,0,0.670328,-0.295823,0
-0.659831,0.298649,0,0,0,0,0.659831,-0.298649,0
-0.649117,0.301377,0,0,0,0,0.649117,-0.301377,0
-0.638182,0.304002,0,0,0,0,0.638182,-0.304002,0
-0.627021,0.30652,0,0,0,0,0.627021,-0.30652,0
-0.615629,0.308925,0,0,0,0,0.615629,-0.308925,0
-0.604002,0.311212,0,0,0,0,0.604002,-0.311212,0
-0.592134,0.313374,0,0,0,0,0.592134,-0.313374,0
-0.58002,0.315407,0,0,0,0,0.58002,-0.315407,0
-0.567654,0.317302,0,0,0,0,0.567654,-0.317302,0
-0.55503,0.319053,0,0,0,0,0.55503,-0.319053,0
-0.542141,0.320652,0,0,0,0,0.542141,-0.320652,0
-0.528982,0.322091,0,0,0,0,0.528982,-0.322091,0
-0.515544,0.323359,0,0,0,0,0.515544,-0.323359,0
-0.501819,0.324449,0,0,0,0,0.501819,-0.324449,0
-0.487801,0.325349,0,0,0,0,0.487801,-0.325349,0
-0.473481,0.326046,0,0,0,0,0.473481,-0.326046,0
-0.458849,0.326529,0,0,0,0,0.458849,-0.326529,0
-0.443895,0.326783,0,0,0,0,0.443895,-0.326783,0
-0.428611,0.326794,0,0,0,0,0.428611,-0.326794,0
-0.412984,0.326543,0,0,0,0,0.412984,-0.326543,0
-0.397003,0.326013,0,0,0,0,0.397003,-0.326013,0
-0.380656,0.325181,0,0,0,0,0.380656,-0.325181,0
-0.36393,0.324026,0,0,0,0,0.36393,-0.324026,0
-0.346811,0.32252,0,0,0,0,0.346811,-0.32252,0
-0.329283,0.320634,0,0,0,0,0.329283,-0.320634,0
-0.311332,0.318335,0,0,0,0,0.311332,-0.318335,0
-0.292939,0.315585,0,0,0,0,0.292939,-0.315585,0
-0.274088,0.31234,0,0,0,0,0.274088,-0.31234,0
-0.254759,0.30855,0,0,0,0,0.254759,-0.30855,0
-0.234933,0.304158,0,0,0,0,0.234933,-0.304158,0
-0.21459,0.299095,0,0,0,0,0.21459,-0.299095,0
-0.193709,0.293281,0,0,0,0,0.193709,-0.293281,0
-0.17227,0.286621,0,0,0,0,0.17227,-0.286621,0
-0.150256,0.279001,0,0,0,0,0.150256,-0.279001,0
-0.127653,0.270283,0,0,0,0,0.127653,-0.270283,0
-0.104453,0.260296,0,0,0,0,0.104453,-0.260296,0
-0.0806627,0.248831,0,0,0,0,0.0806627,-0.248831,0
-0.0563126,0.235621,0,0,0,0,0.0563126,-0.235621,0
-0.0314731,0.220333,0,0,0,0,0.0314731,-0.220333,0
-0.0062868,0.202536,0,0,0,0,0.0062868,-0.202536,0
0.018976,0.181685,0,0,0,0,-0.018976,-0.181685,0
0.0438179,0.157099,0,0,0,0,-0.0438179,-0.157099,0
0.067344,0.127987,0,0,0,0,-0.067344,-0.127987,0
0.0880126,0.0936291,0,0,0,0,-0.0880126,-0.0936291,0
0.103444,0.0538792,0,0,0,0,-0.103444,-0.0538792,0
0.11081,0.0100655,0,0,0,0,-0.11081,-0.0100655,0
0.108363,-0.0346142,0,0,0,0,-0.108363,0.0346142,0
0.0968771,-0.0765077,0,0,0,0,-0.0968771,0.0765077,0
0.0789417,-0.113475,0,0,0,0,-0.0789417,0.113475,0
0.0571968,-0.145143,0,0,0,0,-0.0571968,0.145143,0
0.0335069,-0.172046,0,0,0,0,-0.0335069,0.172046,0
0.00899999,-0.194949,0,0,0,0,-0.00899999,0.194949,0
-0.0156808,-0.214563,0,0,0,0,0.0156808,0.214563,0
-0.0401776,-0.231473,0,0,0,0,0.0401776,0.231473,0
-0.0642944,-0.246143,0,0,0,0,0.0642944,0.246143,0
-0.0879272,-0.258938,0,0,0,0,0.0879272,0.258938,0
-0.111025,-0.270146,0,0,0,0,0.111025,0.270146,0
-0.133567,-0.279995,0,0,0,0,0.133567,0.279995,0
-0.155551,-0.288669,0,0,0,0,0.155551,0.288669,0
-0.176984,-0.296317,0,0,0,0,0.176984,0.296317,0
-0.197879,-0.303062,0,0,0,0,0.197879,0.303062,0
-0.218252,-0.309007,0,0,0,0,0.218252,0.309007,0
-0.238121,-0.314238,0,0,0,0,0.238121,0.314238,0
-0.257505,-0.318827,0,0,0,0,0.257505,0.318827,0
-0.276421,-0.322836,0,0,0,0,0.276421,0.322836,0
-0.294888,-0.326319,0,0,0,0,0.294888,0.326319,0
-0.31292,-0.329323,0,0,0,0,0.31292,0.329323,0
-0.330536,-0.331886,0,0,0,0,0.330536,0.331886,0
-0.347749,-0.334046,0,0,0,0,0.347749,0.334046,0
-0.364575,-0.335833,0,0,0,0,0.364575,0.335833,0
-0.381026,-0.337275,0,0,0,0,0.381026,0.337275,0
-0.397116,-0.338397,0,0,0,0,0.397116,0.338397,0
-0.412856,-0.33922,0,0,0,0,0.412856,0.33922,0
-0.428258,-0.339766,0,0,0,0,0.428258,0.339766,0
-0.443332,-0.340052,0,0,0,0,0.443332,0.340052,0
-0.458088,-0.340093,0,0,0,0,0.458088,0.340093,0
-0.472537,-0.339906,0,0,0,0,0.472537,0.339906,0
-0.486685,-0.339503,0,0,0,0,0.486685,0.339503,0
-0.500542,-0.338897,0,0,0,0,0.500542,0.338897,0
-0.514116,-0.338099,0,0,0,0,0.514116,0.338099,0
-0.527414,-0.33712,0,0,0,0,0.527414,0.33712,0
-0.540444,-0.335969,0,0,0,0,0.540444,0.335969,0
-0.553211,-0.334655,0,0,0,0,0.553211,0.334655,0
-0.565722,-0.333186,0,0,0,0,0.565722,0.333186,0
-0.577984,-0.33157,0,0,0,0,0.577984,0.33157,0
-0.590001,-0.329813,0,0,0,0,0.590001,0.329813,0
-0.601779,-0.327923,0,0,0,0,0.601779,0.327923,0
-0.613324,-0.325906,0,0,0,0,0.613324,0.325906,0
-0.624639,-0.323767,0,0,0,0,0.624639,0.323767,0
-0.635731,-0.321512,0,0,0,0,0.635731,0.321512,0
-0.646602,-0.319146,0,0,0,0,0.646602,0.319146,0
-0.657259,-0.316673,0,0,0,0,0.657259,0.316673,0
-0.667703,-0.314098,0,0,0,0,0.667703,0.314098,0
-0.67794,-0.311426,0,0,0,0,0.67794,0.311426,0
-0.687973,-0.30866,0,0,0,0,0.687973,0.30866,0
-0.697805,-0.305803,0,0,0,0,0.697805,0.305803,0
-0.707439,-0.302861,0,0,0,0,0.707439,0.302861,0
-0.71688,-0.299835,0,0,0,0,0.71688,0.299835,0
-0.72613,-0.296729,0,0,0,0,0.72613,0.296729,0
-0.735192,-0.293547,0,0,0,0,0.735192,0.293547,0
-0.744068,-0.29029,0,0,0,0,0.744068,0.29029,0
-0.752762,-0.286963,0,0,0,0,0.752762,0.286963,0
-0.761276,-0.283566,0,0,0,0,0.761276,0.283566,0
-0.769612,-0.280104,0,0,0,0,0.769612,0.280104,0
-0.777774,-0.276578,0,0,0,0,0.777774,0.276578,0
-0.785762,-0.27299,0,0,0,0,0.785762,0.27299,0
-0.79358,-0.269343,0,0,0,0,0.79358,0.269343,0
-0.801229,-0.265639,0,0,0,0,0.801229,0.265639,0
-0.808712,-0.261879,0,0,0,0,0.808712,0.261879,0
-0.81603,-0.258067,0,0,0,0,0.81603,0.258067,0
-0.823185,-0.254203,0,0,0,0,0.823185,0.254203,0
-0.83018,-0.250289,0,0,0,0,0.83018,0.250289,0
-0.837015,-0.246327,0,0,0,0,0.837015,0.246327,0
-0.843693,-0.242319,0,0,0,0,0.843693,0.242319,0
-0.850215,-0.238266,0,0,0,0,0.850215,0.238266,0
-0.856583,-0.23417,0,0,0,0,0.856583,0.23417,0
-0.862797,-0.230031,0,0,0,0,0.862797,0.230031,0
-0.86886,-0.225853,0,0,0,0,0.86886,0.225853,0
-0.874773,-0.221636,0,0,0,0,0.874773,0.221636,0
-0.880537,-0.21738,0,0,0,0,0.880537,0.21738,0
-0.886154,-0.213089,0,0,0,0,0.886154,0.213089,0
-0.891624,-0.208762,0,0,0,0,0.891624,0.208762,0
-0.89695,-0.204401,0,0,0,0,0.89695,0.204401,0
-0.902131,-0.200008,0,0,0,0,0.902131,0.200008,0
-0.907169,-0.195582,0,0,0,0,0.907169,0.195582,0
-0.912065,-0.191127,0,0,0,0,0.912065,0.191127,0
-0.916821,-0.186641,0,0,0,0,0.916821,0.186641,0
-0.921436,-0.182127,0,0,0,0,0.921436,0.182127,0
-0.925913,-0.177586,0,0,0,0,0.925913,0.177586,0
-0.930251,-0.173018,0,0,0,0,0.930251,0.173018,0
-0.934453,-0.168425,0,0,0,0,0.934453,0.168425,0
-0.938517,-0.163807,0,0,0,0,0.938517,0.163807,0
-0.942446,-0.159165,0,0,0,0,0.942446,0.159165,0
-0.94624,-0.154501,0,0,0,0,0.94624,0.154501,0
-0.9499,-0.149814,0,0,0,0,0.9499,0.149814,0
-0.953427,-0.145107,0,0,0,0,0.953427,0.145107,0
-0.95682,-0.140379,0,0,0,0,0.95682,0.140379,0
-0.960082,-0.135632,0,0,0,0,0.960082,0.135632,0
-0.963211,-0.130866,0,0,0,0,0.963211,0.130866,0
-0.96621,-0.126083,0,0,0,0,0.96621,0.126083,0
-0.969078,-0.121282,0,0,0,0,0.969078,0.121282,0
-0.971816,-0.116466,0,0,0,0,0.971816,0.116466,0
-0.974424,-0.111633,0,0,0,0,0.974424,0.111633,0
-0.976903,-0.106786,0,0,0,0,0.976903,0.106786,0
-0.979254,-0.101925,0,0,0,0,0.979254,0.101925,0
-0.981476,-0.0970507,0,0,0,0,0.981476,0.0970507,0
-0.983571,-0.0921635,0,0,0,0,0.983571,0.0921635,0
-0.985538,-0.0872644,0,0,0,0,0.985538,0.0872644,0
-0.987377,-0.082354,0,0,0,0,0.987377,0.082354,0
-0.98909,-0.0774331,0,0,0,0,0.98909,0.0774331,0
-0.990677,-0.0725022,0,0,0,0,0.990677,0.0725022,0
-0.992136,-0.0675621,0,0,0,0,0.992136,0.0675621,0
-0.99347,-0.0626134,0,0,0,0,0.99347,0.0626134,0
-0.994678,-0.0576568,0,0,0,0,0.994678,0.0576568,0
-0.99576,-0.0526929,0,0,0,0,0.99576,0.0526929,0
-0.996717,-0.0477223,0,0,0,0,0.996717,0.0477223,0
-0.997548,-0.0427458,0,0,0,0,0.997548,0.0427458,0
-0.998254,-0.0377638,0,0,0,0,0.998254,0.0377638,0
-0.998835,-0.0327771,0,0,0,0,0.998835,0.0327771,0
-0.999291,-0.0277864,0,0,0,0,0.999291,0.0277864,0
-0.999621,-0.0227921,0,0,0,0,0.999621,0.0227921,0
-0.999827,-0.017795,0,0,0,0,0.999827,0.017795,0
-0.999908,-0.0127957,0,0,0,0,0.999908,0.0127957,0
-0.999863,-0.00779477,0,0,0,0,0.999863,0.00779477,0
-0.999694,-0.00279287,0,0,0,0,0.999694,0.00279287,0
-0.9994,0.00220938,0,0,0,0,0.9994,-0.00220938,0
-0.99898,0.00721135,0,0,0,0,0.99898,-0.00721135,0
-0.998435,0.0122124,0,0,0,0,0.998435,-0.0122124,0
-0.997765,0.017212,0,0,0,0,0.997765,-0.017212,0
-0.996969,0.0222093,0,0,0,0,0.996969,-0.0222093,0
-0.996048,0.0272039,0,0,0,0,0.996048,-0.0272039,0
-0.995001,0.032195,0,0,0,0,0.995001,-0.032195,0
-0.993828,0.0371821,0,0,0,0,0.993828,-0.0371821,0
-0.992528,0.0421644,0,0,0,0,0.992528,-0.0421644,0
-0.991102,0.0471414,0,0,0,0,0.991102,-0.0471414,0
-0.989549,0.0521123,0,0,0,0,0.989549,-0.0521123,0
-0.987869,0.0570765,0,0,0,0,0.987869,-0.0570765,0
-0.986061,0.0620334,0,0,0,0,0.986061,-0.0620334,0
-0.984126,0.0669822,0,0,0,0,0.984126,-0.0669822,0
-0.982063,0.0719223,0,0,0,0,0.982063,-0.0719223,0
-0.97987,0.076853,0,0,0,0,0.97987,-0.076853,0
-0.977549,0.0817735,0,0,0,0,0.977549,-0.0817735,0
-0.975099,0.0866832,0,0,0,0,0.975099,-0.0866832,0
-0.972518,0.0915814,0,0,0,0,0.972518,-0.0915814,0
-0.969808,0.0964673,0,0,0,0,0.969808,-0.0964673,0
-0.966966,0.10134,0,0,0,0,0.966966,-0.10134,0
-0.963992,0.106199,0,0,0,0,0.963992,-0.106199,0
-0.960887,0.111044,0,0,0,0,0.960887,-0.111044,0
-0.957649,0.115873,0,0,0,0,0.957649,-0.115873,0
-0.954277,0.120686,0,0,0,0,0.954277,-0.120686,0
-0.950772,0.125482,0,0,0,0,0.950772,-0.125482,0
-0.947131,0.13026,0,0,0,0,0.947131,-0.13026,0
-0.943356,0.13502,0,0,0,0,0.943356,-0.13502,0
-0.939444,0.13976,0,0,0,0,0.939444,-0.13976,0
-0.935394,0.14448,0,0,0,0,0.935394,-0.14448,0
-0.931207,0.149179,0,0,0,0,0.931207,-0.149179,0
-0.926882,0.153855,0,0,0,0,0.926882,-0.153855,0
-0.922416,0.158508,0,0,0,0,0.922416,-0.158508,0
-0.91781,0.163137,0,0,0,0,0.91781,-0.163137,0
-0.913062,0.167741,0,0,0,0,0.913062,-0.167741,0
-0.908172,0.172318,0,0,0,0,0.908172,-0.172318,0
-0.903138,0.176868,0,0,0,0,0.903138,-0.176868,0
-0.897959,0.18139,0,0,0,0,0.897959,-0.18139,0
-0.892634,0.185883,0,0,0,0,0.892634,-0.185883,0
-0.887161,0.190344,0,0,0,0,0.887161,-0.190344,0
-0.881541,0.194774,0,0,0,0,0.881541,-0.194774,0
-0.87577,0.199171,0,0,0,0,0.87577,-0.199171,0
-0.869849,0.203533,0,0,0,0,0.869849,-0.203533,0
-0.863775,0.20786,0,0,0,0,0.863775,-0.20786,0
-0.857547,0.21215,0,0,0,0,0.857547,-0.21215,0
-0.851163,0.216401,0,0,0,0,0.851163,-0.216401,0
-0.844623,0.220612,0,0,0,0,0.844623,-0.220612,0
-0.837924,0.224782,0,0,0,0,0.837924,-0.224782,0
-0.831064,0.228909,0,0,0,0,0.831064,-0.228909,0
-0.824042,0.232991,0,0,0,0,0.824042,-0.232991,0
-0.816856,0.237026,0,0,0,0,0.816856,-0.237026,0
-0.809504,0.241014,0,0,0,0,0.809504,-0.241014,0
-0.801984,0.244951,0,0,0,0,0.801984,-0.244951,0
-0.794295,0.248837,0,0,0,0,0.794295,-0.248837,0
-0.786433,0.252669,0,0,0,0,0.786433,-0.252669,0
-0.778396,0.256444,0,0,0,0,0.778396,-0.256444,0
-0.770183,0.260162,0,0,0,0,0.770183,-0.260162,0
-0.761791,0.263819,0,0,0,0,0.761791,-0.263819,0
-0.753216,0.267412,0,0,0,0,0.753216,-0.267412,0
-0.744458,0.270941,0,0,0,0,0.744458,-0.270941,0
-0.735512,0.274401,0,0,0,0,0.735512,-0.274401,0
-0.726376,0.27779,0,0,0,0,0.726376,-0.27779,0
-0.717048,0.281106,0,0,0,0,0.717048,-0.281106,0
-0.707523,0.284345,0,0,0,0,0.707523,-0.284345,0
-0.697798,0.287503,0,0,0,0,0.697798,-0.287503,0
-0.687871,0.290578,0,0,0,0,0.687871,-0.290578,0
-0.677737,0.293565,0,0,0,0,0.677737,-0.293565,0
-0.667392,0.296462,0,0,0,0,0.667392,-0.296462,0
-0.656834,0.299263,0,0,0,0,0.656834,-0.299263,0
-0.646057,0.301965,0,0,0,0,0.646057,-0.301965,0
-0.635058,0.304563,0,0,0,0,0.635058,-0.304563,0
-0.623831,0.307051,0,0,0,0,0.623831,-0.307051,0
-0.612372,0.309426,0,0,0,0,0.612372,-0.309426,0
-0.600677,0.31168,0,0,0,0,0.600677,-0.31168,0
-0.588739,0.313809,0,0,0,0,0.588739,-0.313809,0
-0.576553,0.315806,0,0,0,0,0.576553,-0.315806,0
-0.564113,0.317664,0,0,0,0,0.564113,-0.317664,0
-0.551414,0.319375,0,0,0,0,0.551414,-0.319375,0
-0.538448,0.320932,0,0,0,0,0.538448,-0.320932,0
-0.525208,0.322327,0,0,0,0,0.525208,-0.322327,0
-0.511689,0.323549,0,0,0,0,0.511689,-0.323549,0
-0.49788,0.324588,0,0,0,0,0.49788,-0.324588,0
-0.483776,0.325434,0,0,0,0,0.483776,-0.325434,0
-0.469366,0.326075,0,0,0,0,0.469366,-0.326075,0
-0.454642,0.326498,0,0,0,0,0.454642,-0.326498,0
-0.439594,0.326687,0,0,0,0,0.439594,-0.326687,0
-0.424211,0.326628,0,0,0,0,0.424211,-0.326628,0
-0.408483,0.326303,0,0,0,0,0.408483,-0.326303,0
-0.392397,0.325692,0,0,0,0,0.392397,-0.325692,0
-0.375942,0.324774,0,0,0,0,0.375942,-0.324774,0
-0.359103,0.323524,0,0,0,0,0.359103,-0.323524,0
-0.341866,0.321916,0,0,0,0,0.341866,-0.321916,0
-0.324217,0.31992,0,0,0,0,0.324217,-0.31992,0
-0.306138,0.317499,0,0,0,0,0.306138,-0.317499,0
-0.287614,0.314616,0,0,0,0,0.287614,-0.314616,0
-0.268625,0.311224,0,0,0,0,0.268625,-0.311224,0
-0.249154,0.307272,0,0,0,0,0.249154,-0.307272,0
-0.229178,0.302698,0,0,0,0,0.229178,-0.302698,0
-0.20868,0.297432,0,0,0,0,0.20868,-0.297432,0
-0.187638,0.291389,0,0,0,0,0.187638,-0.291389,0
-0.166032,0.28447,0,0,0,0,0.166032,-0.28447,0
-0.143846,0.276554,0,0,0,0,0.143846,-0.276554,0
-0.121068,0.267494,0,0,0,0,0.121068,-0.267494,0
-0.0976921,0.257109,0,0,0,0,0.0976921,-0.257109,0
-0.073732,0.245175,0,0,0,0,0.073732,-0.245175,0
-0.0492264,0.231408,0,0,0,0,0.0492264,-0.231408,0
-0.0242629,0.215449,0,0,0,0,0.0242629,-0.215449,0
0.000986322,0.196836,0,0,0,0,-0.000986322,-0.196836,0
0.0261982,0.174986,0,0,0,0,-0.0261982,-0.174986,0
0.0507816,0.149179,0,0,0,0,-0.0507816,-0.149179,0
0.0736826,0.118616,0,0,0,0,-0.0736826,-0.118616,0
0.0931247,0.0826695,0,0,0,0,-0.0931247,-0.0826695,0
0.106512,0.0415215,0,0,0,0,-0.106512,-0.0415215,0
0.111129,-0.00293447,0,0,0,0,-0.111129,0.00293447,0
0.105882,-0.0471439,0,0,0,0,-0.105882,0.0471439,0
0.0922406,-0.087744,0,0,0,0,-0.0922406,0.087744,0
0.072969,-0.123162,0,0,0,0,-0.072969,0.123162,0
0.0505143,-0.153381,0,0,0,0,-0.0505143,0.153381,0
0.0265049,-0.179053,0,0,0,0,-0.0265049,0.179053,0
0.00190337,-0.200942,0,0,0,0,-0.00190337,0.200942,0
-0.0227467,-0.219725,0,0,0,0,0.0227467,0.219725,0
-0.0471438,-0.23595,0,0,0,0,0.0471438,0.23595,0
-0.0711242,-0.25005,0,0,0,0,0.0711242,0.25005,0
-0.094602,-0.262365,0,0,0,0,0.094602,0.262365,0
-0.117537,-0.273164,0,0,0,0,0.117537,0.273164,0
-0.139914,-0.282662,0,0,0,0,0.139914,0.282662,0
-0.161735,-0.29103,0,0,0,0,0.161735,0.29103,0
-0.183008,-0.298411,0,0,0,0,0.183008,0.298411,0
-0.203748,-0.304921,0,0,0,0,0.203748,0.304921,0
-0.223972,-0.310657,0,0,0,0,0.223972,0.310657,0
-0.243698,-0.3157,0,0,0,0,0.243698,0.3157,0
-0.262943,-0.320121,0,0,0,0,0.262943,0.320121,0
-0.281726,-0.323978,0,0,0,0,0.281726,0.323978,0
-0.300064,-0.327323,0,0,0,0,0.300064,0.327323,0
-0.317973,-0.3302,0,0,0,0,0.317973,0.3302,0
-0.33547,-0.332648,0,0,0,0,0.33547,0.332648,0
-0.352569,-0.334701,0,0,0,0,0.352569,0.334701,0
-0.369284,-0.33639,0,0,0,0,0.369284,0.33639,0
-0.385629,-0.337742,0,0,0,0,0.385629,0.337742,0
-0.401616,-0.338779,0,0,0,0,0.401616,0.338779,0
-0.417257,-0.339525,0,0,0,0,0.417257,0.339525,0
-0.432562,-0.339998,0,0,0,0,0.432562,0.339998,0
-0.447544,-0.340215,0,0,0,0,0.447544,0.340215,0
-0.46221,-0.340194,0,0,0,0,0.46221,0.340194,0
-0.47657,-0.339947,0,0,0,0,0.47657,0.339947,0
-0.490633,-0.339488,0,0,0,0,0.490633,0.339488,0
-0.504408,-0.338829,0,0,0,0,0.504408,0.338829,0
-0.517902,-0.337981,0,0,0,0,0.517902,0.337981,0
-0.531121,-0.336955,0,0,0,0,0.531121,0.336955,0
-0.544074,-0.335759,0,0,0,0,0.544074,0.335759,0
-0.556767,-0.334403,0,0,0,0,0.556767,0.334403,0
-0.569206,-0.332894,0,0,0,0,0.569206,0.332894,0
-0.581396,-0.33124,0,0,0,0,0.581396,0.33124,0
-0.593344,-0.329448,0,0,0,0,0.593344,0.329448,0
-0.605055,-0.327524,0,0,0,0,0.605055,0.327524,0
-0.616533,-0.325474,0,0,0,0,0.616533,0.325474,0
-0.627784,-0.323304,0,0,0,0,0.627784,0.323304,0
-0.638812,-0.321019,0,0,0,0,0.638812,0.321019,0
-0.649622,-0.318625,0,0,0,0,0.649622,0.318625,0
-0.660217,-0.316125,0,0,0,0,0.660217,0.316125,0
-0.670601,-0.313525,0,0,0,0,0.670601,0.313525,0
-0.680779,-0.310828,0,0,0,0,0.680779,0.310828,0
-0.690754,-0.308038,0,0,0,0,0.690754,0.308038,0
-0.70053,-0.305159,0,0,0,0,0.70053,0.305159,0
-0.710109,-0.302195,0,0,0,0,0.710109,0.302195,0
-0.719495,-0.299148,0,0,0,0,0.719495,0.299148,0
-0.728691,-0.296022,0,0,0,0,0.728691,0.296022,0
-0.737699,-0.292821,0,0,0,0,0.737699,0.292821,0
-0.746524,-0.289546,0,0,0,0,0.746524,0.289546,0
-0.755166,-0.2862,0,0,0,0,0.755166,0.2862,0
-0.763629,-0.282787,0,0,0,0,0.763629,0.282787,0
-0.771916,-0.279308,0,0,0,0,0.771916,0.279308,0
-0.780028,-0.275766,0,0,0,0,0.780028,0.275766,0
-0.787968,-0.272164,0,0,0,0,0.787968,0.272164,0
-0.795737,-0.268502,0,0,0,0,0.795737,0.268502,0
-0.803339,-0.264784,0,0,0,0,0.803339,0.264784,0
-0.810775,-0.261011,0,0,0,0,0.810775,0.261011,0
-0.818047,-0.257185,0,0,0,0,0.818047,0.257185,0
-0.825157,-0.253308,0,0,0,0,0.825157,0.253308,0
-0.832106,-0.249383,0,0,0,0,0.832106,0.249383,0
-0.838897,-0.245409,0,0,0,0,0.838897,0.245409,0
-0.84553,-0.24139,0,0,0,0,0.84553,0.24139,0
-0.852008,-0.237326,0,0,0,0,0.852008,0.237326,0
-0.858333,-0.233219,0,0,0,0,0.858333,0.233219,0
-0.864504,-0.229071,0,0,0,0,0.864504,0.229071,0
-0.870525,-0.224883,0,0,0,0,0.870525,0.224883,0
-0.876396,-0.220656,0,0,0,0,0.876396,0.220656,0
-0.882118,-0.216392,0,0,0,0,0.882118,0.216392,0
-0.887694,-0.212091,0,0,0,0,0.887694,0.212091,0
-0.893123,-0.207756,0,0,0,0,0.893123,0.207756,0
-0.898408,-0.203387,0,0,0,0,0.898408,0.203387,0
-0.903549,-0.198986,0,0,0,0,0.903549,0.198986,0
-0.908547,-0.194553,0,0,0,0,0.908547,0.194553,0
-0.913404,-0.19009,0,0,0,0,0.913404,0.19009,0
-0.91812,-0.185597,0,0,0,0,0.91812,0.185597,0
-0.922696,-0.181077,0,0,0,0,0.922696,0.181077,0
-0.927134,-0.176529,0,0,0,0,0.927134,0.176529,0
-0.931434,-0.171955,0,0,0,0,0.931434,0.171955,0
-0.935597,-0.167355,0,0,0,0,0.935597,0.167355,0
-0.939623,-0.162731,0,0,0,0,0.939623,0.162731,0
-0.943515,-0.158084,0,0,0,0,0.943515,0.158084,0
-0.947271,-0.153414,0,0,0,0,0.947271,0.153414,0
-0.950894,-0.148723,0,0,0,0,0.950894,0.148723,0
-0.954383,-0.144011,0,0,0,0,0.954383,0.144011,0
-0.957739,-0.139278,0,0,0,0,0.957739,0.139278,0
-0.960964,-0.134527,0,0,0,0,0.960964,0.134527,0
-0.964057,-0.129757,0,0,0,0,0.964057,0.129757,0
-0.967019,-0.124969,0,0,0,0,0.967019,0.124969,0
-0.96985,-0.120164,0,0,0,0,0.96985,0.120164,0
-0.972552,-0.115344,0,0,0,0,0.972552,0.115344,0
-0.975124,-0.110508,0,0,0,0,0.975124,0.110508,0
-0.977568,-0.105657,0,0,0,0,0.977568,0.105657,0
-0.979882,-0.100793,0,0,0,0,0.979882,0.100793,0
-0.982069,-0.0959153,0,0,0,0,0.982069,0.0959153,0
-0.984128,-0.0910252,0,0,0,0,0.984128,0.0910252,0
-0.986059,-0.0861233,0,0,0,0,0.986059,0.0861233,0
-0.987864,-0.0812103,0,0,0,0,0.987864,0.0812103,0
-0.989541,-0.0762869,0,0,0,0,0.989541,0.0762869,0
-0.991092,-0.0713538,0,0,0,0,0.991092,0.0713538,0
-0.992517,-0.0664115,0,0,0,0,0.992517,0.0664115,0
-0.993816,-0.0614608,0,0,0,0,0.993816,0.0614608,0
-0.994989,-0.0565023,0,0,0,0,0.994989,0.0565023,0
-0.996036,-0.0515367,0,0,0,0,0.996036,0.0515367,0
-0.996957,-0.0465646,0,0,0,0,0.996957,0.0465646,0
-0.997754,-0.0415867,0,0,0,0,0.997754,0.0415867,0
-0.998425,-0.0366035,0,0,0,0,0.998425,0.0366035,0
-0.998971,-0.0316157,0,0,0,0,0.998971,0.0316157,0
-0.999392,-0.026624,0,0,0,0,0.999392,0.026624,0
-0.999688,-0.0216289,0,0,0,0,0.999688,0.0216289,0
-0.999859,-0.0166312,0,0,0,0,0.999859,0.0166312,0
-0.999904,-0.0116313,0,0,0,0,0.999904,0.0116313,0
-0.999825,-0.00663002,0,0,0,0,0.999825,0.00663002,0
-0.999621,-0.0016279,0,0,0,0,0.999621,0.0016279,0
-0.999292,0.00337443,0,0,0,0,0.999292,-0.00337443,0
-0.998837,0.00837634,0,0,0,0,0.998837,-0.00837634,0
-0.998258,0.0133772,0,0,0,0,0.998258,-0.0133772,0
-0.997553,0.0183764,0,0,0,0,0.997553,-0.0183764,0
-0.996722,0.0233732,0,0,0,0,0.996722,-0.0233732,0
-0.995766,0.0283671,0,0,0,0,0.995766,-0.0283671,0
-0.994683,0.0333575,0,0,0,0,0.994683,-0.0333575,0
-0.993475,0.0383436,0,0,0,0,0.993475,-0.0383436,0
-0.99214,0.0433248,0,0,0,0,0.99214,-0.0433248,0
-0.990679,0.0483005,0,0,0,0,0.990679,-0.0483005,0
-0.98909,0.05327,0,0,0,0,0.98909,-0.05327,0
-0.987375,0.0582326,0,0,0,0,0.987375,-0.0582326,0
-0.985532,0.0631877,0,0,0,0,0.985532,-0.0631877,0
-0.983561,0.0681347,0,0,0,0,0.983561,-0.0681347,0
-0.981461,0.0730727,0,0,0,0,0.981461,-0.0730727,0
-0.979233,0.0780011,0,0,0,0,0.979233,-0.0780011,0
-0.976876,0.0829193,0,0,0,0,0.976876,-0.0829193,0
-0.97439,0.0878265,0,0,0,0,0.97439,-0.0878265,0
-0.971773,0.0927219,0,0,0,0,0.971773,-0.0927219,0
-0.969025,0.0976049,0,0,0,0,0.969025,-0.0976049,0
-0.966147,0.102475,0,0,0,0,0.966147,-0.102475,0
-0.963137,0.10733,0,0,0,0,0.963137,-0.10733,0
-0.959994,0.112172,0,0,0,0,0.959994,-0.112172,0
-0.956719,0.116997,0,0,0,0,0.956719,-0.116997,0
-0.95331,0.121806,0,0,0,0,0.95331,-0.121806,0
-0.949767,0.126598,0,0,0,0,0.949767,-0.126598,0
-0.946089,0.131372,0,0,0,0,0.946089,-0.131372,0
-0.942275,0.136128,0,0,0,0,0.942275,-0.136128,0
-0.938324,0.140863,0,0,0,0,0.938324,-0.140863,0
-0.934237,0.145578,0,0,0,0,0.934237,-0.145578,0
-0.930011,0.150271,0,0,0,0,0.930011,-0.150271,0
-0.925646,0.154942,0,0,0,0,0.925646,-0.154942,0
-0.921141,0.15959,0,0,0,0,0.921141,-0.15959,0
-0.916496,0.164213,0,0,0,0,0.916496,-0.164213,0
-0.911708,0.16881,0,0,0,0,0.911708,-0.16881,0
-0.906777,0.173381,0,0,0,0,0.906777,-0.173381,0
-0.901703,0.177925,0,0,0,0,0.901703,-0.177925,0
-0.896483,0.18244,0,0,0,0,0.896483,-0.18244,0
-0.891116,0.186925,0,0,0,0,0.891116,-0.186925,0
-0.885603,0.191379,0,0,0,0,0.885603,-0.191379,0
-0.87994,0.195801,0,0,0,0,0.87994,-0.195801,0
-0.874127,0.20019,0,0,0,0,0.874127,-0.20019,0
-0.868163,0.204544,0,0,0,0,0.868163,-0.204544,0
-0.862046,0.208862,0,0,0,0,0.862046,-0.208862,0
-0.855774,0.213142,0,0,0,0,0.855774,-0.213142,0
-0.849346,0.217384,0,0,0,0,0.849346,-0.217384,0
-0.842761,0.221585,0,0,0,0,0.842761,-0.221585,0
-0.836017,0.225744,0,0,0,0,0.836017,-0.225744,0
-0.829111,0.22986,0,0,0,0,0.829111,-0.22986,0
-0.822043,0.233931,0,0,0,0,0.822043,-0.233931,0
-0.814811,0.237955,0,0,0,0,0.814811,-0.237955,0
-0.807411,0.24193,0,0,0,0,0.807411,-0.24193,0
-0.799844,0.245855,0,0,0,0,0.799844,-0.245855,0
-0.792105,0.249728,0,0,0,0,0.792105,-0.249728,0
-0.784194,0.253545,0,0,0,0,0.784194,-0.253545,0
-0.776108,0.257307,0,0,0,0,0.776108,-0.257307,0
-0.767844,0.261009,0,0,0,0,0.767844,-0.261009,0
-0.7594,0.26465,0,0,0,0,0.7594,-0.26465,0
-0.750774,0.268228,0,0,0,0,0.750774,-0.268228,0
-0.741962,0.271739,0,0,0,0,0.741962,-0.271739,0
-0.732963,0.275182,0,0,0,0,0.732963,-0.275182,0
-0.723773,0.278553,0,0,0,0,0.723773,-0.278553,0
-0.714388,0.281849,0,0,0,0,0.714388,-0.281849,0
-0.704807,0.285068,0,0,0,0,0.704807,-0.285068,0
-0.695025,0.288205,0,0,0,0,0.695025,-0.288205,0
-0.685038,0.291258,0,0,0,0,0.685038,-0.291258,0
-0.674845,0.294222,0,0,0,0,0.674845,-0.294222,0
-0.66444,0.297094,0,0,0,0,0.66444,-0.297094,0
-0.653819,0.29987,0,0,0,0,0.653819,-0.29987,0
-0.642979,0.302546,0,0,0,0,0.642979,-0.302546,0
-0.631915,0.305115,0,0,0,0,0.631915,-0.305115,0
-0.620622,0.307575,0,0,0,0,0.620622,-0.307575,0
-0.609096,0.309918,0,0,0,0,0.609096,-0.309918,0
-0.597331,0.312141,0,0,0,0,0.597331,-0.312141,0
-0.585323,0.314235,0,0,0,0,0.585323,-0.314235,0
-0.573064,0.316196,0,0,0,0,0.573064,-0.316196,0
-0.560551,0.318016,0,0,0,0,0.560551,-0.318016,0
-0.547775,0.319687,0,0,0,0,0.547775,-0.319687,0
-0.534731,0.321201,0,0,0,0,0.534731,-0.321201,0
-0.521412,0.32255,0,0,0,0,0.521412,-0.32255,0
-0.50781,0.323724,0,0,0,0,0.50781,-0.323724,0
-0.493917,0.324713,0,0,0,0,0.493917,-0.324713,0
-0.479725,0.325505,0,0,0,0,0.479725,-0.325505,0
-0.465225,0.326088,0,0,0,0,0.465225,-0.326088,0
-0.450408,0.326449,0,0,0,0,0.450408,-0.326449,0
-0.435264,0.326573,0,0,0,0,0.435264,-0.326573,0
-0.419783,0.326443,0,0,0,0,0.419783,-0.326443,0
-0.403952,0.326041,0,0,0,0,0.403952,-0.326041,0
-0.38776,0.325348,0,0,0,0,0.38776,-0.325348,0
-0.371194,0.324341,0,0,0,0,0.371194,-0.324341,0
-0.354241,0.322996,0,0,0,0,0.354241,-0.322996,0
-0.336886,0.321283,0,0,0,0,0.336886,-0.321283,0
-0.319114,0.319173,0,0,0,0,0.319114,-0.319173,0
-0.300907,0.316627,0,0,0,0,0.300907,-0.316627,0
-0.28225,0.313607,0,0,0,0,0.28225,-0.313607,0
-0.263122,0.310064,0,0,0,0,0.263122,-0.310064,0
-0.243505,0.305944,0,0,0,0,0.243505,-0.305944,0
-0.223379,0.301183,0,0,0,0,0.223379,-0.301183,0
-0.202724,0.295707,0,0,0,0,0.202724,-0.295707,0
-0.181518,0.289428,0,0,0,0,0.181518,-0.289428,0
-0.159744,0.28224,0,0,0,0,0.159744,-0.28224,0
-0.137385,0.274015,0,0,0,0,0.137385,-0.274015,0
-0.114431,0.264597,0,0,0,0,0.114431,-0.264597,0
-0.0908805,0.253796,0,0,0,0,0.0908805,-0.253796,0
-0.0667531,0.241369,0,0,0,0,0.0667531,-0.241369,0
-0.0420988,0.227015,0,0,0,0,0.0420988,-0.227015,0
-0.017025,0.210347,0,0,0,0,0.017025,-0.210347,0
0.00826127,0.19087,0,0,0,0,-0.00826127,-0.19087,0
0.0333744,0.16796,0,0,0,0,-0.0333744,-0.16796,0
0.0576134,0.140863,0,0,0,0,-0.0576134,-0.140863,0
0.0797421,0.108792,0,0,0,0,-0.0797421,-0.108792,0
0.0977368,0.0712643,0,0,0,0,-0.0977368,-0.0712643,0
0.10884,0.0288747,0,0,0,0,-0.10884,-0.0288747,0
0.110608,-0.0159122,0,0,0,0,-0.110608,0.0159122,0
0.102694,-0.0593586,0,0,0,0,-0.102694,0.0593586,0
0.0871408,-0.0985376,0,0,0,0,-0.0871408,0.0985376,0
0.0667401,-0.132412,0,0,0,0,-0.0667401,0.132412,0
0.04371,-0.161241,0,0,0,0,-0.04371,0.161241,0
0.0194598,-0.185748,0,0,0,0,-0.0194598,0.185748,0
-0.0051925,-0.206679,0,0,0,0,0.0051925,0.206679,0
-0.0297876,-0.224677,0,0,0,0,0.0297876,0.224677,0
-0.0540721,-0.240253,0,0,0,0,0.0540721,0.240253,0
-0.0779093,-0.253811,0,0,0,0,0.0779093,0.253811,0
-0.101229,-0.265669,0,0,0,0,0.101229,0.265669,0
-0.124,-0.276077,0,0,0,0,0.124,0.276077,0
-0.146213,-0.285238,0,0,0,0,0.146213,0.285238,0
-0.167872,-0.293313,0,0,0,0,0.167872,0.293313,0
-0.188987,-0.300437,0,0,0,0,0.188987,0.300437,0
-0.209574,-0.306719,0,0,0,0,0.209574,0.306719,0
-0.22965,-0.312252,0,0,0,0,0.22965,0.312252,0
-0.249233,-0.317114,0,0,0,0,0.249233,0.317114,0
-0.268341,-0.32137,0,0,0,0,0.268341,0.32137,0
-0.286992,-0.325079,0,0,0,0,0.286992,0.325079,0
-0.305203,-0.328289,0,0,0,0,0.305203,0.328289,0
-0.322991,-0.331043,0,0,0,0,0.322991,0.331043,0
-0.34037,-0.333379,0,0,0,0,0.34037,0.333379,0
-0.357356,-0.335328,0,0,0,0,0.357356,0.335328,0
-0.373962,-0.336922,0,0,0,0,0.373962,0.336922,0
-0.390202,-0.338185,0,0,0,0,0.390202,0.338185,0
-0.406087,-0.33914,0,0,0,0,0.406087,0.33914,0
-0.421629,-0.339809,0,0,0,0,0.421629,0.339809,0
-0.43684,-0.340211,0,0,0,0,0.43684,0.340211,0
-0.451728,-0.340362,0,0,0,0,0.451728,0.340362,0
-0.466305,-0.340277,0,0,0,0,0.466305,0.340277,0
-0.480579,-0.339972,0,0,0,0,0.480579,0.339972,0
-0.494558,-0.339458,0,0,0,0,0.494558,0.339458,0
-0.50825,-0.338747,0,0,0,0,0.50825,0.338747,0
-0.521664,-0.33785,0,0,0,0,0.521664,0.33785,0
-0.534806,-0.336778,0,0,0,0,0.534806,0.336778,0
-0.547684,-0.335539,0,0,0,0,0.547684,0.335539,0
-0.560302,-0.334141,0,0,0,0,0.560302,0.334141,0
-0.572669,-0.332593,0,0,0,0,0.572669,0.332593,0
-0.584789,-0.330901,0,0,0,0,0.584789,0.330901,0
-0.596668,-0.329074,0,0,0,0,0.596668,0.329074,0
-0.608312,-0.327116,0,0,0,0,0.608312,0.327116,0
-0.619724,-0.325034,0,0,0,0,0.619724,0.325034,0
-0.630911,-0.322833,0,0,0,0,0.630911,0.322833,0
-0.641876,-0.320519,0,0,0,0,0.641876,0.320519,0
-0.652623,-0.318097,0,0,0,0,0.652623,0.318097,0
-0.663158,-0.315571,0,0,0,0,0.663158,0.315571,0
-0.673483,-0.312945,0,0,0,0,0.673483,0.312945,0
-0.683602,-0.310223,0,0,0,0,0.683602,0.310223,0
-0.69352,-0.30741,0,0,0,0,0.69352,0.30741,0
-0.703239,-0.304509,0,0,0,0,0.703239,0.304509,0
-0.712763,-0.301523,0,0,0,0,0.712763,0.301523,0
-0.722094,-0.298456,0,0,0,0,0.722094,0.298456,0
-0.731236,-0.29531,0,0,0,0,0.731236,0.29531,0
-0.740192,-0.29209,0,0,0,0,0.740192,0.29209,0
-0.748964,-0.288797,0,0,0,0,0.748964,0.288797,0
-0.757556,-0.285434,0,0,0,0,0.757556,0.285434,0
-0.765968,-0.282004,0,0,0,0,0.765968,0.282004,0
-0.774205,-0.278509,0,0,0,0,0.774205,0.278509,0
-0.782268,-0.274951,0,0,0,0,0.782268,0.274951,0
-0.790159,-0.271333,0,0,0,0,0.790159,0.271333,0
-0.797881,-0.267657,0,0,0,0,0.797881,0.267657,0
-0.805436,-0.263925,0,0,0,0,0.805436,0.263925,0
-0.812825,-0.260139,0,0,0,0,0.812825,0.260139,0
-0.820051,-0.2563,0,0,0,0,0.820051,0.2563,0
-0.827115,-0.252411,0,0,0,0,0.827115,0.252411,0
-0.834019,-0.248473,0,0,0,0,0.834019,0.248473,0
-0.840765,-0.244488,0,0,0,0,0.840765,0.244488,0
-0.847355,-0.240458,0,0,0,0,0.847355,0.240458,0
-0.85379,-0.236383,0,0,0,0,0.85379,0.236383,0
-0.860071,-0.232266,0,0,0,0,0.860071,0.232266,0
-0.8662,-0.228108,0,0,0,0,0.8662,0.228108,0
-0.872178,-0.22391,0,0,0,0,0.872178,0.22391,0
-0.878007,-0.219674,0,0,0,0,0.878007,0.219674,0
-0.883688,-0.215401,0,0,0,0,0.883688,0.215401,0
-0.889222,-0.211092,0,0,0,0,0.889222,0.211092,0
-0.894611,-0.206748,0,0,0,0,0.894611,0.206748,0
-0.899855,-0.202371,0,0,0,0,0.899855,0.202371,0
-0.904955,-0.197962,0,0,0,0,0.904955,0.197962,0
-0.909914,-0.193522,0,0,0,0,0.909914,0.193522,0
-0.914731,-0.189051,0,0,0,0,0.914731,0.189051,0
-0.919408,-0.184552,0,0,0,0,0.919408,0.184552,0
-0.923945,-0.180025,0,0,0,0,0.923945,0.180025,0
-0.928344,-0.17547,0,0,0,0,0.928344,0.17547,0
-0.932606,-0.17089,0,0,0,0,0.932606,0.17089,0
-0.93673,-0.166285,0,0,0,0,0.93673,0.166285,0
-0.940719,-0.161655,0,0,0,0,0.940719,0.161655,0
-0.944572,-0.157002,0,0,0,0,0.944572,0.157002,0
-0.948291,-0.152327,0,0,0,0,0.948291,0.152327,0
-0.951876,-0.14763,0,0,0,0,0.951876,0.14763,0
-0.955328,-0.142913,0,0,0,0,0.955328,0.142913,0
-0.958648,-0.138176,0,0,0,0,0.958648,0.138176,0
-0.961836,-0.13342,0,0,0,0,0.961836,0.13342,0
-0.964892,-0.128646,0,0,0,0,0.964892,0.128646,0
-0.967817,-0.123854,0,0,0,0,0.967817,0.123854,0
-0.970613,-0.119045,0,0,0,0,0.970613,0.119045,0
-0.973278,-0.114221,0,0,0,0,0.973278,0.114221,0
-0.975814,-0.109382,0,0,0,0,0.975814,0.109382,0
-0.978222,-0.104528,0,0,0,0,0.978222,0.104528,0
-0.980501,-0.0996599,0,0,0,0,0.980501,0.0996599,0
-0.982652,-0.0947793,0,0,0,0,0.982652,0.0947793,0
-0.984675,-0.0898862,0,0,0,0,0.984675,0.0898862,0
-0.986571,-0.0849816,0,0,0,0,0.986571,0.0849816,0
-0.98834,-0.080066,0,0,0,0,0.98834,0.080066,0
-0.989982,-0.0751402,0,0,0,0,0.989982,0.0751402,0
-0.991498,-0.0702048,0,0,0,0,0.991498,0.0702048,0
-0.992888,-0.0652604,0,0,0,0,0.992888,0.0652604,0
-0.994151,-0.0603077,0,0,0,0,0.994151,0.0603077,0
-0.995289,-0.0553474,0,0,0,0,0.995289,0.0553474,0
-0.996301,-0.0503802,0,0,0,0,0.996301,0.0503802,0
-0.997188,-0.0454066,0,0,0,0,0.997188,0.0454066,0
-0.99795,-0.0404272,0,0,0,0,0.99795,0.0404272,0
-0.998586,-0.0354428,0,0,0,0,0.998586,0.0354428,0
-0.999097,-0.030454,0,0,0,0,0.999097,0.030454,0
-0.999483,-0.0254614,0,0,0,0,0.999483,0.0254614,0
-0.999744,-0.0204655,0,0,0,0,0.999744,0.0204655,0
-0.99988,-0.0154671,0,0,0,0,0.99988,0.0154671,0
-0.999891,-0.0104668,0,0,0,0,0.999891,0.0104668,0
-0.999777,-0.00546518,0,0,0,0,0.999777,0.00546518,0
-0.999539,-0.00046286,0,0,0,0,0.999539,0.00046286,0
-0.999174,0.00453951,0,0,0,0,0.999174,-0.00453951,0
-0.998685,0.00954132,0,0,0,0,0.998685,-0.00954132,0
-0.998071,0.0145419,0,0,0,0,0.998071,-0.0145419,0
-0.99733,0.0195407,0,0,0,0,0.99733,-0.0195407,0
-0.996465,0.024537,0,0,0,0,0.996465,-0.024537,0
-0.995473,0.0295302,0,0,0,0,0.995473,-0.0295302,0
-0.994356,0.0345197,0,0,0,0,0.994356,-0.0345197,0
-0.993112,0.0395048,0,0,0,0,0.993112,-0.0395048,0
-0.991742,0.0444849,0,0,0,0,0.991742,-0.0444849,0
-0.990246,0.0494593,0,0,0,0,0.990246,-0.0494593,0
-0.988622,0.0544273,0,0,0,0,0.988622,-0.0544273,0
-0.986871,0.0593884,0,0,0,0,0.986871,-0.0593884,0
-0.984992,0.0643417,0,0,0,0,0.984992,-0.0643417,0
-0.982985,0.0692867,0,0,0,0,0.982985,-0.0692867,0
-0.98085,0.0742226,0,0,0,0,0.98085,-0.0742226,0
-0.978586,0.0791488,0,0,0,0,0.978586,-0.0791488,0
-0.976193,0.0840646,0,0,0,0,0.976193,-0.0840646,0
-0.97367,0.0889691,0,0,0,0,0.97367,-0.0889691,0
-0.971017,0.0938618,0,0,0,0,0.971017,-0.0938618,0
-0.968233,0.0987418,0,0,0,0,0.968233,-0.0987418,0
-0.965318,0.103608,0,0,0,0,0.965318,-0.103608,0
-0.962271,0.108461,0,0,0,0,0.962271,-0.108461,0
-0.959091,0.113298,0,0,0,0,0.959091,-0.113298,0
-0.955779,0.11812,0,0,0,0,0.955779,-0.11812,0
-0.952332,0.122926,0,0,0,0,0.952332,-0.122926,0
-0.948751,0.127714,0,0,0,0,0.948751,-0.127714,0
-0.945035,0.132483,0,0,0,0,0.945035,-0.132483,0
-0.941183,0.137234,0,0,0,0,0.941183,-0.137234,0
-0.937195,0.141965,0,0,0,0,0.937195,-0.141965,0
-0.933068,0.146675,0,0,0,0,0.933068,-0.146675,0
-0.928804,0.151363,0,0,0,0,0.928804,-0.151363,0
-0.9244,0.156028,0,0,0,0,0.9244,-0.156028,0
-0.919855,0.16067,0,0,0,0,0.919855,-0.16067,0
-0.91517,0.165287,0,0,0,0,0.91517,-0.165287,0
-0.910342,0.169878,0,0,0,0,0.910342,-0.169878,0
-0.905371,0.174443,0,0,0,0,0.905371,-0.174443,0
-0.900256,0.17898,0,0,0,0,0.900256,-0.17898,0
-0.894995,0.183488,0,0,0,0,0.894995,-0.183488,0
-0.889587,0.187966,0,0,0,0,0.889587,-0.187966,0
-0.884032,0.192412,0,0,0,0,0.884032,-0.192412,0
-0.878327,0.196826,0,0,0,0,0.878327,-0.196826,0
-0.872472,0.201207,0,0,0,0,0.872472,-0.201207,0
-0.866465,0.205552,0,0,0,0,0.866465,-0.205552,0
-0.860304,0.209861,0,0,0,0,0.860304,-0.209861,0
-0.853988,0.214132,0,0,0,0,0.853988,-0.214132,0
-0.847517,0.218364,0,0,0,0,0.847517,-0.218364,0
-0.840887,0.222555,0,0,0,0,0.840887,-0.222555,0
-0.834097,0.226704,0,0,0,0,0.834097,-0.226704,0
-0.827146,0.230809,0,0,0,0,0.827146,-0.230809,0
-0.820031,0.234869,0,0,0,0,0.820031,-0.234869,0
-0.812752,0.238881,0,0,0,0,0.812752,-0.238881,0
-0.805305,0.242844,0,0,0,0,0.805305,-0.242844,0
-0.797689,0.246756,0,0,0,0,0.797689,-0.246756,0
-0.789902,0.250615,0,0,0,0,0.789902,-0.250615,0
-0.781941,0.254419,0,0,0,0,0.781941,-0.254419,0
-0.773805,0.258165,0,0,0,0,0.773805,-0.258165,0
-0.76549,0.261853,0,0,0,0,0.76549,-0.261853,0
-0.756995,0.265478,0,0,0,0,0.756995,-0.265478,0
-0.748316,0.269039,0,0,0,0,0.748316,-0.269039,0
-0.739452,0.272534,0,0,0,0,0.739452,-0.272534,0
-0.730398,0.275958,0,0,0,0,0.730398,-0.275958,0
-0.721153,0.279311,0,0,0,0,0.721153,-0.279311,0
-0.711713,0.282587,0,0,0,0,0.711713,-0.282587,0
-0.702074,0.285785,0,0,0,0,0.702074,-0.285785,0
-0.692234,0.288901,0,0,0,0,0.692234,-0.288901,0
-0.682189,0.291932,0,0,0,0,0.682189,-0.291932,0
-0.671936,0.294873,0,0,0,0,0.671936,-0.294873,0
-0.661469,0.297721,0,0,0,0,0.661469,-0.297721,0
-0.650786,0.300471,0,0,0,0,0.650786,-0.300471,0
-0.639883,0.303119,0,0,0,0,0.639883,-0.303119,0
-0.628753,0.305661,0,0,0,0,0.628753,-0.305661,0
-0.617394,0.30809,0,0,0,0,0.617394,-0.30809,0
-0.6058,0.310403,0,0,0,0,0.6058,-0.310403,0
-0.593966,0.312592,0,0,0,0,0.593966,-0.312592,0
-0.581886,0.314652,0,0,0,0,0.581886,-0.314652,0
-0.569555,0.316576,0,0,0,0,0.569555,-0.316576,0
-0.556966,0.318357,0,0,0,0,0.556966,-0.318357,0
-0.544114,0.319987,0,0,0,0,0.544114,-0.319987,0
-0.530992,0.321459,0,0,0,0,0.530992,-0.321459,0
-0.517592,0.322762,0,0,0,0,0.517592,-0.322762,0
-0.503906,0.323887,0,0,0,0,0.503906,-0.323887,0
-0.489928,0.324824,0,0,0,0,0.489928,-0.324824,0
-0.475648,0.325561,0,0,0,0,0.475648,-0.325561,0
-0.461057,0.326085,0,0,0,0,0.461057,-0.326085,0
-0.446147,0.326383,0,0,0,0,0.446147,-0.326383,0
-0.430906,0.326439,0,0,0,0,0.430906,-0.326439,0
-0.415325,0.326237,0,0,0,0,0.415325,-0.326237,0
-0.39939,0.325758,0,0,0,0,0.39939,-0.325758,0
-0.383091,0.324981,0,0,0,0,0.383091,-0.324981,0
-0.366415,0.323883,0,0,0,0,0.366415,-0.323883,0
-0.349346,0.322439,0,0,0,0,0.349346,-0.322439,0
-0.331871,0.32062,0,0,0,0,0.331871,-0.32062,0
-0.313974,0.318392,0,0,0,0,0.313974,-0.318392,0
-0.295638,0.315719,0,0,0,0,0.295638,-0.315719,0
-0.276845,0.312558,0,0,0,0,0.276845,-0.312558,0
-0.257577,0.308859,0,0,0,0,0.257577,-0.308859,0
-0.237813,0.304566,0,0,0,0,0.237813,-0.304566,0
-0.217534,0.299612,0,0,0,0,0.217534,-0.299612,0
-0.19672,0.293919,0,0,0,0,0.19672,-0.293919,0
-0.17535,0.287394,0,0,0,0,0.17535,-0.287394,0
-0.153406,0.279925,0,0,0,0,0.153406,-0.279925,0
-0.130872,0.271379,0,0,0,0,0.130872,-0.271379,0
-0.107742,0.261589,0,0,0,0,0.107742,-0.261589,0
-0.0840182,0.25035,0,0,0,0,0.0840182,-0.25035,0
-0.0597274,0.237407,0,0,0,0,0.0597274,-0.237407,0
-0.0349329,0.222433,0,0,0,0,0.0349329,-0.222433,0
-0.00976514,0.205014,0,0,0,0,0.00976514,-0.205014,0
0.0155271,0.18462,0,0,0,0,-0.0155271,-0.18462,0
0.0404847,0.160586,0,0,0,0,-0.0404847,-0.160586,0
0.064278,0.132132,0,0,0,0,-0.064278,-0.132132,0
0.0854658,0.0985058,0,0,0,0,-0.0854658,-0.0985058,0
0.101776,0.05944,0,0,0,0,-0.101776,-0.05944,0
0.110376,0.0160177,0,0,0,0,-0.110376,-0.0160177,0
0.109263,-0.0287714,0,0,0,0,-0.109263,0.0287714,0
0.0988677,-0.0712031,0,0,0,0,-0.0988677,0.0712031,0
0.0816447,-0.10888,0,0,0,0,-0.0816447,0.10888,0
0.0603011,-0.141239,0,0,0,0,-0.0603011,0.141239,0
0.0368115,-0.168742,0,0,0,0,-0.0368115,0.168742,0
0.0123868,-0.192147,0,0,0,0,-0.0123868,0.192147,0
-0.0122791,-0.212175,0,0,0,0,0.0122791,0.212175,0
-0.0367989,-0.229431,0,0,0,0,0.0367989,0.229431,0
-0.06096,-0.244392,0,0,0,0,0.06096,0.244392,0
-0.0846487,-0.257434,0,0,0,0,0.0846487,0.257434,0
-0.107808,-0.268855,0,0,0,0,0.107808,0.268855,0
-0.130415,-0.27889,0,0,0,0,0.130415,0.27889,0
-0.152464,-0.287727,0,0,0,0,0.152464,0.287727,0
-0.173961,-0.295519,0,0,0,0,0.173961,0.295519,0
-0.19492,-0.302395,0,0,0,0,0.19492,0.302395,0
-0.215355,-0.308457,0,0,0,0,0.215355,0.308457,0
-0.235285,-0.313793,0,0,0,0,0.235285,0.313793,0
-0.254727,-0.318479,0,0,0,0,0.254727,0.318479,0
-0.2737,-0.322577,0,0,0,0,0.2737,0.322577,0
-0.292221,-0.326142,0,0,0,0,0.292221,0.326142,0
-0.310307,-0.329221,0,0,0,0,0.310307,0.329221,0
-0.327974,-0.331855,0,0,0,0,0.327974,0.331855,0
-0.345237,-0.33408,0,0,0,0,0.345237,0.33408,0
-0.362111,-0.335929,0,0,0,0,0.362111,0.335929,0
-0.378609,-0.337428,0,0,0,0,0.378609,0.337428,0
-0.394744,-0.338605,0,0,0,0,0.394744,0.338605,0
-0.410529,-0.33948,0,0,0,0,0.410529,0.33948,0
-0.425974,-0.340074,0,0,0,0,0.425974,0.340074,0
-0.44109,-0.340405,0,0,0,0,0.44109,0.340405,0
-0.455887,-0.340491,0,0,0,0,0.455887,0.340491,0
-0.470375,-0.340345,0,0,0,0,0.470375,0.340345,0
-0.484563,-0.339982,0,0,0,0,0.484563,0.339982,0
-0.498458,-0.339413,0,0,0,0,0.498458,0.339413,0
-0.512069,-0.338652,0,0,0,0,0.512069,0.338652,0
-0.525404,-0.337707,0,0,0,0,0.525404,0.337707,0
-0.538469,-0.336589,0,0,0,0,0.538469,0.336589,0
-0.551271,-0.335306,0,0,0,0,0.551271,0.335306,0
-0.563817,-0.333868,0,0,0,0,0.563817,0.333868,0
-0.576112,-0.332281,0,0,0,0,0.576112,0.332281,0
-0.588162,-0.330553,0,0,0,0,0.588162,0.330553,0
-0.599973,-0.32869,0,0,0,0,0.599973,0.32869,0
-0.611549,-0.326699,0,0,0,0,0.611549,0.326699,0
-0.622896,-0.324585,0,0,0,0,0.622896,0.324585,0
-0.634019,-0.322355,0,0,0,0,0.634019,0.322355,0
-0.644921,-0.320012,0,0,0,0,0.644921,0.320012,0
-0.655607,-0.317562,0,0,0,0,0.655607,0.317562,0
-0.666081,-0.315009,0,0,0,0,0.666081,0.315009,0
-0.676347,-0.312358,0,0,0,0,0.676347,0.312358,0
-0.686409,-0.309613,0,0,0,0,0.686409,0.309613,0
-0.696269,-0.306776,0,0,0,0,0.696269,0.306776,0
-0.705932,-0.303853,0,0,0,0,0.705932,0.303853,0
-0.715401,-0.300846,0,0,0,0,0.715401,0.300846,0
-0.724678,-0.297759,0,0,0,0,0.724678,0.297759,0
-0.733767,-0.294594,0,0,0,0,0.733767,0.294594,0
-0.74267,-0.291354,0,0,0,0,0.74267,0.291354,0
-0.75139,-0.288043,0,0,0,0,0.75139,0.288043,0
-0.759931,-0.284663,0,0,0,0,0.759931,0.284663,0
-0.768293,-0.281216,0,0,0,0,0.768293,0.281216,0
-0.77648,-0.277705,0,0,0,0,0.77648,0.277705,0
-0.784494,-0.274132,0,0,0,0,0.784494,0.274132,0
-0.792337,-0.2705,0,0,0,0,0.792337,0.2705,0
-0.800012,-0.266809,0,0,0,0,0.800012,0.266809,0
-0.807519,-0.263063,0,0,0,0,0.807519,0.263063,0
-0.814862,-0.259264,0,0,0,0,0.814862,0.259264,0
-0.822042,-0.255413,0,0,0,0,0.822042,0.255413,0
-0.829061,-0.251511,0,0,0,0,0.829061,0.251511,0
-0.83592,-0.247561,0,0,0,0,0.83592,0.247561,0
-0.842622,-0.243565,0,0,0,0,0.842622,0.243565,0
-0.849167,-0.239523,0,0,0,0,0.849167,0.239523,0
-0.855558,-0.235438,0,0,0,0,0.855558,0.235438,0
-0.861796,-0.231311,0,0,0,0,0.861796,0.231311,0
-0.867883,-0.227143,0,0,0,0,0.867883,0.227143,0
-0.873819,-0.222935,0,0,0,0,0.873819,0.222935,0
-0.879606,-0.21869,0,0,0,0,0.879606,0.21869,0
-0.885246,-0.214408,0,0,0,0,0.885246,0.214408,0
-0.890739,-0.21009,0,0,0,0,0.890739,0.21009,0
-0.896086,-0.205738,0,0,0,0,0.896086,0.205738,0
-0.90129,-0.201353,0,0,0,0,0.90129,0.201353,0
-0.906351,-0.196936,0,0,0,0,0.906351,0.196936,0
-0.911269,-0.192489,0,0,0,0,0.911269,0.192489,0
-0.916047,-0.188011,0,0,0,0,0.916047,0.188011,0
-0.920685,-0.183505,0,0,0,0,0.920685,0.183505,0
-0.925183,-0.178971,0,0,0,0,0.925183,0.178971,0
-0.929544,-0.17441,0,0,0,0,0.929544,0.17441,0
-0.933767,-0.169824,0,0,0,0,0.933767,0.169824,0
-0.937853,-0.165212,0,0,0,0,0.937853,0.165212,0
-0.941804,-0.160577,0,0,0,0,0.941804,0.160577,0
-0.945619,-0.155919,0,0,0,0,0.945619,0.155919,0
-0.949301,-0.151239,0,0,0,0,0.949301,0.151239,0
-0.952849,-0.146537,0,0,0,0,0.952849,0.146537,0
-0.956264,-0.141815,0,0,0,0,0.956264,0.141815,0
-0.959546,-0.137073,0,0,0,0,0.959546,0.137073,0
-0.962697,-0.132312,0,0,0,0,0.962697,0.132312,0
-0.965717,-0.127534,0,0,0,0,0.965717,0.127534,0
-0.968606,-0.122738,0,0,0,0,0.968606,0.122738,0
-0.971365,-0.117926,0,0,0,0,0.971365,0.117926,0
-0.973994,-0.113098,0,0,0,0,0.973994,0.113098,0
-0.976495,-0.108254,0,0,0,0,0.976495,0.108254,0
-0.978866,-0.103397,0,0,0,0,0.978866,0.103397,0
-0.981109,-0.0985262,0,0,0,0,0.981109,0.0985262,0
-0.983225,-0.0936425,0,0,0,0,0.983225,0.0936425,0
-0.985212,-0.0887466,0,0,0,0,0.985212,0.0887466,0
-0.987073,-0.0838393,0,0,0,0,0.987073,0.0838393,0
-0.988807,-0.0789211,0,0,0,0,0.988807,0.0789211,0
-0.990414,-0.0739929,0,0,0,0,0.990414,0.0739929,0
-0.991894,-0.0690552,0,0,0,0,0.991894,0.0690552,0
-0.993249,-0.0641088,0,0,0,0,0.993249,0.0641088,0
-0.994477,-0.0591542,0,0,0,0,0.994477,0.0591542,0
-0.99558,-0.0541921,0,0,0,0,0.99558,0.0541921,0
-0.996557,-0.0492232,0,0,0,0,0.996557,0.0492232,0
-0.997409,-0.0442481,0,0,0,0,0.997409,0.0442481,0
-0.998136,-0.0392675,0,0,0,0,0.998136,0.0392675,0
-0.998737,-0.0342819,0,0,0,0,0.998737,0.0342819,0
-0.999214,-0.0292921,0,0,0,0,0.999214,0.0292921,0
-0.999565,-0.0242985,0,0,0,0,0.999565,0.0242985,0
-0.999791,-0.0193019,0,0,0,0,0.999791,0.0193019,0
-0.999892,-0.014303,0,0,0,0,0.999892,0.014303,0
-0.999869,-0.00930218,0,0,0,0,0.999869,0.00930218,0
-0.99972,-0.00430025,0,0,0,0,0.99972,0.00430025,0
-0.999446,0.00070223,0,0,0,0,0.999446,-0.00070223,0
-0.999047,0.00570462,0,0,0,0,0.999047,-0.00570462,0
-0.998523,0.0107063,0,0,0,0,0.998523,-0.0107063,0
-0.997874,0.0157066,0,0,0,0,0.997874,-0.0157066,0
-0.997099,0.020705,0,0,0,0,0.997099,-0.020705,0
-0.996198,0.0257007,0,0,0,0,0.996198,-0.0257007,0
-0.995171,0.0306932,0,0,0,0,0.995171,-0.0306932,0
-0.994019,0.0356818,0,0,0,0,0.994019,-0.0356818,0
-0.99274,0.0406659,0,0,0,0,0.99274,-0.0406659,0
-0.991335,0.0456448,0,0,0,0,0.991335,-0.0456448,0
-0.989803,0.0506178,0,0,0,0,0.989803,-0.0506178,0
-0.988143,0.0555844,0,0,0,0,0.988143,-0.0555844,0
-0.986357,0.0605438,0,0,0,0,0.986357,-0.0605438,0
-0.984442,0.0654953,0,0,0,0,0.984442,-0.0654953,0
-0.9824,0.0704383,0,0,0,0,0.9824,-0.0704383,0
-0.980229,0.0753721,0,0,0,0,0.980229,-0.0753721,0
-0.977929,0.080296,0,0,0,0,0.977929,-0.080296,0
-0.9755,0.0852093,0,0,0,0,0.9755,-0.0852093,0
-0.97294,0.0901112,0,0,0,0,0.97294,-0.0901112,0
-0.970251,0.0950011,0,0,0,0,0.970251,-0.0950011,0
-0.96743,0.0998781,0,0,0,0,0.96743,-0.0998781,0
-0.964478,0.104742,0,0,0,0,0.964478,-0.104742,0
-0.961394,0.109591,0,0,0,0,0.961394,-0.109591,0
-0.958178,0.114425,0,0,0,0,0.958178,-0.114425,0
-0.954828,0.119243,0,0,0,0,0.954828,-0.119243,0
-0.951344,0.124044,0,0,0,0,0.951344,-0.124044,0
-0.947725,0.128828,0,0,0,0,0.947725,-0.128828,0
-0.943971,0.133593,0,0,0,0,0.943971,-0.133593,0
-0.940081,0.138339,0,0,0,0,0.940081,-0.138339,0
-0.936054,0.143065,0,0,0,0,0.936054,-0.143065,0
-0.931889,0.14777,0,0,0,0,0.931889,-0.14777,0
-0.927585,0.152453,0,0,0,0,0.927585,-0.152453,0
-0.923142,0.157113,0,0,0,0,0.923142,-0.157113,0
-0.918558,0.161749,0,0,0,0,0.918558,-0.161749,0
-0.913833,0.16636,0,0,0,0,0.913833,-0.16636,0
-0.908965,0.170945,0,0,0,0,0.908965,-0.170945,0
-0.903954,0.175503,0,0,0,0,0.903954,-0.175503,0
-0.898798,0.180033,0,0,0,0,0.898798,-0.180033,0
-0.893496,0.184534,0,0,0,0,0.893496,-0.184534,0
-0.888047,0.189005,0,0,0,0,0.888047,-0.189005,0
-0.882449,0.193444,0,0,0,0,0.882449,-0.193444,0
-0.876702,0.19785,0,0,0,0,0.876702,-0.19785,0
-0.870804,0.202222,0,0,0,0,0.870804,-0.202222,0
-0.864754,0.206558,0,0,0,0,0.864754,-0.206558,0
-0.85855,0.210858,0,0,0,0,0.85855,-0.210858,0
-0.852191,0.21512,0,0,0,0,0.852191,-0.21512,0
-0.845674,0.219342,0,0,0,0,0.845674,-0.219342,0
-0.838999,0.223523,0,0,0,0,0.838999,-0.223523,0
-0.832164,0.227661,0,0,0,0,0.832164,-0.227661,0
-0.825167,0.231755,0,0,0,0,0.825167,-0.231755,0
-0.818006,0.235803,0,0,0,0,0.818006,-0.235803,0
-0.81068,0.239803,0,0,0,0,0.81068,-0.239803,0
-0.803185,0.243754,0,0,0,0,0.803185,-0.243754,0
-0.795521,0.247653,0,0,0,0,0.795521,-0.247653,0
-0.787685,0.251499,0,0,0,0,0.787685,-0.251499,0
-0.779675,0.255289,0,0,0,0,0.779675,-0.255289,0
-0.771488,0.259021,0,0,0,0,0.771488,-0.259021,0
-0.763122,0.262693,0,0,0,0,0.763122,-0.262693,0
-0.754575,0.266302,0,0,0,0,0.754575,-0.266302,0
-0.745844,0.269847,0,0,0,0,0.745844,-0.269847,0
-0.736926,0.273324,0,0,0,0,0.736926,-0.273324,0
-0.727818,0.27673,0,0,0,0,0.727818,-0.27673,0
-0.718517,0.280064,0,0,0,0,0.718517,-0.280064,0
-0.709021,0.283321,0,0,0,0,0.709021,-0.283321,0
-0.699325,0.286498,0,0,0,0,0.699325,-0.286498,0
-0.689427,0.289592,0,0,0,0,0.689427,-0.289592,0
-0.679323,0.2926,0,0,0,0,0.679323,-0.2926,0
-0.669009,0.295517,0,0,0,0,0.669009,-0.295517,0
-0.658481,0.29834,0,0,0,0,0.658481,-0.29834,0
-0.647735,0.301065,0,0,0,0,0.647735,-0.301065,0
-0.636768,0.303686,0,0,0,0,0.636768,-0.303686,0
-0.625573,0.306198,0,0,0,0,0.625573,-0.306198,0
-0.614147,0.308598,0,0,0,0,0.614147,-0.308598,0
-0.602484,0.310878,0,0,0,0,0.602484,-0.310878,0
-0.59058,0.313034,0,0,0,0,0.59058,-0.313034,0
-0.578429,0.315059,0,0,0,0,0.578429,-0.315059,0
-0.566024,0.316946,0,0,0,0,0.566024,-0.316946,0
-0.55336,0.318688,0,0,0,0,0.55336,-0.318688,0
-0.540431,0.320277,0,0,0,0,0.540431,-0.320277,0
-0.527229,0.321704,0,0,0,0,0.527229,-0.321704,0
-0.513748,0.32296,0,0,0,0,0.513748,-0.32296,0
-0.499978,0.324036,0,0,0,0,0.499978,-0.324036,0
-0.485914,0.32492,0,0,0,0,0.485914,-0.32492,0
-0.471545,0.325601,0,0,0,0,0.471545,-0.325601,0
-0.456863,0.326065,0,0,0,0,0.456863,-0.326065,0
-0.441858,0.326299,0,0,0,0,0.441858,-0.326299,0
-0.42652,0.326286,0,0,0,0,0.42652,-0.326286,0
-0.410837,0.32601,0,0,0,0,0.410837,-0.32601,0
-0.394798,0.325452,0,0,0,0,0.394798,-0.325452,0
-0.378391,0.324589,0,0,0,0,0.378391,-0.324589,0
-0.361602,0.323399,0,0,0,0,0.361602,-0.323399,0
-0.344417,0.321854,0,0,0,0,0.344417,-0.321854,0
-0.326821,0.319925,0,0,0,0,0.326821,-0.319925,0
-0.308797,0.317577,0,0,0,0,0.308797,-0.317577,0
-0.29033,0.314773,0,0,0,0,0.29033,-0.314773,0
-0.2714,0.311466,0,0,0,0,0.2714,-0.311466,0
-0.251989,0.307607,0,0,0,0,0.251989,-0.307607,0
-0.232077,0.303135,0,0,0,0,0.232077,-0.303135,0
-0.211644,0.297982,0,0,0,0,0.211644,-0.297982,0
-0.190669,0.292064,0,0,0,0,0.190669,-0.292064,0
-0.169132,0.285284,0,0,0,0,0.169132,-0.285284,0
-0.147016,0.277525,0,0,0,0,0.147016,-0.277525,0
-0.124308,0.268643,0,0,0,0,0.124308,-0.268643,0
-0.101001,0.258463,0,0,0,0,0.101001,-0.258463,0
-0.0771061,0.246766,0,0,0,0,0.0771061,-0.246766,0
-0.0526566,0.233278,0,0,0,0,0.0526566,-0.233278,0
-0.0277321,0.21765,0,0,0,0,0.0277321,-0.21765,0
-0.00249046,0.199437,0,0,0,0,0.00249046,-0.199437,0
0.0227708,0.178069,0,0,0,0,-0.0227708,-0.178069,0
0.0475054,0.152845,0,0,0,0,-0.0475054,-0.152845,0
0.0707346,0.122967,0,0,0,0,-0.0707346,-0.122967,0
0.0907907,0.0877576,0,0,0,0,-0.0907907,-0.0877576,0
0.10517,0.047238,0,0,0,0,-0.10517,-0.047238,0
0.111086,0.0030406,0,0,0,0,-0.111086,-0.0030406,0
0.107133,-0.0414231,0,0,0,0,-0.107133,0.0414231,0
0.0944743,-0.0826378,0,0,0,0,-0.0944743,0.0826378,0
0.075814,-0.118774,0,0,0,0,-0.075814,0.118774,0
0.0536919,-0.149661,0,0,0,0,-0.0536919,0.149661,0
0.0298419,-0.175904,0,0,0,0,-0.0298419,0.175904,0
0.00529907,-0.198267,0,0,0,0,-0.00529907,0.198267,0
-0.0193493,-0.217443,0,0,0,0,0.0193493,0.217443,0
-0.0437769,-0.233996,0,0,0,0,0.0437769,0.233996,0
-0.0678055,-0.248373,0,0,0,0,0.0678055,0.248373,0
-0.0913414,-0.260925,0,0,0,0,0.0913414,0.260925,0
-0.114339,-0.271929,0,0,0,0,0.114339,0.271929,0
-0.136781,-0.281605,0,0,0,0,0.136781,0.281605,0
-0.158667,-0.290131,0,0,0,0,0.158667,0.290131,0
-0.180005,-0.297652,0,0,0,0,0.180005,0.297652,0
-0.200808,-0.304288,0,0,0,0,0.200808,0.304288,0
-0.221093,-0.310137,0,0,0,0,0.221093,0.310137,0
-0.240878,-0.315284,0,0,0,0,0.240878,0.315284,0
-0.260182,-0.319799,0,0,0,0,0.260182,0.319799,0
-0.27902,-0.323742,0,0,0,0,0.27902,0.323742,0
-0.297413,-0.327167,0,0,0,0,0.297413,0.327167,0
-0.315375,-0.330118,0,0,0,0,0.315375,0.330118,0
-0.332922,-0.332635,0,0,0,0,0.332922,0.332635,0
-0.350071,-0.334753,0,0,0,0,0.350071,0.334753,0
-0.366834,-0.336502,0,0,0,0,0.366834,0.336502,0
-0.383225,-0.337911,0,0,0,0,0.383225,0.337911,0
-0.399257,-0.339002,0,0,0,0,0.399257,0.339002,0
-0.414942,-0.339798,0,0,0,0,0.414942,0.339798,0
-0.430291,-0.340319,0,0,0,0,0.430291,0.340319,0
-0.445313,-0.340581,0,0,0,0,0.445313,0.340581,0
-0.46002,-0.340602,0,0,0,0,0.46002,0.340602,0
-0.47442,-0.340396,0,0,0,0,0.47442,0.340396,0
-0.488522,-0.339977,0,0,0,0,0.488522,0.339977,0
-0.502335,-0.339355,0,0,0,0,0.502335,0.339355,0
-0.515865,-0.338543,0,0,0,0,0.515865,0.338543,0
-0.529121,-0.337551,0,0,0,0,0.529121,0.337551,0
-0.54211,-0.336388,0,0,0,0,0.54211,0.336388,0
-0.554837,-0.335063,0,0,0,0,0.554837,0.335063,0
-0.56731,-0.333584,0,0,0,0,0.56731,0.333584,0
-0.579534,-0.331959,0,0,0,0,0.579534,0.331959,0
-0.591515,-0.330195,0,0,0,0,0.591515,0.330195,0
-0.603258,-0.328298,0,0,0,0,0.603258,0.328298,0
-0.614768,-0.326274,0,0,0,0,0.614768,0.326274,0
-0.62605,-0.324129,0,0,0,0,0.62605,0.324129,0
-0.637109,-0.321868,0,0,0,0,0.637109,0.321868,0
-0.647949,-0.319497,0,0,0,0,0.647949,0.319497,0
-0.658574,-0.31702,0,0,0,0,0.658574,0.31702,0
-0.668988,-0.314441,0,0,0,0,0.668988,0.314441,0
-0.679195,-0.311765,0,0,0,0,0.679195,0.311765,0
-0.689199,-0.308996,0,0,0,0,0.689199,0.308996,0
-0.699002,-0.306137,0,0,0,0,0.699002,0.306137,0
-0.70861,-0.303192,0,0,0,0,0.70861,0.303192,0
-0.718023,-0.300164,0,0,0,0,0.718023,0.300164,0
-0.727246,-0.297056,0,0,0,0,0.727246,0.297056,0
-0.736282,-0.293872,0,0,0,0,0.736282,0.293872,0
-0.745133,-0.290614,0,0,0,0,0.745133,0.290614,0
-0.753802,-0.287285,0,0,0,0,0.753802,0.287285,0
-0.762291,-0.283888,0,0,0,0,0.762291,0.283888,0
-0.770604,-0.280425,0,0,0,0,0.770604,0.280425,0
-0.778741,-0.276898,0,0,0,0,0.778741,0.276898,0
-0.786707,-0.27331,0,0,0,0,0.786707,0.27331,0
-0.794502,-0.269662,0,0,0,0,0.794502,0.269662,0
-0.802128,-0.265958,0,0,0,0,0.802128,0.265958,0
-0.809589,-0.262198,0,0,0,0,0.809589,0.262198,0
-0.816886,-0.258386,0,0,0,0,0.816886,0.258386,0
-0.82402,-0.254522,0,0,0,0,0.82402,0.254522,0
-0.830993,-0.250608,0,0,0,0,0.830993,0.250608,0
-0.837808,-0.246646,0,0,0,0,0.837808,0.246646,0
-0.844465,-0.242639,0,0,0,0,0.844465,0.242639,0
-0.850967,-0.238586,0,0,0,0,0.850967,0.238586,0
-0.857315,-0.23449,0,0,0,0,0.857315,0.23449,0
-0.86351,-0.230353,0,0,0,0,0.86351,0.230353,0
-0.869554,-0.226175,0,0,0,0,0.869554,0.226175,0
-0.875448,-0.221958,0,0,0,0,0.875448,0.221958,0
-0.881193,-0.217703,0,0,0,0,0.881193,0.217703,0
-0.886792,-0.213413,0,0,0,0,0.886792,0.213413,0
-0.892244,-0.209087,0,0,0,0,0.892244,0.209087,0
-0.897551,-0.204726,0,0,0,0,0.897551,0.204726,0
-0.902714,-0.200334,0,0,0,0,0.902714,0.200334,0
-0.907735,-0.195909,0,0,0,0,0.907735,0.195909,0
-0.912614,-0.191454,0,0,0,0,0.912614,0.191454,0
-0.917352,-0.186969,0,0,0,0,0.917352,0.186969,0
-0.921951,-0.182456,0,0,0,0,0.921951,0.182456,0
-0.92641,-0.177916,0,0,0,0,0.92641,0.177916,0
-0.930732,-0.173349,0,0,0,0,0.930732,0.173349,0
-0.934917,-0.168756,0,0,0,0,0.934917,0.168756,0
-0.938965,-0.164139,0,0,0,0,0.938965,0.164139,0
-0.942878,-0.159498,0,0,0,0,0.942878,0.159498,0
-0.946656,-0.154834,0,0,0,0,0.946656,0.154834,0
-0.9503,-0.150149,0,0,0,0,0.9503,0.150149,0
-0.953811,-0.145442,0,0,0,0,0.953811,0.145442,0
-0.957188,-0.140715,0,0,0,0,0.957188,0.140715,0
-0.960434,-0.135969,0,0,0,0,0.960434,0.135969,0
-0.963548,-0.131204,0,0,0,0,0.963548,0.131204,0
-0.966531,-0.126421,0,0,0,0,0.966531,0.126421,0
-0.969384,-0.121621,0,0,0,0,0.969384,0.121621,0
-0.972107,-0.116805,0,0,0,0,0.972107,0.116805,0
-0.9747,-0.111973,0,0,0,0,0.9747,0.111973,0
-0.977165,-0.107127,0,0,0,0,0.977165,0.107127,0
-0.9795,-0.102266,0,0,0,0,0.9795,0.102266,0
-0.981708,-0.0973918,0,0,0,0,0.981708,0.0973918,0
-0.983788,-0.0925051,0,0,0,0,0.983788,0.0925051,0
-0.98574,-0.0876063,0,0,0,0,0.98574,0.0876063,0
-0.987565,-0.0826963,0,0,0,0,0.987565,0.0826963,0
-0.989263,-0.0777757,0,0,0,0,0.989263,0.0777757,0
-0.990835,-0.0728451,0,0,0,0,0.990835,0.0728451,0
-0.99228,-0.0679052,0,0,0,0,0.99228,0.0679052,0
-0.9936,-0.0629567,0,0,0,0,0.9936,0.0629567,0
-0.994793,-0.0580002,0,0,0,0,0.994793,0.0580002,0
-0.995861,-0.0530364,0,0,0,0,0.995861,0.0530364,0
-0.996803,-0.0480659,0,0,0,0,0.996803,0.0480659,0
-0.99762,-0.0430894,0,0,0,0,0.99762,0.0430894,0
-0.998312,-0.0381075,0,0,0,0,0.998312,0.0381075,0
-0.998879,-0.0331207,0,0,0,0,0.998879,0.0331207,0
-0.99932,-0.0281299,0,0,0,0,0.99932,0.0281299,0
-0.999637,-0.0231355,0,0,0,0,0.999637,0.0231355,0
-0.999828,-0.0181382,0,0,0,0,0.999828,0.0181382,0
-0.999895,-0.0131386,0,0,0,0,0.999895,0.0131386,0
-0.999836,-0.00813744,0,0,0,0,0.999836,0.00813744,0
-0.999653,-0.00313523,0,0,0,0,0.999653,0.00313523,0
-0.999344,0.00186737,0,0,0,0,0.999344,-0.00186737,0
-0.99891,0.00686974,0,0,0,0,0.99891,-0.00686974,0
-0.998351,0.0118712,0,0,0,0,0.998351,-0.0118712,0
-0.997667,0.0168713,0,0,0,0,0.997667,-0.0168713,0
-0.996857,0.0218692,0,0,0,0,0.996857,-0.0218692,0
-0.995921,0.0268643,0,0,0,0,0.995921,-0.0268643,0
-0.994859,0.031856,0,0,0,0,0.994859,-0.031856,0
-0.993672,0.0368437,0,0,0,0,0.993672,-0.0368437,0
-0.992358,0.0418267,0,0,0,0,0.992358,-0.0418267,0
-0.990917,0.0468044,0,0,0,0,0.990917,-0.0468044,0
-0.98935,0.0517761,0,0,0,0,0.98935,-0.0517761,0
-0.987655,0.0567411,0,0,0,0,0.987655,-0.0567411,0
-0.985833,0.0616988,0,0,0,0,0.985833,-0.0616988,0
-0.983883,0.0666485,0,0,0,0,0.983883,-0.0666485,0
-0.981805,0.0715895,0,0,0,0,0.981805,-0.0715895,0
-0.979598,0.0765212,0,0,0,0,0.979598,-0.0765212,0
-0.977262,0.0814427,0,0,0,0,0.977262,-0.0814427,0
-0.974796,0.0863535,0,0,0,0,0.974796,-0.0863535,0
-0.9722,0.0912527,0,0,0,0,0.9722,-0.0912527,0
-0.969474,0.0961397,0,0,0,0,0.969474,-0.0961397,0
-0.966617,0.101014,0,0,0,0,0.966617,-0.101014,0
-0.963628,0.105874,0,0,0,0,0.963628,-0.105874,0
-0.960507,0.11072,0,0,0,0,0.960507,-0.11072,0
-0.957254,0.11555,0,0,0,0,0.957254,-0.11555,0
-0.953866,0.120364,0,0,0,0,0.953866,-0.120364,0
-0.950345,0.125162,0,0,0,0,0.950345,-0.125162,0
-0.946688,0.129941,0,0,0,0,0.946688,-0.129941,0
-0.942896,0.134702,0,0,0,0,0.942896,-0.134702,0
-0.938968,0.139444,0,0,0,0,0.938968,-0.139444,0
-0.934902,0.144165,0,0,0,0,0.934902,-0.144165,0
-0.930699,0.148864,0,0,0,0,0.930699,-0.148864,0
-0.926356,0.153542,0,0,0,0,0.926356,-0.153542,0
-0.921873,0.158196,0,0,0,0,0.921873,-0.158196,0
-0.91725,0.162827,0,0,0,0,0.91725,-0.162827,0
-0.912485,0.167432,0,0,0,0,0.912485,-0.167432,0
-0.907577,0.172011,0,0,0,0,0.907577,-0.172011,0
-0.902525,0.176562,0,0,0,0,0.902525,-0.176562,0
-0.897328,0.181085,0,0,0,0,0.897328,-0.181085,0
-0.891985,0.185579,0,0,0,0,0.891985,-0.185579,0
-0.886494,0.190042,0,0,0,0,0.886494,-0.190042,0
-0.880855,0.194473,0,0,0,0,0.880855,-0.194473,0
-0.875066,0.198871,0,0,0,0,0.875066,-0.198871,0
-0.869125,0.203235,0,0,0,0,0.869125,-0.203235,0
-0.863031,0.207562,0,0,0,0,0.863031,-0.207562,0
-0.856784,0.211853,0,0,0,0,0.856784,-0.211853,0
-0.85038,0.216105,0,0,0,0,0.85038,-0.216105,0
-0.843819,0.220318,0,0,0,0,0.843819,-0.220318,0
-0.837099,0.224488,0,0,0,0,0.837099,-0.224488,0
-0.830218,0.228616,0,0,0,0,0.830218,-0.228616,0
-0.823175,0.232699,0,0,0,0,0.823175,-0.232699,0
-0.815968,0.236735,0,0,0,0,0.815968,-0.236735,0
-0.808594,0.240723,0,0,0,0,0.808594,-0.240723,0
-0.801052,0.244661,0,0,0,0,0.801052,-0.244661,0
-0.793339,0.248547,0,0,0,0,0.793339,-0.248547,0
-0.785454,0.252379,0,0,0,0,0.785454,-0.252379,0
-0.777394,0.256155,0,0,0,0,0.777394,-0.256155,0
-0.769156,0.259872,0,0,0,0,0.769156,-0.259872,0
-0.760739,0.263529,0,0,0,0,0.760739,-0.263529,0
-0.75214,0.267122,0,0,0,0,0.75214,-0.267122,0
-0.743356,0.27065,0,0,0,0,0.743356,-0.27065,0
-0.734384,0.274109,0,0,0,0,0.734384,-0.274109,0
-0.725222,0.277497,0,0,0,0,0.725222,-0.277497,0
-0.715866,0.280812,0,0,0,0,0.715866,-0.280812,0
-0.706313,0.284049,0,0,0,0,0.706313,-0.284049,0
-0.69656,0.287205,0,0,0,0,0.69656,-0.287205,0
-0.686603,0.290277,0,0,0,0,0.686603,-0.290277,0
-0.67644,0.293262,0,0,0,0,0.67644,-0.293262,0
-0.666065,0.296156,0,0,0,0,0.666065,-0.296156,0
-0.655475,0.298954,0,0,0,0,0.655475,-0.298954,0
-0.644666,0.301651,0,0,0,0,0.644666,-0.301651,0
-0.633634,0.304245,0,0,0,0,0.633634,-0.304245,0
-0.622373,0.306728,0,0,0,0,0.622373,-0.306728,0
-0.61088,0.309097,0,0,0,0,0.61088,-0.309097,0
-0.599149,0.311346,0,0,0,0,0.599149,-0.311346,0
-0.587174,0.313468,0,0,0,0,0.587174,-0.313468,0
-0.57495,0.315457,0,0,0,0,0.57495,-0.315457,0
-0.562472,0.317306,0,0,0,0,0.562472,-0.317306,0
-0.549732,0.319008,0,0,0,0,0.549732,-0.319008,0
-0.536725,0.320555,0,0,0,0,0.536725,-0.320555,0
-0.523443,0.321937,0,0,0,0,0.523443,-0.321937,0
-0.50988,0.323146,0,0,0,0,0.50988,-0.323146,0
-0.496026,0.324171,0,0,0,0,0.496026,-0.324171,0
-0.481874,0.325002,0,0,0,0,0.481874,-0.325002,0
-0.467416,0.325625,0,0,0,0,0.467416,-0.325625,0
-0.452641,0.326029,0,0,0,0,0.452641,-0.326029,0
-0.437541,0.326197,0,0,0,0,0.437541,-0.326197,0
-0.422104,0.326114,0,0,0,0,0.422104,-0.326114,0
-0.406319,0.325763,0,0,0,0,0.406319,-0.325763,0
-0.390175,0.325123,0,0,0,0,0.390175,-0.325123,0
-0.373658,0.324173,0,0,0,0,0.373658,-0.324173,0
-0.356755,0.322887,0,0,0,0,0.356755,-0.322887,0
-0.339452,0.321239,0,0,0,0,0.339452,-0.321239,0
-0.321733,0.319198,0,0,0,0,0.321733,-0.319198,0
-0.303583,0.316727,0,0,0,0,0.303583,-0.316727,0
-0.284982,0.313787,0,0,0,0,0.284982,-0.313787,0
-0.265914,0.310332,0,0,0,0,0.265914,-0.310332,0
-0.246359,0.306307,0,0,0,0,0.246359,-0.306307,0
-0.226297,0.301651,0,0,0,0,0.226297,-0.301651,0
-0.205707,0.296291,0,0,0,0,0.205707,-0.296291,0
-0.184569,0.29014,0,0,0,0,0.184569,-0.29014,0
-0.162864,0.283096,0,0,0,0,0.162864,-0.283096,0
-0.140576,0.275034,0,0,0,0,0.140576,-0.275034,0
-0.117691,0.265802,0,0,0,0,0.117691,-0.265802,0
-0.0942095,0.255213,0,0,0,0,0.0942095,-0.255213,0
-0.0701451,0.243036,0,0,0,0,0.0701451,-0.243036,0
-0.0455432,0.228974,0,0,0,0,0.0455432,-0.228974,0
-0.0205011,0.212655,0,0,0,0,0.0205011,-0.212655,0
0.00479064,0.193599,0,0,0,0,-0.00479064,-0.193599,0
0.0299767,0.1712,0,0,0,0,-0.0299767,-0.1712,0
0.0544087,0.144717,0,0,0,0,-0.0544087,-0.144717,0
0.0769361,0.113355,0,0,0,0,-0.0769361,-0.113355,0
0.0956482,0.0765557,0,0,0,0,-0.0956482,-0.0765557,0
0.107851,0.0347153,0,0,0,0,-0.107851,-0.0347153,0
0.110956,-0.00995951,0,0,0,0,-0.110956,0.00995951,0
0.104268,-0.0537905,0,0,0,0,-0.104268,0.0537905,0
0.0895857,-0.0936375,0,0,0,0,-0.0895857,0.0936375,0
0.0697039,-0.128225,0,0,0,0,-0.0697039,0.128225,0
0.0469468,-0.157696,0,0,0,0,-0.0469468,0.157696,0
0.0228209,-0.182744,0,0,0,0,-0.0228209,0.182744,0
-0.00179254,-0.204125,0,0,0,0,0.00179254,0.204125,0
-0.0263971,-0.222495,0,0,0,0,0.0263971,0.222495,0
-0.0507183,-0.238383,0,0,0,0,0.0507183,0.238383,0
-0.0746072,-0.252206,0,0,0,0,0.0746072,0.252206,0
-0.0979868,-0.26429,0,0,0,0,0.0979868,0.26429,0
-0.120821,-0.274895,0,0,0,0,0.120821,0.274895,0
-0.143099,-0.284228,0,0,0,0,0.143099,0.284228,0
-0.164823,-0.292455,0,0,0,0,0.164823,0.292455,0
-0.186002,-0.299715,0,0,0,0,0.186002,0.299715,0
-0.206651,-0.306119,0,0,0,0,0.206651,0.306119,0
-0.226788,-0.311762,0,0,0,0,0.226788,0.311762,0
-0.246431,-0.316724,0,0,0,0,0.246431,0.316724,0
-0.265596,-0.321073,0,0,0,0,0.265596,0.321073,0
-0.284303,-0.324867,0,0,0,0,0.284303,0.324867,0
-0.302568,-0.328155,0,0,0,0,0.302568,0.328155,0
-0.320407,-0.330982,0,0,0,0,0.320407,0.330982,0
-0.337837,-0.333385,0,0,0,0,0.337837,0.333385,0
-0.354872,-0.335398,0,0,0,0,0.354872,0.335398,0
-0.371525,-0.33705,0,0,0,0,0.371525,0.33705,0
-0.387811,-0.338369,0,0,0,0,0.387811,0.338369,0
-0.403741,-0.339377,0,0,0,0,0.403741,0.339377,0
-0.419327,-0.340096,0,0,0,0,0.419327,0.340096,0
-0.43458,-0.340544,0,0,0,0,0.43458,0.340544,0
-0.44951,-0.34074,0,0,0,0,0.44951,0.34074,0
-0.464127,-0.340698,0,0,0,0,0.464127,0.340698,0
-0.47844,-0.340432,0,0,0,0,0.47844,0.340432,0
-0.492457,-0.339957,0,0,0,0,0.492457,0.339957,0
-0.506187,-0.339283,0,0,0,0,0.506187,0.339283,0
-0.519638,-0.338422,0,0,0,0,0.519638,0.338422,0
-0.532816,-0.337383,0,0,0,0,0.532816,0.337383,0
-0.545729,-0.336176,0,0,0,0,0.545729,0.336176,0
-0.558382,-0.334809,0,0,0,0,0.558382,0.334809,0
-0.570783,-0.333291,0,0,0,0,0.570783,0.333291,0
-0.582936,-0.331628,0,0,0,0,0.582936,0.331628,0
-0.594848,-0.329828,0,0,0,0,0.594848,0.329828,0
-0.606523,-0.327897,0,0,0,0,0.606523,0.327897,0
-0.617968,-0.325841,0,0,0,0,0.617968,0.325841,0
-0.629185,-0.323665,0,0,0,0,0.629185,0.323665,0
-0.640181,-0.321375,0,0,0,0,0.640181,0.321375,0
-0.650959,-0.318975,0,0,0,0,0.650959,0.318975,0
-0.661523,-0.316471,0,0,0,0,0.661523,0.316471,0
-0.671877,-0.313867,0,0,0,0,0.671877,0.313867,0
-0.682026,-0.311167,0,0,0,0,0.682026,0.311167,0
-0.691972,-0.308374,0,0,0,0,0.691972,0.308374,0
-0.701719,-0.305492,0,0,0,0,0.701719,0.305492,0
-0.711271,-0.302525,0,0,0,0,0.711271,0.302525,0
-0.72063,-0.299477,0,0,0,0,0.72063,0.299477,0
-0.7298,-0.296349,0,0,0,0,0.7298,0.296349,0
-0.738782,-0.293146,0,0,0,0,0.738782,0.293146,0
-0.747581,-0.28987,0,0,0,0,0.747581,0.28987,0
-0.756199,-0.286523,0,0,0,0,0.756199,0.286523,0
-0.764638,-0.283109,0,0,0,0,0.764638,0.283109,0
-0.7729,-0.279629,0,0,0,0,0.7729,0.279629,0
-0.780989,-0.276087,0,0,0,0,0.780989,0.276087,0
-0.788905,-0.272483,0,0,0,0,0.788905,0.272483,0
-0.796652,-0.268821,0,0,0,0,0.796652,0.268821,0
-0.804232,-0.265103,0,0,0,0,0.804232,0.265103,0
-0.811646,-0.26133,0,0,0,0,0.811646,0.26133,0
-0.818896,-0.257504,0,0,0,0,0.818896,0.257504,0
-0.825985,-0.253628,0,0,0,0,0.825985,0.253628,0
-0.832913,-0.249702,0,0,0,0,0.832913,0.249702,0
-0.839683,-0.245729,0,0,0,0,0.839683,0.245729,0
-0.846297,-0.24171,0,0,0,0,0.846297,0.24171,0
-0.852755,-0.237646,0,0,0,0,0.852755,0.237646,0
-0.859059,-0.23354,0,0,0,0,0.859059,0.23354,0
-0.865212,-0.229392,0,0,0,0,0.865212,0.229392,0
-0.871213,-0.225205,0,0,0,0,0.871213,0.225205,0
-0.877065,-0.220979,0,0,0,0,0.877065,0.220979,0
-0.882769,-0.216715,0,0,0,0,0.882769,0.216715,0
-0.888326,-0.212415,0,0,0,0,0.888326,0.212415,0
-0.893737,-0.208081,0,0,0,0,0.893737,0.208081,0
-0.899004,-0.203713,0,0,0,0,0.899004,0.203713,0
-0.904127,-0.199312,0,0,0,0,0.904127,0.199312,0
-0.909108,-0.19488,0,0,0,0,0.909108,0.19488,0
-0.913947,-0.190418,0,0,0,0,0.913947,0.190418,0
-0.918646,-0.185926,0,0,0,0,0.918646,0.185926,0
-0.923206,-0.181406,0,0,0,0,0.923206,0.181406,0
-0.927627,-0.176859,0,0,0,0,0.927627,0.176859,0
-0.93191,-0.172286,0,0,0,0,0.93191,0.172286,0
-0.936056,-0.167687,0,0,0,0,0.936056,0.167687,0
-0.940066,-0.163064,0,0,0,0,0.940066,0.163064,0
-0.943941,-0.158418,0,0,0,0,0.943941,0.158418,0
-0.947682,-0.153749,0,0,0,0,0.947682,0.153749,0
-0.951289,-0.149058,0,0,0,0,0.951289,0.149058,0
-0.954762,-0.144346,0,0,0,0,0.954762,0.144346,0
-0.958103,-0.139614,0,0,0,0,0.958103,0.139614,0
-0.961312,-0.134863,0,0,0,0,0.961312,0.134863,0
-0.964389,-0.130094,0,0,0,0,0.964389,0.130094,0
-0.967336,-0.125307,0,0,0,0,0.967336,0.125307,0
-0.970152,-0.120503,0,0,0,0,0.970152,0.120503,0
-0.972839,-0.115683,0,0,0,0,0.972839,0.115683,0
-0.975396,-0.110848,0,0,0,0,0.975396,0.110848,0
-0.977824,-0.105998,0,0,0,0,0.977824,0.105998,0
-0.980124,-0.101134,0,0,0,0,0.980124,0.101134,0
-0.982296,-0.0962566,0,0,0,0,0.982296,0.0962566,0
-0.98434,-0.0913669,0,0,0,0,0.98434,0.0913669,0
-0.986257,-0.0864654,0,0,0,0,0.986257,0.0864654,0
-0.988047,-0.0815528,0,0,0,0,0.988047,0.0815528,0
-0.98971,-0.0766296,0,0,0,0,0.98971,0.0766296,0
-0.991246,-0.0716967,0,0,0,0,0.991246,0.0716967,0
-0.992657,-0.0667547,0,0,0,0,0.992657,0.0667547,0
-0.993941,-0.0618042,0,0,0,0,0.993941,0.0618042,0
-0.9951,-0.0568458,0,0,0,0,0.9951,0.0568458,0
-0.996132,-0.0518803,0,0,0,0,0.996132,0.0518803,0
-0.99704,-0.0469083,0,0,0,0,0.99704,0.0469083,0
-0.997822,-0.0419303,0,0,0,0,0.997822,0.0419303,0
-0.998479,-0.0369471,0,0,0,0,0.998479,0.0369471,0
-0.99901,-0.0319593,0,0,0,0,0.99901,0.0319593,0
-0.999417,-0.0269674,0,0,0,0,0.999417,0.0269674,0
-0.999699,-0.0219722,0,0,0,0,0.999699,0.0219722,0
-0.999855,-0.0169743,0,0,0,0,0.999855,0.0169743,0
-0.999887,-0.0119742,0,0,0,0,0.999887,0.0119742,0
-0.999794,-0.0069726,0,0,0,0,0.999794,0.0069726,0
-0.999576,-0.00197015,0,0,0,0,0.999576,0.00197015,0
-0.999232,0.00303255,0,0,0,0,0.999232,-0.00303255,0
-0.998763,0.00803486,0,0,0,0,0.998763,-0.00803486,0
-0.998169,0.0130362,0,0,0,0,0.998169,-0.0130362,0
-0.99745,0.0180358,0,0,0,0,0.99745,-0.0180358,0
-0.996605,0.0230332,0,0,0,0,0.996605,-0.0230332,0
-0.995634,0.0280277,0,0,0,0,0.995634,-0.0280277,0
-0.994538,0.0330187,0,0,0,0,0.994538,-0.0330187,0
-0.993315,0.0380054,0,0,0,0,0.993315,-0.0380054,0
-0.991966,0.0429874,0,0,0,0,0.991966,-0.0429874,0
-0.99049,0.0479638,0,0,0,0,0.99049,-0.0479638,0
-0.988887,0.0529341,0,0,0,0,0.988887,-0.0529341,0
-0.987157,0.0578975,0,0,0,0,0.987157,-0.0578975,0
-0.985299,0.0628535,0,0,0,0,0.985299,-0.0628535,0
-0.983313,0.0678013,0,0,0,0,0.983313,-0.0678013,0
-0.981199,0.0727403,0,0,0,0,0.981199,-0.0727403,0
-0.978956,0.0776697,0,0,0,0,0.978956,-0.0776697,0
-0.976584,0.0825889,0,0,0,0,0.976584,-0.0825889,0
-0.974082,0.0874971,0,0,0,0,0.974082,-0.0874971,0
-0.97145,0.0923936,0,0,0,0,0.97145,-0.0923936,0
-0.968688,0.0972777,0,0,0,0,0.968688,-0.0972777,0
-0.965794,0.102149,0,0,0,0,0.965794,-0.102149,0
-0.962768,0.107006,0,0,0,0,0.962768,-0.107006,0
-0.95961,0.111848,0,0,0,0,0.95961,-0.111848,0
-0.956319,0.116675,0,0,0,0,0.956319,-0.116675,0
-0.952894,0.121485,0,0,0,0,0.952894,-0.121485,0
-0.949335,0.126278,0,0,0,0,0.949335,-0.126278,0
-0.945641,0.131054,0,0,0,0,0.945641,-0.131054,0
-0.941811,0.13581,0,0,0,0,0.941811,-0.13581,0
-0.937844,0.140547,0,0,0,0,0.937844,-0.140547,0
-0.93374,0.145263,0,0,0,0,0.93374,-0.145263,0
-0.929497,0.149958,0,0,0,0,0.929497,-0.149958,0
-0.925116,0.15463,0,0,0,0,0.925116,-0.15463,0
-0.920594,0.159279,0,0,0,0,0.920594,-0.159279,0
-0.915931,0.163903,0,0,0,0,0.915931,-0.163903,0
-0.911126,0.168502,0,0,0,0,0.911126,-0.168502,0
-0.906177,0.173074,0,0,0,0,0.906177,-0.173074,0
-0.901085,0.177619,0,0,0,0,0.901085,-0.177619,0
-0.895847,0.182136,0,0,0,0,0.895847,-0.182136,0
-0.890462,0.186622,0,0,0,0,0.890462,-0.186622,0
-0.88493,0.191077,0,0,0,0,0.88493,-0.191077,0
-0.879248,0.195501,0,0,0,0,0.879248,-0.195501,0
-0.873417,0.19989,0,0,0,0,0.873417,-0.19989,0
-0.867433,0.204246,0,0,0,0,0.867433,-0.204246,0
-0.861296,0.208565,0,0,0,0,0.861296,-0.208565,0
-0.855005,0.212846,0,0,0,0,0.855005,-0.212846,0
-0.848557,0.217089,0,0,0,0,0.848557,-0.217089,0
-0.841951,0.221291,0,0,0,0,0.841951,-0.221291,0
-0.835186,0.225451,0,0,0,0,0.835186,-0.225451,0
-0.82826,0.229568,0,0,0,0,0.82826,-0.229568,0
-0.82117,0.23364,0,0,0,0,0.82117,-0.23364,0
-0.813916,0.237664,0,0,0,0,0.813916,-0.237664,0
-0.806494,0.24164,0,0,0,0,0.806494,-0.24164,0
-0.798904,0.245565,0,0,0,0,0.798904,-0.245565,0
-0.791143,0.249438,0,0,0,0,0.791143,-0.249438,0
-0.783208,0.253256,0,0,0,0,0.783208,-0.253256,0
-0.775098,0.257017,0,0,0,0,0.775098,-0.257017,0
-0.76681,0.26072,0,0,0,0,0.76681,-0.26072,0
-0.758342,0.264361,0,0,0,0,0.758342,-0.264361,0
-0.74969,0.267938,0,0,0,0,0.74969,-0.267938,0
-0.740853,0.271448,0,0,0,0,0.740853,-0.271448,0
-0.731827,0.27489,0,0,0,0,0.731827,-0.27489,0
-0.72261,0.27826,0,0,0,0,0.72261,-0.27826,0
-0.713198,0.281555,0,0,0,0,0.713198,-0.281555,0
-0.703589,0.284771,0,0,0,0,0.703589,-0.284771,0
-0.693778,0.287907,0,0,0,0,0.693778,-0.287907,0
-0.683762,0.290957,0,0,0,0,0.683762,-0.290957,0
-0.673539,0.293919,0,0,0,0,0.673539,-0.293919,0
-0.663103,0.296788,0,0,0,0,0.663103,-0.296788,0
-0.652451,0.29956,0,0,0,0,0.652451,-0.29956,0
-0.641579,0.302231,0,0,0,0,0.641579,-0.302231,0
-0.630481,0.304796,0,0,0,0,0.630481,-0.304796,0
-0.619155,0.307251,0,0,0,0,0.619155,-0.307251,0
-0.607593,0.309589,0,0,0,0,0.607593,-0.309589,0
-0.595793,0.311804,0,0,0,0,0.595793,-0.311804,0
-0.583747,0.313892,0,0,0,0,0.583747,-0.313892,0
-0.571451,0.315845,0,0,0,0,0.571451,-0.315845,0
-0.558898,0.317656,0,0,0,0,0.558898,-0.317656,0
-0.546082,0.319317,0,0,0,0,0.546082,-0.319317,0
-0.532996,0.320821,0,0,0,0,0.532996,-0.320821,0
-0.519634,0.322158,0,0,0,0,0.519634,-0.322158,0
-0.505987,0.323319,0,0,0,0,0.505987,-0.323319,0
-0.492049,0.324293,0,0,0,0,0.492049,-0.324293,0
-0.477809,0.325068,0,0,0,0,0.477809,-0.325068,0
-0.46326,0.325634,0,0,0,0,0.46326,-0.325634,0
-0.448393,0.325975,0,0,0,0,0.448393,-0.325975,0
-0.433196,0.326076,0,0,0,0,0.433196,-0.326076,0
-0.417659,0.325922,0,0,0,0,0.417659,-0.325922,0
-0.401771,0.325494,0,0,0,0,0.401771,-0.325494,0
-0.38552,0.324771,0,0,0,0,0.38552,-0.324771,0
-0.368893,0.323731,0,0,0,0,0.368893,-0.323731,0
-0.351875,0.322348,0,0,0,0,0.351875,-0.322348,0
-0.334453,0.320595,0,0,0,0,0.334453,-0.320595,0
-0.31661,0.318437,0,0,0,0,0.31661,-0.318437,0
-0.29833,0.31584,0,0,0,0,0.29833,-0.31584,0
-0.279595,0.312761,0,0,0,0,0.279595,-0.312761,0
-0.260386,0.309152,0,0,0,0,0.260386,-0.309152,0
-0.240685,0.304957,0,0,0,0,0.240685,-0.304957,0
-0.220471,0.300111,0,0,0,0,0.220471,-0.300111,0
-0.199723,0.294537,0,0,0,0,0.199723,-0.294537,0
-0.178421,0.288145,0,0,0,0,0.178421,-0.288145,0
-0.156546,0.280826,0,0,0,0,0.156546,-0.280826,0
-0.134084,0.272448,0,0,0,0,0.134084,-0.272448,0
-0.111023,0.262851,0,0,0,0,0.111023,-0.262851,0
-0.0873666,0.251835,0,0,0,0,0.0873666,-0.251835,0
-0.0631365,0.239152,0,0,0,0,0.0631365,-0.239152,0
-0.0383897,0.224486,0,0,0,0,0.0383897,-0.224486,0
-0.0132453,0.207436,0,0,0,0,0.0132453,-0.207436,0
0.0120681,0.187487,0,0,0,0,-0.0120681,-0.187487,0
0.0371265,0.163992,0,0,0,0,-0.0371265,-0.163992,0
0.0611618,0.136182,0,0,0,0,-0.0611618,-0.136182,0
0.0828286,0.103283,0,0,0,0,-0.0828286,-0.103283,0
0.0999662,0.0649204,0,0,0,0,-0.0999662,-0.0649204,0
0.109762,0.0219443,0,0,0,0,-0.109762,-0.0219443,0
0.109992,-0.0228847,0,0,0,0,-0.109992,0.0228847,0
0.100733,-0.0658112,0,0,0,0,-0.100733,0.0658112,0
0.0842707,-0.104189,0,0,0,0,-0.0842707,0.104189,0
0.0633632,-0.137247,0,0,0,0,-0.0633632,0.137247,0
0.0400952,-0.165364,0,0,0,0,-0.0400952,0.165364,0
0.0157651,-0.189281,0,0,0,0,-0.0157651,0.189281,0
-0.00887877,-0.209734,0,0,0,0,0.00887877,0.209734,0
-0.0334176,-0.227344,0,0,0,0,0.0334176,0.227344,0
-0.0576205,-0.242602,0,0,0,0,0.0576205,0.242602,0
-0.0813637,-0.255897,0,0,0,0,0.0813637,0.255897,0
-0.104584,-0.267535,0,0,0,0,0.104584,0.267535,0
-0.127255,-0.277759,0,0,0,0,0.127255,0.277759,0
-0.149369,-0.286762,0,0,0,0,0.149369,0.286762,0
-0.170931,-0.294702,0,0,0,0,0.170931,0.294702,0
-0.191953,-0.301708,0,0,0,0,0.191953,0.301708,0
-0.212451,-0.307889,0,0,0,0,0.212451,0.307889,0
-0.232441,-0.313333,0,0,0,0,0.232441,0.313333,0
-0.251942,-0.318117,0,0,0,0,0.251942,0.318117,0
-0.270972,-0.322305,0,0,0,0,0.270972,0.322305,0
-0.289547,-0.325952,0,0,0,0,0.289547,0.325952,0
-0.307686,-0.329108,0,0,0,0,0.307686,0.329108,0
-0.325405,-0.331813,0,0,0,0,0.325405,0.331813,0
-0.342718,-0.334104,0,0,0,0,0.342718,0.334104,0
-0.35964,-0.336015,0,0,0,0,0.35964,0.336015,0
-0.376186,-0.337573,0,0,0,0,0.376186,0.337573,0
-0.392367,-0.338804,0,0,0,0,0.392367,0.338804,0
-0.408196,-0.33973,0,0,0,0,0.408196,0.33973,0
-0.423684,-0.340373,0,0,0,0,0.423684,0.340373,0
-0.438842,-0.340751,0,0,0,0,0.438842,0.340751,0
-0.45368,-0.34088,0,0,0,0,0.45368,0.34088,0
-0.468208,-0.340776,0,0,0,0,0.468208,0.340776,0
-0.482435,-0.340453,0,0,0,0,0.482435,0.340453,0
-0.496368,-0.339923,0,0,0,0,0.496368,0.339923,0
-0.510017,-0.339197,0,0,0,0,0.510017,0.339197,0
-0.523388,-0.338287,0,0,0,0,0.523388,0.338287,0
-0.536489,-0.337203,0,0,0,0,0.536489,0.337203,0
-0.549326,-0.335952,0,0,0,0,0.549326,0.335952,0
-0.561906,-0.334544,0,0,0,0,0.561906,0.334544,0
-0.574235,-0.332987,0,0,0,0,0.574235,0.332987,0
-0.586318,-0.331287,0,0,0,0,0.586318,0.331287,0
-0.598161,-0.329452,0,0,0,0,0.598161,0.329452,0
-0.60977,-0.327487,0,0,0,0,0.60977,0.327487,0
-0.621149,-0.325399,0,0,0,0,0.621149,0.325399,0
-0.632302,-0.323193,0,0,0,0,0.632302,0.323193,0
-0.643235,-0.320874,0,0,0,0,0.643235,0.320874,0
-0.653951,-0.318447,0,0,0,0,0.653951,0.318447,0
-0.664455,-0.315916,0,0,0,0,0.664455,0.315916,0
-0.67475,-0.313286,0,0,0,0,0.67475,0.313286,0
-0.68484,-0.310561,0,0,0,0,0.68484,0.310561,0
-0.694729,-0.307745,0,0,0,0,0.694729,0.307745,0
-0.70442,-0.304841,0,0,0,0,0.70442,0.304841,0
-0.713917,-0.301853,0,0,0,0,0.713917,0.301853,0
-0.723221,-0.298784,0,0,0,0,0.723221,0.298784,0
-0.732337,-0.295637,0,0,0,0,0.732337,0.295637,0
-0.741268,-0.292415,0,0,0,0,0.741268,0.292415,0
-0.750015,-0.28912,0,0,0,0,0.750015,0.28912,0
-0.758581,-0.285756,0,0,0,0,0.758581,0.285756,0
-0.766969,-0.282325,0,0,0,0,0.766969,0.282325,0
-0.775182,-0.27883,0,0,0,0,0.775182,0.27883,0
-0.783222,-0.275272,0,0,0,0,0.783222,0.275272,0
-0.79109,-0.271653,0,0,0,0,0.79109,0.271653,0
-0.79879,-0.267977,0,0,0,0,0.79879,0.267977,0
-0.806322,-0.264245,0,0,0,0,0.806322,0.264245,0
-0.813689,-0.260458,0,0,0,0,0.813689,0.260458,0
-0.820894,-0.25662,0,0,0,0,0.820894,0.25662,0
-0.827937,-0.252731,0,0,0,0,0.827937,0.252731,0
-0.83482,-0.248793,0,0,0,0,0.83482,0.248793,0
-0.841546,-0.244808,0,0,0,0,0.841546,0.244808,0
-0.848115,-0.240778,0,0,0,0,0.848115,0.240778,0
-0.85453,-0.236704,0,0,0,0,0.85453,0.236704,0
-0.860792,-0.232587,0,0,0,0,0.860792,0.232587,0
-0.866901,-0.22843,0,0,0,0,0.866901,0.22843,0
-0.87286,-0.224233,0,0,0,0,0.87286,0.224233,0
-0.878671,-0.219997,0,0,0,0,0.878671,0.219997,0
-0.884333,-0.215725,0,0,0,0,0.884333,0.215725,0
-0.889849,-0.211416,0,0,0,0,0.889849,0.211416,0
-0.895219,-0.207073,0,0,0,0,0.895219,0.207073,0
-0.900446,-0.202697,0,0,0,0,0.900446,0.202697,0
-0.905529,-0.198289,0,0,0,0,0.905529,0.198289,0
-0.91047,-0.193849,0,0,0,0,0.91047,0.193849,0
-0.915269,-0.18938,0,0,0,0,0.915269,0.18938,0
-0.919929,-0.184881,0,0,0,0,0.919929,0.184881,0
-0.92445,-0.180354,0,0,0,0,0.92445,0.180354,0
-0.928832,-0.175801,0,0,0,0,0.928832,0.175801,0
-0.933077,-0.171221,0,0,0,0,0.933077,0.171221,0
-0.937185,-0.166617,0,0,0,0,0.937185,0.166617,0
-0.941157,-0.161988,0,0,0,0,0.941157,0.161988,0
-0.944994,-0.157336,0,0,0,0,0.944994,0.157336,0
-0.948697,-0.152662,0,0,0,0,0.948697,0.152662,0
-0.952267,-0.147966,0,0,0,0,0.952267,0.147966,0
-0.955703,-0.143249,0,0,0,0,0.955703,0.143249,0
-0.959007,-0.138513,0,0,0,0,0.959007,0.138513,0
-0.962179,-0.133757,0,0,0,0,0.962179,0.133757,0
-0.96522,-0.128984,0,0,0,0,0.96522,0.128984,0
-0.96813,-0.124192,0,0,0,0,0.96813,0.124192,0
-0.97091,-0.119385,0,0,0,0,0.97091,0.119385,0
-0.973561,-0.114561,0,0,0,0,0.973561,0.114561,0
-0.976082,-0.109722,0,0,0,0,0.976082,0.109722,0
-0.978474,-0.104868,0,0,0,0,0.978474,0.104868,0
-0.980738,-0.100001,0,0,0,0,0.980738,0.100001,0
-0.982875,-0.0951208,0,0,0,0,0.982875,0.0951208,0
-0.984883,-0.0902281,0,0,0,0,0.984883,0.0902281,0
-0.986765,-0.0853239,0,0,0,0,0.986765,0.0853239,0
-0.988519,-0.0804086,0,0,0,0,0.988519,0.0804086,0
-0.990147,-0.075483,0,0,0,0,0.990147,0.075483,0
-0.991648,-0.0705478,0,0,0,0,0.991648,0.0705478,0
-0.993023,-0.0656037,0,0,0,0,0.993023,0.0656037,0
-0.994272,-0.0606512,0,0,0,0,0.994272,0.0606512,0
-0.995396,-0.055691,0,0,0,0,0.995396,0.055691,0
-0.996394,-0.0507238,0,0,0,0,0.996394,0.0507238,0
-0.997266,-0.0457502,0,0,0,0,0.997266,0.0457502,0
-0.998014,-0.0407709,0,0,0,0,0.998014,0.0407709,0
-0.998636,-0.0357865,0,0,0,0,0.998636,0.0357865,0
-0.999132,-0.0307976,0,0,0,0,0.999132,0.0307976,0
-0.999504,-0.0258048,0,0,0,0,0.999504,0.0258048,0
-0.999751,-0.0208088,0,0,0,0,0.999751,0.0208088,0
-0.999873,-0.0158102,0,0,0,0,0.999873,0.0158102,0
-0.99987,-0.0108096,0,0,0,0,0.99987,0.0108096,0
-0.999742,-0.00580766,0,0,0,0,0.999742,0.00580766,0
-0.999489,-0.000804998,0,0,0,0,0.999489,0.000804998,0
-0.99911,0.00419776,0,0,0,0,0.99911,-0.00419776,0
-0.998607,0.00919999,0,0,0,0,0.998607,-0.00919999,0
-0.997978,0.0142011,0,0,0,0,0.997978,-0.0142011,0
-0.997224,0.0192004,0,0,0,0,0.997224,-0.0192004,0
-0.996344,0.0241972,0,0,0,0,0.996344,-0.0241972,0
-0.995338,0.0291911,0,0,0,0,0.995338,-0.0291911,0
-0.994206,0.0341812,0,0,0,0,0.994206,-0.0341812,0
-0.992948,0.039167,0,0,0,0,0.992948,-0.039167,0
-0.991564,0.0441478,0,0,0,0,0.991564,-0.0441478,0
-0.990052,0.0491229,0,0,0,0,0.990052,-0.0491229,0
-0.988414,0.0540917,0,0,0,0,0.988414,-0.0540917,0
-0.986648,0.0590536,0,0,0,0,0.986648,-0.0590536,0
-0.984755,0.0640078,0,0,0,0,0.984755,-0.0640078,0
-0.982733,0.0689537,0,0,0,0,0.982733,-0.0689537,0
-0.980583,0.0738906,0,0,0,0,0.980583,-0.0738906,0
-0.978305,0.0788178,0,0,0,0,0.978305,-0.0788178,0
-0.975896,0.0837345,0,0,0,0,0.975896,-0.0837345,0
-0.973358,0.0886402,0,0,0,0,0.973358,-0.0886402,0
-0.97069,0.0935339,0,0,0,0,0.97069,-0.0935339,0
-0.967891,0.098415,0,0,0,0,0.967891,-0.098415,0
-0.96496,0.103283,0,0,0,0,0.96496,-0.103283,0
-0.961897,0.108136,0,0,0,0,0.961897,-0.108136,0
-0.958702,0.112975,0,0,0,0,0.958702,-0.112975,0
-0.955374,0.117798,0,0,0,0,0.955374,-0.117798,0
-0.951912,0.122605,0,0,0,0,0.951912,-0.122605,0
-0.948315,0.127394,0,0,0,0,0.948315,-0.127394,0
-0.944583,0.132165,0,0,0,0,0.944583,-0.132165,0
-0.940714,0.136917,0,0,0,0,0.940714,-0.136917,0
-0.936709,0.141649,0,0,0,0,0.936709,-0.141649,0
-0.932566,0.14636,0,0,0,0,0.932566,-0.14636,0
-0.928285,0.15105,0,0,0,0,0.928285,-0.15105,0
-0.923864,0.155716,0,0,0,0,0.923864,-0.155716,0
-0.919303,0.16036,0,0,0,0,0.919303,-0.16036,0
-0.9146,0.164978,0,0,0,0,0.9146,-0.164978,0
-0.909755,0.169571,0,0,0,0,0.909755,-0.169571,0
-0.904766,0.174137,0,0,0,0,0.904766,-0.174137,0
-0.899633,0.178675,0,0,0,0,0.899633,-0.178675,0
-0.894354,0.183184,0,0,0,0,0.894354,-0.183184,0
-0.888928,0.187663,0,0,0,0,0.888928,-0.187663,0
-0.883354,0.192111,0,0,0,0,0.883354,-0.192111,0
-0.87763,0.196526,0,0,0,0,0.87763,-0.196526,0
-0.871756,0.200908,0,0,0,0,0.871756,-0.200908,0
-0.865729,0.205254,0,0,0,0,0.865729,-0.205254,0
-0.859549,0.209564,0,0,0,0,0.859549,-0.209564,0
-0.853213,0.213837,0,0,0,0,0.853213,-0.213837,0
-0.846721,0.21807,0,0,0,0,0.846721,-0.21807,0
-0.840071,0.222262,0,0,0,0,0.840071,-0.222262,0
-0.83326,0.226412,0,0,0,0,0.83326,-0.226412,0
-0.826288,0.230517,0,0,0,0,0.826288,-0.230517,0
-0.819152,0.234578,0,0,0,0,0.819152,-0.234578,0
-0.811851,0.23859,0,0,0,0,0.811851,-0.23859,0
-0.804382,0.242554,0,0,0,0,0.804382,-0.242554,0
-0.796743,0.246466,0,0,0,0,0.796743,-0.246466,0
-0.788933,0.250326,0,0,0,0,0.788933,-0.250326,0
-0.780949,0.25413,0,0,0,0,0.780949,-0.25413,0
-0.772788,0.257876,0,0,0,0,0.772788,-0.257876,0
-0.764449,0.261564,0,0,0,0,0.764449,-0.261564,0
-0.755929,0.265189,0,0,0,0,0.755929,-0.265189,0
-0.747225,0.268749,0,0,0,0,0.747225,-0.268749,0
-0.738335,0.272243,0,0,0,0,0.738335,-0.272243,0
-0.729255,0.275667,0,0,0,0,0.729255,-0.275667,0
-0.719982,0.279018,0,0,0,0,0.719982,-0.279018,0
-0.710514,0.282293,0,0,0,0,0.710514,-0.282293,0
-0.700848,0.285489,0,0,0,0,0.700848,-0.285489,0
-0.690979,0.288603,0,0,0,0,0.690979,-0.288603,0
-0.680905,0.291631,0,0,0,0,0.680905,-0.291631,0
-0.670621,0.294569,0,0,0,0,0.670621,-0.294569,0
-0.660123,0.297413,0,0,0,0,0.660123,-0.297413,0
-0.649409,0.30016,0,0,0,0,0.649409,-0.30016,0
-0.638472,0.302804,0,0,0,0,0.638472,-0.302804,0
-0.62731,0.305341,0,0,0,0,0.62731,-0.305341,0
-0.615916,0.307765,0,0,0,0,0.615916,-0.307765,0
-0.604287,0.310071,0,0,0,0,0.604287,-0.310071,0
-0.592417,0.312254,0,0,0,0,0.592417,-0.312254,0
-0.580299,0.314307,0,0,0,0,0.580299,-0.314307,0
-0.56793,0.316223,0,0,0,0,0.56793,-0.316223,0
-0.555302,0.317995,0,0,0,0,0.555302,-0.317995,0
-0.542409,0.319615,0,0,0,0,0.542409,-0.319615,0
-0.529245,0.321075,0,0,0,0,0.529245,-0.321075,0
-0.515801,0.322366,0,0,0,0,0.515801,-0.322366,0
-0.502071,0.323478,0,0,0,0,0.502071,-0.323478,0
-0.488046,0.324399,0,0,0,0,0.488046,-0.324399,0
-0.473718,0.32512,0,0,0,0,0.473718,-0.32512,0
-0.459078,0.325626,0,0,0,0,0.459078,-0.325626,0
-0.444116,0.325903,0,0,0,0,0.444116,-0.325903,0
-0.428822,0.325937,0,0,0,0,0.428822,-0.325937,0
-0.413185,0.325709,0,0,0,0,0.413185,-0.325709,0
-0.397193,0.325202,0,0,0,0,0.397193,-0.325202,0
-0.380833,0.324395,0,0,0,0,0.380833,-0.324395,0
-0.364094,0.323263,0,0,0,0,0.364094,-0.323263,0
-0.34696,0.321781,0,0,0,0,0.34696,-0.321781,0
-0.329417,0.319919,0,0,0,0,0.329417,-0.319919,0
-0.311449,0.317643,0,0,0,0,0.311449,-0.317643,0
-0.293038,0.314916,0,0,0,0,0.293038,-0.314916,0
-0.274167,0.311694,0,0,0,0,0.274167,-0.311694,0
-0.254817,0.307927,0,0,0,0,0.254817,-0.307927,0
-0.234968,0.303556,0,0,0,0,0.234968,-0.303556,0
-0.214599,0.298513,0,0,0,0,0.214599,-0.298513,0
-0.193691,0.292719,0,0,0,0,0.193691,-0.292719,0
-0.172223,0.286076,0,0,0,0,0.172223,-0.286076,0
-0.150178,0.278471,0,0,0,0,0.150178,-0.278471,0
-0.12754,0.269764,0,0,0,0,0.12754,-0.269764,0
-0.104303,0.259785,0,0,0,0,0.104303,-0.259785,0
-0.0804734,0.248321,0,0,0,0,0.0804734,-0.248321,0
-0.0560818,0.235106,0,0,0,0,0.0560818,-0.235106,0
-0.0311995,0.219802,0,0,0,0,0.0311995,-0.219802,0
-0.00597097,0.201977,0,0,0,0,0.00597097,-0.201977,0
0.0193298,0.181081,0,0,0,0,-0.0193298,-0.181081,0
0.0441983,0.156426,0,0,0,0,-0.0441983,-0.156426,0
0.0677265,0.127222,0,0,0,0,-0.0677265,-0.127222,0
0.0883518,0.0927486,0,0,0,0,-0.0883518,-0.0927486,0
0.103672,0.0528862,0,0,0,0,-0.103672,-0.0528862,0
0.110861,0.00901072,0,0,0,0,-0.110861,-0.00901072,0
0.108223,-0.035642,0,0,0,0,-0.108223,0.035642,0
0.0965974,-0.0774387,0,0,0,0,-0.0965974,0.0774387,0
0.0785936,-0.11429,0,0,0,0,-0.0785936,0.11429,0
0.0568346,-0.145856,0,0,0,0,-0.0568346,0.145856,0
0.0331622,-0.172682,0,0,0,0,-0.0331622,0.172682,0
0.0086887,-0.195532,0,0,0,0,-0.0086887,0.195532,0
-0.0159519,-0.21511,0,0,0,0,0.0159519,0.21511,0
-0.0404064,-0.231999,0,0,0,0,0.0404064,0.231999,0
-0.0644814,-0.24666,0,0,0,0,0.0644814,0.24666,0
-0.0880741,-0.259454,0,0,0,0,0.0880741,0.259454,0
-0.111134,-0.270666,0,0,0,0,0.111134,0.270666,0
-0.133641,-0.280524,0,0,0,0,0.133641,0.280524,0
-0.155591,-0.28921,0,0,0,0,0.155591,0.28921,0
-0.176993,-0.296873,0,0,0,0,0.176993,0.296873,0
-0.19786,-0.303636,0,0,0,0,0.19786,0.303636,0
-0.218207,-0.309601,0,0,0,0,0.218207,0.309601,0
-0.238052,-0.314852,0,0,0,0,0.238052,0.314852,0
-0.257413,-0.319462,0,0,0,0,0.257413,0.319462,0
-0.276308,-0.323494,0,0,0,0,0.276308,0.323494,0
-0.294755,-0.326999,0,0,0,0,0.294755,0.326999,0
-0.312769,-0.330025,0,0,0,0,0.312769,0.330025,0
-0.330368,-0.332612,0,0,0,0,0.330368,0.332612,0
-0.347566,-0.334795,0,0,0,0,0.347566,0.334795,0
-0.364377,-0.336605,0,0,0,0,0.364377,0.336605,0
-0.380815,-0.33807,0,0,0,0,0.380815,0.33807,0
-0.396893,-0.339215,0,0,0,0,0.396893,0.339215,0
-0.412621,-0.340062,0,0,0,0,0.412621,0.340062,0
-0.428013,-0.340631,0,0,0,0,0.428013,0.340631,0
-0.443077,-0.34094,0,0,0,0,0.443077,0.34094,0
-0.457825,-0.341004,0,0,0,0,0.457825,0.341004,0
-0.472264,-0.340839,0,0,0,0,0.472264,0.340839,0
-0.486405,-0.340459,0,0,0,0,0.486405,0.340459,0
-0.500256,-0.339875,0,0,0,0,0.500256,0.339875,0
-0.513823,-0.339099,0,0,0,0,0.513823,0.339099,0
-0.527116,-0.338141,0,0,0,0,0.527116,0.338141,0
-0.54014,-0.337011,0,0,0,0,0.54014,0.337011,0
-0.552902,-0.335717,0,0,0,0,0.552902,0.335717,0
-0.565409,-0.334269,0,0,0,0,0.565409,0.334269,0
-0.577667,-0.332673,0,0,0,0,0.577667,0.332673,0
-0.58968,-0.330937,0,0,0,0,0.58968,0.330937,0
-0.601456,-0.329067,0,0,0,0,0.601456,0.329067,0
-0.612998,-0.327069,0,0,0,0,0.612998,0.327069,0
-0.624311,-0.324949,0,0,0,0,0.624311,0.324949,0
-0.635401,-0.322713,0,0,0,0,0.635401,0.322713,0
-0.646271,-0.320365,0,0,0,0,0.646271,0.320365,0
-0.656926,-0.317911,0,0,0,0,0.656926,0.317911,0
-0.66737,-0.315354,0,0,0,0,0.66737,0.315354,0
-0.677606,-0.312699,0,0,0,0,0.677606,0.312699,0
-0.687638,-0.30995,0,0,0,0,0.687638,0.30995,0
-0.69747,-0.307111,0,0,0,0,0.69747,0.307111,0
-0.707106,-0.304185,0,0,0,0,0.707106,0.304185,0
-0.716547,-0.301176,0,0,0,0,0.716547,0.301176,0
-0.725797,-0.298087,0,0,0,0,0.725797,0.298087,0
-0.73486,-0.29492,0,0,0,0,0.73486,0.29492,0
-0.743738,-0.291679,0,0,0,0,0.743738,0.291679,0
-0.752433,-0.288367,0,0,0,0,0.752433,0.288367,0
-0.760949,-0.284986,0,0,0,0,0.760949,0.284986,0
-0.769287,-0.281538,0,0,0,0,0.769287,0.281538,0
-0.777451,-0.278026,0,0,0,0,0.777451,0.278026,0
-0.785441,-0.274453,0,0,0,0,0.785441,0.274453,0
-0.793262,-0.27082,0,0,0,0,0.793262,0.27082,0
-0.800913,-0.267129,0,0,0,0,0.800913,0.267129,0
-0.808399,-0.263383,0,0,0,0,0.808399,0.263383,0
-0.81572,-0.259584,0,0,0,0,0.81572,0.259584,0
-0.822878,-0.255732,0,0,0,0,0.822878,0.255732,0
-0.829876,-0.251831,0,0,0,0,0.829876,0.251831,0
-0.836715,-0.247881,0,0,0,0,0.836715,0.247881,0
-0.843396,-0.243885,0,0,0,0,0.843396,0.243885,0
-0.849922,-0.239844,0,0,0,0,0.849922,0.239844,0
-0.856293,-0.235759,0,0,0,0,0.856293,0.235759,0
-0.862512,-0.231632,0,0,0,0,0.862512,0.231632,0
-0.868579,-0.227465,0,0,0,0,0.868579,0.227465,0
-0.874496,-0.223258,0,0,0,0,0.874496,0.223258,0
-0.880264,-0.219013,0,0,0,0,0.880264,0.219013,0
-0.885885,-0.214732,0,0,0,0,0.885885,0.214732,0
-0.89136,-0.210415,0,0,0,0,0.89136,0.210415,0
-0.89669,-0.206064,0,0,0,0,0.89669,0.206064,0
-0.901876,-0.20168,0,0,0,0,0.901876,0.20168,0
-0.906919,-0.197264,0,0,0,0,0.906919,0.197264,0
-0.91182,-0.192817,0,0,0,0,0.91182,0.192817,0
-0.91658,-0.18834,0,0,0,0,0.91658,0.18834,0
-0.921201,-0.183834,0,0,0,0,0.921201,0.183834,0
-0.925683,-0.179301,0,0,0,0,0.925683,0.179301,0
-0.930026,-0.174741,0,0,0,0,0.930026,0.174741,0
-0.934233,-0.170156,0,0,0,0,0.934233,0.170156,0
-0.938303,-0.165545,0,0,0,0,0.938303,0.165545,0
-0.942237,-0.160911,0,0,0,0,0.942237,0.160911,0
-0.946037,-0.156253,0,0,0,0,0.946037,0.156253,0
-0.949702,-0.151573,0,0,0,0,0.949702,0.151573,0
-0.953234,-0.146872,0,0,0,0,0.953234,0.146872,0
-0.956633,-0.142151,0,0,0,0,0.956633,0.142151,0
-0.9599,-0.13741,0,0,0,0,0.9599,0.13741,0
-0.963036,-0.13265,0,0,0,0,0.963036,0.13265,0
-0.96604,-0.127872,0,0,0,0,0.96604,0.127872,0
-0.968914,-0.123077,0,0,0,0,0.968914,0.123077,0
-0.971658,-0.118265,0,0,0,0,0.971658,0.118265,0
-0.974272,-0.113437,0,0,0,0,0.974272,0.113437,0
-0.976757,-0.108595,0,0,0,0,0.976757,0.108595,0
-0.979114,-0.103738,0,0,0,0,0.979114,0.103738,0
-0.981343,-0.0988675,0,0,0,0,0.981343,0.0988675,0
-0.983443,-0.0939842,0,0,0,0,0.983443,0.0939842,0
-0.985416,-0.0890887,0,0,0,0,0.985416,0.0890887,0
-0.987262,-0.0841817,0,0,0,0,0.987262,0.0841817,0
-0.988981,-0.0792638,0,0,0,0,0.988981,0.0792638,0
-0.990574,-0.0743359,0,0,0,0,0.990574,0.0743359,0
-0.99204,-0.0693984,0,0,0,0,0.99204,0.0693984,0
-0.99338,-0.0644521,0,0,0,0,0.99338,0.0644521,0
-0.994594,-0.0594977,0,0,0,0,0.994594,0.0594977,0
-0.995683,-0.0545358,0,0,0,0,0.995683,0.0545358,0
-0.996645,-0.0495669,0,0,0,0,0.996645,0.0495669,0
-0.997483,-0.0445919,0,0,0,0,0.997483,0.0445919,0
-0.998195,-0.0396112,0,0,0,0,0.998195,0.0396112,0
-0.998783,-0.0346255,0,0,0,0,0.998783,0.0346255,0
-0.999245,-0.0296356,0,0,0,0,0.999245,0.0296356,0
-0.999582,-0.0246419,0,0,0,0,0.999582,0.0246419,0
-0.999794,-0.0196451,0,0,0,0,0.999794,0.0196451,0
-0.999881,-0.0146459,0,0,0,0,0.999881,0.0146459,0
-0.999843,-0.00964487,0,0,0,0,0.999843,0.00964487,0
-0.99968,-0.00464262,0,0,0,0,0.99968,0.00464262,0
-0.999392,0.000360215,0,0,0,0,0.999392,-0.000360215,0
-0.998979,0.005363,0,0,0,0,0.998979,-0.005363,0
-0.998441,0.0103651,0,0,0,0,0.998441,-0.0103651,0
-0.997777,0.0153659,0,0,0,0,0.997777,-0.0153659,0
-0.996987,0.0203648,0,0,0,0,0.996987,-0.0203648,0
-0.996073,0.0253611,0,0,0,0,0.996073,-0.0253611,0
-0.995032,0.0303542,0,0,0,0,0.995032,-0.0303542,0
-0.993865,0.0353435,0,0,0,0,0.993865,-0.0353435,0
-0.992572,0.0403283,0,0,0,0,0.992572,-0.0403283,0
-0.991152,0.0453079,0,0,0,0,0.991152,-0.0453079,0
-0.989605,0.0502817,0,0,0,0,0.989605,-0.0502817,0
-0.987931,0.0552491,0,0,0,0,0.987931,-0.0552491,0
-0.98613,0.0602093,0,0,0,0,0.98613,-0.0602093,0
-0.984201,0.0651618,0,0,0,0,0.984201,-0.0651618,0
-0.982144,0.0701057,0,0,0,0,0.982144,-0.0701057,0
-0.979958,0.0750405,0,0,0,0,0.979958,-0.0750405,0
-0.977643,0.0799654,0,0,0,0,0.977643,-0.0799654,0
-0.975198,0.0848797,0,0,0,0,0.975198,-0.0848797,0
-0.972624,0.0897826,0,0,0,0,0.972624,-0.0897826,0
-0.969919,0.0946736,0,0,0,0,0.969919,-0.0946736,0
-0.967083,0.0995517,0,0,0,0,0.967083,-0.0995517,0
-0.964116,0.104416,0,0,0,0,0.964116,-0.104416,0
-0.961016,0.109267,0,0,0,0,0.961016,-0.109267,0
-0.957784,0.114102,0,0,0,0,0.957784,-0.114102,0
-0.954418,0.118921,0,0,0,0,0.954418,-0.118921,0
-0.950919,0.123724,0,0,0,0,0.950919,-0.123724,0
-0.947284,0.128509,0,0,0,0,0.947284,-0.128509,0
-0.943514,0.133275,0,0,0,0,0.943514,-0.133275,0
-0.939607,0.138023,0,0,0,0,0.939607,-0.138023,0
-0.935564,0.14275,0,0,0,0,0.935564,-0.14275,0
-0.931382,0.147456,0,0,0,0,0.931382,-0.147456,0
-0.927062,0.152141,0,0,0,0,0.927062,-0.152141,0
-0.922601,0.156802,0,0,0,0,0.922601,-0.156802,0
-0.918001,0.161439,0,0,0,0,0.918001,-0.161439,0
-0.913258,0.166052,0,0,0,0,0.913258,-0.166052,0
-0.908373,0.170638,0,0,0,0,0.908373,-0.170638,0
-0.903343,0.175198,0,0,0,0,0.903343,-0.175198,0
-0.898169,0.179729,0,0,0,0,0.898169,-0.179729,0
-0.892849,0.184231,0,0,0,0,0.892849,-0.184231,0
-0.887382,0.188703,0,0,0,0,0.887382,-0.188703,0
-0.881766,0.193143,0,0,0,0,0.881766,-0.193143,0
-0.876,0.19755,0,0,0,0,0.876,-0.19755,0
-0.870083,0.201923,0,0,0,0,0.870083,-0.201923,0
-0.864013,0.206261,0,0,0,0,0.864013,-0.206261,0
-0.857789,0.210562,0,0,0,0,0.857789,-0.210562,0
-0.85141,0.214825,0,0,0,0,0.85141,-0.214825,0
-0.844873,0.219048,0,0,0,0,0.844873,-0.219048,0
-0.838177,0.22323,0,0,0,0,0.838177,-0.22323,0
-0.831321,0.227369,0,0,0,0,0.831321,-0.227369,0
-0.824303,0.231464,0,0,0,0,0.824303,-0.231464,0
-0.81712,0.235513,0,0,0,0,0.81712,-0.235513,0
-0.809772,0.239514,0,0,0,0,0.809772,-0.239514,0
-0.802255,0.243465,0,0,0,0,0.802255,-0.243465,0
-0.794568,0.247364,0,0,0,0,0.794568,-0.247364,0
-0.786709,0.25121,0,0,0,0,0.786709,-0.25121,0
-0.778675,0.255,0,0,0,0,0.778675,-0.255,0
-0.770464,0.258732,0,0,0,0,0.770464,-0.258732,0
-0.762074,0.262404,0,0,0,0,0.762074,-0.262404,0
-0.753502,0.266013,0,0,0,0,0.753502,-0.266013,0
-0.744745,0.269557,0,0,0,0,0.744745,-0.269557,0
-0.735801,0.273033,0,0,0,0,0.735801,-0.273033,0
-0.726666,0.276438,0,0,0,0,0.726666,-0.276438,0
-0.717339,0.27977,0,0,0,0,0.717339,-0.27977,0
-0.707814,0.283026,0,0,0,0,0.707814,-0.283026,0
-0.698091,0.286201,0,0,0,0,0.698091,-0.286201,0
-0.688163,0.289293,0,0,0,0,0.688163,-0.289293,0
-0.67803,0.292299,0,0,0,0,0.67803,-0.292299,0
-0.667685,0.295213,0,0,0,0,0.667685,-0.295213,0
-0.657126,0.298033,0,0,0,0,0.657126,-0.298033,0
-0.646348,0.300753,0,0,0,0,0.646348,-0.300753,0
-0.635348,0.303369,0,0,0,0,0.635348,-0.303369,0
-0.624119,0.305877,0,0,0,0,0.624119,-0.305877,0
-0.612659,0.308271,0,0,0,0,0.612659,-0.308271,0
-0.600961,0.310546,0,0,0,0,0.600961,-0.310546,0
-0.58902,0.312695,0,0,0,0,0.58902,-0.312695,0
-0.576831,0.314712,0,0,0,0,0.576831,-0.314712,0
-0.564388,0.316591,0,0,0,0,0.564388,-0.316591,0
-0.551684,0.318323,0,0,0,0,0.551684,-0.318323,0
-0.538714,0.319902,0,0,0,0,0.538714,-0.319902,0
-0.525469,0.321317,0,0,0,0,0.525469,-0.321317,0
-0.511944,0.322561,0,0,0,0,0.511944,-0.322561,0
-0.49813,0.323623,0,0,0,0,0.49813,-0.323623,0
-0.484018,0.324492,0,0,0,0,0.484018,-0.324492,0
-0.469601,0.325155,0,0,0,0,0.469601,-0.325155,0
-0.454869,0.325601,0,0,0,0,0.454869,-0.325601,0
-0.439812,0.325813,0,0,0,0,0.439812,-0.325813,0
-0.424419,0.325778,0,0,0,0,0.424419,-0.325778,0
-0.40868,0.325476,0,0,0,0,0.40868,-0.325476,0
-0.392583,0.324889,0,0,0,0,0.392583,-0.324889,0
-0.376115,0.323994,0,0,0,0,0.376115,-0.323994,0
-0.359262,0.322768,0,0,0,0,0.359262,-0.322768,0
-0.342011,0.321184,0,0,0,0,0.342011,-0.321184,0
-0.324346,0.319211,0,0,0,0,0.324346,-0.319211,0
-0.30625,0.316814,0,0,0,0,0.30625,-0.316814,0
-0.287707,0.313954,0,0,0,0,0.287707,-0.313954,0
-0.268698,0.310585,0,0,0,0,0.268698,-0.310585,0
-0.249205,0.306655,0,0,0,0,0.249205,-0.306655,0
-0.229206,0.302102,0,0,0,0,0.229206,-0.302102,0
-0.208682,0.296856,0,0,0,0,0.208682,-0.296856,0
-0.187612,0.290832,0,0,0,0,0.187612,-0.290832,0
-0.165976,0.28393,0,0,0,0,0.165976,-0.28393,0
-0.143758,0.276027,0,0,0,0,0.143758,-0.276027,0
-0.120944,0.266978,0,0,0,0,0.120944,-0.266978,0
-0.0975309,0.256599,0,0,0,0,0.0975309,-0.256599,0
-0.0735308,0.244664,0,0,0,0,0.0735308,-0.244664,0
-0.0489832,0.23089,0,0,0,0,0.0489832,-0.23089,0
-0.0239768,0.214912,0,0,0,0,0.0239768,-0.214912,0
0.001314,0.196266,0,0,0,0,-0.001314,-0.196266,0
0.0265615,0.174365,0,0,0,0,-0.0265615,-0.174365,0
0.0511661,0.148483,0,0,0,0,-0.0511661,-0.148483,0
0.0740585,0.117819,0,0,0,0,-0.0740585,-0.117819,0
0.0934397,0.0817545,0,0,0,0,-0.0934397,-0.0817545,0
0.106694,0.040503,0,0,0,0,-0.106694,-0.040503,0
0.111123,-0.00399097,0,0,0,0,-0.111123,0.00399097,0
0.105694,-0.0481487,0,0,0,0,-0.105694,0.0481487,0
0.0919343,-0.0886415,0,0,0,0,-0.0919343,0.0886415,0
0.0726125,-0.123945,0,0,0,0,-0.0726125,0.123945,0
0.0501549,-0.15407,0,0,0,0,-0.0501549,0.15407,0
0.026169,-0.179672,0,0,0,0,-0.026169,0.179672,0
0.00160346,-0.201513,0,0,0,0,-0.00160346,0.201513,0
-0.0230054,-0.220265,0,0,0,0,0.0230054,0.220265,0
-0.0473603,-0.236473,0,0,0,0,0.0473603,0.236473,0
-0.0712992,-0.250566,0,0,0,0,0.0712992,0.250566,0
-0.0947375,-0.262881,0,0,0,0,0.0947375,0.262881,0
-0.117635,-0.273686,0,0,0,0,0.117635,0.273686,0
-0.139978,-0.283194,0,0,0,0,0.139978,0.283194,0
-0.161766,-0.291576,0,0,0,0,0.161766,0.291576,0
-0.183009,-0.298973,0,0,0,0,0.183009,0.298973,0
-0.203722,-0.305501,0,0,0,0,0.203722,0.305501,0
-0.22392,-0.311256,0,0,0,0,0.22392,0.311256,0
-0.243621,-0.31632,0,0,0,0,0.243621,0.31632,0
-0.262844,-0.320762,0,0,0,0,0.262844,0.320762,0
-0.281606,-0.324641,0,0,0,0,0.281606,0.324641,0
-0.299925,-0.328009,0,0,0,0,0.299925,0.328009,0
-0.317817,-0.330909,0,0,0,0,0.317817,0.330909,0
-0.335297,-0.33338,0,0,0,0,0.335297,0.33338,0
-0.352381,-0.335457,0,0,0,0,0.352381,0.335457,0
-0.369082,-0.337169,0,0,0,0,0.369082,0.337169,0
-0.385414,-0.338544,0,0,0,0,0.385414,0.338544,0
-0.401389,-0.339605,0,0,0,0,0.401389,0.339605,0
-0.417019,-0.340374,0,0,0,0,0.417019,0.340374,0
-0.432314,-0.34087,0,0,0,0,0.432314,0.34087,0
-0.447286,-0.34111,0,0,0,0,0.447286,0.34111,0
-0.461943,-0.341111,0,0,0,0,0.461943,0.341111,0
-0.476295,-0.340886,0,0,0,0,0.476295,0.340886,0
-0.490351,-0.340449,0,0,0,0,0.490351,0.340449,0
-0.504119,-0.339813,0,0,0,0,0.504119,0.339813,0
-0.517607,-0.338987,0,0,0,0,0.517607,0.338987,0
-0.530821,-0.337982,0,0,0,0,0.530821,0.337982,0
-0.543769,-0.336807,0,0,0,0,0.543769,0.336807,0
-0.556457,-0.335472,0,0,0,0,0.556457,0.335472,0
-0.568891,-0.333983,0,0,0,0,0.568891,0.333983,0
-0.581078,-0.33235,0,0,0,0,0.581078,0.33235,0
-0.593023,-0.330577,0,0,0,0,0.593023,0.330577,0
-0.60473,-0.328673,0,0,0,0,0.60473,0.328673,0
-0.616206,-0.326642,0,0,0,0,0.616206,0.326642,0
-0.627455,-0.324492,0,0,0,0,0.627455,0.324492,0
-0.638481,-0.322226,0,0,0,0,0.638481,0.322226,0
-0.64929,-0.31985,0,0,0,0,0.64929,0.31985,0
-0.659884,-0.317368,0,0,0,0,0.659884,0.317368,0
-0.670267,-0.314785,0,0,0,0,0.670267,0.314785,0
-0.680445,-0.312106,0,0,0,0,0.680445,0.312106,0
-0.69042,-0.309333,0,0,0,0,0.69042,0.309333,0
-0.700195,-0.306472,0,0,0,0,0.700195,0.306472,0
-0.709775,-0.303524,0,0,0,0,0.709775,0.303524,0
-0.719161,-0.300494,0,0,0,0,0.719161,0.300494,0
-0.728358,-0.297384,0,0,0,0,0.728358,0.297384,0
-0.737368,-0.294198,0,0,0,0,0.737368,0.294198,0
-0.746193,-0.290939,0,0,0,0,0.746193,0.290939,0
-0.754837,-0.287609,0,0,0,0,0.754837,0.287609,0
-0.763302,-0.284211,0,0,0,0,0.763302,0.284211,0
-0.771591,-0.280746,0,0,0,0,0.771591,0.280746,0
-0.779705,-0.277219,0,0,0,0,0.779705,0.277219,0
-0.787647,-0.27363,0,0,0,0,0.787647,0.27363,0
-0.795419,-0.269983,0,0,0,0,0.795419,0.269983,0
-0.803024,-0.266278,0,0,0,0,0.803024,0.266278,0
-0.810462,-0.262518,0,0,0,0,0.810462,0.262518,0
-0.817737,-0.258706,0,0,0,0,0.817737,0.258706,0
-0.82485,-0.254842,0,0,0,0,0.82485,0.254842,0
-0.831803,-0.250928,0,0,0,0,0.831803,0.250928,0
-0.838597,-0.246967,0,0,0,0,0.838597,0.246967,0
-0.845234,-0.242959,0,0,0,0,0.845234,0.242959,0
-0.851716,-0.238907,0,0,0,0,0.851716,0.238907,0
-0.858044,-0.234812,0,0,0,0,0.858044,0.234812,0
-0.86422,-0.230675,0,0,0,0,0.86422,0.230675,0
-0.870244,-0.226498,0,0,0,0,0.870244,0.226498,0
-0.876119,-0.222281,0,0,0,0,0.876119,0.222281,0
-0.881846,-0.218027,0,0,0,0,0.881846,0.218027,0
-0.887426,-0.213737,0,0,0,0,0.887426,0.213737,0
-0.89286,-0.209412,0,0,0,0,0.89286,0.209412,0
-0.898149,-0.205053,0,0,0,0,0.898149,0.205053,0
-0.903295,-0.20066,0,0,0,0,0.903295,0.20066,0
-0.908298,-0.196237,0,0,0,0,0.908298,0.196237,0
-0.913159,-0.191782,0,0,0,0,0.913159,0.191782,0
-0.91788,-0.187299,0,0,0,0,0.91788,0.187299,0
-0.922462,-0.182786,0,0,0,0,0.922462,0.182786,0
-0.926905,-0.178246,0,0,0,0,0.926905,0.178246,0
-0.93121,-0.17368,0,0,0,0,0.93121,0.17368,0
-0.935378,-0.169088,0,0,0,0,0.935378,0.169088,0
-0.93941,-0.164472,0,0,0,0,0.93941,0.164472,0
-0.943307,-0.159832,0,0,0,0,0.943307,0.159832,0
-0.947069,-0.155169,0,0,0,0,0.947069,0.155169,0
-0.950697,-0.150484,0,0,0,0,0.950697,0.150484,0
-0.954191,-0.145778,0,0,0,0,0.954191,0.145778,0
-0.957554,-0.141052,0,0,0,0,0.957554,0.141052,0
-0.960784,-0.136306,0,0,0,0,0.960784,0.136306,0
-0.963882,-0.131542,0,0,0,0,0.963882,0.131542,0
-0.96685,-0.126759,0,0,0,0,0.96685,0.126759,0
-0.969688,-0.12196,0,0,0,0,0.969688,0.12196,0
-0.972395,-0.117144,0,0,0,0,0.972395,0.117144,0
-0.974974,-0.112313,0,0,0,0,0.974974,0.112313,0
-0.977423,-0.107467,0,0,0,0,0.977423,0.107467,0
-0.979744,-0.102607,0,0,0,0,0.979744,0.102607,0
-0.981937,-0.0977332,0,0,0,0,0.981937,0.0977332,0
-0.984002,-0.0928469,0,0,0,0,0.984002,0.0928469,0
-0.985939,-0.0879485,0,0,0,0,0.985939,0.0879485,0
-0.98775,-0.0830389,0,0,0,0,0.98775,0.0830389,0
-0.989433,-0.0781185,0,0,0,0,0.989433,0.0781185,0
-0.990991,-0.0731882,0,0,0,0,0.990991,0.0731882,0
-0.992422,-0.0682485,0,0,0,0,0.992422,0.0682485,0
-0.993727,-0.0633002,0,0,0,0,0.993727,0.0633002,0
-0.994906,-0.0583438,0,0,0,0,0.994906,0.0583438,0
-0.995959,-0.0533801,0,0,0,0,0.995959,0.0533801,0
-0.996887,-0.0484097,0,0,0,0,0.996887,0.0484097,0
-0.99769,-0.0434331,0,0,0,0,0.99769,0.0434331,0
-0.998368,-0.0384511,0,0,0,0,0.998368,0.0384511,0
-0.99892,-0.0334643,0,0,0,0,0.99892,0.0334643,0
-0.999347,-0.0284734,0,0,0,0,0.999347,0.0284734,0
-0.999649,-0.0234788,0,0,0,0,0.999649,0.0234788,0
-0.999827,-0.0184813,0,0,0,0,0.999827,0.0184813,0
-0.999879,-0.0134815,0,0,0,0,0.999879,0.0134815,0
-0.999806,-0.00848004,0,0,0,0,0.999806,0.00848004,0
-0.999609,-0.0034775,0,0,0,0,0.999609,0.0034775,0
-0.999286,0.00152548,0,0,0,0,0.999286,-0.00152548,0
-0.998838,0.00652827,0,0,0,0,0.998838,-0.00652827,0
-0.998264,0.0115302,0,0,0,0,0.998264,-0.0115302,0
-0.997566,0.0165308,0,0,0,0,0.997566,-0.0165308,0
-0.996741,0.0215292,0,0,0,0,0.996741,-0.0215292,0
-0.995791,0.0265249,0,0,0,0,0.995791,-0.0265249,0
-0.994716,0.0315173,0,0,0,0,0.994716,-0.0315173,0
-0.993513,0.0365057,0,0,0,0,0.993513,-0.0365057,0
-0.992185,0.0414894,0,0,0,0,0.992185,-0.0414894,0
-0.99073,0.0464678,0,0,0,0,0.99073,-0.0464678,0
-0.989148,0.0514403,0,0,0,0,0.989148,-0.0514403,0
-0.987439,0.0564061,0,0,0,0,0.987439,-0.0564061,0
-0.985602,0.0613647,0,0,0,0,0.985602,-0.0613647,0
-0.983637,0.0663153,0,0,0,0,0.983637,-0.0663153,0
-0.981544,0.0712573,0,0,0,0,0.981544,-0.0712573,0
-0.979322,0.0761899,0,0,0,0,0.979322,-0.0761899,0
-0.976971,0.0811124,0,0,0,0,0.976971,-0.0811124,0
-0.97449,0.0860242,0,0,0,0,0.97449,-0.0860242,0
-0.97188,0.0909245,0,0,0,0,0.97188,-0.0909245,0
-0.969138,0.0958126,0,0,0,0,0.969138,-0.0958126,0
-0.966266,0.100688,0,0,0,0,0.966266,-0.100688,0
-0.963261,0.105549,0,0,0,0,0.963261,-0.105549,0
-0.960125,0.110396,0,0,0,0,0.960125,-0.110396,0
-0.956855,0.115228,0,0,0,0,0.956855,-0.115228,0
-0.953452,0.120043,0,0,0,0,0.953452,-0.120043,0
-0.949915,0.124842,0,0,0,0,0.949915,-0.124842,0
-0.946242,0.129623,0,0,0,0,0.946242,-0.129623,0
-0.942434,0.134385,0,0,0,0,0.942434,-0.134385,0
-0.938489,0.139128,0,0,0,0,0.938489,-0.139128,0
-0.934407,0.14385,0,0,0,0,0.934407,-0.14385,0
-0.930187,0.148551,0,0,0,0,0.930187,-0.148551,0
-0.925827,0.15323,0,0,0,0,0.925827,-0.15323,0
-0.921328,0.157886,0,0,0,0,0.921328,-0.157886,0
-0.916687,0.162517,0,0,0,0,0.916687,-0.162517,0
-0.911905,0.167124,0,0,0,0,0.911905,-0.167124,0
-0.906979,0.171704,0,0,0,0,0.906979,-0.171704,0
-0.901909,0.176257,0,0,0,0,0.901909,-0.176257,0
-0.896694,0.180781,0,0,0,0,0.896694,-0.180781,0
-0.891333,0.185276,0,0,0,0,0.891333,-0.185276,0
-0.885824,0.189741,0,0,0,0,0.885824,-0.189741,0
-0.880166,0.194173,0,0,0,0,0.880166,-0.194173,0
-0.874357,0.198572,0,0,0,0,0.874357,-0.198572,0
-0.868397,0.202937,0,0,0,0,0.868397,-0.202937,0
-0.862284,0.207266,0,0,0,0,0.862284,-0.207266,0
-0.856017,0.211558,0,0,0,0,0.856017,-0.211558,0
-0.849593,0.215811,0,0,0,0,0.849593,-0.215811,0
-0.843012,0.220024,0,0,0,0,0.843012,-0.220024,0
-0.836271,0.224196,0,0,0,0,0.836271,-0.224196,0
-0.829369,0.228324,0,0,0,0,0.829369,-0.228324,0
-0.822305,0.232408,0,0,0,0,0.822305,-0.232408,0
-0.815075,0.236445,0,0,0,0,0.815075,-0.236445,0
-0.807679,0.240434,0,0,0,0,0.807679,-0.240434,0
-0.800115,0.244372,0,0,0,0,0.800115,-0.244372,0
-0.792379,0.248258,0,0,0,0,0.792379,-0.248258,0
-0.784471,0.252091,0,0,0,0,0.784471,-0.252091,0
-0.776387,0.255866,0,0,0,0,0.776387,-0.255866,0
-0.768125,0.259583,0,0,0,0,0.768125,-0.259583,0
-0.759684,0.26324,0,0,0,0,0.759684,-0.26324,0
-0.751059,0.266833,0,0,0,0,0.751059,-0.266833,0
-0.74225,0.27036,0,0,0,0,0.74225,-0.27036,0
-0.733252,0.273818,0,0,0,0,0.733252,-0.273818,0
-0.724062,0.277205,0,0,0,0,0.724062,-0.277205,0
-0.714679,0.280518,0,0,0,0,0.714679,-0.280518,0
-0.705098,0.283754,0,0,0,0,0.705098,-0.283754,0
-0.695317,0.286908,0,0,0,0,0.695317,-0.286908,0
-0.685331,0.289978,0,0,0,0,0.685331,-0.289978,0
-0.675137,0.29296,0,0,0,0,0.675137,-0.29296,0
-0.664732,0.295851,0,0,0,0,0.664732,-0.295851,0
-0.654111,0.298645,0,0,0,0,0.654111,-0.298645,0
-0.64327,0.301339,0,0,0,0,0.64327,-0.301339,0
-0.632204,0.303928,0,0,0,0,0.632204,-0.303928,0
-0.62091,0.306406,0,0,0,0,0.62091,-0.306406,0
-0.609382,0.30877,0,0,0,0,0.609382,-0.30877,0
-0.597614,0.311012,0,0,0,0,0.597614,-0.311012,0
-0.585603,0.313127,0,0,0,0,0.585603,-0.313127,0
-0.573341,0.315108,0,0,0,0,0.573341,-0.315108,0
-0.560824,0.316949,0,0,0,0,0.560824,-0.316949,0
-0.548044,0.318641,0,0,0,0,0.548044,-0.318641,0
-0.534996,0.320177,0,0,0,0,0.534996,-0.320177,0
-0.521671,0.321547,0,0,0,0,0.521671,-0.321547,0
-0.508063,0.322743,0,0,0,0,0.508063,-0.322743,0
-0.494164,0.323754,0,0,0,0,0.494164,-0.323754,0
-0.479965,0.324569,0,0,0,0,0.479965,-0.324569,0
-0.465457,0.325175,0,0,0,0,0.465457,-0.325175,0
-0.450632,0.325559,0,0,0,0,0.450632,-0.325559,0
-0.435479,0.325705,0,0,0,0,0.435479,-0.325705,0
-0.419987,0.325599,0,0,0,0,0.419987,-0.325599,0
-0.404146,0.325221,0,0,0,0,0.404146,-0.325221,0
-0.387942,0.324552,0,0,0,0,0.387942,-0.324552,0
-0.371364,0.323569,0,0,0,0,0.371364,-0.323569,0
-0.354397,0.322247,0,0,0,0,0.354397,-0.322247,0
-0.337027,0.320558,0,0,0,0,0.337027,-0.320558,0
-0.319238,0.318471,0,0,0,0,0.319238,-0.318471,0
-0.301014,0.315949,0,0,0,0,0.301014,-0.315949,0
-0.282337,0.312952,0,0,0,0,0.282337,-0.312952,0
-0.263189,0.309431,0,0,0,0,0.263189,-0.309431,0
-0.243549,0.305333,0,0,0,0,0.243549,-0.305333,0
-0.223399,0.300593,0,0,0,0,0.223399,-0.300593,0
-0.202717,0.295137,0,0,0,0,0.202717,-0.295137,0
-0.181484,0.288876,0,0,0,0,0.181484,-0.288876,0
-0.159679,0.281703,0,0,0,0,0.159679,-0.281703,0
-0.137286,0.273491,0,0,0,0,0.137286,-0.273491,0
-0.114296,0.264083,0,0,0,0,0.114296,-0.264083,0
-0.0907078,0.253286,0,0,0,0,0.0907078,-0.253286,0
-0.0665397,0.240858,0,0,0,0,0.0665397,-0.240858,0
-0.041843,0.226493,0,0,0,0,0.041843,-0.226493,0
-0.0167263,0.209802,0,0,0,0,0.0167263,-0.209802,0
0.00860033,0.190287,0,0,0,0,-0.00860033,-0.190287,0
0.033746,0.167319,0,0,0,0,-0.033746,-0.167319,0
0.0579995,0.14014,0,0,0,0,-0.0579995,-0.14014,0
0.0801071,0.107961,0,0,0,0,-0.0801071,-0.107961,0
0.0980213,0.0703158,0,0,0,0,-0.0980213,-0.0703158,0
0.108972,0.0278364,0,0,0,0,-0.108972,-0.0278364,0
0.110545,-0.0169625,0,0,0,0,-0.110545,0.0169625,0
0.102465,-0.0603357,0,0,0,0,-0.102465,0.0603357,0
0.0868139,-0.0994011,0,0,0,0,-0.0868139,0.0994011,0
0.0663793,-0.133165,0,0,0,0,-0.0663793,0.133165,0
0.0433557,-0.161907,0,0,0,0,-0.0433557,0.161907,0
0.0191335,-0.18635,0,0,0,0,-0.0191335,0.18635,0
-0.00548061,-0.20724,0,0,0,0,0.00548061,0.20724,0
-0.0300339,-0.225211,0,0,0,0,0.0300339,0.225211,0
-0.0542762,-0.240773,0,0,0,0,0.0542762,0.240773,0
-0.0780725,-0.254327,0,0,0,0,0.0780725,0.254327,0
-0.101354,-0.266186,0,0,0,0,0.101354,0.266186,0
-0.124088,-0.276602,0,0,0,0,0.124088,0.276602,0
-0.146267,-0.285774,0,0,0,0,0.146267,0.285774,0
-0.167894,-0.293863,0,0,0,0,0.167894,0.293863,0
-0.188979,-0.301003,0,0,0,0,0.188979,0.301003,0
-0.209539,-0.307304,0,0,0,0,0.209539,0.307304,0
-0.22959,-0.312857,0,0,0,0,0.22959,0.312857,0
-0.249149,-0.31774,0,0,0,0,0.249149,0.31774,0
-0.268236,-0.322018,0,0,0,0,0.268236,0.322018,0
-0.286867,-0.325749,0,0,0,0,0.286867,0.325749,0
-0.305059,-0.328982,0,0,0,0,0.305059,0.328982,0
-0.32283,-0.331759,0,0,0,0,0.32283,0.331759,0
-0.340193,-0.334118,0,0,0,0,0.340193,0.334118,0
-0.357164,-0.336091,0,0,0,0,0.357164,0.336091,0
-0.373756,-0.337707,0,0,0,0,0.373756,0.337707,0
-0.389983,-0.338994,0,0,0,0,0.389983,0.338994,0
-0.405856,-0.339972,0,0,0,0,0.405856,0.339972,0
-0.421388,-0.340665,0,0,0,0,0.421388,0.340665,0
-0.436588,-0.341089,0,0,0,0,0.436588,0.341089,0
-0.451468,-0.341263,0,0,0,0,0.451468,0.341263,0
-0.466036,-0.341201,0,0,0,0,0.466036,0.341201,0
-0.480302,-0.340918,0,0,0,0,0.480302,0.340918,0
-0.494273,-0.340426,0,0,0,0,0.494273,0.340426,0
-0.507959,-0.339737,0,0,0,0,0.507959,0.339737,0
-0.521367,-0.338862,0,0,0,0,0.521367,0.338862,0
-0.534504,-0.337811,0,0,0,0,0.534504,0.337811,0
-0.547376,-0.336592,0,0,0,0,0.547376,0.336592,0
-0.55999,-0.335215,0,0,0,0,0.55999,0.335215,0
-0.572353,-0.333688,0,0,0,0,0.572353,0.333688,0
-0.584469,-0.332016,0,0,0,0,0.584469,0.332016,0
-0.596345,-0.330209,0,0,0,0,0.596345,0.330209,0
-0.607986,-0.32827,0,0,0,0,0.607986,0.32827,0
-0.619396,-0.326208,0,0,0,0,0.619396,0.326208,0
-0.630581,-0.324026,0,0,0,0,0.630581,0.324026,0
-0.641544,-0.321731,0,0,0,0,0.641544,0.321731,0
-0.65229,-0.319327,0,0,0,0,0.65229,0.319327,0
-0.662824,-0.316819,0,0,0,0,0.662824,0.316819,0
-0.673148,-0.31421,0,0,0,0,0.673148,0.31421,0
-0.683268,-0.311506,0,0,0,0,0.683268,0.311506,0
-0.693185,-0.30871,0,0,0,0,0.693185,0.30871,0
-0.702904,-0.305826,0,0,0,0,0.702904,0.305826,0
-0.712428,-0.302857,0,0,0,0,0.712428,0.302857,0
-0.721761,-0.299806,0,0,0,0,0.721761,0.299806,0
-0.730904,-0.296677,0,0,0,0,0.730904,0.296677,0
-0.739861,-0.293472,0,0,0,0,0.739861,0.293472,0
-0.748634,-0.290194,0,0,0,0,0.748634,0.290194,0
-0.757227,-0.286847,0,0,0,0,0.757227,0.286847,0
-0.765642,-0.283431,0,0,0,0,0.765642,0.283431,0
-0.77388,-0.279951,0,0,0,0,0.77388,0.279951,0
-0.781945,-0.276408,0,0,0,0,0.781945,0.276408,0
-0.789839,-0.272804,0,0,0,0,0.789839,0.272804,0
-0.797563,-0.269142,0,0,0,0,0.797563,0.269142,0
-0.805121,-0.265423,0,0,0,0,0.805121,0.265423,0
-0.812513,-0.26165,0,0,0,0,0.812513,0.26165,0
-0.819742,-0.257824,0,0,0,0,0.819742,0.257824,0
-0.826809,-0.253948,0,0,0,0,0.826809,0.253948,0
-0.833717,-0.250022,0,0,0,0,0.833717,0.250022,0
-0.840466,-0.246049,0,0,0,0,0.840466,0.246049,0
-0.847059,-0.242031,0,0,0,0,0.847059,0.242031,0
-0.853498,-0.237968,0,0,0,0,0.853498,0.237968,0
-0.859783,-0.233862,0,0,0,0,0.859783,0.233862,0
-0.865916,-0.229715,0,0,0,0,0.865916,0.229715,0
-0.871898,-0.225528,0,0,0,0,0.871898,0.225528,0
-0.877731,-0.221302,0,0,0,0,0.877731,0.221302,0
-0.883416,-0.217039,0,0,0,0,0.883416,0.217039,0
-0.888955,-0.21274,0,0,0,0,0.888955,0.21274,0
-0.894348,-0.208407,0,0,0,0,0.894348,0.208407,0
-0.899597,-0.204039,0,0,0,0,0.899597,0.204039,0
-0.904702,-0.199639,0,0,0,0,0.904702,0.199639,0
-0.909666,-0.195208,0,0,0,0,0.909666,0.195208,0
-0.914488,-0.190746,0,0,0,0,0.914488,0.190746,0
-0.919169,-0.186256,0,0,0,0,0.919169,0.186256,0
-0.923712,-0.181736,0,0,0,0,0.923712,0.181736,0
-0.928116,-0.17719,0,0,0,0,0.928116,0.17719,0
-0.932383,-0.172618,0,0,0,0,0.932383,0.172618,0
-0.936513,-0.16802,0,0,0,0,0.936513,0.16802,0
-0.940507,-0.163397,0,0,0,0,0.940507,0.163397,0
-0.944365,-0.158752,0,0,0,0,0.944365,0.158752,0
-0.94809,-0.154083,0,0,0,0,0.94809,0.154083,0
-0.951681,-0.149393,0,0,0,0,0.951681,0.149393,0
-0.955138,-0.144682,0,0,0,0,0.955138,0.144682,0
-0.958463,-0.139951,0,0,0,0,0.958463,0.139951,0
-0.961657,-0.135201,0,0,0,0,0.961657,0.135201,0
-0.964719,-0.130432,0,0,0,0,0.964719,0.130432,0
-0.96765,-0.125646,0,0,0,0,0.96765,0.125646,0
-0.970451,-0.120842,0,0,0,0,0.970451,0.120842,0
-0.973123,-0.116023,0,0,0,0,0.973123,0.116023,0
-0.975665,-0.111188,0,0,0,0,0.975665,0.111188,0
-0.978078,-0.106339,0,0,0,0,0.978078,0.106339,0
-0.980364,-0.101475,0,0,0,0,0.980364,0.101475,0
-0.982521,-0.0965983,0,0,0,0,0.982521,0.0965983,0
-0.98455,-0.0917089,0,0,0,0,0.98455,0.0917089,0
-0.986452,-0.0868078,0,0,0,0,0.986452,0.0868078,0
-0.988227,-0.0818954,0,0,0,0,0.988227,0.0818954,0
-0.989876,-0.0769726,0,0,0,0,0.989876,0.0769726,0
-0.991398,-0.0720399,0,0,0,0,0.991398,0.0720399,0
-0.992794,-0.0670981,0,0,0,0,0.992794,0.0670981,0
-0.994064,-0.0621477,0,0,0,0,0.994064,0.0621477,0
-0.995208,-0.0571895,0,0,0,0,0.995208,0.0571895,0
-0.996226,-0.052224,0,0,0,0,0.996226,0.052224,0
-0.997119,-0.047252,0,0,0,0,0.997119,0.047252,0
-0.997887,-0.0422741,0,0,0,0,0.997887,0.0422741,0
-0.99853,-0.0372908,0,0,0,0,0.99853,0.0372908,0
-0.999047,-0.0323029,0,0,0,0,0.999047,0.0323029,0
-0.99944,-0.0273109,0,0,0,0,0.99944,0.0273109,0
-0.999707,-0.0223155,0,0,0,0,0.999707,0.0223155,0
-0.99985,-0.0173173,0,0,0,0,0.99985,0.0173173,0
-0.999867,-0.012317,0,0,0,0,0.999867,0.012317,0
-0.99976,-0.00731509,0,0,0,0,0.99976,0.00731509,0
-0.999527,-0.00231229,0,0,0,0,0.999527,0.00231229,0
-0.99917,0.0026908,0,0,0,0,0.99917,-0.0026908,0
-0.998687,0.00769355,0,0,0,0,0.998687,-0.00769355,0
-0.998079,0.0126953,0,0,0,0,0.998079,-0.0126953,0
-0.997345,0.0176955,0,0,0,0,0.997345,-0.0176955,0
-0.996486,0.0226935,0,0,0,0,0.996486,-0.0226935,0
-0.995501,0.0276886,0,0,0,0,0.995501,-0.0276886,0
-0.99439,0.0326802,0,0,0,0,0.99439,-0.0326802,0
-0.993152,0.0376676,0,0,0,0,0.993152,-0.0376676,0
-0.991789,0.0426503,0,0,0,0,0.991789,-0.0426503,0
-0.990298,0.0476275,0,0,0,0,0.990298,-0.0476275,0
-0.988681,0.0525985,0,0,0,0,0.988681,-0.0525985,0
-0.986936,0.0575629,0,0,0,0,0.986936,-0.0575629,0
-0.985063,0.0625197,0,0,0,0,0.985063,-0.0625197,0
-0.983063,0.0674685,0,0,0,0,0.983063,-0.0674685,0
-0.980934,0.0724084,0,0,0,0,0.980934,-0.0724084,0
-0.978676,0.0773388,0,0,0,0,0.978676,-0.0773388,0
-0.976289,0.082259,0,0,0,0,0.976289,-0.082259,0
-0.973772,0.0871682,0,0,0,0,0.973772,-0.0871682,0
-0.971125,0.0920658,0,0,0,0,0.971125,-0.0920658,0
-0.968347,0.096951,0,0,0,0,0.968347,-0.096951,0
-0.965438,0.101823,0,0,0,0,0.965438,-0.101823,0
-0.962397,0.106681,0,0,0,0,0.962397,-0.106681,0
-0.959223,0.111525,0,0,0,0,0.959223,-0.111525,0
-0.955916,0.116353,0,0,0,0,0.955916,-0.116353,0
-0.952476,0.121164,0,0,0,0,0.952476,-0.121164,0
-0.9489,0.125959,0,0,0,0,0.9489,-0.125959,0
-0.94519,0.130735,0,0,0,0,0.94519,-0.130735,0
-0.941344,0.135493,0,0,0,0,0.941344,-0.135493,0
-0.937361,0.140231,0,0,0,0,0.937361,-0.140231,0
-0.93324,0.144949,0,0,0,0,0.93324,-0.144949,0
-0.92898,0.149645,0,0,0,0,0.92898,-0.149645,0
-0.924582,0.154318,0,0,0,0,0.924582,-0.154318,0
-0.920043,0.158969,0,0,0,0,0.920043,-0.158969,0
-0.915363,0.163594,0,0,0,0,0.915363,-0.163594,0
-0.91054,0.168195,0,0,0,0,0.91054,-0.168195,0
-0.905574,0.172768,0,0,0,0,0.905574,-0.172768,0
-0.900464,0.177315,0,0,0,0,0.900464,-0.177315,0
-0.895208,0.181832,0,0,0,0,0.895208,-0.181832,0
-0.889805,0.18632,0,0,0,0,0.889805,-0.18632,0
-0.884254,0.190777,0,0,0,0,0.884254,-0.190777,0
-0.878554,0.195201,0,0,0,0,0.878554,-0.195201,0
-0.872703,0.199592,0,0,0,0,0.872703,-0.199592,0
-0.8667,0.203948,0,0,0,0,0.8667,-0.203948,0
-0.860543,0.208269,0,0,0,0,0.860543,-0.208269,0
-0.854232,0.212551,0,0,0,0,0.854232,-0.212551,0
-0.847764,0.216795,0,0,0,0,0.847764,-0.216795,0
-0.841138,0.220998,0,0,0,0,0.841138,-0.220998,0
-0.834352,0.225159,0,0,0,0,0.834352,-0.225159,0
-0.827404,0.229277,0,0,0,0,0.827404,-0.229277,0
-0.820293,0.233349,0,0,0,0,0.820293,-0.233349,0
-0.813017,0.237375,0,0,0,0,0.813017,-0.237375,0
-0.805574,0.241351,0,0,0,0,0.805574,-0.241351,0
-0.797961,0.245277,0,0,0,0,0.797961,-0.245277,0
-0.790176,0.24915,0,0,0,0,0.790176,-0.24915,0
-0.782218,0.252968,0,0,0,0,0.782218,-0.252968,0
-0.774084,0.256729,0,0,0,0,0.774084,-0.256729,0
-0.765772,0.260431,0,0,0,0,0.765772,-0.260431,0
-0.757279,0.264072,0,0,0,0,0.757279,-0.264072,0
-0.748602,0.267649,0,0,0,0,0.748602,-0.267649,0
-0.739739,0.271159,0,0,0,0,0.739739,-0.271159,0
-0.730687,0.274599,0,0,0,0,0.730687,-0.274599,0
-0.721443,0.277968,0,0,0,0,0.721443,-0.277968,0
-0.712003,0.281261,0,0,0,0,0.712003,-0.281261,0
-0.702366,0.284476,0,0,0,0,0.702366,-0.284476,0
-0.692526,0.287609,0,0,0,0,0.692526,-0.287609,0
-0.682481,0.290657,0,0,0,0,0.682481,-0.290657,0
-0.672228,0.293616,0,0,0,0,0.672228,-0.293616,0
-0.661761,0.296482,0,0,0,0,0.661761,-0.296482,0
-0.651077,0.299251,0,0,0,0,0.651077,-0.299251,0
-0.640172,0.301918,0,0,0,0,0.640172,-0.301918,0
-0.629042,0.304478,0,0,0,0,0.629042,-0.304478,0
-0.617681,0.306927,0,0,0,0,0.617681,-0.306927,0
-0.606085,0.309259,0,0,0,0,0.606085,-0.309259,0
-0.594248,0.311469,0,0,0,0,0.594248,-0.311469,0
-0.582165,0.313549,0,0,0,0,0.582165,-0.313549,0
-0.569831,0.315494,0,0,0,0,0.569831,-0.315494,0
-0.557238,0.317296,0,0,0,0,0.557238,-0.317296,0
-0.544382,0.318947,0,0,0,0,0.544382,-0.318947,0
-0.531254,0.32044,0,0,0,0,0.531254,-0.32044,0
-0.517849,0.321765,0,0,0,0,0.517849,-0.321765,0
-0.504158,0.322912,0,0,0,0,0.504158,-0.322912,0
-0.490173,0.323872,0,0,0,0,0.490173,-0.323872,0
-0.475886,0.324631,0,0,0,0,0.475886,-0.324631,0
-0.461287,0.325178,0,0,0,0,0.461287,-0.325178,0
-0.446368,0.325499,0,0,0,0,0.446368,-0.325499,0
-0.431118,0.325579,0,0,0,0,0.431118,-0.325579,0
-0.415526,0.3254,0,0,0,0,0.415526,-0.3254,0
-0.399581,0.324944,0,0,0,0,0.399581,-0.324944,0
-0.38327,0.324191,0,0,0,0,0.38327,-0.324191,0
-0.36658,0.323117,0,0,0,0,0.36658,-0.323117,0
-0.349497,0.321697,0,0,0,0,0.349497,-0.321697,0
-0.332007,0.319901,0,0,0,0,0.332007,-0.319901,0
-0.314093,0.317697,0,0,0,0,0.314093,-0.317697,0
-0.295739,0.315047,0,0,0,0,0.295739,-0.315047,0
-0.276926,0.311909,0,0,0,0,0.276926,-0.311909,0
-0.257637,0.308233,0,0,0,0,0.257637,-0.308233,0
-0.23785,0.303961,0,0,0,0,0.23785,-0.303961,0
-0.217547,0.299028,0,0,0,0,0.217547,-0.299028,0
-0.196706,0.293354,0,0,0,0,0.196706,-0.293354,0
-0.175306,0.286846,0,0,0,0,0.175306,-0.286846,0
-0.153331,0.279393,0,0,0,0,0.153331,-0.279393,0
-0.130763,0.270859,0,0,0,0,0.130763,-0.270859,0
-0.107596,0.261077,0,0,0,0,0.107596,-0.261077,0
-0.0838338,0.249841,0,0,0,0,0.0838338,-0.249841,0
-0.0595017,0.236893,0,0,0,0,0.0595017,-0.236893,0
-0.0346644,0.221906,0,0,0,0,0.0346644,-0.221906,0
-0.00945423,0.20446,0,0,0,0,0.00945423,-0.20446,0
0.0158769,0.184023,0,0,0,0,-0.0158769,-0.184023,0
0.0408632,0.159924,0,0,0,0,-0.0408632,-0.159924,0
0.0646629,0.13138,0,0,0,0,-0.0646629,-0.13138,0
0.0858149,0.0976413,0,0,0,0,-0.0858149,-0.0976413,0
0.102024,0.0584603,0,0,0,0,-0.102024,-0.0584603,0
0.110453,0.0149663,0,0,0,0,-0.110453,-0.0149663,0
0.109147,-0.0298078,0,0,0,0,-0.109147,0.0298078,0
0.0986029,-0.0721491,0,0,0,0,-0.0986029,0.0721491,0
0.0813027,-0.109711,0,0,0,0,-0.0813027,0.109711,0
0.0599392,-0.141965,0,0,0,0,-0.0599392,0.141965,0
0.0364639,-0.169388,0,0,0,0,-0.0364639,0.169388,0
0.0120711,-0.192735,0,0,0,0,-0.0120711,0.192735,0
-0.0125551,-0.212726,0,0,0,0,0.0125551,0.212726,0
-0.0370328,-0.229959,0,0,0,0,0.0370328,0.229959,0
-0.0611519,-0.244909,0,0,0,0,0.0611519,0.244909,0
-0.0848002,-0.257949,0,0,0,0,0.0848002,0.257949,0
-0.107922,-0.269374,0,0,0,0,0.107922,0.269374,0
-0.130492,-0.279417,0,0,0,0,0.130492,0.279417,0
-0.152508,-0.288266,0,0,0,0,0.152508,0.288266,0
-0.173974,-0.296074,0,0,0,0,0.173974,0.296074,0
-0.194904,-0.302967,0,0,0,0,0.194904,0.302967,0
-0.215313,-0.309048,0,0,0,0,0.215313,0.309048,0
-0.235218,-0.314405,0,0,0,0,0.235218,0.314405,0
-0.254637,-0.319111,0,0,0,0,0.254637,0.319111,0
-0.273589,-0.323231,0,0,0,0,0.273589,0.323231,0
-0.29209,-0.326819,0,0,0,0,0.29209,0.326819,0
-0.310158,-0.32992,0,0,0,0,0.310158,0.32992,0
-0.327807,-0.332578,0,0,0,0,0.327807,0.332578,0
-0.345055,-0.334826,0,0,0,0,0.345055,0.334826,0
-0.361914,-0.336698,0,0,0,0,0.361914,0.336698,0
-0.378399,-0.338221,0,0,0,0,0.378399,0.338221,0
-0.394522,-0.33942,0,0,0,0,0.394522,0.33942,0
-0.410295,-0.340318,0,0,0,0,0.410295,0.340318,0
-0.425729,-0.340936,0,0,0,0,0.425729,0.340936,0
-0.440835,-0.34129,0,0,0,0,0.440835,0.34129,0
-0.455624,-0.341398,0,0,0,0,0.455624,0.341398,0
-0.470103,-0.341275,0,0,0,0,0.470103,0.341275,0
-0.484283,-0.340934,0,0,0,0,0.484283,0.340934,0
-0.498171,-0.340388,0,0,0,0,0.498171,0.340388,0
-0.511776,-0.339648,0,0,0,0,0.511776,0.339648,0
-0.525105,-0.338724,0,0,0,0,0.525105,0.338724,0
-0.538165,-0.337628,0,0,0,0,0.538165,0.337628,0
-0.550962,-0.336366,0,0,0,0,0.550962,0.336366,0
-0.563503,-0.334948,0,0,0,0,0.563503,0.334948,0
-0.575794,-0.333382,0,0,0,0,0.575794,0.333382,0
-0.587841,-0.331674,0,0,0,0,0.587841,0.331674,0
-0.599649,-0.329831,0,0,0,0,0.599649,0.329831,0
-0.611223,-0.327859,0,0,0,0,0.611223,0.327859,0
-0.622568,-0.325765,0,0,0,0,0.622568,0.325765,0
-0.633688,-0.323553,0,0,0,0,0.633688,0.323553,0
-0.644589,-0.321229,0,0,0,0,0.644589,0.321229,0
-0.655274,-0.318797,0,0,0,0,0.655274,0.318797,0
-0.665747,-0.316262,0,0,0,0,0.665747,0.316262,0
-0.676012,-0.313629,0,0,0,0,0.676012,0.313629,0
-0.686074,-0.310901,0,0,0,0,0.686074,0.310901,0
-0.695934,-0.308082,0,0,0,0,0.695934,0.308082,0
-0.705597,-0.305175,0,0,0,0,0.705597,0.305175,0
-0.715066,-0.302185,0,0,0,0,0.715066,0.302185,0
-0.724344,-0.299114,0,0,0,0,0.724344,0.299114,0
-0.733434,-0.295965,0,0,0,0,0.733434,0.295965,0
-0.742338,-0.292741,0,0,0,0,0.742338,0.292741,0
-0.75106,-0.289445,0,0,0,0,0.75106,0.289445,0
-0.759602,-0.28608,0,0,0,0,0.759602,0.28608,0
-0.767966,-0.282648,0,0,0,0,0.767966,0.282648,0
-0.776156,-0.279152,0,0,0,0,0.776156,0.279152,0
-0.784172,-0.275593,0,0,0,0,0.784172,0.275593,0
-0.792017,-0.271974,0,0,0,0,0.792017,0.271974,0
-0.799694,-0.268298,0,0,0,0,0.799694,0.268298,0
-0.807204,-0.264565,0,0,0,0,0.807204,0.264565,0
-0.81455,-0.260779,0,0,0,0,0.81455,0.260779,0
-0.821733,-0.25694,0,0,0,0,0.821733,0.25694,0
-0.828755,-0.253051,0,0,0,0,0.828755,0.253051,0
-0.835618,-0.249114,0,0,0,0,0.835618,0.249114,0
-0.842323,-0.245129,0,0,0,0,0.842323,0.245129,0
-0.848872,-0.2411,0,0,0,0,0.848872,0.2411,0
-0.855267,-0.237026,0,0,0,0,0.855267,0.237026,0
-0.861509,-0.23291,0,0,0,0,0.861509,0.23291,0
-0.867599,-0.228753,0,0,0,0,0.867599,0.228753,0
-0.87354,-0.224556,0,0,0,0,0.87354,0.224556,0
-0.879331,-0.220321,0,0,0,0,0.879331,0.220321,0
-0.884975,-0.216049,0,0,0,0,0.884975,0.216049,0
-0.890472,-0.211742,0,0,0,0,0.890472,0.211742,0
-0.895825,-0.207399,0,0,0,0,0.895825,0.207399,0
-0.901033,-0.203024,0,0,0,0,0.901033,0.203024,0
-0.906099,-0.198616,0,0,0,0,0.906099,0.198616,0
-0.911022,-0.194178,0,0,0,0,0.911022,0.194178,0
-0.915805,-0.189709,0,0,0,0,0.915805,0.189709,0
-0.920447,-0.185211,0,0,0,0,0.920447,0.185211,0
-0.924951,-0.180685,0,0,0,0,0.924951,0.180685,0
-0.929316,-0.176132,0,0,0,0,0.929316,0.176132,0
-0.933545,-0.171553,0,0,0,0,0.933545,0.171553,0
-0.937636,-0.16695,0,0,0,0,0.937636,0.16695,0
-0.941592,-0.162322,0,0,0,0,0.941592,0.162322,0
-0.945414,-0.15767,0,0,0,0,0.945414,0.15767,0
-0.949101,-0.152997,0,0,0,0,0.949101,0.152997,0
-0.952654,-0.148301,0,0,0,0,0.952654,0.148301,0
-0.956074,-0.143585,0,0,0,0,0.956074,0.143585,0
-0.959363,-0.13885,0,0,0,0,0.959363,0.13885,0
-0.962519,-0.134095,0,0,0,0,0.962519,0.134095,0
-0.965545,-0.129322,0,0,0,0,0.965545,0.129322,0
-0.96844,-0.124531,0,0,0,0,0.96844,0.124531,0
-0.971205,-0.119724,0,0,0,0,0.971205,0.119724,0
-0.97384,-0.114901,0,0,0,0,0.97384,0.114901,0
-0.976346,-0.110062,0,0,0,0,0.976346,0.110062,0
-0.978724,-0.105209,0,0,0,0,0.978724,0.105209,0
-0.980973,-0.100342,0,0,0,0,0.980973,0.100342,0
-0.983095,-0.0954626,0,0,0,0,0.983095,0.0954626,0
-0.985089,-0.0905703,0,0,0,0,0.985089,0.0905703,0
-0.986955,-0.0856664,0,0,0,0,0.986955,0.0856664,0
-0.988695,-0.0807514,0,0,0,0,0.988695,0.0807514,0
-0.990308,-0.0758261,0,0,0,0,0.990308,0.0758261,0
-0.991795,-0.0708911,0,0,0,0,0.991795,0.0708911,0
-0.993156,-0.0659471,0,0,0,0,0.993156,0.0659471,0
-0.994391,-0.0609948,0,0,0,0,0.994391,0.0609948,0
-0.9955,-0.0560347,0,0,0,0,0.9955,0.0560347,0
-0.996484,-0.0510676,0,0,0,0,0.996484,0.0510676,0
-0.997342,-0.046094,0,0,0,0,0.997342,0.046094,0
-0.998075,-0.0411147,0,0,0,0,0.998075,0.0411147,0
-0.998682,-0.0361302,0,0,0,0,0.998682,0.0361302,0
-0.999165,-0.0311411,0,0,0,0,0.999165,0.0311411,0
-0.999523,-0.0261482,0,0,0,0,0.999523,0.0261482,0
-0.999756,-0.021152,0,0,0,0,0.999756,0.021152,0
-0.999863,-0.0161532,0,0,0,0,0.999863,0.0161532,0
-0.999846,-0.0111523,0,0,0,0,0.999846,0.0111523,0
-0.999704,-0.00615004,0,0,0,0,0.999704,0.00615004,0
-0.999436,-0.00114702,0,0,0,0,0.999436,0.00114702,0
-0.999044,0.00385615,0,0,0,0,0.999044,-0.00385615,0
-0.998526,0.00885883,0,0,0,0,0.998526,-0.00885883,0
-0.997883,0.0138604,0,0,0,0,0.997883,-0.0138604,0
-0.997114,0.0188602,0,0,0,0,0.997114,-0.0188602,0
-0.99622,0.0238577,0,0,0,0,0.99622,-0.0238577,0
-0.9952,0.0288521,0,0,0,0,0.9952,-0.0288521,0
-0.994054,0.0338429,0,0,0,0,0.994054,-0.0338429,0
-0.992781,0.0388294,0,0,0,0,0.992781,-0.0388294,0
-0.991382,0.0438109,0,0,0,0,0.991382,-0.0438109,0
-0.989856,0.0487869,0,0,0,0,0.989856,-0.0487869,0
-0.988204,0.0537565,0,0,0,0,0.988204,-0.0537565,0
-0.986423,0.0587192,0,0,0,0,0.986423,-0.0587192,0
-0.984515,0.0636744,0,0,0,0,0.984515,-0.0636744,0
-0.982479,0.0686212,0,0,0,0,0.982479,-0.0686212,0
-0.980314,0.0735591,0,0,0,0,0.980314,-0.0735591,0
-0.97802,0.0784872,0,0,0,0,0.97802,-0.0784872,0
-0.975597,0.083405,0,0,0,0,0.975597,-0.083405,0
-0.973044,0.0883117,0,0,0,0,0.973044,-0.0883117,0
-0.97036,0.0932065,0,0,0,0,0.97036,-0.0932065,0
-0.967546,0.0980888,0,0,0,0,0.967546,-0.0980888,0
-0.964599,0.102958,0,0,0,0,0.964599,-0.102958,0
-0.961521,0.107813,0,0,0,0,0.961521,-0.107813,0
-0.958311,0.112653,0,0,0,0,0.958311,-0.112653,0
-0.954966,0.117477,0,0,0,0,0.954966,-0.117477,0
-0.951488,0.122285,0,0,0,0,0.951488,-0.122285,0
-0.947875,0.127075,0,0,0,0,0.947875,-0.127075,0
-0.944127,0.131847,0,0,0,0,0.944127,-0.131847,0
-0.940243,0.136601,0,0,0,0,0.940243,-0.136601,0
-0.936221,0.141334,0,0,0,0,0.936221,-0.141334,0
-0.932061,0.146047,0,0,0,0,0.932061,-0.146047,0
-0.927763,0.150737,0,0,0,0,0.927763,-0.150737,0
-0.923325,0.155406,0,0,0,0,0.923325,-0.155406,0
-0.918747,0.16005,0,0,0,0,0.918747,-0.16005,0
-0.914027,0.16467,0,0,0,0,0.914027,-0.16467,0
-0.909164,0.169264,0,0,0,0,0.909164,-0.169264,0
-0.904158,0.173831,0,0,0,0,0.904158,-0.173831,0
-0.899006,0.178371,0,0,0,0,0.899006,-0.178371,0
-0.893709,0.182881,0,0,0,0,0.893709,-0.182881,0
-0.888265,0.187362,0,0,0,0,0.888265,-0.187362,0
-0.882672,0.191811,0,0,0,0,0.882672,-0.191811,0
-0.87693,0.196227,0,0,0,0,0.87693,-0.196227,0
-0.871036,0.20061,0,0,0,0,0.871036,-0.20061,0
-0.86499,0.204958,0,0,0,0,0.86499,-0.204958,0
-0.85879,0.209269,0,0,0,0,0.85879,-0.209269,0
-0.852435,0.213542,0,0,0,0,0.852435,-0.213542,0
-0.845922,0.217776,0,0,0,0,0.845922,-0.217776,0
-0.839251,0.221969,0,0,0,0,0.839251,-0.221969,0
-0.83242,0.22612,0,0,0,0,0.83242,-0.22612,0
-0.825426,0.230227,0,0,0,0,0.825426,-0.230227,0
-0.818269,0.234288,0,0,0,0,0.818269,-0.234288,0
-0.810945,0.238301,0,0,0,0,0.810945,-0.238301,0
-0.803454,0.242265,0,0,0,0,0.803454,-0.242265,0
-0.795793,0.246178,0,0,0,0,0.795793,-0.246178,0
-0.78796,0.250038,0,0,0,0,0.78796,-0.250038,0
-0.779952,0.253842,0,0,0,0,0.779952,-0.253842,0
-0.771768,0.257589,0,0,0,0,0.771768,-0.257589,0
-0.763404,0.261275,0,0,0,0,0.763404,-0.261275,0
-0.754859,0.2649,0,0,0,0,0.754859,-0.2649,0
-0.746129,0.26846,0,0,0,0,0.746129,-0.26846,0
-0.737213,0.271953,0,0,0,0,0.737213,-0.271953,0
-0.728106,0.275376,0,0,0,0,0.728106,-0.275376,0
-0.718807,0.278725,0,0,0,0,0.718807,-0.278725,0
-0.709311,0.281999,0,0,0,0,0.709311,-0.281999,0
-0.699617,0.285194,0,0,0,0,0.699617,-0.285194,0
-0.689719,0.288305,0,0,0,0,0.689719,-0.288305,0
-0.679615,0.291331,0,0,0,0,0.679615,-0.291331,0
-0.669301,0.294266,0,0,0,0,0.669301,-0.294266,0
-0.658772,0.297107,0,0,0,0,0.658772,-0.297107,0
-0.648026,0.29985,0,0,0,0,0.648026,-0.29985,0
-0.637057,0.30249,0,0,0,0,0.637057,-0.30249,0
-0.625861,0.305022,0,0,0,0,0.625861,-0.305022,0
-0.614433,0.307441,0,0,0,0,0.614433,-0.307441,0
-0.602768,0.309741,0,0,0,0,0.602768,-0.309741,0
-0.590861,0.311917,0,0,0,0,0.590861,-0.311917,0
-0.578707,0.313962,0,0,0,0,0.578707,-0.313962,0
-0.566298,0.31587,0,0,0,0,0.566298,-0.31587,0
-0.553631,0.317633,0,0,0,0,0.553631,-0.317633,0
-0.540697,0.319243,0,0,0,0,0.540697,-0.319243,0
-0.52749,0.320692,0,0,0,0,0.52749,-0.320692,0
-0.514003,0.32197,0,0,0,0,0.514003,-0.32197,0
-0.500228,0.323068,0,0,0,0,0.500228,-0.323068,0
-0.486156,0.323974,0,0,0,0,0.486156,-0.323974,0
-0.47178,0.324678,0,0,0,0,0.47178,-0.324678,0
-0.45709,0.325165,0,0,0,0,0.45709,-0.325165,0
-0.442076,0.325422,0,0,0,0,0.442076,-0.325422,0
-0.426728,0.325433,0,0,0,0,0.426728,-0.325433,0
-0.411035,0.32518,0,0,0,0,0.411035,-0.32518,0
-0.394985,0.324645,0,0,0,0,0.394985,-0.324645,0
-0.378565,0.323806,0,0,0,0,0.378565,-0.323806,0
-0.361763,0.32264,0,0,0,0,0.361763,-0.32264,0
-0.344563,0.321119,0,0,0,0,0.344563,-0.321119,0
-0.326951,0.319213,0,0,0,0,0.326951,-0.319213,0
-0.308911,0.316889,0,0,0,0,0.308911,-0.316889,0
-0.290425,0.314108,0,0,0,0,0.290425,-0.314108,0
-0.271475,0.310824,0,0,0,0,0.271475,-0.310824,0
-0.252043,0.306987,0,0,0,0,0.252043,-0.306987,0
-0.232107,0.302537,0,0,0,0,0.232107,-0.302537,0
-0.211649,0.297403,0,0,0,0,0.211649,-0.297403,0
-0.190646,0.291504,0,0,0,0,0.190646,-0.291504,0
-0.16908,0.284741,0,0,0,0,0.16908,-0.284741,0
-0.146932,0.276996,0,0,0,0,0.146932,-0.276996,0
-0.124188,0.268125,0,0,0,0,0.124188,-0.268125,0
-0.100845,0.257952,0,0,0,0,0.100845,-0.257952,0
-0.0769098,0.246256,0,0,0,0,0.0769098,-0.246256,0
-0.0524185,0.232762,0,0,0,0,0.0524185,-0.232762,0
-0.0274511,0.217117,0,0,0,0,0.0274511,-0.217117,0
-0.00216753,0.198872,0,0,0,0,0.00216753,-0.198872,0
0.0231305,0.177456,0,0,0,0,-0.0231305,-0.177456,0
0.047889,0.15216,0,0,0,0,-0.047889,-0.15216,0
0.0711148,0.122185,0,0,0,0,-0.0711148,-0.122185,0
0.0911182,0.0868585,0,0,0,0,-0.0911182,-0.0868585,0
0.105375,0.0462306,0,0,0,0,-0.105375,-0.0462306,0
0.111107,0.00198389,0,0,0,0,-0.111107,-0.00198389,0
0.106967,-0.0424392,0,0,0,0,-0.106967,0.0424392,0
0.0941802,-0.0835508,0,0,0,0,-0.0941802,0.0835508,0
0.0754616,-0.119571,0,0,0,0,-0.0754616,0.119571,0
0.0533317,-0.150361,0,0,0,0,-0.0533317,0.150361,0
0.0295024,-0.176531,0,0,0,0,-0.0295024,0.176531,0
0.00499453,-0.198843,0,0,0,0,-0.00499453,0.198843,0
-0.0196131,-0.217986,0,0,0,0,0.0196131,0.217986,0
-0.0439984,-0.234521,0,0,0,0,0.0439984,0.234521,0
-0.0679854,-0.24889,0,0,0,0,0.0679854,0.24889,0
-0.0914815,-0.261441,0,0,0,0,0.0914815,0.261441,0
-0.114442,-0.27245,0,0,0,0,0.114442,0.27245,0
-0.136849,-0.282136,0,0,0,0,0.136849,0.282136,0
-0.158702,-0.290675,0,0,0,0,0.158702,0.290675,0
-0.180009,-0.298212,0,0,0,0,0.180009,0.298212,0
-0.200784,-0.304865,0,0,0,0,0.200784,0.304865,0
-0.221043,-0.310734,0,0,0,0,0.221043,0.310734,0
-0.240804,-0.315901,0,0,0,0,0.240804,0.315901,0
-0.260085,-0.320437,0,0,0,0,0.260085,0.320437,0
-0.278903,-0.324403,0,0,0,0,0.278903,0.324403,0
-0.297276,-0.32785,0,0,0,0,0.297276,0.32785,0
-0.31522,-0.330824,0,0,0,0,0.31522,0.330824,0
-0.332751,-0.333364,0,0,0,0,0.332751,0.333364,0
-0.349884,-0.335506,0,0,0,0,0.349884,0.335506,0
-0.366633,-0.337278,0,0,0,0,0.366633,0.337278,0
-0.383011,-0.33871,0,0,0,0,0.383011,0.33871,0
-0.399031,-0.339824,0,0,0,0,0.399031,0.339824,0
-0.414705,-0.340643,0,0,0,0,0.414705,0.340643,0
-0.430043,-0.341187,0,0,0,0,0.430043,0.341187,0
-0.445056,-0.341473,0,0,0,0,0.445056,0.341473,0
-0.459754,-0.341516,0,0,0,0,0.459754,0.341516,0
-0.474145,-0.341333,0,0,0,0,0.474145,0.341333,0
-0.48824,-0.340935,0,0,0,0,0.48824,0.340935,0
-0.502046,-0.340336,0,0,0,0,0.502046,0.340336,0
-0.51557,-0.339545,0,0,0,0,0.51557,0.339545,0
-0.52882,-0.338575,0,0,0,0,0.52882,0.338575,0
-0.541803,-0.337433,0,0,0,0,0.541803,0.337433,0
-0.554526,-0.336129,0,0,0,0,0.554526,0.336129,0
-0.566995,-0.334671,0,0,0,0,0.566995,0.334671,0
-0.579215,-0.333066,0,0,0,0,0.579215,0.333066,0
-0.591193,-0.331322,0,0,0,0,0.591193,0.331322,0
-0.602933,-0.329444,0,0,0,0,0.602933,0.329444,0
-0.61444,-0.32744,0,0,0,0,0.61444,0.32744,0
-0.62572,-0.325314,0,0,0,0,0.62572,0.325314,0
-0.636777,-0.323072,0,0,0,0,0.636777,0.323072,0
-0.647616,-0.320719,0,0,0,0,0.647616,0.320719,0
-0.65824,-0.31826,0,0,0,0,0.65824,0.31826,0
-0.668653,-0.3157,0,0,0,0,0.668653,0.3157,0
-0.67886,-0.313041,0,0,0,0,0.67886,0.313041,0
-0.688863,-0.310289,0,0,0,0,0.688863,0.310289,0
-0.698667,-0.307447,0,0,0,0,0.698667,0.307447,0
-0.708274,-0.304519,0,0,0,0,0.708274,0.304519,0
-0.717688,-0.301507,0,0,0,0,0.717688,0.301507,0
-0.726912,-0.298416,0,0,0,0,0.726912,0.298416,0
-0.735949,-0.295248,0,0,0,0,0.735949,0.295248,0
-0.744801,-0.292005,0,0,0,0,0.744801,0.292005,0
-0.753472,-0.288692,0,0,0,0,0.753472,0.288692,0
-0.761963,-0.285309,0,0,0,0,0.761963,0.285309,0
-0.770277,-0.281861,0,0,0,0,0.770277,0.281861,0
-0.778417,-0.278348,0,0,0,0,0.778417,0.278348,0
-0.786384,-0.274774,0,0,0,0,0.786384,0.274774,0
-0.794182,-0.271141,0,0,0,0,0.794182,0.271141,0
-0.801811,-0.26745,0,0,0,0,0.801811,0.26745,0
-0.809275,-0.263704,0,0,0,0,0.809275,0.263704,0
-0.816574,-0.259904,0,0,0,0,0.816574,0.259904,0
-0.823711,-0.256053,0,0,0,0,0.823711,0.256053,0
-0.830688,-0.252152,0,0,0,0,0.830688,0.252152,0
-0.837506,-0.248202,0,0,0,0,0.837506,0.248202,0
-0.844167,-0.244207,0,0,0,0,0.844167,0.244207,0
-0.850673,-0.240166,0,0,0,0,0.850673,0.240166,0
-0.857024,-0.236081,0,0,0,0,0.857024,0.236081,0
-0.863223,-0.231955,0,0,0,0,0.863223,0.231955,0
-0.869271,-0.227788,0,0,0,0,0.869271,0.227788,0
-0.875169,-0.223582,0,0,0,0,0.875169,0.223582,0
-0.880919,-0.219338,0,0,0,0,0.880919,0.219338,0
-0.886522,-0.215057,0,0,0,0,0.886522,0.215057,0
-0.891978,-0.210741,0,0,0,0,0.891978,0.210741,0
-0.89729,-0.20639,0,0,0,0,0.89729,0.20639,0
-0.902458,-0.202007,0,0,0,0,0.902458,0.202007,0
-0.907484,-0.197592,0,0,0,0,0.907484,0.197592,0
-0.912367,-0.193145,0,0,0,0,0.912367,0.193145,0
-0.917111,-0.188669,0,0,0,0,0.917111,0.188669,0
-0.921714,-0.184165,0,0,0,0,0.921714,0.184165,0
-0.926179,-0.179632,0,0,0,0,0.926179,0.179632,0
-0.930506,-0.175073,0,0,0,0,0.930506,0.175073,0
-0.934696,-0.170488,0,0,0,0,0.934696,0.170488,0
-0.938749,-0.165878,0,0,0,0,0.938749,0.165878,0
-0.942668,-0.161244,0,0,0,0,0.942668,0.161244,0
-0.946451,-0.156588,0,0,0,0,0.946451,0.156588,0
-0.950101,-0.151909,0,0,0,0,0.950101,0.151909,0
-0.953617,-0.147208,0,0,0,0,0.953617,0.147208,0
-0.957,-0.142488,0,0,0,0,0.957,0.142488,0
-0.960252,-0.137747,0,0,0,0,0.960252,0.137747,0
-0.963372,-0.132988,0,0,0,0,0.963372,0.132988,0
-0.966361,-0.128211,0,0,0,0,0.966361,0.128211,0
-0.969219,-0.123416,0,0,0,0,0.969219,0.123416,0
-0.971948,-0.118605,0,0,0,0,0.971948,0.118605,0
-0.974547,-0.113778,0,0,0,0,0.974547,0.113778,0
-0.977018,-0.108936,0,0,0,0,0.977018,0.108936,0
-0.979359,-0.104079,0,0,0,0,0.979359,0.104079,0
-0.981573,-0.0992091,0,0,0,0,0.981573,0.0992091,0
-0.983659,-0.0943262,0,0,0,0,0.983659,0.0943262,0
-0.985617,-0.089431,0,0,0,0,0.985617,0.089431,0
-0.987448,-0.0845243,0,0,0,0,0.987448,0.0845243,0
-0.989153,-0.0796068,0,0,0,0,0.989153,0.0796068,0
-0.990731,-0.074679,0,0,0,0,0.990731,0.074679,0
-0.992183,-0.0697418,0,0,0,0,0.992183,0.0697418,0
-0.993508,-0.0647957,0,0,0,0,0.993508,0.0647957,0
-0.994708,-0.0598414,0,0,0,0,0.994708,0.0598414,0
-0.995782,-0.0548795,0,0,0,0,0.995782,0.0548795,0
-0.996731,-0.0499107,0,0,0,0,0.996731,0.0499107,0
-0.997554,-0.0449356,0,0,0,0,0.997554,0.0449356,0
-0.998252,-0.0399549,0,0,0,0,0.998252,0.0399549,0
-0.998825,-0.0349692,0,0,0,0,0.998825,0.0349692,0
-0.999273,-0.0299791,0,0,0,0,0.999273,0.0299791,0
-0.999596,-0.0249853,0,0,0,0,0.999596,0.0249853,0
-0.999794,-0.0199883,0,0,0,0,0.999794,0.0199883,0
-0.999867,-0.0149888,0,0,0,0,0.999867,0.0149888,0
-0.999815,-0.00998748,0,0,0,0,0.999815,0.00998748,0
-0.999638,-0.00498489,0,0,0,0,0.999638,0.00498489,0
-0.999335,1.83259e-05,0,0,0,0,0.999335,-1.83259e-05,0
-0.998908,0.00502154,0,0,0,0,0.998908,-0.00502154,0
-0.998355,0.0100241,0,0,0,0,0.998355,-0.0100241,0
-0.997677,0.0150254,0,0,0,0,0.997677,-0.0150254,0
-0.996874,0.0200249,0,0,0,0,0.996874,-0.0200249,0
-0.995944,0.0250218,0,0,0,0,0.995944,-0.0250218,0
-0.994889,0.0300155,0,0,0,0,0.994889,-0.0300155,0
-0.993708,0.0350055,0,0,0,0,0.993708,-0.0350055,0
-0.9924,0.039991,0,0,0,0,0.9924,-0.039991,0
-0.990966,0.0449713,0,0,0,0,0.990966,-0.0449713,0
-0.989405,0.049946,0,0,0,0,0.989405,-0.049946,0
-0.987716,0.0549142,0,0,0,0,0.987716,-0.0549142,0
-0.985901,0.0598753,0,0,0,0,0.985901,-0.0598753,0
-0.983957,0.0648286,0,0,0,0,0.983957,-0.0648286,0
-0.981885,0.0697735,0,0,0,0,0.981885,-0.0697735,0
-0.979684,0.0747093,0,0,0,0,0.979684,-0.0747093,0
-0.977354,0.0796352,0,0,0,0,0.977354,-0.0796352,0
-0.974894,0.0845505,0,0,0,0,0.974894,-0.0845505,0
-0.972305,0.0894546,0,0,0,0,0.972305,-0.0894546,0
-0.969585,0.0943466,0,0,0,0,0.969585,-0.0943466,0
-0.966734,0.0992259,0,0,0,0,0.966734,-0.0992259,0
-0.963751,0.104092,0,0,0,0,0.963751,-0.104092,0
-0.960636,0.108943,0,0,0,0,0.960636,-0.108943,0
-0.957388,0.11378,0,0,0,0,0.957388,-0.11378,0
-0.954006,0.1186,0,0,0,0,0.954006,-0.1186,0
-0.95049,0.123404,0,0,0,0,0.95049,-0.123404,0
-0.94684,0.12819,0,0,0,0,0.94684,-0.12819,0
-0.943053,0.132958,0,0,0,0,0.943053,-0.132958,0
-0.939131,0.137707,0,0,0,0,0.939131,-0.137707,0
-0.93507,0.142436,0,0,0,0,0.93507,-0.142436,0
-0.930872,0.147143,0,0,0,0,0.930872,-0.147143,0
-0.926535,0.151829,0,0,0,0,0.926535,-0.151829,0
-0.922058,0.156491,0,0,0,0,0.922058,-0.156491,0
-0.91744,0.16113,0,0,0,0,0.91744,-0.16113,0
-0.91268,0.165744,0,0,0,0,0.91268,-0.165744,0
-0.907777,0.170332,0,0,0,0,0.907777,-0.170332,0
-0.90273,0.174893,0,0,0,0,0.90273,-0.174893,0
-0.897538,0.179425,0,0,0,0,0.897538,-0.179425,0
-0.892199,0.183929,0,0,0,0,0.892199,-0.183929,0
-0.886713,0.188402,0,0,0,0,0.886713,-0.188402,0
-0.881078,0.192843,0,0,0,0,0.881078,-0.192843,0
-0.875294,0.197252,0,0,0,0,0.875294,-0.197252,0
-0.869357,0.201626,0,0,0,0,0.869357,-0.201626,0
-0.863268,0.205965,0,0,0,0,0.863268,-0.205965,0
-0.857024,0.210267,0,0,0,0,0.857024,-0.210267,0
-0.850625,0.214531,0,0,0,0,0.850625,-0.214531,0
-0.844068,0.218755,0,0,0,0,0.844068,-0.218755,0
-0.837352,0.222938,0,0,0,0,0.837352,-0.222938,0
-0.830475,0.227078,0,0,0,0,0.830475,-0.227078,0
-0.823435,0.231174,0,0,0,0,0.823435,-0.231174,0
-0.816231,0.235223,0,0,0,0,0.816231,-0.235223,0
-0.80886,0.239225,0,0,0,0,0.80886,-0.239225,0
-0.801321,0.243176,0,0,0,0,0.801321,-0.243176,0
-0.793611,0.247076,0,0,0,0,0.793611,-0.247076,0
-0.785729,0.250922,0,0,0,0,0.785729,-0.250922,0
-0.777671,0.254712,0,0,0,0,0.777671,-0.254712,0
-0.769436,0.258444,0,0,0,0,0.769436,-0.258444,0
-0.761021,0.262116,0,0,0,0,0.761021,-0.262116,0
-0.752424,0.265724,0,0,0,0,0.752424,-0.265724,0
-0.743642,0.269268,0,0,0,0,0.743642,-0.269268,0
-0.734671,0.272743,0,0,0,0,0.734671,-0.272743,0
-0.72551,0.276148,0,0,0,0,0.72551,-0.276148,0
-0.716155,0.279478,0,0,0,0,0.716155,-0.279478,0
-0.706603,0.282732,0,0,0,0,0.706603,-0.282732,0
-0.696851,0.285906,0,0,0,0,0.696851,-0.285906,0
-0.686895,0.288995,0,0,0,0,0.686895,-0.288995,0
-0.676731,0.291998,0,0,0,0,0.676731,-0.291998,0
-0.666356,0.294909,0,0,0,0,0.666356,-0.294909,0
-0.655766,0.297726,0,0,0,0,0.655766,-0.297726,0
-0.644956,0.300442,0,0,0,0,0.644956,-0.300442,0
-0.633922,0.303054,0,0,0,0,0.633922,-0.303054,0
-0.62266,0.305557,0,0,0,0,0.62266,-0.305557,0
-0.611165,0.307946,0,0,0,0,0.611165,-0.307946,0
-0.599431,0.310214,0,0,0,0,0.599431,-0.310214,0
-0.587454,0.312356,0,0,0,0,0.587454,-0.312356,0
-0.575227,0.314366,0,0,0,0,0.575227,-0.314366,0
-0.562745,0.316236,0,0,0,0,0.562745,-0.316236,0
-0.550001,0.317959,0,0,0,0,0.550001,-0.317959,0
-0.536989,0.319527,0,0,0,0,0.536989,-0.319527,0
-0.523702,0.320931,0,0,0,0,0.523702,-0.320931,0
-0.510133,0.322162,0,0,0,0,0.510133,-0.322162,0
-0.496273,0.32321,0,0,0,0,0.496273,-0.32321,0
-0.482115,0.324063,0,0,0,0,0.482115,-0.324063,0
-0.467649,0.324709,0,0,0,0,0.467649,-0.324709,0
-0.452866,0.325135,0,0,0,0,0.452866,-0.325135,0
-0.437756,0.325327,0,0,0,0,0.437756,-0.325327,0
-0.422309,0.325267,0,0,0,0,0.422309,-0.325267,0
-0.406514,0.324939,0,0,0,0,0.406514,-0.324939,0
-0.390358,0.324323,0,0,0,0,0.390358,-0.324323,0
-0.373828,0.323397,0,0,0,0,0.373828,-0.323397,0
-0.356912,0.322135,0,0,0,0,0.356912,-0.322135,0
-0.339594,0.320511,0,0,0,0,0.339594,-0.320511,0
-0.321859,0.318493,0,0,0,0,0.321859,-0.318493,0
-0.303691,0.316046,0,0,0,0,0.303691,-0.316046,0
-0.285072,0.313129,0,0,0,0,0.285072,-0.313129,0
-0.265983,0.309696,0,0,0,0,0.265983,-0.309696,0
-0.246406,0.305693,0,0,0,0,0.246406,-0.305693,0
-0.226319,0.301059,0,0,0,0,0.226319,-0.301059,0
-0.205704,0.295718,0,0,0,0,0.205704,-0.295718,0
-0.184538,0.289586,0,0,0,0,0.184538,-0.289586,0
-0.162803,0.282558,0,0,0,0,0.162803,-0.282558,0
-0.140481,0.274509,0,0,0,0,0.140481,-0.274509,0
-0.117561,0.265287,0,0,0,0,0.117561,-0.265287,0
-0.0940415,0.254704,0,0,0,0,0.0940415,-0.254704,0
-0.0699367,0.242525,0,0,0,0,0.0699367,-0.242525,0
-0.0452925,0.228454,0,0,0,0,0.0452925,-0.228454,0
-0.0202076,0.212114,0,0,0,0,0.0202076,-0.212114,0
0.0051252,0.193023,0,0,0,0,-0.0051252,-0.193023,0
0.0303454,0.170569,0,0,0,0,-0.0303454,-0.170569,0
0.0547951,0.144007,0,0,0,0,-0.0547951,-0.144007,0
0.0773073,0.11254,0,0,0,0,-0.0773073,-0.11254,0
0.0959482,0.0756224,0,0,0,0,-0.0959482,-0.0756224,0
0.108007,0.0336853,0,0,0,0,-0.108007,-0.0336853,0
0.11092,-0.0110136,0,0,0,0,-0.11092,0.0110136,0
0.104058,-0.0547807,0,0,0,0,-0.104058,0.0547807,0
0.0892683,-0.0945166,0,0,0,0,-0.0892683,0.0945166,0
0.0693453,-0.128992,0,0,0,0,-0.0693453,0.128992,0
0.0465906,-0.158373,0,0,0,0,-0.0465906,0.158373,0
0.0224907,-0.183354,0,0,0,0,-0.0224907,0.183354,0
-0.00208545,-0.20469,0,0,0,0,0.00208545,0.20469,0
-0.0266485,-0.223032,0,0,0,0,0.0266485,0.223032,0
-0.0509274,-0.238905,0,0,0,0,0.0509274,0.238905,0
-0.0747752,-0.252721,0,0,0,0,0.0747752,0.252721,0
-0.0981156,-0.264807,0,0,0,0,0.0981156,0.264807,0
-0.120913,-0.275419,0,0,0,0,0.120913,0.275419,0
-0.143157,-0.284762,0,0,0,0,0.143157,0.284762,0
-0.164848,-0.293003,0,0,0,0,0.164848,0.293003,0
-0.185998,-0.300279,0,0,0,0,0.185998,0.300279,0
-0.20662,-0.306701,0,0,0,0,0.20662,0.306701,0
-0.226731,-0.312364,0,0,0,0,0.226731,0.312364,0
-0.24635,-0.317348,0,0,0,0,0.24635,0.317348,0
-0.265493,-0.321718,0,0,0,0,0.265493,0.321718,0
-0.28418,-0.325534,0,0,0,0,0.28418,0.325534,0
-0.302426,-0.328845,0,0,0,0,0.302426,0.328845,0
-0.320248,-0.331694,0,0,0,0,0.320248,0.331694,0
-0.337661,-0.334121,0,0,0,0,0.337661,0.334121,0
-0.354681,-0.336157,0,0,0,0,0.354681,0.336157,0
-0.37132,-0.337833,0,0,0,0,0.37132,0.337833,0
-0.387593,-0.339175,0,0,0,0,0.387593,0.339175,0
-0.403511,-0.340206,0,0,0,0,0.403511,0.340206,0
-0.419086,-0.340948,0,0,0,0,0.419086,0.340948,0
-0.434329,-0.341419,0,0,0,0,0.434329,0.341419,0
-0.44925,-0.341637,0,0,0,0,0.44925,0.341637,0
-0.463858,-0.341618,0,0,0,0,0.463858,0.341618,0
-0.478163,-0.341375,0,0,0,0,0.478163,0.341375,0
-0.492173,-0.340922,0,0,0,0,0.492173,0.340922,0
-0.505896,-0.34027,0,0,0,0,0.505896,0.34027,0
-0.519341,-0.33943,0,0,0,0,0.519341,0.33943,0
-0.532513,-0.338413,0,0,0,0,0.532513,0.338413,0
-0.545421,-0.337227,0,0,0,0,0.545421,0.337227,0
-0.55807,-0.335881,0,0,0,0,0.55807,0.335881,0
-0.570466,-0.334383,0,0,0,0,0.570466,0.334383,0
-0.582616,-0.33274,0,0,0,0,0.582616,0.33274,0
-0.594525,-0.33096,0,0,0,0,0.594525,0.33096,0
-0.606197,-0.329049,0,0,0,0,0.606197,0.329049,0
-0.617639,-0.327012,0,0,0,0,0.617639,0.327012,0
-0.628855,-0.324855,0,0,0,0,0.628855,0.324855,0
-0.639848,-0.322584,0,0,0,0,0.639848,0.322584,0
-0.650625,-0.320203,0,0,0,0,0.650625,0.320203,0
-0.661188,-0.317717,0,0,0,0,0.661188,0.317717,0
-0.671542,-0.31513,0,0,0,0,0.671542,0.31513,0
-0.68169,-0.312447,0,0,0,0,0.68169,0.312447,0
-0.691636,-0.309672,0,0,0,0,0.691636,0.309672,0
-0.701384,-0.306807,0,0,0,0,0.701384,0.306807,0
-0.710935,-0.303857,0,0,0,0,0.710935,0.303857,0
-0.720295,-0.300825,0,0,0,0,0.720295,0.300825,0
-0.729465,-0.297713,0,0,0,0,0.729465,0.297713,0
-0.738449,-0.294526,0,0,0,0,0.738449,0.294526,0
-0.74725,-0.291265,0,0,0,0,0.74725,0.291265,0
-0.755869,-0.287934,0,0,0,0,0.755869,0.287934,0
-0.764309,-0.284534,0,0,0,0,0.764309,0.284534,0
-0.772574,-0.281069,0,0,0,0,0.772574,0.281069,0
-0.780664,-0.277541,0,0,0,0,0.780664,0.277541,0
-0.788583,-0.273952,0,0,0,0,0.788583,0.273952,0
-0.796333,-0.270304,0,0,0,0,0.796333,0.270304,0
-0.803915,-0.266599,0,0,0,0,0.803915,0.266599,0
-0.811332,-0.262839,0,0,0,0,0.811332,0.262839,0
-0.818585,-0.259026,0,0,0,0,0.818585,0.259026,0
-0.825677,-0.255163,0,0,0,0,0.825677,0.255163,0
-0.832609,-0.251249,0,0,0,0,0.832609,0.251249,0
-0.839382,-0.247288,0,0,0,0,0.839382,0.247288,0
-0.845999,-0.243281,0,0,0,0,0.845999,0.243281,0
-0.852461,-0.239229,0,0,0,0,0.852461,0.239229,0
-0.858769,-0.235134,0,0,0,0,0.858769,0.235134,0
-0.864926,-0.230998,0,0,0,0,0.864926,0.230998,0
-0.870931,-0.226821,0,0,0,0,0.870931,0.226821,0
-0.876788,-0.222605,0,0,0,0,0.876788,0.222605,0
-0.882496,-0.218352,0,0,0,0,0.882496,0.218352,0
-0.888057,-0.214063,0,0,0,0,0.888057,0.214063,0
-0.893473,-0.209738,0,0,0,0,0.893473,0.209738,0
-0.898744,-0.205379,0,0,0,0,0.898744,0.205379,0
-0.903872,-0.200988,0,0,0,0,0.903872,0.200988,0
-0.908857,-0.196565,0,0,0,0,0.908857,0.196565,0
-0.913702,-0.192111,0,0,0,0,0.913702,0.192111,0
-0.918406,-0.187628,0,0,0,0,0.918406,0.187628,0
-0.92297,-0.183117,0,0,0,0,0.92297,0.183117,0
-0.927396,-0.178578,0,0,0,0,0.927396,0.178578,0
-0.931685,-0.174012,0,0,0,0,0.931685,0.174012,0
-0.935836,-0.169421,0,0,0,0,0.935836,0.169421,0
-0.939852,-0.164805,0,0,0,0,0.939852,0.164805,0
-0.943732,-0.160166,0,0,0,0,0.943732,0.160166,0
-0.947478,-0.155504,0,0,0,0,0.947478,0.155504,0
-0.95109,-0.15082,0,0,0,0,0.95109,0.15082,0
-0.954569,-0.146114,0,0,0,0,0.954569,0.146114,0
-0.957916,-0.141389,0,0,0,0,0.957916,0.141389,0
-0.96113,-0.136644,0,0,0,0,0.96113,0.136644,0
-0.964214,-0.13188,0,0,0,0,0.964214,0.13188,0
-0.967166,-0.127098,0,0,0,0,0.967166,0.127098,0
-0.969989,-0.122299,0,0,0,0,0.969989,0.122299,0
-0.972681,-0.117484,0,0,0,0,0.972681,0.117484,0
-0.975244,-0.112654,0,0,0,0,0.975244,0.112654,0
-0.977679,-0.107808,0,0,0,0,0.977679,0.107808,0
-0.979985,-0.102948,0,0,0,0,0.979985,0.102948,0
-0.982163,-0.098075,0,0,0,0,0.982163,0.098075,0
-0.984213,-0.0931891,0,0,0,0,0.984213,0.0931891,0
-0.986136,-0.088291,0,0,0,0,0.986136,0.088291,0
-0.987932,-0.0833816,0,0,0,0,0.987932,0.0833816,0
-0.989601,-0.0784616,0,0,0,0,0.989601,0.0784616,0
-0.991144,-0.0735314,0,0,0,0,0.991144,0.0735314,0
-0.99256,-0.068592,0,0,0,0,0.99256,0.068592,0
-0.993851,-0.0636438,0,0,0,0,0.993851,0.0636438,0
-0.995016,-0.0586875,0,0,0,0,0.995016,0.0586875,0
-0.996055,-0.0537239,0,0,0,0,0.996055,0.0537239,0
-0.996969,-0.0487535,0,0,0,0,0.996969,0.0487535,0
-0.997757,-0.0437769,0,0,0,0,0.997757,0.0437769,0
-0.99842,-0.0387949,0,0,0,0,0.99842,0.0387949,0
-0.998958,-0.033808,0,0,0,0,0.998958,0.033808,0
-0.999371,-0.0288169,0,0,0,0,0.999371,0.0288169,0
-0.99966,-0.0238221,0,0,0,0,0.99966,0.0238221,0
-0.999823,-0.0188244,0,0,0,0,0.999823,0.0188244,0
-0.999861,-0.0138243,0,0,0,0,0.999861,0.0138243,0
-0.999774,-0.00882255,0,0,0,0,0.999774,0.00882255,0
-0.999562,-0.00381965,0,0,0,0,0.999562,0.00381965,0
-0.999225,0.00118373,0,0,0,0,0.999225,-0.00118373,0
-0.998763,0.00618696,0,0,0,0,0.998763,-0.00618696,0
-0.998175,0.0111894,0,0,0,0,0.998175,-0.0111894,0
-0.997462,0.0161905,0,0,0,0,0.997462,-0.0161905,0
-0.996623,0.0211895,0,0,0,0,0.996623,-0.0211895,0
-0.995659,0.0261858,0,0,0,0,0.995659,-0.0261858,0
-0.994569,0.0311788,0,0,0,0,0.994569,-0.0311788,0
-0.993352,0.0361679,0,0,0,0,0.993352,-0.0361679,0
-0.992009,0.0411523,0,0,0,0,0.992009,-0.0411523,0
-0.99054,0.0461315,0,0,0,0,0.99054,-0.0461315,0
-0.988943,0.0511048,0,0,0,0,0.988943,-0.0511048,0
-0.987219,0.0560715,0,0,0,0,0.987219,-0.0560715,0
-0.985368,0.061031,0,0,0,0,0.985368,-0.061031,0
-0.983388,0.0659825,0,0,0,0,0.983388,-0.0659825,0
-0.98128,0.0709254,0,0,0,0,0.98128,-0.0709254,0
-0.979044,0.075859,0,0,0,0,0.979044,-0.075859,0
-0.976678,0.0807826,0,0,0,0,0.976678,-0.0807826,0
-0.974182,0.0856955,0,0,0,0,0.974182,-0.0856955,0
-0.971556,0.0905969,0,0,0,0,0.971556,-0.0905969,0
-0.968799,0.0954861,0,0,0,0,0.968799,-0.0954861,0
-0.965912,0.100362,0,0,0,0,0.965912,-0.100362,0
-0.962892,0.105225,0,0,0,0,0.962892,-0.105225,0
-0.95974,0.110073,0,0,0,0,0.95974,-0.110073,0
-0.956454,0.114906,0,0,0,0,0.956454,-0.114906,0
-0.953035,0.119723,0,0,0,0,0.953035,-0.119723,0
-0.949482,0.124523,0,0,0,0,0.949482,-0.124523,0
-0.945793,0.129305,0,0,0,0,0.945793,-0.129305,0
-0.941969,0.134068,0,0,0,0,0.941969,-0.134068,0
-0.938008,0.138812,0,0,0,0,0.938008,-0.138812,0
-0.933909,0.143536,0,0,0,0,0.933909,-0.143536,0
-0.929672,0.148239,0,0,0,0,0.929672,-0.148239,0
-0.925296,0.152919,0,0,0,0,0.925296,-0.152919,0
-0.920779,0.157576,0,0,0,0,0.920779,-0.157576,0
-0.916121,0.162209,0,0,0,0,0.916121,-0.162209,0
-0.911321,0.166817,0,0,0,0,0.911321,-0.166817,0
-0.906378,0.171398,0,0,0,0,0.906378,-0.171398,0
-0.90129,0.175953,0,0,0,0,0.90129,-0.175953,0
-0.896057,0.180478,0,0,0,0,0.896057,-0.180478,0
-0.890677,0.184975,0,0,0,0,0.890677,-0.184975,0
-0.88515,0.18944,0,0,0,0,0.88515,-0.18944,0
-0.879473,0.193874,0,0,0,0,0.879473,-0.193874,0
-0.873646,0.198274,0,0,0,0,0.873646,-0.198274,0
-0.867666,0.20264,0,0,0,0,0.867666,-0.20264,0
-0.861534,0.20697,0,0,0,0,0.861534,-0.20697,0
-0.855246,0.211263,0,0,0,0,0.855246,-0.211263,0
-0.848803,0.215518,0,0,0,0,0.848803,-0.215518,0
-0.842201,0.219732,0,0,0,0,0.842201,-0.219732,0
-0.835439,0.223905,0,0,0,0,0.835439,-0.223905,0
-0.828517,0.228034,0,0,0,0,0.828517,-0.228034,0
-0.821431,0.232118,0,0,0,0,0.821431,-0.232118,0
-0.814179,0.236156,0,0,0,0,0.814179,-0.236156,0
-0.806761,0.240145,0,0,0,0,0.806761,-0.240145,0
-0.799174,0.244084,0,0,0,0,0.799174,-0.244084,0
-0.791416,0.247971,0,0,0,0,0.791416,-0.247971,0
-0.783484,0.251803,0,0,0,0,0.783484,-0.251803,0
-0.775376,0.255579,0,0,0,0,0.775376,-0.255579,0
-0.76709,0.259296,0,0,0,0,0.76709,-0.259296,0
-0.758624,0.262952,0,0,0,0,0.758624,-0.262952,0
-0.749974,0.266545,0,0,0,0,0.749974,-0.266545,0
-0.741139,0.270071,0,0,0,0,0.741139,-0.270071,0
-0.732114,0.273529,0,0,0,0,0.732114,-0.273529,0
-0.722898,0.276915,0,0,0,0,0.722898,-0.276915,0
-0.713488,0.280226,0,0,0,0,0.713488,-0.280226,0
-0.703879,0.28346,0,0,0,0,0.703879,-0.28346,0
-0.694069,0.286612,0,0,0,0,0.694069,-0.286612,0
-0.684053,0.28968,0,0,0,0,0.684053,-0.28968,0
-0.67383,0.292659,0,0,0,0,0.67383,-0.292659,0
-0.663394,0.295547,0,0,0,0,0.663394,-0.295547,0
-0.652741,0.298337,0,0,0,0,0.652741,-0.298337,0
-0.641868,0.301027,0,0,0,0,0.641868,-0.301027,0
-0.630769,0.303612,0,0,0,0,0.630769,-0.303612,0
-0.61944,0.306085,0,0,0,0,0.61944,-0.306085,0
-0.607877,0.308443,0,0,0,0,0.607877,-0.308443,0
-0.596074,0.310678,0,0,0,0,0.596074,-0.310678,0
-0.584026,0.312786,0,0,0,0,0.584026,-0.312786,0
-0.571726,0.31476,0,0,0,0,0.571726,-0.31476,0
-0.559169,0.316591,0,0,0,0,0.559169,-0.316591,0
-0.546349,0.318274,0,0,0,0,0.546349,-0.318274,0
-0.533259,0.319799,0,0,0,0,0.533259,-0.319799,0
-0.519891,0.321158,0,0,0,0,0.519891,-0.321158,0
-0.506239,0.322341,0,0,0,0,0.506239,-0.322341,0
-0.492294,0.323337,0,0,0,0,0.492294,-0.323337,0
-0.478047,0.324136,0,0,0,0,0.478047,-0.324136,0
-0.46349,0.324724,0,0,0,0,0.46349,-0.324724,0
-0.448614,0.325088,0,0,0,0,0.448614,-0.325088,0
-0.433408,0.325213,0,0,0,0,0.433408,-0.325213,0
-0.417861,0.325082,0,0,0,0,0.417861,-0.325082,0
-0.401962,0.324677,0,0,0,0,0.401962,-0.324677,0
-0.385699,0.323978,0,0,0,0,0.385699,-0.323978,0
-0.369059,0.322962,0,0,0,0,0.369059,-0.322962,0
-0.352027,0.321603,0,0,0,0,0.352027,-0.321603,0
-0.33459,0.319873,0,0,0,0,0.33459,-0.319873,0
-0.31673,0.31774,0,0,0,0,0.31673,-0.31774,0
-0.298432,0.315166,0,0,0,0,0.298432,-0.315166,0
-0.279678,0.31211,0,0,0,0,0.279678,-0.31211,0
-0.260449,0.308523,0,0,0,0,0.260449,-0.308523,0
-0.240725,0.30435,0,0,0,0,0.240725,-0.30435,0
-0.220486,0.299524,0,0,0,0,0.220486,-0.299524,0
-0.199712,0.29397,0,0,0,0,0.199712,-0.29397,0
-0.178381,0.287596,0,0,0,0,0.178381,-0.287596,0
-0.156475,0.280292,0,0,0,0,0.156475,-0.280292,0
-0.133979,0.271927,0,0,0,0,0.133979,-0.271927,0
-0.110882,0.262338,0,0,0,0,0.110882,-0.262338,0
-0.087187,0.251326,0,0,0,0,0.087187,-0.251326,0
-0.0629159,0.238639,0,0,0,0,0.0629159,-0.238639,0
-0.0381264,0.223961,0,0,0,0,0.0381264,-0.223961,0
-0.0129393,0.206886,0,0,0,0,0.0129393,-0.206886,0
0.0124137,0.186897,0,0,0,0,-0.0124137,-0.186897,0
0.0375028,0.163341,0,0,0,0,-0.0375028,-0.163341,0
0.0615484,0.135444,0,0,0,0,-0.0615484,-0.135444,0
0.0831863,0.102435,0,0,0,0,-0.0831863,-0.102435,0
0.100232,0.0639547,0,0,0,0,-0.100232,-0.0639547,0
0.109866,0.020898,0,0,0,0,-0.109866,-0.020898,0
0.109901,-0.0239283,0,0,0,0,-0.109901,0.0239283,0
0.100484,-0.0667718,0,0,0,0,-0.100484,0.0667718,0
0.0839357,-0.105035,0,0,0,0,-0.0839357,0.105035,0
0.0630021,-0.137986,0,0,0,0,-0.0630021,0.137986,0
0.039745,-0.166018,0,0,0,0,-0.039745,0.166018,0
0.0154452,-0.189876,0,0,0,0,-0.0154452,0.189876,0
-0.00915974,-0.21029,0,0,0,0,0.00915974,0.21029,0
-0.0336565,-0.227875,0,0,0,0,0.0336565,0.227875,0
-0.0578174,-0.243121,0,0,0,0,0.0578174,0.243121,0
-0.08152,-0.256412,0,0,0,0,0.08152,0.256412,0
-0.104702,-0.268053,0,0,0,0,0.104702,0.268053,0
-0.127337,-0.278285,0,0,0,0,0.127337,0.278285,0
-0.149417,-0.287299,0,0,0,0,0.149417,0.287299,0
-0.170948,-0.295254,0,0,0,0,0.170948,0.295254,0
-0.191941,-0.302278,0,0,0,0,0.191941,0.302278,0
-0.212411,-0.308477,0,0,0,0,0.212411,0.308477,0
-0.232377,-0.313941,0,0,0,0,0.232377,0.313941,0
-0.251854,-0.318746,0,0,0,0,0.251854,0.318746,0
-0.270862,-0.322956,0,0,0,0,0.270862,0.322956,0
-0.289418,-0.326626,0,0,0,0,0.289418,0.326626,0
-0.307539,-0.329804,0,0,0,0,0.307539,0.329804,0
-0.32524,-0.332532,0,0,0,0,0.32524,0.332532,0
-0.342538,-0.334847,0,0,0,0,0.342538,0.334847,0
-0.359445,-0.336781,0,0,0,0,0.359445,0.336781,0
-0.375977,-0.338362,0,0,0,0,0.375977,0.338362,0
-0.392145,-0.339616,0,0,0,0,0.392145,0.339616,0
-0.407962,-0.340566,0,0,0,0,0.407962,0.340566,0
-0.42344,-0.341232,0,0,0,0,0.42344,0.341232,0
-0.438588,-0.341633,0,0,0,0,0.438588,0.341633,0
-0.453417,-0.341785,0,0,0,0,0.453417,0.341785,0
-0.467937,-0.341703,0,0,0,0,0.467937,0.341703,0
-0.482155,-0.341402,0,0,0,0,0.482155,0.341402,0
-0.496082,-0.340894,0,0,0,0,0.496082,0.340894,0
-0.509724,-0.34019,0,0,0,0,0.509724,0.34019,0
-0.523089,-0.339302,0,0,0,0,0.523089,0.339302,0
-0.536184,-0.338238,0,0,0,0,0.536184,0.338238,0
-0.549017,-0.337009,0,0,0,0,0.549017,0.337009,0
-0.561592,-0.335622,0,0,0,0,0.561592,0.335622,0
-0.573917,-0.334085,0,0,0,0,0.573917,0.334085,0
-0.585997,-0.332405,0,0,0,0,0.585997,0.332405,0
-0.597837,-0.33059,0,0,0,0,0.597837,0.33059,0
-0.609443,-0.328644,0,0,0,0,0.609443,0.328644,0
-0.620819,-0.326575,0,0,0,0,0.620819,0.326575,0
-0.631971,-0.324388,0,0,0,0,0.631971,0.324388,0
-0.642902,-0.322088,0,0,0,0,0.642902,0.322088,0
-0.653617,-0.319679,0,0,0,0,0.653617,0.319679,0
-0.66412,-0.317167,0,0,0,0,0.66412,0.317167,0
-0.674414,-0.314555,0,0,0,0,0.674414,0.314555,0
-0.684504,-0.311847,0,0,0,0,0.684504,0.311847,0
-0.694393,-0.309048,0,0,0,0,0.694393,0.309048,0
-0.704084,-0.306161,0,0,0,0,0.704084,0.306161,0
-0.713581,-0.30319,0,0,0,0,0.713581,0.30319,0
-0.722886,-0.300137,0,0,0,0,0.722886,0.300137,0
-0.732003,-0.297006,0,0,0,0,0.732003,0.297006,0
-0.740935,-0.293799,0,0,0,0,0.740935,0.293799,0
-0.749683,-0.29052,0,0,0,0,0.749683,0.29052,0
-0.758251,-0.287171,0,0,0,0,0.758251,0.287171,0
-0.766641,-0.283755,0,0,0,0,0.766641,0.283755,0
-0.774856,-0.280274,0,0,0,0,0.774856,0.280274,0
-0.782898,-0.27673,0,0,0,0,0.782898,0.27673,0
-0.790769,-0.273126,0,0,0,0,0.790769,0.273126,0
-0.798471,-0.269463,0,0,0,0,0.798471,0.269463,0
-0.806006,-0.265744,0,0,0,0,0.806006,0.265744,0
-0.813376,-0.261971,0,0,0,0,0.813376,0.261971,0
-0.820583,-0.258146,0,0,0,0,0.820583,0.258146,0
-0.82763,-0.254269,0,0,0,0,0.82763,0.254269,0
-0.834516,-0.250344,0,0,0,0,0.834516,0.250344,0
-0.841246,-0.246371,0,0,0,0,0.841246,0.246371,0
-0.847819,-0.242353,0,0,0,0,0.847819,0.242353,0
-0.854237,-0.23829,0,0,0,0,0.854237,0.23829,0
-0.860502,-0.234185,0,0,0,0,0.860502,0.234185,0
-0.866616,-0.230038,0,0,0,0,0.866616,0.230038,0
-0.872579,-0.225852,0,0,0,0,0.872579,0.225852,0
-0.878394,-0.221627,0,0,0,0,0.878394,0.221627,0
-0.88406,-0.217365,0,0,0,0,0.88406,0.217365,0
-0.889581,-0.213066,0,0,0,0,0.889581,0.213066,0
-0.894956,-0.208733,0,0,0,0,0.894956,0.208733,0
-0.900186,-0.204366,0,0,0,0,0.900186,0.204366,0
-0.905274,-0.199967,0,0,0,0,0.905274,0.199967,0
-0.91022,-0.195537,0,0,0,0,0.91022,0.195537,0
-0.915025,-0.191076,0,0,0,0,0.915025,0.191076,0
-0.919689,-0.186586,0,0,0,0,0.919689,0.186586,0
-0.924215,-0.182067,0,0,0,0,0.924215,0.182067,0
-0.928602,-0.177522,0,0,0,0,0.928602,0.177522,0
-0.932852,-0.17295,0,0,0,0,0.932852,0.17295,0
-0.936966,-0.168353,0,0,0,0,0.936966,0.168353,0
-0.940944,-0.163731,0,0,0,0,0.940944,0.163731,0
-0.944786,-0.159086,0,0,0,0,0.944786,0.159086,0
-0.948495,-0.154419,0,0,0,0,0.948495,0.154419,0
-0.95207,-0.149729,0,0,0,0,0.95207,0.149729,0
-0.955511,-0.145019,0,0,0,0,0.955511,0.145019,0
-0.958821,-0.140289,0,0,0,0,0.958821,0.140289,0
-0.961999,-0.135539,0,0,0,0,0.961999,0.135539,0
-0.965046,-0.130771,0,0,0,0,0.965046,0.130771,0
-0.967962,-0.125985,0,0,0,0,0.967962,0.125985,0
-0.970748,-0.121182,0,0,0,0,0.970748,0.121182,0
-0.973404,-0.116363,0,0,0,0,0.973404,0.116363,0
-0.975931,-0.111529,0,0,0,0,0.975931,0.111529,0
-0.97833,-0.10668,0,0,0,0,0.97833,0.10668,0
-0.9806,-0.101817,0,0,0,0,0.9806,0.101817,0
-0.982742,-0.0969402,0,0,0,0,0.982742,0.0969402,0
-0.984757,-0.0920513,0,0,0,0,0.984757,0.0920513,0
-0.986645,-0.0871504,0,0,0,0,0.986645,0.0871504,0
-0.988405,-0.0822383,0,0,0,0,0.988405,0.0822383,0
-0.990039,-0.0773157,0,0,0,0,0.990039,0.0773157,0
-0.991547,-0.0723833,0,0,0,0,0.991547,0.0723833,0
-0.992928,-0.0674416,0,0,0,0,0.992928,0.0674416,0
-0.994184,-0.0624914,0,0,0,0,0.994184,0.0624914,0
-0.995313,-0.0575332,0,0,0,0,0.995313,0.0575332,0
-0.996318,-0.0525679,0,0,0,0,0.996318,0.0525679,0
-0.997196,-0.0475958,0,0,0,0,0.997196,0.0475958,0
-0.99795,-0.0426179,0,0,0,0,0.99795,0.0426179,0
-0.998578,-0.0376345,0,0,0,0,0.998578,0.0376345,0
-0.999082,-0.0326465,0,0,0,0,0.999082,0.0326465,0
-0.99946,-0.0276543,0,0,0,0,0.99946,0.0276543,0
-0.999713,-0.0226588,0,0,0,0,0.999713,0.0226588,0
-0.999842,-0.0176603,0,0,0,0,0.999842,0.0176603,0
-0.999845,-0.0126597,0,0,0,0,0.999845,0.0126597,0
-0.999723,-0.00765749,0,0,0,0,0.999723,0.00765749,0
-0.999476,-0.00265432,0,0,0,0,0.999476,0.00265432,0
-0.999104,0.00234918,0,0,0,0,0.999104,-0.00234918,0
-0.998607,0.00735239,0,0,0,0,0.998607,-0.00735239,0
-0.997985,0.0123547,0,0,0,0,0.997985,-0.0123547,0
-0.997237,0.0173554,0,0,0,0,0.997237,-0.0173554,0
-0.996363,0.022354,0,0,0,0,0.996363,-0.022354,0
-0.995364,0.0273497,0,0,0,0,0.995364,-0.0273497,0
-0.994239,0.0323419,0,0,0,0,0.994239,-0.0323419,0
-0.992987,0.0373301,0,0,0,0,0.992987,-0.0373301,0
-0.991609,0.0423135,0,0,0,0,0.991609,-0.0423135,0
-0.990104,0.0472915,0,0,0,0,0.990104,-0.0472915,0
-0.988472,0.0522634,0,0,0,0,0.988472,-0.0522634,0
-0.986712,0.0572286,0,0,0,0,0.986712,-0.0572286,0
-0.984825,0.0621863,0,0,0,0,0.984825,-0.0621863,0
-0.98281,0.067136,0,0,0,0,0.98281,-0.067136,0
-0.980666,0.0720769,0,0,0,0,0.980666,-0.0720769,0
-0.978393,0.0770083,0,0,0,0,0.978393,-0.0770083,0
-0.975991,0.0819296,0,0,0,0,0.975991,-0.0819296,0
-0.973459,0.0868399,0,0,0,0,0.973459,-0.0868399,0
-0.970797,0.0917386,0,0,0,0,0.970797,-0.0917386,0
-0.968004,0.096625,0,0,0,0,0.968004,-0.096625,0
-0.965079,0.101498,0,0,0,0,0.965079,-0.101498,0
-0.962022,0.106358,0,0,0,0,0.962022,-0.106358,0
-0.958833,0.111202,0,0,0,0,0.958833,-0.111202,0
-0.955511,0.116031,0,0,0,0,0.955511,-0.116031,0
-0.952054,0.120844,0,0,0,0,0.952054,-0.120844,0
-0.948463,0.12564,0,0,0,0,0.948463,-0.12564,0
-0.944736,0.130418,0,0,0,0,0.944736,-0.130418,0
-0.940874,0.135177,0,0,0,0,0.940874,-0.135177,0
-0.936874,0.139917,0,0,0,0,0.936874,-0.139917,0
-0.932737,0.144636,0,0,0,0,0.932737,-0.144636,0
-0.928461,0.149333,0,0,0,0,0.928461,-0.149333,0
-0.924045,0.154008,0,0,0,0,0.924045,-0.154008,0
-0.919489,0.158659,0,0,0,0,0.919489,-0.158659,0
-0.914791,0.163286,0,0,0,0,0.914791,-0.163286,0
-0.909951,0.167888,0,0,0,0,0.909951,-0.167888,0
-0.904968,0.172463,0,0,0,0,0.904968,-0.172463,0
-0.899839,0.177011,0,0,0,0,0.899839,-0.177011,0
-0.894565,0.18153,0,0,0,0,0.894565,-0.18153,0
-0.889144,0.186019,0,0,0,0,0.889144,-0.186019,0
-0.883574,0.190477,0,0,0,0,0.883574,-0.190477,0
-0.877855,0.194903,0,0,0,0,0.877855,-0.194903,0
-0.871985,0.199295,0,0,0,0,0.871985,-0.199295,0
-0.865963,0.203652,0,0,0,0,0.865963,-0.203652,0
-0.859787,0.207974,0,0,0,0,0.859787,-0.207974,0
-0.853456,0.212257,0,0,0,0,0.853456,-0.212257,0
-0.846968,0.216502,0,0,0,0,0.846968,-0.216502,0
-0.840321,0.220706,0,0,0,0,0.840321,-0.220706,0
-0.833514,0.224868,0,0,0,0,0.833514,-0.224868,0
-0.826545,0.228987,0,0,0,0,0.826545,-0.228987,0
-0.819413,0.23306,0,0,0,0,0.819413,-0.23306,0
-0.812115,0.237086,0,0,0,0,0.812115,-0.237086,0
-0.804649,0.241063,0,0,0,0,0.804649,-0.241063,0
-0.797013,0.244989,0,0,0,0,0.797013,-0.244989,0
-0.789206,0.248862,0,0,0,0,0.789206,-0.248862,0
-0.781224,0.252681,0,0,0,0,0.781224,-0.252681,0
-0.773066,0.256442,0,0,0,0,0.773066,-0.256442,0
-0.76473,0.260144,0,0,0,0,0.76473,-0.260144,0
-0.756212,0.263785,0,0,0,0,0.756212,-0.263785,0
-0.747509,0.267361,0,0,0,0,0.747509,-0.267361,0
-0.73862,0.27087,0,0,0,0,0.73862,-0.27087,0
-0.729542,0.27431,0,0,0,0,0.729542,-0.27431,0
-0.720271,0.277677,0,0,0,0,0.720271,-0.277677,0
-0.710804,0.280969,0,0,0,0,0.710804,-0.280969,0
-0.701138,0.284182,0,0,0,0,0.701138,-0.284182,0
-0.69127,0.287313,0,0,0,0,0.69127,-0.287313,0
-0.681195,0.290359,0,0,0,0,0.681195,-0.290359,0
-0.670911,0.293315,0,0,0,0,0.670911,-0.293315,0
-0.660414,0.296178,0,0,0,0,0.660414,-0.296178,0
-0.649698,0.298943,0,0,0,0,0.649698,-0.298943,0
-0.638761,0.301605,0,0,0,0,0.638761,-0.301605,0
-0.627597,0.304161,0,0,0,0,0.627597,-0.304161,0
-0.616201,0.306605,0,0,0,0,0.616201,-0.306605,0
-0.60457,0.308931,0,0,0,0,0.60457,-0.308931,0
-0.592697,0.311134,0,0,0,0,0.592697,-0.311134,0
-0.580577,0.313207,0,0,0,0,0.580577,-0.313207,0
-0.568204,0.315144,0,0,0,0,0.568204,-0.315144,0
-0.555572,0.316937,0,0,0,0,0.555572,-0.316937,0
-0.542675,0.318578,0,0,0,0,0.542675,-0.318578,0
-0.529505,0.32006,0,0,0,0,0.529505,-0.32006,0
-0.516056,0.321372,0,0,0,0,0.516056,-0.321372,0
-0.50232,0.322506,0,0,0,0,0.50232,-0.322506,0
-0.488289,0.32345,0,0,0,0,0.488289,-0.32345,0
-0.473954,0.324193,0,0,0,0,0.473954,-0.324193,0
-0.459305,0.324722,0,0,0,0,0.459305,-0.324722,0
-0.444335,0.325023,0,0,0,0,0.444335,-0.325023,0
-0.429031,0.32508,0,0,0,0,0.429031,-0.32508,0
-0.413383,0.324876,0,0,0,0,0.413383,-0.324876,0
-0.39738,0.324393,0,0,0,0,0.39738,-0.324393,0
-0.381009,0.323609,0,0,0,0,0.381009,-0.323609,0
-0.364256,0.322501,0,0,0,0,0.364256,-0.322501,0
-0.347108,0.321042,0,0,0,0,0.347108,-0.321042,0
-0.329549,0.319204,0,0,0,0,0.329549,-0.319204,0
-0.311564,0.316952,0,0,0,0,0.311564,-0.316952,0
-0.293135,0.314249,0,0,0,0,0.293135,-0.314249,0
-0.274244,0.311049,0,0,0,0,0.274244,-0.311049,0
-0.254873,0.307304,0,0,0,0,0.254873,-0.307304,0
-0.235001,0.302955,0,0,0,0,0.235001,-0.302955,0
-0.214607,0.297933,0,0,0,0,0.214607,-0.297933,0
-0.193672,0.292157,0,0,0,0,0.193672,-0.292157,0
-0.172174,0.285531,0,0,0,0,0.172174,-0.285531,0
-0.150097,0.277941,0,0,0,0,0.150097,-0.277941,0
-0.127425,0.269246,0,0,0,0,0.127425,-0.269246,0
-0.104151,0.259274,0,0,0,0,0.104151,-0.259274,0
-0.080282,0.247812,0,0,0,0,0.080282,-0.247812,0
-0.0558488,0.234591,0,0,0,0,0.0558488,-0.234591,0
-0.0309237,0.219272,0,0,0,0,0.0309237,-0.219272,0
-0.00565286,0.201418,0,0,0,0,0.00565286,-0.201418,0
0.0196858,0.180476,0,0,0,0,-0.0196858,-0.180476,0
0.0445805,0.155753,0,0,0,0,-0.0445805,-0.155753,0
0.06811,0.126454,0,0,0,0,-0.06811,-0.126454,0
0.0886907,0.0918654,0,0,0,0,-0.0886907,-0.0918654,0
0.103897,0.051891,0,0,0,0,-0.103897,-0.051891,0
0.110908,0.00795548,0,0,0,0,-0.110908,-0.00795548,0
0.10808,-0.0366681,0,0,0,0,-0.10808,0.0366681,0
0.0963166,-0.0783671,0,0,0,0,-0.0963166,0.0783671,0
0.0782461,-0.115103,0,0,0,0,-0.0782461,0.115103,0
0.056474,-0.146568,0,0,0,0,-0.056474,0.146568,0
0.0328195,-0.173318,0,0,0,0,-0.0328195,0.173318,0
0.00837964,-0.196114,0,0,0,0,-0.00837964,0.196114,0
-0.0162207,-0.215657,0,0,0,0,0.0162207,0.215657,0
-0.040633,-0.232526,0,0,0,0,0.040633,0.232526,0
-0.0646662,-0.247177,0,0,0,0,0.0646662,0.247177,0
-0.0882188,-0.259969,0,0,0,0,0.0882188,0.259969,0
-0.111241,-0.271186,0,0,0,0,0.111241,0.271186,0
-0.133712,-0.281053,0,0,0,0,0.133712,0.281053,0
-0.15563,-0.289752,0,0,0,0,0.15563,0.289752,0
-0.177001,-0.297431,0,0,0,0,0.177001,0.297431,0
-0.197839,-0.304211,0,0,0,0,0.197839,0.304211,0
-0.21816,-0.310195,0,0,0,0,0.21816,0.310195,0
-0.23798,-0.315466,0,0,0,0,0.23798,0.315466,0
-0.257319,-0.320098,0,0,0,0,0.257319,0.320098,0
-0.276193,-0.324151,0,0,0,0,0.276193,0.324151,0
-0.29462,-0.327679,0,0,0,0,0.29462,0.327679,0
-0.312617,-0.330728,0,0,0,0,0.312617,0.330728,0
-0.330199,-0.333338,0,0,0,0,0.330199,0.333338,0
-0.347381,-0.335544,0,0,0,0,0.347381,0.335544,0
-0.364178,-0.337378,0,0,0,0,0.364178,0.337378,0
-0.380602,-0.338866,0,0,0,0,0.380602,0.338866,0
-0.396667,-0.340035,0,0,0,0,0.396667,0.340035,0
-0.412385,-0.340905,0,0,0,0,0.412385,0.340905,0
-0.427766,-0.341496,0,0,0,0,0.427766,0.341496,0
-0.44282,-0.341828,0,0,0,0,0.44282,0.341828,0
-0.457559,-0.341915,0,0,0,0,0.457559,0.341915,0
-0.47199,-0.341772,0,0,0,0,0.47199,0.341772,0
-0.486123,-0.341414,0,0,0,0,0.486123,0.341414,0
-0.499967,-0.340852,0,0,0,0,0.499967,0.340852,0
-0.513528,-0.340098,0,0,0,0,0.513528,0.340098,0
-0.526815,-0.339161,0,0,0,0,0.526815,0.339161,0
-0.539833,-0.338053,0,0,0,0,0.539833,0.338053,0
-0.552591,-0.33678,0,0,0,0,0.552591,0.33678,0
-0.565094,-0.335352,0,0,0,0,0.565094,0.335352,0
-0.577347,-0.333777,0,0,0,0,0.577347,0.333777,0
-0.589358,-0.332061,0,0,0,0,0.589358,0.332061,0
-0.60113,-0.33021,0,0,0,0,0.60113,0.33021,0
-0.612669,-0.328232,0,0,0,0,0.612669,0.328232,0
-0.623981,-0.326131,0,0,0,0,0.623981,0.326131,0
-0.635068,-0.323914,0,0,0,0,0.635068,0.323914,0
-0.645937,-0.321585,0,0,0,0,0.645937,0.321585,0
-0.656591,-0.319148,0,0,0,0,0.656591,0.319148,0
-0.667034,-0.31661,0,0,0,0,0.667034,0.31661,0
-0.677269,-0.313973,0,0,0,0,0.677269,0.313973,0
-0.687302,-0.311241,0,0,0,0,0.687302,0.311241,0
-0.697134,-0.308419,0,0,0,0,0.697134,0.308419,0
-0.706769,-0.30551,0,0,0,0,0.706769,0.30551,0
-0.716211,-0.302517,0,0,0,0,0.716211,0.302517,0
-0.725462,-0.299444,0,0,0,0,0.725462,0.299444,0
-0.734526,-0.296293,0,0,0,0,0.734526,0.296293,0
-0.743405,-0.293068,0,0,0,0,0.743405,0.293068,0
-0.752102,-0.289771,0,0,0,0,0.752102,0.289771,0
-0.760619,-0.286405,0,0,0,0,0.760619,0.286405,0
-0.768959,-0.282972,0,0,0,0,0.768959,0.282972,0
-0.777125,-0.279474,0,0,0,0,0.777125,0.279474,0
-0.785118,-0.275915,0,0,0,0,0.785118,0.275915,0
-0.79294,-0.272296,0,0,0,0,0.79294,0.272296,0
-0.800595,-0.268619,0,0,0,0,0.800595,0.268619,0
-0.808083,-0.264887,0,0,0,0,0.808083,0.264887,0
-0.815407,-0.2611,0,0,0,0,0.815407,0.2611,0
-0.822569,-0.257262,0,0,0,0,0.822569,0.257262,0
-0.829569,-0.253373,0,0,0,0,0.829569,0.253373,0
-0.836412,-0.249436,0,0,0,0,0.836412,0.249436,0
-0.843096,-0.245451,0,0,0,0,0.843096,0.245451,0
-0.849626,-0.241422,0,0,0,0,0.849626,0.241422,0
-0.856001,-0.237349,0,0,0,0,0.856001,0.237349,0
-0.862223,-0.233233,0,0,0,0,0.862223,0.233233,0
-0.868294,-0.229076,0,0,0,0,0.868294,0.229076,0
-0.874215,-0.22488,0,0,0,0,0.874215,0.22488,0
-0.879988,-0.220646,0,0,0,0,0.879988,0.220646,0
-0.885614,-0.216375,0,0,0,0,0.885614,0.216375,0
-0.891093,-0.212068,0,0,0,0,0.891093,0.212068,0
-0.896427,-0.207726,0,0,0,0,0.896427,0.207726,0
-0.901618,-0.203352,0,0,0,0,0.901618,0.203352,0
-0.906665,-0.198945,0,0,0,0,0.906665,0.198945,0
-0.911571,-0.194507,0,0,0,0,0.911571,0.194507,0
-0.916337,-0.190038,0,0,0,0,0.916337,0.190038,0
-0.920962,-0.185541,0,0,0,0,0.920962,0.185541,0
-0.925449,-0.181016,0,0,0,0,0.925449,0.181016,0
-0.929798,-0.176464,0,0,0,0,0.929798,0.176464,0
-0.93401,-0.171886,0,0,0,0,0.93401,0.171886,0
-0.938085,-0.167283,0,0,0,0,0.938085,0.167283,0
-0.942025,-0.162656,0,0,0,0,0.942025,0.162656,0
-0.94583,-0.158005,0,0,0,0,0.94583,0.158005,0
-0.949501,-0.153332,0,0,0,0,0.949501,0.153332,0
-0.953038,-0.148638,0,0,0,0,0.953038,0.148638,0
-0.956443,-0.143922,0,0,0,0,0.956443,0.143922,0
-0.959716,-0.139187,0,0,0,0,0.959716,0.139187,0
-0.962857,-0.134433,0,0,0,0,0.962857,0.134433,0
-0.965867,-0.129661,0,0,0,0,0.965867,0.129661,0
-0.968747,-0.124871,0,0,0,0,0.968747,0.124871,0
-0.971497,-0.120064,0,0,0,0,0.971497,0.120064,0
-0.974117,-0.115241,0,0,0,0,0.974117,0.115241,0
-0.976608,-0.110403,0,0,0,0,0.976608,0.110403,0
-0.978971,-0.105551,0,0,0,0,0.978971,0.105551,0
-0.981205,-0.100684,0,0,0,0,0.981205,0.100684,0
-0.983312,-0.0958047,0,0,0,0,0.983312,0.0958047,0
-0.985291,-0.0909128,0,0,0,0,0.985291,0.0909128,0
-0.987143,-0.0860091,0,0,0,0,0.987143,0.0860091,0
-0.988869,-0.0810944,0,0,0,0,0.988869,0.0810944,0
-0.990467,-0.0761694,0,0,0,0,0.990467,0.0761694,0
-0.99194,-0.0712346,0,0,0,0,0.99194,0.0712346,0
-0.993286,-0.0662907,0,0,0,0,0.993286,0.0662907,0
-0.994506,-0.0613385,0,0,0,0,0.994506,0.0613385,0
-0.995601,-0.0563785,0,0,0,0,0.995601,0.0563785,0
-0.996571,-0.0514114,0,0,0,0,0.996571,0.0514114,0
-0.997414,-0.0464379,0,0,0,0,0.997414,0.0464379,0
-0.998133,-0.0414585,0,0,0,0,0.998133,0.0414585,0
-0.998727,-0.0364739,0,0,0,0,0.998727,0.0364739,0
-0.999195,-0.0314847,0,0,0,0,0.999195,0.0314847,0
-0.999539,-0.0264916,0,0,0,0,0.999539,0.0264916,0
-0.999757,-0.0214952,0,0,0,0,0.999757,0.0214952,0
-0.999851,-0.0164961,0,0,0,0,0.999851,0.0164961,0
-0.999819,-0.0114949,0,0,0,0,0.999819,0.0114949,0
-0.999663,-0.00649232,0,0,0,0,0.999663,0.00649232,0
-0.999381,-0.00148891,0,0,0,0,0.999381,0.00148891,0
-0.998974,0.00351469,0,0,0,0,0.998974,-0.00351469,0
-0.998442,0.00851785,0,0,0,0,0.998442,-0.00851785,0
-0.997785,0.0135199,0,0,0,0,0.997785,-0.0135199,0
-0.997002,0.0185203,0,0,0,0,0.997002,-0.0185203,0
-0.996094,0.0235184,0,0,0,0,0.996094,-0.0235184,0
-0.995059,0.0285135,0,0,0,0,0.995059,-0.0285135,0
-0.993898,0.0335049,0,0,0,0,0.993898,-0.0335049,0
-0.992612,0.0384921,0,0,0,0,0.992612,-0.0384921,0
-0.991198,0.0434744,0,0,0,0,0.991198,-0.0434744,0
-0.989658,0.0484512,0,0,0,0,0.989658,-0.0484512,0
-0.98799,0.0534217,0,0,0,0,0.98799,-0.0534217,0
-0.986195,0.0583853,0,0,0,0,0.986195,-0.0583853,0
-0.984272,0.0633413,0,0,0,0,0.984272,-0.0633413,0
-0.982221,0.0682891,0,0,0,0,0.982221,-0.0682891,0
-0.980042,0.073228,0,0,0,0,0.980042,-0.073228,0
-0.977733,0.0781572,0,0,0,0,0.977733,-0.0781572,0
-0.975295,0.083076,0,0,0,0,0.975295,-0.083076,0
-0.972726,0.0879838,0,0,0,0,0.972726,-0.0879838,0
-0.970027,0.0928798,0,0,0,0,0.970027,-0.0928798,0
-0.967198,0.0977632,0,0,0,0,0.967198,-0.0977632,0
-0.964236,0.102633,0,0,0,0,0.964236,-0.102633,0
-0.961142,0.107489,0,0,0,0,0.961142,-0.107489,0
-0.957916,0.112331,0,0,0,0,0.957916,-0.112331,0
-0.954556,0.117156,0,0,0,0,0.954556,-0.117156,0
-0.951062,0.121965,0,0,0,0,0.951062,-0.121965,0
-0.947433,0.126757,0,0,0,0,0.947433,-0.126757,0
-0.943669,0.131531,0,0,0,0,0.943669,-0.131531,0
-0.939768,0.136285,0,0,0,0,0.939768,-0.136285,0
-0.93573,0.14102,0,0,0,0,0.93573,-0.14102,0
-0.931553,0.145734,0,0,0,0,0.931553,-0.145734,0
-0.927238,0.150426,0,0,0,0,0.927238,-0.150426,0
-0.922784,0.155096,0,0,0,0,0.922784,-0.155096,0
-0.918188,0.159741,0,0,0,0,0.918188,-0.159741,0
-0.91345,0.164363,0,0,0,0,0.91345,-0.164363,0
-0.90857,0.168958,0,0,0,0,0.90857,-0.168958,0
-0.903546,0.173527,0,0,0,0,0.903546,-0.173527,0
-0.898377,0.178068,0,0,0,0,0.898377,-0.178068,0
-0.893061,0.182579,0,0,0,0,0.893061,-0.182579,0
-0.887599,0.187061,0,0,0,0,0.887599,-0.187061,0
-0.881987,0.191512,0,0,0,0,0.881987,-0.191512,0
-0.876226,0.195929,0,0,0,0,0.876226,-0.195929,0
-0.870313,0.200313,0,0,0,0,0.870313,-0.200313,0
-0.864248,0.204662,0,0,0,0,0.864248,-0.204662,0
-0.858028,0.208975,0,0,0,0,0.858028,-0.208975,0
-0.851653,0.213249,0,0,0,0,0.851653,-0.213249,0
-0.84512,0.217484,0,0,0,0,0.84512,-0.217484,0
-0.838428,0.221678,0,0,0,0,0.838428,-0.221678,0
-0.831576,0.22583,0,0,0,0,0.831576,-0.22583,0
-0.824561,0.229937,0,0,0,0,0.824561,-0.229937,0
-0.817382,0.233999,0,0,0,0,0.817382,-0.233999,0
-0.810036,0.238013,0,0,0,0,0.810036,-0.238013,0
-0.802523,0.241978,0,0,0,0,0.802523,-0.241978,0
-0.794839,0.245891,0,0,0,0,0.794839,-0.245891,0
-0.786982,0.249751,0,0,0,0,0.786982,-0.249751,0
-0.778951,0.253555,0,0,0,0,0.778951,-0.253555,0
-0.770742,0.257302,0,0,0,0,0.770742,-0.257302,0
-0.762354,0.260989,0,0,0,0,0.762354,-0.260989,0
-0.753784,0.264613,0,0,0,0,0.753784,-0.264613,0
-0.745029,0.268172,0,0,0,0,0.745029,-0.268172,0
-0.736087,0.271664,0,0,0,0,0.736087,-0.271664,0
-0.726954,0.275086,0,0,0,0,0.726954,-0.275086,0
-0.717627,0.278435,0,0,0,0,0.717627,-0.278435,0
-0.708104,0.281707,0,0,0,0,0.708104,-0.281707,0
-0.69838,0.284899,0,0,0,0,0.69838,-0.284899,0
-0.688454,0.288009,0,0,0,0,0.688454,-0.288009,0
-0.67832,0.291032,0,0,0,0,0.67832,-0.291032,0
-0.667975,0.293964,0,0,0,0,0.667975,-0.293964,0
-0.657416,0.296802,0,0,0,0,0.657416,-0.296802,0
-0.646637,0.299541,0,0,0,0,0.646637,-0.299541,0
-0.635635,0.302176,0,0,0,0,0.635635,-0.302176,0
-0.624405,0.304703,0,0,0,0,0.624405,-0.304703,0
-0.612943,0.307117,0,0,0,0,0.612943,-0.307117,0
-0.601243,0.309411,0,0,0,0,0.601243,-0.309411,0
-0.589299,0.311581,0,0,0,0,0.589299,-0.311581,0
-0.577107,0.313618,0,0,0,0,0.577107,-0.313618,0
-0.56466,0.315518,0,0,0,0,0.56466,-0.315518,0
-0.551953,0.317271,0,0,0,0,0.551953,-0.317271,0
-0.538978,0.318871,0,0,0,0,0.538978,-0.318871,0
-0.525728,0.320308,0,0,0,0,0.525728,-0.320308,0
-0.512197,0.321574,0,0,0,0,0.512197,-0.321574,0
-0.498377,0.322658,0,0,0,0,0.498377,-0.322658,0
-0.484259,0.323549,0,0,0,0,0.484259,-0.323549,0
-0.469834,0.324235,0,0,0,0,0.469834,-0.324235,0
-0.455093,0.324704,0,0,0,0,0.455093,-0.324704,0
-0.440027,0.32494,0,0,0,0,0.440027,-0.32494,0
-0.424625,0.324927,0,0,0,0,0.424625,-0.324927,0
-0.408876,0.324649,0,0,0,0,0.408876,-0.324649,0
-0.392767,0.324086,0,0,0,0,0.392767,-0.324086,0
-0.376286,0.323215,0,0,0,0,0.376286,-0.323215,0
-0.35942,0.322013,0,0,0,0,0.35942,-0.322013,0
-0.342154,0.320453,0,0,0,0,0.342154,-0.320453,0
-0.324473,0.318503,0,0,0,0,0.324473,-0.318503,0
-0.30636,0.31613,0,0,0,0,0.30636,-0.31613,0
-0.287799,0.313293,0,0,0,0,0.287799,-0.313293,0
-0.26877,0.309946,0,0,0,0,0.26877,-0.309946,0
-0.249254,0.306038,0,0,0,0,0.249254,-0.306038,0
-0.229231,0.301507,0,0,0,0,0.229231,-0.301507,0
-0.208682,0.296281,0,0,0,0,0.208682,-0.296281,0
-0.187584,0.290276,0,0,0,0,0.187584,-0.290276,0
-0.165918,0.28339,0,0,0,0,0.165918,-0.28339,0
-0.143667,0.275501,0,0,0,0,0.143667,-0.275501,0
-0.120818,0.266462,0,0,0,0,0.120818,-0.266462,0
-0.0973676,0.256089,0,0,0,0,0.0973676,-0.256089,0
-0.0733273,0.244154,0,0,0,0,0.0733273,-0.244154,0
-0.0487377,0.230371,0,0,0,0,0.0487377,-0.230371,0
-0.0236883,0.214374,0,0,0,0,0.0236883,-0.214374,0
0.00164393,0.195696,0,0,0,0,-0.00164393,-0.195696,0
0.0269269,0.173742,0,0,0,0,-0.0269269,-0.173742,0
0.0515522,0.147784,0,0,0,0,-0.0515522,-0.147784,0
0.0744351,0.117019,0,0,0,0,-0.0744351,-0.117019,0
0.0937538,0.0808369,0,0,0,0,-0.0937538,-0.0808369,0
0.106874,0.0394827,0,0,0,0,-0.106874,-0.0394827,0
0.111113,-0.00504722,0,0,0,0,-0.111113,0.00504722,0
0.105504,-0.0491514,0,0,0,0,-0.105504,0.0491514,0
0.0916275,-0.0895362,0,0,0,0,-0.0916275,0.0895362,0
0.072257,-0.124726,0,0,0,0,-0.072257,0.124726,0
0.0497973,-0.154757,0,0,0,0,-0.0497973,0.154757,0
0.0258351,-0.18029,0,0,0,0,-0.0258351,0.18029,0
0.00130582,-0.202083,0,0,0,0,-0.00130582,0.202083,0
-0.0232619,-0.220805,0,0,0,0,0.0232619,0.220805,0
-0.0475745,-0.236996,0,0,0,0,0.0475745,0.236996,0
-0.071472,-0.251082,0,0,0,0,0.071472,0.251082,0
-0.0948709,-0.263397,0,0,0,0,0.0948709,0.263397,0
-0.117731,-0.274208,0,0,0,0,0.117731,0.274208,0
-0.140039,-0.283726,0,0,0,0,0.140039,0.283726,0
-0.161795,-0.292122,0,0,0,0,0.161795,0.292122,0
-0.183008,-0.299535,0,0,0,0,0.183008,0.299535,0
-0.203693,-0.306081,0,0,0,0,0.203693,0.306081,0
-0.223865,-0.311856,0,0,0,0,0.223865,0.311856,0
-0.243543,-0.316941,0,0,0,0,0.243543,0.316941,0
-0.262744,-0.321404,0,0,0,0,0.262744,0.321404,0
-0.281485,-0.325305,0,0,0,0,0.281485,0.325305,0
-0.299785,-0.328695,0,0,0,0,0.299785,0.328695,0
-0.317659,-0.331618,0,0,0,0,0.317659,0.331618,0
-0.335123,-0.334113,0,0,0,0,0.335123,0.334113,0
-0.352192,-0.336213,0,0,0,0,0.352192,0.336213,0
-0.368879,-0.337948,0,0,0,0,0.368879,0.337948,0
-0.385197,-0.339346,0,0,0,0,0.385197,0.339346,0
-0.40116,-0.340431,0,0,0,0,0.40116,0.340431,0
-0.416779,-0.341223,0,0,0,0,0.416779,0.341223,0
-0.432064,-0.341741,0,0,0,0,0.432064,0.341741,0
-0.447026,-0.342005,0,0,0,0,0.447026,0.342005,0
-0.461674,-0.342028,0,0,0,0,0.461674,0.342028,0
-0.476019,-0.341826,0,0,0,0,0.476019,0.341826,0
-0.490067,-0.341411,0,0,0,0,0.490067,0.341411,0
-0.503828,-0.340796,0,0,0,0,0.503828,0.340796,0
-0.517309,-0.339992,0,0,0,0,0.517309,0.339992,0
-0.530518,-0.339008,0,0,0,0,0.530518,0.339008,0
-0.543461,-0.337855,0,0,0,0,0.543461,0.337855,0
-0.556144,-0.33654,0,0,0,0,0.556144,0.33654,0
-0.568574,-0.335073,0,0,0,0,0.568574,0.335073,0
-0.580757,-0.333459,0,0,0,0,0.580757,0.333459,0
-0.592699,-0.331707,0,0,0,0,0.592699,0.331707,0
-0.604404,-0.329822,0,0,0,0,0.604404,0.329822,0
-0.615877,-0.327811,0,0,0,0,0.615877,0.327811,0
-0.627124,-0.325679,0,0,0,0,0.627124,0.325679,0
-0.638148,-0.323432,0,0,0,0,0.638148,0.323432,0
-0.648955,-0.321074,0,0,0,0,0.648955,0.321074,0
-0.659548,-0.318611,0,0,0,0,0.659548,0.318611,0
-0.669931,-0.316046,0,0,0,0,0.669931,0.316046,0
-0.680108,-0.313384,0,0,0,0,0.680108,0.313384,0
-0.690083,-0.310629,0,0,0,0,0.690083,0.310629,0
-0.699858,-0.307784,0,0,0,0,0.699858,0.307784,0
-0.709438,-0.304853,0,0,0,0,0.709438,0.304853,0
-0.718825,-0.301839,0,0,0,0,0.718825,0.301839,0
-0.728023,-0.298746,0,0,0,0,0.728023,0.298746,0
-0.737034,-0.295576,0,0,0,0,0.737034,0.295576,0
-0.745861,-0.292332,0,0,0,0,0.745861,0.292332,0
-0.754506,-0.289017,0,0,0,0,0.754506,0.289017,0
-0.762973,-0.285634,0,0,0,0,0.762973,0.285634,0
-0.771263,-0.282184,0,0,0,0,0.771263,0.282184,0
-0.779379,-0.278671,0,0,0,0,0.779379,0.278671,0
-0.787324,-0.275097,0,0,0,0,0.787324,0.275097,0
-0.795098,-0.271463,0,0,0,0,0.795098,0.271463,0
-0.802705,-0.267772,0,0,0,0,0.802705,0.267772,0
-0.810147,-0.264025,0,0,0,0,0.810147,0.264025,0
-0.817425,-0.260226,0,0,0,0,0.817425,0.260226,0
-0.824541,-0.256374,0,0,0,0,0.824541,0.256374,0
-0.831497,-0.252473,0,0,0,0,0.831497,0.252473,0
-0.838294,-0.248524,0,0,0,0,0.838294,0.248524,0
-0.844935,-0.244529,0,0,0,0,0.844935,0.244529,0
-0.85142,-0.240488,0,0,0,0,0.85142,0.240488,0
-0.857752,-0.236404,0,0,0,0,0.857752,0.236404,0
-0.863932,-0.232279,0,0,0,0,0.863932,0.232279,0
-0.86996,-0.228112,0,0,0,0,0.86996,0.228112,0
-0.87584,-0.223907,0,0,0,0,0.87584,0.223907,0
-0.881571,-0.219663,0,0,0,0,0.881571,0.219663,0
-0.887155,-0.215383,0,0,0,0,0.887155,0.215383,0
-0.892593,-0.211067,0,0,0,0,0.892593,0.211067,0
-0.897887,-0.206718,0,0,0,0,0.897887,0.206718,0
-0.903037,-0.202335,0,0,0,0,0.903037,0.202335,0
-0.908045,-0.19792,0,0,0,0,0.908045,0.19792,0
-0.912912,-0.193475,0,0,0,0,0.912912,0.193475,0
-0.917638,-0.188999,0,0,0,0,0.917638,0.188999,0
-0.922224,-0.184496,0,0,0,0,0.922224,0.184496,0
-0.926672,-0.179964,0,0,0,0,0.926672,0.179964,0
-0.930983,-0.175405,0,0,0,0,0.930983,0.175405,0
-0.935156,-0.170821,0,0,0,0,0.935156,0.170821,0
-0.939193,-0.166212,0,0,0,0,0.939193,0.166212,0
-0.943095,-0.161579,0,0,0,0,0.943095,0.161579,0
-0.946863,-0.156923,0,0,0,0,0.946863,0.156923,0
-0.950496,-0.152245,0,0,0,0,0.950496,0.152245,0
-0.953997,-0.147545,0,0,0,0,0.953997,0.147545,0
-0.957364,-0.142825,0,0,0,0,0.957364,0.142825,0
-0.9606,-0.138085,0,0,0,0,0.9606,0.138085,0
-0.963705,-0.133326,0,0,0,0,0.963705,0.133326,0
-0.966678,-0.12855,0,0,0,0,0.966678,0.12855,0
-0.969522,-0.123755,0,0,0,0,0.969522,0.123755,0
-0.972235,-0.118945,0,0,0,0,0.972235,0.118945,0
-0.97482,-0.114118,0,0,0,0,0.97482,0.114118,0
-0.977275,-0.109277,0,0,0,0,0.977275,0.109277,0
-0.979602,-0.104421,0,0,0,0,0.979602,0.104421,0
-0.981801,-0.099551,0,0,0,0,0.981801,0.099551,0
-0.983872,-0.0946684,0,0,0,0,0.983872,0.0946684,0
-0.985815,-0.0897736,0,0,0,0,0.985815,0.0897736,0
-0.987632,-0.0848672,0,0,0,0,0.987632,0.0848672,0
-0.989322,-0.0799499,0,0,0,0,0.989322,0.0799499,0
-0.990886,-0.0750224,0,0,0,0,0.990886,0.0750224,0
-0.992323,-0.0700854,0,0,0,0,0.992323,0.0700854,0
-0.993634,-0.0651394,0,0,0,0,0.993634,0.0651394,0
-0.99482,-0.0601852,0,0,0,0,0.99482,0.0601852,0
-0.995879,-0.0552234,0,0,0,0,0.995879,0.0552234,0
-0.996814,-0.0502546,0,0,0,0,0.996814,0.0502546,0
-0.997623,-0.0452795,0,0,0,0,0.997623,0.0452795,0
-0.998307,-0.0402987,0,0,0,0,0.998307,0.0402987,0
-0.998865,-0.0353129,0,0,0,0,0.998865,0.0353129,0
-0.999299,-0.0303227,0,0,0,0,0.999299,0.0303227,0
-0.999608,-0.0253286,0,0,0,0,0.999608,0.0253286,0
-0.999791,-0.0203314,0,0,0,0,0.999791,0.0203314,0
-0.99985,-0.0153317,0,0,0,0,0.99985,0.0153317,0
-0.999784,-0.01033,0,0,0,0,0.999784,0.01033,0
-0.999592,-0.00532705,0,0,0,0,0.999592,0.00532705,0
-0.999276,-0.000323431,0,0,0,0,0.999276,0.000323431,0
-0.998834,0.00468023,0,0,0,0,0.998834,-0.00468023,0
-0.998268,0.0096833,0,0,0,0,0.998268,-0.0096833,0
-0.997575,0.0146852,0,0,0,0,0.997575,-0.0146852,0
-0.996757,0.0196852,0,0,0,0,0.996757,-0.0196852,0
-0.995814,0.0246827,0,0,0,0,0.995814,-0.0246827,0
-0.994744,0.0296771,0,0,0,0,0.994744,-0.0296771,0
-0.993549,0.0346677,0,0,0,0,0.993549,-0.0346677,0
-0.992226,0.039654,0,0,0,0,0.992226,-0.039654,0
-0.990778,0.0446351,0,0,0,0,0.990778,-0.0446351,0
-0.989202,0.0496106,0,0,0,0,0.989202,-0.0496106,0
-0.987499,0.0545796,0,0,0,0,0.987499,-0.0545796,0
-0.985668,0.0595417,0,0,0,0,0.985668,-0.0595417,0
-0.98371,0.0644959,0,0,0,0,0.98371,-0.0644959,0
-0.981623,0.0694418,0,0,0,0,0.981623,-0.0694418,0
-0.979407,0.0743786,0,0,0,0,0.979407,-0.0743786,0
-0.977062,0.0793055,0,0,0,0,0.977062,-0.0793055,0
-0.974588,0.0842219,0,0,0,0,0.974588,-0.0842219,0
-0.971983,0.0891271,0,0,0,0,0.971983,-0.0891271,0
-0.969248,0.0940203,0,0,0,0,0.969248,-0.0940203,0
-0.966381,0.0989007,0,0,0,0,0.966381,-0.0989007,0
-0.963383,0.103768,0,0,0,0,0.963383,-0.103768,0
-0.960252,0.10862,0,0,0,0,0.960252,-0.10862,0
-0.956989,0.113458,0,0,0,0,0.956989,-0.113458,0
-0.953591,0.11828,0,0,0,0,0.953591,-0.11828,0
-0.950059,0.123085,0,0,0,0,0.950059,-0.123085,0
-0.946393,0.127873,0,0,0,0,0.946393,-0.127873,0
-0.94259,0.132642,0,0,0,0,0.94259,-0.132642,0
-0.938651,0.137392,0,0,0,0,0.938651,-0.137392,0
-0.934574,0.142122,0,0,0,0,0.934574,-0.142122,0
-0.930359,0.146831,0,0,0,0,0.930359,-0.146831,0
-0.926005,0.151518,0,0,0,0,0.926005,-0.151518,0
-0.921511,0.156182,0,0,0,0,0.921511,-0.156182,0
-0.916876,0.160822,0,0,0,0,0.916876,-0.160822,0
-0.912098,0.165437,0,0,0,0,0.912098,-0.165437,0
-0.907178,0.170027,0,0,0,0,0.907178,-0.170027,0
-0.902113,0.174589,0,0,0,0,0.902113,-0.174589,0
-0.896903,0.179123,0,0,0,0,0.896903,-0.179123,0
-0.891546,0.183628,0,0,0,0,0.891546,-0.183628,0
-0.886042,0.188102,0,0,0,0,0.886042,-0.188102,0
-0.880388,0.192545,0,0,0,0,0.880388,-0.192545,0
-0.874584,0.196954,0,0,0,0,0.874584,-0.196954,0
-0.868629,0.20133,0,0,0,0,0.868629,-0.20133,0
-0.86252,0.20567,0,0,0,0,0.86252,-0.20567,0
-0.856256,0.209974,0,0,0,0,0.856256,-0.209974,0
-0.849837,0.214238,0,0,0,0,0.849837,-0.214238,0
-0.843259,0.218464,0,0,0,0,0.843259,-0.218464,0
-0.836523,0.222648,0,0,0,0,0.836523,-0.222648,0
-0.829624,0.226788,0,0,0,0,0.829624,-0.226788,0
-0.822563,0.230885,0,0,0,0,0.822563,-0.230885,0
-0.815337,0.234935,0,0,0,0,0.815337,-0.234935,0
-0.807945,0.238937,0,0,0,0,0.807945,-0.238937,0
-0.800383,0.242889,0,0,0,0,0.800383,-0.242889,0
-0.79265,0.246789,0,0,0,0,0.79265,-0.246789,0
-0.784744,0.250636,0,0,0,0,0.784744,-0.250636,0
-0.776663,0.254426,0,0,0,0,0.776663,-0.254426,0
-0.768404,0.258158,0,0,0,0,0.768404,-0.258158,0
-0.759964,0.261829,0,0,0,0,0.759964,-0.261829,0
-0.751342,0.265437,0,0,0,0,0.751342,-0.265437,0
-0.742534,0.26898,0,0,0,0,0.742534,-0.26898,0
-0.733537,0.272455,0,0,0,0,0.733537,-0.272455,0
-0.72435,0.275858,0,0,0,0,0.72435,-0.275858,0
-0.714967,0.279187,0,0,0,0,0.714967,-0.279187,0
-0.705387,0.282439,0,0,0,0,0.705387,-0.282439,0
-0.695606,0.285611,0,0,0,0,0.695606,-0.285611,0
-0.685621,0.288699,0,0,0,0,0.685621,-0.288699,0
-0.675427,0.291699,0,0,0,0,0.675427,-0.291699,0
-0.665021,0.294607,0,0,0,0,0.665021,-0.294607,0
-0.6544,0.29742,0,0,0,0,0.6544,-0.29742,0
-0.643558,0.300132,0,0,0,0,0.643558,-0.300132,0
-0.632491,0.30274,0,0,0,0,0.632491,-0.30274,0
-0.621195,0.305238,0,0,0,0,0.621195,-0.305238,0
-0.609665,0.307621,0,0,0,0,0.609665,-0.307621,0
-0.597895,0.309883,0,0,0,0,0.597895,-0.309883,0
-0.585881,0.312018,0,0,0,0,0.585881,-0.312018,0
-0.573616,0.31402,0,0,0,0,0.573616,-0.31402,0
-0.561095,0.315881,0,0,0,0,0.561095,-0.315881,0
-0.548311,0.317595,0,0,0,0,0.548311,-0.317595,0
-0.535258,0.319152,0,0,0,0,0.535258,-0.319152,0
-0.521928,0.320545,0,0,0,0,0.521928,-0.320545,0
-0.508314,0.321763,0,0,0,0,0.508314,-0.321763,0
-0.494409,0.322796,0,0,0,0,0.494409,-0.322796,0
-0.480203,0.323633,0,0,0,0,0.480203,-0.323633,0
-0.465688,0.324262,0,0,0,0,0.465688,-0.324262,0
-0.450854,0.324668,0,0,0,0,0.450854,-0.324668,0
-0.435692,0.324838,0,0,0,0,0.435692,-0.324838,0
-0.42019,0.324755,0,0,0,0,0.42019,-0.324755,0
-0.404338,0.324401,0,0,0,0,0.404338,-0.324401,0
-0.388122,0.323755,0,0,0,0,0.388122,-0.323755,0
-0.371531,0.322796,0,0,0,0,0.371531,-0.322796,0
-0.35455,0.321498,0,0,0,0,0.35455,-0.321498,0
-0.337165,0.319833,0,0,0,0,0.337165,-0.319833,0
-0.31936,0.31777,0,0,0,0,0.31936,-0.31777,0
-0.301118,0.315272,0,0,0,0,0.301118,-0.315272,0
-0.282422,0.312297,0,0,0,0,0.282422,-0.312297,0
-0.263253,0.308799,0,0,0,0,0.263253,-0.308799,0
-0.243592,0.304723,0,0,0,0,0.243592,-0.304723,0
-0.223417,0.300004,0,0,0,0,0.223417,-0.300004,0
-0.202709,0.294568,0,0,0,0,0.202709,-0.294568,0
-0.181447,0.288324,0,0,0,0,0.181447,-0.288324,0
-0.159611,0.281168,0,0,0,0,0.159611,-0.281168,0
-0.137186,0.272969,0,0,0,0,0.137186,-0.272969,0
-0.11416,0.26357,0,0,0,0,0.11416,-0.26357,0
-0.0905329,0.252777,0,0,0,0,0.0905329,-0.252777,0
-0.0663241,0.240346,0,0,0,0,0.0663241,-0.240346,0
-0.041585,0.22597,0,0,0,0,0.041585,-0.22597,0
-0.0164254,0.209257,0,0,0,0,0.0164254,-0.209257,0
0.00894162,0.189704,0,0,0,0,-0.00894162,-0.189704,0
0.0341197,0.166677,0,0,0,0,-0.0341197,-0.166677,0
0.0583871,0.139415,0,0,0,0,-0.0583871,-0.139415,0
0.0804724,0.107129,0,0,0,0,-0.0804724,-0.107129,0
0.0983044,0.0693647,0,0,0,0,-0.0983044,-0.0693647,0
0.1091,0.0267967,0,0,0,0,-0.1091,-0.0267967,0
0.11048,-0.0180118,0,0,0,0,-0.11048,0.0180118,0
0.102234,-0.0613103,0,0,0,0,-0.102234,0.0613103,0
0.086487,-0.100262,0,0,0,0,-0.086487,0.100262,0
0.0660196,-0.133917,0,0,0,0,-0.0660196,0.133917,0
0.0430033,-0.162572,0,0,0,0,-0.0430033,0.162572,0
0.0188095,-0.186952,0,0,0,0,-0.0188095,0.186952,0
-0.00576645,-0.2078,0,0,0,0,0.00576645,0.2078,0
-0.030278,-0.225745,0,0,0,0,0.030278,0.225745,0
-0.0544781,-0.241293,0,0,0,0,0.0544781,0.241293,0
-0.0782336,-0.254842,0,0,0,0,0.0782336,0.254842,0
-0.101476,-0.266704,0,0,0,0,0.101476,0.266704,0
-0.124174,-0.277127,0,0,0,0,0.124174,0.277127,0
-0.146319,-0.28631,0,0,0,0,0.146319,0.28631,0
-0.167914,-0.294414,0,0,0,0,0.167914,0.294414,0
-0.18897,-0.30157,0,0,0,0,0.18897,0.30157,0
-0.209502,-0.30789,0,0,0,0,0.209502,0.30789,0
-0.229528,-0.313462,0,0,0,0,0.229528,0.313462,0
-0.249064,-0.318366,0,0,0,0,0.249064,0.318366,0
-0.268129,-0.322666,0,0,0,0,0.268129,0.322666,0
-0.28674,-0.32642,0,0,0,0,0.28674,0.32642,0
-0.304914,-0.329675,0,0,0,0,0.304914,0.329675,0
-0.322667,-0.332475,0,0,0,0,0.322667,0.332475,0
-0.340014,-0.334857,0,0,0,0,0.340014,0.334857,0
-0.35697,-0.336853,0,0,0,0,0.35697,0.336853,0
-0.373548,-0.338493,0,0,0,0,0.373548,0.338493,0
-0.389762,-0.339803,0,0,0,0,0.389762,0.339803,0
-0.405624,-0.340805,0,0,0,0,0.405624,0.340805,0
-0.421145,-0.34152,0,0,0,0,0.421145,0.34152,0
-0.436335,-0.341967,0,0,0,0,0.436335,0.341967,0
-0.451205,-0.342164,0,0,0,0,0.451205,0.342164,0
-0.465764,-0.342125,0,0,0,0,0.465764,0.342125,0
-0.480022,-0.341864,0,0,0,0,0.480022,0.341864,0
-0.493987,-0.341394,0,0,0,0,0.493987,0.341394,0
-0.507666,-0.340727,0,0,0,0,0.507666,0.340727,0
-0.521068,-0.339873,0,0,0,0,0.521068,0.339873,0
-0.534199,-0.338843,0,0,0,0,0.534199,0.338843,0
-0.547066,-0.337646,0,0,0,0,0.547066,0.337646,0
-0.559676,-0.33629,0,0,0,0,0.559676,0.33629,0
-0.572035,-0.334783,0,0,0,0,0.572035,0.334783,0
-0.584148,-0.333131,0,0,0,0,0.584148,0.333131,0
-0.59602,-0.331343,0,0,0,0,0.59602,0.331343,0
-0.607658,-0.329425,0,0,0,0,0.607658,0.329425,0
-0.619066,-0.327381,0,0,0,0,0.619066,0.327381,0
-0.630248,-0.325219,0,0,0,0,0.630248,0.325219,0
-0.64121,-0.322942,0,0,0,0,0.64121,0.322942,0
-0.651955,-0.320557,0,0,0,0,0.651955,0.320557,0
-0.662488,-0.318066,0,0,0,0,0.662488,0.318066,0
-0.672811,-0.315476,0,0,0,0,0.672811,0.315476,0
-0.68293,-0.31279,0,0,0,0,0.68293,0.31279,0
-0.692848,-0.310011,0,0,0,0,0.692848,0.310011,0
-0.702567,-0.307143,0,0,0,0,0.702567,0.307143,0
-0.712091,-0.304191,0,0,0,0,0.712091,0.304191,0
-0.721424,-0.301156,0,0,0,0,0.721424,0.301156,0
-0.730568,-0.298043,0,0,0,0,0.730568,0.298043,0
-0.739526,-0.294854,0,0,0,0,0.739526,0.294854,0
-0.748301,-0.291592,0,0,0,0,0.748301,0.291592,0
-0.756896,-0.288259,0,0,0,0,0.756896,0.288259,0
-0.765312,-0.284859,0,0,0,0,0.765312,0.284859,0
-0.773553,-0.281393,0,0,0,0,0.773553,0.281393,0
-0.78162,-0.277864,0,0,0,0,0.78162,0.277864,0
-0.789516,-0.274274,0,0,0,0,0.789516,0.274274,0
-0.797243,-0.270626,0,0,0,0,0.797243,0.270626,0
-0.804803,-0.266921,0,0,0,0,0.804803,0.266921,0
-0.812198,-0.263161,0,0,0,0,0.812198,0.263161,0
-0.81943,-0.259348,0,0,0,0,0.81943,0.259348,0
-0.8265,-0.255484,0,0,0,0,0.8265,0.255484,0
-0.833411,-0.251571,0,0,0,0,0.833411,0.251571,0
-0.840164,-0.24761,0,0,0,0,0.840164,0.24761,0
-0.846761,-0.243604,0,0,0,0,0.846761,0.243604,0
-0.853203,-0.239552,0,0,0,0,0.853203,0.239552,0
-0.859491,-0.235458,0,0,0,0,0.859491,0.235458,0
-0.865628,-0.231322,0,0,0,0,0.865628,0.231322,0
-0.871615,-0.227146,0,0,0,0,0.871615,0.227146,0
-0.877452,-0.22293,0,0,0,0,0.877452,0.22293,0
-0.883142,-0.218678,0,0,0,0,0.883142,0.218678,0
-0.888685,-0.214389,0,0,0,0,0.888685,0.214389,0
-0.894082,-0.210065,0,0,0,0,0.894082,0.210065,0
-0.899336,-0.205707,0,0,0,0,0.899336,0.205707,0
-0.904446,-0.201316,0,0,0,0,0.904446,0.201316,0
-0.909414,-0.196894,0,0,0,0,0.909414,0.196894,0
-0.914241,-0.192441,0,0,0,0,0.914241,0.192441,0
-0.918928,-0.187959,0,0,0,0,0.918928,0.187959,0
-0.923475,-0.183448,0,0,0,0,0.923475,0.183448,0
-0.927885,-0.17891,0,0,0,0,0.927885,0.17891,0
-0.932156,-0.174345,0,0,0,0,0.932156,0.174345,0
-0.936292,-0.169755,0,0,0,0,0.936292,0.169755,0
-0.940291,-0.16514,0,0,0,0,0.940291,0.16514,0
-0.944155,-0.160501,0,0,0,0,0.944155,0.160501,0
-0.947885,-0.155839,0,0,0,0,0.947885,0.155839,0
-0.951481,-0.151156,0,0,0,0,0.951481,0.151156,0
-0.954945,-0.146451,0,0,0,0,0.954945,0.146451,0
-0.958275,-0.141726,0,0,0,0,0.958275,0.141726,0
-0.961474,-0.136982,0,0,0,0,0.961474,0.136982,0
-0.964542,-0.132219,0,0,0,0,0.964542,0.132219,0
-0.96748,-0.127437,0,0,0,0,0.96748,0.127437,0
-0.970287,-0.122639,0,0,0,0,0.970287,0.122639,0
-0.972964,-0.117825,0,0,0,0,0.972964,0.117825,0
-0.975512,-0.112994,0,0,0,0,0.975512,0.112994,0
-0.977932,-0.108149,0,0,0,0,0.977932,0.108149,0
-0.980223,-0.10329,0,0,0,0,0.980223,0.10329,0
-0.982386,-0.0984171,0,0,0,0,0.982386,0.0984171,0
-0.984421,-0.0935315,0,0,0,0,0.984421,0.0935315,0
-0.98633,-0.0886338,0,0,0,0,0.98633,0.0886338,0
-0.988111,-0.0837247,0,0,0,0,0.988111,0.0837247,0
-0.989766,-0.0788048,0,0,0,0,0.989766,0.0788048,0
-0.991294,-0.0738749,0,0,0,0,0.991294,0.0738749,0
-0.992696,-0.0689356,0,0,0,0,0.992696,0.0689356,0
-0.993972,-0.0639875,0,0,0,0,0.993972,0.0639875,0
-0.995123,-0.0590314,0,0,0,0,0.995123,0.0590314,0
-0.996148,-0.0540678,0,0,0,0,0.996148,0.0540678,0
-0.997047,-0.0490974,0,0,0,0,0.997047,0.0490974,0
-0.997821,-0.0441208,0,0,0,0,0.997821,0.0441208,0
-0.99847,-0.0391387,0,0,0,0,0.99847,0.0391387,0
-0.998994,-0.0341516,0,0,0,0,0.998994,0.0341516,0
-0.999393,-0.0291604,0,0,0,0,0.999393,0.0291604,0
-0.999667,-0.0241654,0,0,0,0,0.999667,0.0241654,0
-0.999816,-0.0191674,0,0,0,0,0.999816,0.0191674,0
-0.99984,-0.0141671,0,0,0,0,0.99984,0.0141671,0
-0.999739,-0.00916496,0,0,0,0,0.999739,0.00916496,0
-0.999513,-0.00416168,0,0,0,0,0.999513,0.00416168,0
-0.999161,0.000842115,0,0,0,0,0.999161,-0.000842115,0
-0.998685,0.00584581,0,0,0,0,0.998685,-0.00584581,0
-0.998083,0.0108488,0,0,0,0,0.998083,-0.0108488,0
-0.997356,0.0158504,0,0,0,0,0.997356,-0.0158504,0
-0.996503,0.02085,0,0,0,0,0.996503,-0.02085,0
-0.995524,0.0258469,0,0,0,0,0.995524,-0.0258469,0
-0.99442,0.0308406,0,0,0,0,0.99442,-0.0308406,0
-0.993189,0.0358304,0,0,0,0,0.993189,-0.0358304,0
-0.991831,0.0408156,0,0,0,0,0.991831,-0.0408156,0
-0.990347,0.0457956,0,0,0,0,0.990347,-0.0457956,0
-0.988736,0.0507697,0,0,0,0,0.988736,-0.0507697,0
-0.986997,0.0557373,0,0,0,0,0.986997,-0.0557373,0
-0.985131,0.0606977,0,0,0,0,0.985131,-0.0606977,0
-0.983137,0.0656502,0,0,0,0,0.983137,-0.0656502,0
-0.981014,0.0705941,0,0,0,0,0.981014,-0.0705941,0
-0.978762,0.0755287,0,0,0,0,0.978762,-0.0755287,0
-0.976382,0.0804533,0,0,0,0,0.976382,-0.0804533,0
-0.973871,0.0853673,0,0,0,0,0.973871,-0.0853673,0
-0.97123,0.0902698,0,0,0,0,0.97123,-0.0902698,0
-0.968458,0.0951602,0,0,0,0,0.968458,-0.0951602,0
-0.965554,0.100038,0,0,0,0,0.965554,-0.100038,0
-0.962519,0.104901,0,0,0,0,0.962519,-0.104901,0
-0.959351,0.109751,0,0,0,0,0.959351,-0.109751,0
-0.95605,0.114585,0,0,0,0,0.95605,-0.114585,0
-0.952616,0.119403,0,0,0,0,0.952616,-0.119403,0
-0.949046,0.124204,0,0,0,0,0.949046,-0.124204,0
-0.945342,0.128988,0,0,0,0,0.945342,-0.128988,0
-0.941501,0.133753,0,0,0,0,0.941501,-0.133753,0
-0.937523,0.138498,0,0,0,0,0.937523,-0.138498,0
-0.933408,0.143223,0,0,0,0,0.933408,-0.143223,0
-0.929154,0.147927,0,0,0,0,0.929154,-0.147927,0
-0.924761,0.152609,0,0,0,0,0.924761,-0.152609,0
-0.920227,0.157267,0,0,0,0,0.920227,-0.157267,0
-0.915552,0.161901,0,0,0,0,0.915552,-0.161901,0
-0.910734,0.166511,0,0,0,0,0.910734,-0.166511,0
-0.905774,0.171094,0,0,0,0,0.905774,-0.171094,0
-0.900668,0.175649,0,0,0,0,0.900668,-0.175649,0
-0.895417,0.180176,0,0,0,0,0.895417,-0.180176,0
-0.890019,0.184674,0,0,0,0,0.890019,-0.184674,0
-0.884473,0.189141,0,0,0,0,0.884473,-0.189141,0
-0.878777,0.193576,0,0,0,0,0.878777,-0.193576,0
-0.87293,0.197978,0,0,0,0,0.87293,-0.197978,0
-0.866932,0.202345,0,0,0,0,0.866932,-0.202345,0
-0.86078,0.206676,0,0,0,0,0.86078,-0.206676,0
-0.854472,0.21097,0,0,0,0,0.854472,-0.21097,0
-0.848009,0.215226,0,0,0,0,0.848009,-0.215226,0
-0.841386,0.219441,0,0,0,0,0.841386,-0.219441,0
-0.834604,0.223614,0,0,0,0,0.834604,-0.223614,0
-0.82766,0.227745,0,0,0,0,0.82766,-0.227745,0
-0.820553,0.23183,0,0,0,0,0.820553,-0.23183,0
-0.81328,0.235868,0,0,0,0,0.81328,-0.235868,0
-0.805839,0.239858,0,0,0,0,0.805839,-0.239858,0
-0.798229,0.243797,0,0,0,0,0.798229,-0.243797,0
-0.790448,0.247684,0,0,0,0,0.790448,-0.247684,0
-0.782492,0.251517,0,0,0,0,0.782492,-0.251517,0
-0.774361,0.255293,0,0,0,0,0.774361,-0.255293,0
-0.766051,0.25901,0,0,0,0,0.766051,-0.25901,0
-0.75756,0.262666,0,0,0,0,0.75756,-0.262666,0
-0.748885,0.266258,0,0,0,0,0.748885,-0.266258,0
-0.740023,0.269783,0,0,0,0,0.740023,-0.269783,0
-0.730973,0.27324,0,0,0,0,0.730973,-0.27324,0
-0.72173,0.276625,0,0,0,0,0.72173,-0.276625,0
-0.712291,0.279935,0,0,0,0,0.712291,-0.279935,0
-0.702655,0.283167,0,0,0,0,0.702655,-0.283167,0
-0.692816,0.286317,0,0,0,0,0.692816,-0.286317,0
-0.682771,0.289383,0,0,0,0,0.682771,-0.289383,0
-0.672517,0.29236,0,0,0,0,0.672517,-0.29236,0
-0.66205,0.295244,0,0,0,0,0.66205,-0.295244,0
-0.651366,0.298031,0,0,0,0,0.651366,-0.298031,0
-0.64046,0.300717,0,0,0,0,0.64046,-0.300717,0
-0.629328,0.303296,0,0,0,0,0.629328,-0.303296,0
-0.617965,0.305765,0,0,0,0,0.617965,-0.305765,0
-0.606367,0.308116,0,0,0,0,0.606367,-0.308116,0
-0.594528,0.310346,0,0,0,0,0.594528,-0.310346,0
-0.582442,0.312446,0,0,0,0,0.582442,-0.312446,0
-0.570104,0.314412,0,0,0,0,0.570104,-0.314412,0
-0.557508,0.316235,0,0,0,0,0.557508,-0.316235,0
-0.544647,0.317907,0,0,0,0,0.544647,-0.317907,0
-0.531515,0.319422,0,0,0,0,0.531515,-0.319422,0
-0.518104,0.320768,0,0,0,0,0.518104,-0.320768,0
-0.504407,0.321938,0,0,0,0,0.504407,-0.321938,0
-0.490415,0.32292,0,0,0,0,0.490415,-0.32292,0
-0.476121,0.323702,0,0,0,0,0.476121,-0.323702,0
-0.461515,0.324272,0,0,0,0,0.461515,-0.324272,0
-0.446587,0.324616,0,0,0,0,0.446587,-0.324616,0
-0.431328,0.324718,0,0,0,0,0.431328,-0.324718,0
-0.415725,0.324563,0,0,0,0,0.415725,-0.324563,0
-0.399769,0.324131,0,0,0,0,0.399769,-0.324131,0
-0.383446,0.323402,0,0,0,0,0.383446,-0.323402,0
-0.366743,0.322352,0,0,0,0,0.366743,-0.322352,0
-0.349646,0.320955,0,0,0,0,0.349646,-0.320955,0
-0.332141,0.319183,0,0,0,0,0.332141,-0.319183,0
-0.31421,0.317003,0,0,0,0,0.31421,-0.317003,0
-0.295838,0.314376,0,0,0,0,0.295838,-0.314376,0
-0.277006,0.311261,0,0,0,0,0.277006,-0.311261,0
-0.257695,0.307607,0,0,0,0,0.257695,-0.307607,0
-0.237886,0.303357,0,0,0,0,0.237886,-0.303357,0
-0.217557,0.298444,0,0,0,0,0.217557,-0.298444,0
-0.196689,0.29279,0,0,0,0,0.196689,-0.29279,0
-0.175261,0.2863,0,0,0,0,0.175261,-0.2863,0
-0.153254,0.278862,0,0,0,0,0.153254,-0.278862,0
-0.130653,0.270339,0,0,0,0,0.130653,-0.270339,0
-0.107449,0.260565,0,0,0,0,0.107449,-0.260565,0
-0.0836472,0.249332,0,0,0,0,0.0836472,-0.249332,0
-0.0592738,0.236379,0,0,0,0,0.0592738,-0.236379,0
-0.0343938,0.221378,0,0,0,0,0.0343938,-0.221378,0
-0.00914103,0.203906,0,0,0,0,0.00914103,-0.203906,0
0.0162289,0.183425,0,0,0,0,-0.0162289,-0.183425,0
0.0412436,0.159261,0,0,0,0,-0.0412436,-0.159261,0
0.065049,0.130626,0,0,0,0,-0.065049,-0.130626,0
0.0861638,0.0967741,0,0,0,0,-0.0861638,-0.0967741,0
0.102269,0.0574781,0,0,0,0,-0.102269,-0.0574781,0
0.110527,0.0139142,0,0,0,0,-0.110527,-0.0139142,0
0.109028,-0.0308427,0,0,0,0,-0.109028,0.0308427,0
0.0983367,-0.0730925,0,0,0,0,-0.0983367,0.0730925,0
0.080961,-0.110538,0,0,0,0,-0.080961,0.110538,0
0.0595787,-0.142689,0,0,0,0,-0.0595787,0.142689,0
0.0361183,-0.170032,0,0,0,0,-0.0361183,0.170032,0
0.0117577,-0.193323,0,0,0,0,-0.0117577,0.193323,0
-0.0128289,-0.213277,0,0,0,0,0.0128289,0.213277,0
-0.0372645,-0.230488,0,0,0,0,0.0372645,0.230488,0
-0.0613417,-0.245427,0,0,0,0,0.0613417,0.245427,0
-0.0849497,-0.258465,0,0,0,0,0.0849497,0.258465,0
-0.108033,-0.269893,0,0,0,0,0.108033,0.269893,0
-0.130568,-0.279945,0,0,0,0,0.130568,0.279945,0
-0.15255,-0.288806,0,0,0,0,0.15255,0.288806,0
-0.173986,-0.296629,0,0,0,0,0.173986,0.296629,0
-0.194887,-0.303539,0,0,0,0,0.194887,0.303539,0
-0.215269,-0.309639,0,0,0,0,0.215269,0.309639,0
-0.235149,-0.315016,0,0,0,0,0.235149,0.315016,0
-0.254545,-0.319744,0,0,0,0,0.254545,0.319744,0
-0.273476,-0.323886,0,0,0,0,0.273476,0.323886,0
-0.291957,-0.327496,0,0,0,0,0.291957,0.327496,0
-0.310006,-0.33062,0,0,0,0,0.310006,0.33062,0
-0.327639,-0.3333,0,0,0,0,0.327639,0.3333,0
-0.344871,-0.335572,0,0,0,0,0.344871,0.335572,0
-0.361716,-0.337467,0,0,0,0,0.361716,0.337467,0
-0.378187,-0.339013,0,0,0,0,0.378187,0.339013,0
-0.394298,-0.340236,0,0,0,0,0.394298,0.340236,0
-0.410059,-0.341157,0,0,0,0,0.410059,0.341157,0
-0.425483,-0.341798,0,0,0,0,0.425483,0.341798,0
-0.440579,-0.342175,0,0,0,0,0.440579,0.342175,0
-0.455358,-0.342306,0,0,0,0,0.455358,0.342306,0
-0.469829,-0.342205,0,0,0,0,0.469829,0.342205,0
-0.484001,-0.341886,0,0,0,0,0.484001,0.341886,0
-0.497883,-0.341362,0,0,0,0,0.497883,0.341362,0
-0.511481,-0.340644,0,0,0,0,0.511481,0.340644,0
-0.524804,-0.339742,0,0,0,0,0.524804,0.339742,0
-0.537858,-0.338666,0,0,0,0,0.537858,0.338666,0
-0.55065,-0.337426,0,0,0,0,0.55065,0.337426,0
-0.563187,-0.336029,0,0,0,0,0.563187,0.336029,0
-0.575474,-0.334482,0,0,0,0,0.575474,0.334482,0
-0.587518,-0.332794,0,0,0,0,0.587518,0.332794,0
-0.599322,-0.330971,0,0,0,0,0.599322,0.330971,0
-0.610894,-0.329019,0,0,0,0,0.610894,0.329019,0
-0.622236,-0.326944,0,0,0,0,0.622236,0.326944,0
-0.633355,-0.324751,0,0,0,0,0.633355,0.324751,0
-0.644254,-0.322445,0,0,0,0,0.644254,0.322445,0
-0.654938,-0.320032,0,0,0,0,0.654938,0.320032,0
-0.66541,-0.317515,0,0,0,0,0.66541,0.317515,0
-0.675675,-0.3149,0,0,0,0,0.675675,0.3149,0
-0.685736,-0.312189,0,0,0,0,0.685736,0.312189,0
-0.695596,-0.309387,0,0,0,0,0.695596,0.309387,0
-0.70526,-0.306497,0,0,0,0,0.70526,0.306497,0
-0.714729,-0.303523,0,0,0,0,0.714729,0.303523,0
-0.724008,-0.300468,0,0,0,0,0.724008,0.300468,0
-0.733098,-0.297335,0,0,0,0,0.733098,0.297335,0
-0.742004,-0.294127,0,0,0,0,0.742004,0.294127,0
-0.750727,-0.290847,0,0,0,0,0.750727,0.290847,0
-0.759271,-0.287497,0,0,0,0,0.759271,0.287497,0
-0.767637,-0.28408,0,0,0,0,0.767637,0.28408,0
-0.775828,-0.280598,0,0,0,0,0.775828,0.280598,0
-0.783846,-0.277053,0,0,0,0,0.783846,0.277053,0
-0.791694,-0.273449,0,0,0,0,0.791694,0.273449,0
-0.799374,-0.269786,0,0,0,0,0.799374,0.269786,0
-0.806887,-0.266067,0,0,0,0,0.806887,0.266067,0
-0.814235,-0.262293,0,0,0,0,0.814235,0.262293,0
-0.821421,-0.258468,0,0,0,0,0.821421,0.258468,0
-0.828447,-0.254591,0,0,0,0,0.828447,0.254591,0
-0.835313,-0.250666,0,0,0,0,0.835313,0.250666,0
-0.842021,-0.246694,0,0,0,0,0.842021,0.246694,0
-0.848574,-0.242676,0,0,0,0,0.848574,0.242676,0
-0.854973,-0.238613,0,0,0,0,0.854973,0.238613,0
-0.861219,-0.234509,0,0,0,0,0.861219,0.234509,0
-0.867313,-0.230363,0,0,0,0,0.867313,0.230363,0
-0.873257,-0.226177,0,0,0,0,0.873257,0.226177,0
-0.879053,-0.221952,0,0,0,0,0.879053,0.221952,0
-0.884701,-0.217691,0,0,0,0,0.884701,0.217691,0
-0.890203,-0.213393,0,0,0,0,0.890203,0.213393,0
-0.89556,-0.20906,0,0,0,0,0.89556,0.20906,0
-0.900773,-0.204694,0,0,0,0,0.900773,0.204694,0
-0.905843,-0.200296,0,0,0,0,0.905843,0.200296,0
-0.910771,-0.195866,0,0,0,0,0.910771,0.195866,0
-0.915559,-0.191406,0,0,0,0,0.915559,0.191406,0
-0.920207,-0.186917,0,0,0,0,0.920207,0.186917,0
-0.924715,-0.182399,0,0,0,0,0.924715,0.182399,0
-0.929086,-0.177854,0,0,0,0,0.929086,0.177854,0
-0.933319,-0.173283,0,0,0,0,0.933319,0.173283,0
-0.937416,-0.168687,0,0,0,0,0.937416,0.168687,0
-0.941378,-0.164066,0,0,0,0,0.941378,0.164066,0
-0.945204,-0.159421,0,0,0,0,0.945204,0.159421,0
-0.948897,-0.154754,0,0,0,0,0.948897,0.154754,0
-0.952456,-0.150066,0,0,0,0,0.952456,0.150066,0
-0.955882,-0.145356,0,0,0,0,0.955882,0.145356,0
-0.959176,-0.140626,0,0,0,0,0.959176,0.140626,0
-0.962338,-0.135877,0,0,0,0,0.962338,0.135877,0
-0.96537,-0.13111,0,0,0,0,0.96537,0.13111,0
-0.96827,-0.126324,0,0,0,0,0.96827,0.126324,0
-0.971041,-0.121522,0,0,0,0,0.971041,0.121522,0
-0.973682,-0.116704,0,0,0,0,0.973682,0.116704,0
-0.976195,-0.11187,0,0,0,0,0.976195,0.11187,0
-0.978578,-0.107021,0,0,0,0,0.978578,0.107021,0
-0.980834,-0.102158,0,0,0,0,0.980834,0.102158,0
-0.982961,-0.0972825,0,0,0,0,0.982961,0.0972825,0
-0.984961,-0.0923939,0,0,0,0,0.984961,0.0923939,0
-0.986834,-0.0874933,0,0,0,0,0.986834,0.0874933,0
-0.98858,-0.0825815,0,0,0,0,0.98858,0.0825815,0
-0.9902,-0.0776591,0,0,0,0,0.9902,0.0776591,0
-0.991693,-0.0727269,0,0,0,0,0.991693,0.0727269,0
-0.99306,-0.0677853,0,0,0,0,0.99306,0.0677853,0
-0.994301,-0.0628352,0,0,0,0,0.994301,0.0628352,0
-0.995416,-0.0578771,0,0,0,0,0.995416,0.0578771,0
-0.996406,-0.0529118,0,0,0,0,0.996406,0.0529118,0
-0.997271,-0.0479398,0,0,0,0,0.997271,0.0479398,0
-0.99801,-0.0429617,0,0,0,0,0.99801,0.0429617,0
-0.998624,-0.0379783,0,0,0,0,0.998624,0.0379783,0
-0.999113,-0.0329901,0,0,0,0,0.999113,0.0329901,0
-0.999477,-0.0279978,0,0,0,0,0.999477,0.0279978,0
-0.999716,-0.023002,0,0,0,0,0.999716,0.023002,0
-0.999831,-0.0180033,0,0,0,0,0.999831,0.0180033,0
-0.99982,-0.0130024,0,0,0,0,0.99982,0.0130024,0
-0.999684,-0.00799979,0,0,0,0,0.999684,0.00799979,0
-0.999423,-0.00299622,0,0,0,0,0.999423,0.00299622,0
-0.999037,0.00200772,0,0,0,0,0.999037,-0.00200772,0
-0.998525,0.00701141,0,0,0,0,0.998525,-0.00701141,0
-0.997889,0.0120142,0,0,0,0,0.997889,-0.0120142,0
-0.997126,0.0170155,0,0,0,0,0.997126,-0.0170155,0
-0.996239,0.0220147,0,0,0,0,0.996239,-0.0220147,0
-0.995225,0.027011,0,0,0,0,0.995225,-0.027011,0
-0.994085,0.032004,0,0,0,0,0.994085,-0.032004,0
-0.992819,0.0369929,0,0,0,0,0.992819,-0.0369929,0
-0.991426,0.041977,0,0,0,0,0.991426,-0.041977,0
-0.989907,0.0469558,0,0,0,0,0.989907,-0.0469558,0
-0.98826,0.0519286,0,0,0,0,0.98826,-0.0519286,0
-0.986486,0.0568947,0,0,0,0,0.986486,-0.0568947,0
-0.984584,0.0618534,0,0,0,0,0.984584,-0.0618534,0
-0.982554,0.066804,0,0,0,0,0.982554,-0.066804,0
-0.980395,0.0717459,0,0,0,0,0.980395,-0.0717459,0
-0.978108,0.0766784,0,0,0,0,0.978108,-0.0766784,0
-0.975691,0.0816007,0,0,0,0,0.975691,-0.0816007,0
-0.973144,0.0865121,0,0,0,0,0.973144,-0.0865121,0
-0.970466,0.091412,0,0,0,0,0.970466,-0.091412,0
-0.967657,0.0962995,0,0,0,0,0.967657,-0.0962995,0
-0.964717,0.101174,0,0,0,0,0.964717,-0.101174,0
-0.961645,0.106034,0,0,0,0,0.961645,-0.106034,0
-0.95844,0.11088,0,0,0,0,0.95844,-0.11088,0
-0.955102,0.115711,0,0,0,0,0.955102,-0.115711,0
-0.95163,0.120525,0,0,0,0,0.95163,-0.120525,0
-0.948022,0.125322,0,0,0,0,0.948022,-0.125322,0
-0.94428,0.130102,0,0,0,0,0.94428,-0.130102,0
-0.940401,0.134862,0,0,0,0,0.940401,-0.134862,0
-0.936385,0.139603,0,0,0,0,0.936385,-0.139603,0
-0.932231,0.144323,0,0,0,0,0.932231,-0.144323,0
-0.927938,0.149022,0,0,0,0,0.927938,-0.149022,0
-0.923505,0.153698,0,0,0,0,0.923505,-0.153698,0
-0.918932,0.158351,0,0,0,0,0.918932,-0.158351,0
-0.914217,0.162979,0,0,0,0,0.914217,-0.162979,0
-0.909359,0.167583,0,0,0,0,0.909359,-0.167583,0
-0.904358,0.172159,0,0,0,0,0.904358,-0.172159,0
-0.899212,0.176708,0,0,0,0,0.899212,-0.176708,0
-0.893919,0.181228,0,0,0,0,0.893919,-0.181228,0
-0.88848,0.185719,0,0,0,0,0.88848,-0.185719,0
-0.882892,0.190178,0,0,0,0,0.882892,-0.190178,0
-0.877154,0.194605,0,0,0,0,0.877154,-0.194605,0
-0.871265,0.198999,0,0,0,0,0.871265,-0.198999,0
-0.865223,0.203357,0,0,0,0,0.865223,-0.203357,0
-0.859027,0.20768,0,0,0,0,0.859027,-0.20768,0
-0.852676,0.211965,0,0,0,0,0.852676,-0.211965,0
-0.846168,0.21621,0,0,0,0,0.846168,-0.21621,0
-0.8395,0.220416,0,0,0,0,0.8395,-0.220416,0
-0.832673,0.224579,0,0,0,0,0.832673,-0.224579,0
-0.825683,0.228698,0,0,0,0,0.825683,-0.228698,0
-0.818528,0.232772,0,0,0,0,0.818528,-0.232772,0
-0.811208,0.236799,0,0,0,0,0.811208,-0.236799,0
-0.80372,0.240776,0,0,0,0,0.80372,-0.240776,0
-0.796062,0.244703,0,0,0,0,0.796062,-0.244703,0
-0.788231,0.248576,0,0,0,0,0.788231,-0.248576,0
-0.780226,0.252395,0,0,0,0,0.780226,-0.252395,0
-0.772044,0.256156,0,0,0,0,0.772044,-0.256156,0
-0.763683,0.259858,0,0,0,0,0.763683,-0.259858,0
-0.75514,0.263498,0,0,0,0,0.75514,-0.263498,0
-0.746412,0.267074,0,0,0,0,0.746412,-0.267074,0
-0.737497,0.270582,0,0,0,0,0.737497,-0.270582,0
-0.728392,0.274021,0,0,0,0,0.728392,-0.274021,0
-0.719094,0.277387,0,0,0,0,0.719094,-0.277387,0
-0.709599,0.280678,0,0,0,0,0.709599,-0.280678,0
-0.699905,0.283889,0,0,0,0,0.699905,-0.283889,0
-0.690008,0.287018,0,0,0,0,0.690008,-0.287018,0
-0.679904,0.290061,0,0,0,0,0.679904,-0.290061,0
-0.66959,0.293014,0,0,0,0,0.66959,-0.293014,0
-0.659061,0.295874,0,0,0,0,0.659061,-0.295874,0
-0.648314,0.298635,0,0,0,0,0.648314,-0.298635,0
-0.637343,0.301294,0,0,0,0,0.637343,-0.301294,0
-0.626146,0.303845,0,0,0,0,0.626146,-0.303845,0
-0.614716,0.306283,0,0,0,0,0.614716,-0.306283,0
-0.603049,0.308604,0,0,0,0,0.603049,-0.308604,0
-0.59114,0.3108,0,0,0,0,0.59114,-0.3108,0
-0.578982,0.312865,0,0,0,0,0.578982,-0.312865,0
-0.566571,0.314794,0,0,0,0,0.566571,-0.314794,0
-0.553899,0.316578,0,0,0,0,0.553899,-0.316578,0
-0.540961,0.318209,0,0,0,0,0.540961,-0.318209,0
-0.527749,0.319679,0,0,0,0,0.527749,-0.319679,0
-0.514256,0.32098,0,0,0,0,0.514256,-0.32098,0
-0.500475,0.3221,0,0,0,0,0.500475,-0.3221,0
-0.486397,0.323029,0,0,0,0,0.486397,-0.323029,0
-0.472013,0.323755,0,0,0,0,0.472013,-0.323755,0
-0.457315,0.324265,0,0,0,0,0.457315,-0.324265,0
-0.442292,0.324545,0,0,0,0,0.442292,-0.324545,0
-0.426935,0.324579,0,0,0,0,0.426935,-0.324579,0
-0.411231,0.32435,0,0,0,0,0.411231,-0.32435,0
-0.39517,0.323839,0,0,0,0,0.39517,-0.323839,0
-0.378738,0.323024,0,0,0,0,0.378738,-0.323024,0
-0.361922,0.321881,0,0,0,0,0.361922,-0.321881,0
-0.344708,0.320384,0,0,0,0,0.344708,-0.320384,0
-0.32708,0.318502,0,0,0,0,0.32708,-0.318502,0
-0.309023,0.316202,0,0,0,0,0.309023,-0.316202,0
-0.290518,0.313443,0,0,0,0,0.290518,-0.313443,0
-0.271549,0.310183,0,0,0,0,0.271549,-0.310183,0
-0.252094,0.306368,0,0,0,0,0.252094,-0.306368,0
-0.232135,0.301939,0,0,0,0,0.232135,-0.301939,0
-0.211651,0.296826,0,0,0,0,0.211651,-0.296826,0
-0.190621,0.290945,0,0,0,0,0.190621,-0.290945,0
-0.169025,0.284199,0,0,0,0,0.169025,-0.284199,0
-0.146845,0.276469,0,0,0,0,0.146845,-0.276469,0
-0.124067,0.267609,0,0,0,0,0.124067,-0.267609,0
-0.100686,0.257442,0,0,0,0,0.100686,-0.257442,0
-0.0767113,0.245747,0,0,0,0,0.0767113,-0.245747,0
-0.0521782,0.232245,0,0,0,0,0.0521782,-0.232245,0
-0.0271678,0.216583,0,0,0,0,0.0271678,-0.216583,0
-0.00184232,0.198307,0,0,0,0,0.00184232,-0.198307,0
0.0234924,0.176842,0,0,0,0,-0.0234924,-0.176842,0
0.0482743,0.151474,0,0,0,0,-0.0482743,-0.151474,0
0.0714958,0.1214,0,0,0,0,-0.0714958,-0.1214,0
0.0914451,0.0859566,0,0,0,0,-0.0914451,-0.0859566,0
0.105577,0.0452211,0,0,0,0,-0.105577,-0.0452211,0
0.111124,0.000927123,0,0,0,0,-0.111124,-0.000927123,0
0.106798,-0.0434532,0,0,0,0,-0.106798,0.0434532,0
0.0938853,-0.084461,0,0,0,0,-0.0938853,0.084461,0
0.0751099,-0.120367,0,0,0,0,-0.0751099,0.120367,0
0.0529731,-0.151059,0,0,0,0,-0.0529731,0.151059,0
0.0291651,-0.177156,0,0,0,0,-0.0291651,0.177156,0
0.00469225,-0.199419,0,0,0,0,-0.00469225,0.199419,0
-0.0198746,-0.21853,0,0,0,0,0.0198746,0.21853,0
-0.0442176,-0.235045,0,0,0,0,0.0442176,0.235045,0
-0.0681632,-0.249406,0,0,0,0,0.0681632,0.249406,0
-0.0916195,-0.261957,0,0,0,0,0.0916195,0.261957,0
-0.114542,-0.272971,0,0,0,0,0.114542,0.272971,0
-0.136914,-0.282667,0,0,0,0,0.136914,0.282667,0
-0.158735,-0.291219,0,0,0,0,0.158735,0.291219,0
-0.180011,-0.298772,0,0,0,0,0.180011,0.298772,0
-0.200758,-0.305443,0,0,0,0,0.200758,0.305443,0
-0.220992,-0.311331,0,0,0,0,0.220992,0.311331,0
-0.240728,-0.316518,0,0,0,0,0.240728,0.316518,0
-0.259987,-0.321076,0,0,0,0,0.259987,0.321076,0
-0.278784,-0.325064,0,0,0,0,0.278784,0.325064,0
-0.297138,-0.328534,0,0,0,0,0.297138,0.328534,0
-0.315064,-0.331531,0,0,0,0,0.315064,0.331531,0
-0.332578,-0.334094,0,0,0,0,0.332578,0.334094,0
-0.349696,-0.336258,0,0,0,0,0.349696,0.336258,0
-0.366431,-0.338054,0,0,0,0,0.366431,0.338054,0
-0.382796,-0.339509,0,0,0,0,0.382796,0.339509,0
-0.398803,-0.340647,0,0,0,0,0.398803,0.340647,0
-0.414465,-0.341489,0,0,0,0,0.414465,0.341489,0
-0.429793,-0.342056,0,0,0,0,0.429793,0.342056,0
-0.444796,-0.342364,0,0,0,0,0.444796,0.342364,0
-0.459485,-0.34243,0,0,0,0,0.459485,0.34243,0
-0.473869,-0.342269,0,0,0,0,0.473869,0.342269,0
-0.487956,-0.341894,0,0,0,0,0.487956,0.341894,0
-0.501755,-0.341316,0,0,0,0,0.501755,0.341316,0
-0.515273,-0.340548,0,0,0,0,0.515273,0.340548,0
-0.528517,-0.339598,0,0,0,0,0.528517,0.339598,0
-0.541495,-0.338478,0,0,0,0,0.541495,0.338478,0
-0.554213,-0.337194,0,0,0,0,0.554213,0.337194,0
-0.566678,-0.335757,0,0,0,0,0.566678,0.335757,0
-0.578894,-0.334172,0,0,0,0,0.578894,0.334172,0
-0.590868,-0.332448,0,0,0,0,0.590868,0.332448,0
-0.602605,-0.33059,0,0,0,0,0.602605,0.33059,0
-0.61411,-0.328605,0,0,0,0,0.61411,0.328605,0
-0.625388,-0.326498,0,0,0,0,0.625388,0.326498,0
-0.636443,-0.324275,0,0,0,0,0.636443,0.324275,0
-0.64728,-0.321941,0,0,0,0,0.64728,0.321941,0
-0.657903,-0.319501,0,0,0,0,0.657903,0.319501,0
-0.668316,-0.316958,0,0,0,0,0.668316,0.316958,0
-0.678522,-0.314317,0,0,0,0,0.678522,0.314317,0
-0.688525,-0.311582,0,0,0,0,0.688525,0.311582,0
-0.698329,-0.308757,0,0,0,0,0.698329,0.308757,0
-0.707936,-0.305846,0,0,0,0,0.707936,0.305846,0
-0.717351,-0.30285,0,0,0,0,0.717351,0.30285,0
-0.726576,-0.299775,0,0,0,0,0.726576,0.299775,0
-0.735614,-0.296623,0,0,0,0,0.735614,0.296623,0
-0.744467,-0.293396,0,0,0,0,0.744467,0.293396,0
-0.753139,-0.290098,0,0,0,0,0.753139,0.290098,0
-0.761632,-0.28673,0,0,0,0,0.761632,0.28673,0
-0.769948,-0.283296,0,0,0,0,0.769948,0.283296,0
-0.77809,-0.279798,0,0,0,0,0.77809,0.279798,0
-0.786059,-0.276239,0,0,0,0,0.786059,0.276239,0
-0.793859,-0.272619,0,0,0,0,0.793859,0.272619,0
-0.801491,-0.268942,0,0,0,0,0.801491,0.268942,0
-0.808958,-0.265209,0,0,0,0,0.808958,0.265209,0
-0.81626,-0.261422,0,0,0,0,0.81626,0.261422,0
-0.8234,-0.257584,0,0,0,0,0.8234,0.257584,0
-0.83038,-0.253695,0,0,0,0,0.83038,0.253695,0
-0.837202,-0.249758,0,0,0,0,0.837202,0.249758,0
-0.843866,-0.245774,0,0,0,0,0.843866,0.245774,0
-0.850375,-0.241745,0,0,0,0,0.850375,0.241745,0
-0.856731,-0.237672,0,0,0,0,0.856731,0.237672,0
-0.862934,-0.233557,0,0,0,0,0.862934,0.233557,0
-0.868986,-0.229401,0,0,0,0,0.868986,0.229401,0
-0.874888,-0.225205,0,0,0,0,0.874888,0.225205,0
-0.880642,-0.220972,0,0,0,0,0.880642,0.220972,0
-0.886249,-0.216701,0,0,0,0,0.886249,0.216701,0
-0.89171,-0.212395,0,0,0,0,0.89171,0.212395,0
-0.897026,-0.208054,0,0,0,0,0.897026,0.208054,0
-0.902199,-0.20368,0,0,0,0,0.902199,0.20368,0
-0.907229,-0.199274,0,0,0,0,0.907229,0.199274,0
-0.912118,-0.194836,0,0,0,0,0.912118,0.194836,0
-0.916866,-0.190369,0,0,0,0,0.916866,0.190369,0
-0.921474,-0.185873,0,0,0,0,0.921474,0.185873,0
-0.925944,-0.181348,0,0,0,0,0.925944,0.181348,0
-0.930276,-0.176797,0,0,0,0,0.930276,0.176797,0
-0.934472,-0.17222,0,0,0,0,0.934472,0.17222,0
-0.938531,-0.167617,0,0,0,0,0.938531,0.167617,0
-0.942454,-0.162991,0,0,0,0,0.942454,0.162991,0
-0.946243,-0.158341,0,0,0,0,0.946243,0.158341,0
-0.949898,-0.153668,0,0,0,0,0.949898,0.153668,0
-0.95342,-0.148975,0,0,0,0,0.95342,0.148975,0
-0.956809,-0.14426,0,0,0,0,0.956809,0.14426,0
-0.960066,-0.139525,0,0,0,0,0.960066,0.139525,0
-0.963192,-0.134772,0,0,0,0,0.963192,0.134772,0
-0.966187,-0.13,0,0,0,0,0.966187,0.13,0
-0.969051,-0.12521,0,0,0,0,0.969051,0.12521,0
-0.971786,-0.120404,0,0,0,0,0.971786,0.120404,0
-0.974391,-0.115582,0,0,0,0,0.974391,0.115582,0
-0.976867,-0.110744,0,0,0,0,0.976867,0.110744,0
-0.979215,-0.105892,0,0,0,0,0.979215,0.105892,0
-0.981435,-0.101026,0,0,0,0,0.981435,0.101026,0
-0.983527,-0.0961471,0,0,0,0,0.983527,0.0961471,0
-0.985491,-0.0912555,0,0,0,0,0.985491,0.0912555,0
-0.987329,-0.0863522,0,0,0,0,0.987329,0.0863522,0
-0.989039,-0.0814377,0,0,0,0,0.989039,0.0814377,0
-0.990623,-0.0765129,0,0,0,0,0.990623,0.0765129,0
-0.992081,-0.0715782,0,0,0,0,0.992081,0.0715782,0
-0.993413,-0.0666345,0,0,0,0,0.993413,0.0666345,0
-0.994619,-0.0616824,0,0,0,0,0.994619,0.0616824,0
-0.9957,-0.0567225,0,0,0,0,0.9957,0.0567225,0
-0.996655,-0.0517554,0,0,0,0,0.996655,0.0517554,0
-0.997485,-0.0467818,0,0,0,0,0.997485,0.0467818,0
-0.998189,-0.0418023,0,0,0,0,0.998189,0.0418023,0
-0.998768,-0.0368176,0,0,0,0,0.998768,0.0368176,0
-0.999223,-0.0318283,0,0,0,0,0.999223,0.0318283,0
-0.999552,-0.026835,0,0,0,0,0.999552,0.026835,0
-0.999756,-0.0218383,0,0,0,0,0.999756,0.0218383,0
-0.999836,-0.016839,0,0,0,0,0.999836,0.016839,0
-0.99979,-0.0118375,0,0,0,0,0.99979,0.0118375,0
-0.999619,-0.0068345,0,0,0,0,0.999619,0.0068345,0
-0.999323,-0.00183067,0,0,0,0,0.999323,0.00183067,0
-0.998902,0.00317338,0,0,0,0,0.998902,-0.00317338,0
-0.998356,0.00817703,0,0,0,0,0.998356,-0.00817703,0
-0.997684,0.0131797,0,0,0,0,0.997684,-0.0131797,0
-0.996887,0.0181806,0,0,0,0,0.996887,-0.0181806,0
-0.995964,0.0231793,0,0,0,0,0.995964,-0.0231793,0
-0.994916,0.0281751,0,0,0,0,0.994916,-0.0281751,0
-0.993741,0.0331672,0,0,0,0,0.993741,-0.0331672,0
-0.992439,0.0381552,0,0,0,0,0.992439,-0.0381552,0
-0.991011,0.0431383,0,0,0,0,0.991011,-0.0431383,0
-0.989456,0.0481158,0,0,0,0,0.989456,-0.0481158,0
-0.987774,0.0530872,0,0,0,0,0.987774,-0.0530872,0
-0.985965,0.0580517,0,0,0,0,0.985965,-0.0580517,0
-0.984027,0.0630087,0,0,0,0,0.984027,-0.0630087,0
-0.981961,0.0679575,0,0,0,0,0.981961,-0.0679575,0
-0.979767,0.0728973,0,0,0,0,0.979767,-0.0728973,0
-0.977443,0.0778276,0,0,0,0,0.977443,-0.0778276,0
-0.97499,0.0827475,0,0,0,0,0.97499,-0.0827475,0
-0.972406,0.0876564,0,0,0,0,0.972406,-0.0876564,0
-0.969692,0.0925535,0,0,0,0,0.969692,-0.0925535,0
-0.966847,0.0974381,0,0,0,0,0.966847,-0.0974381,0
-0.96387,0.102309,0,0,0,0,0.96387,-0.102309,0
-0.960761,0.107167,0,0,0,0,0.960761,-0.107167,0
-0.957519,0.112009,0,0,0,0,0.957519,-0.112009,0
-0.954143,0.116836,0,0,0,0,0.954143,-0.116836,0
-0.950633,0.121646,0,0,0,0,0.950633,-0.121646,0
-0.946988,0.126439,0,0,0,0,0.946988,-0.126439,0
-0.943207,0.131214,0,0,0,0,0.943207,-0.131214,0
-0.93929,0.13597,0,0,0,0,0.93929,-0.13597,0
-0.935235,0.140707,0,0,0,0,0.935235,-0.140707,0
-0.931042,0.145422,0,0,0,0,0.931042,-0.145422,0
-0.926711,0.150115,0,0,0,0,0.926711,-0.150115,0
-0.922239,0.154786,0,0,0,0,0.922239,-0.154786,0
-0.917626,0.159434,0,0,0,0,0.917626,-0.159434,0
-0.912871,0.164056,0,0,0,0,0.912871,-0.164056,0
-0.907973,0.168653,0,0,0,0,0.907973,-0.168653,0
-0.902931,0.173223,0,0,0,0,0.902931,-0.173223,0
-0.897744,0.177765,0,0,0,0,0.897744,-0.177765,0
-0.89241,0.182279,0,0,0,0,0.89241,-0.182279,0
-0.886929,0.186762,0,0,0,0,0.886929,-0.186762,0
-0.881299,0.191213,0,0,0,0,0.881299,-0.191213,0
-0.875519,0.195633,0,0,0,0,0.875519,-0.195633,0
-0.869587,0.200018,0,0,0,0,0.869587,-0.200018,0
-0.863502,0.204368,0,0,0,0,0.863502,-0.204368,0
-0.857262,0.208681,0,0,0,0,0.857262,-0.208681,0
-0.850867,0.212957,0,0,0,0,0.850867,-0.212957,0
-0.844314,0.217193,0,0,0,0,0.844314,-0.217193,0
-0.837601,0.221388,0,0,0,0,0.837601,-0.221388,0
-0.830728,0.225541,0,0,0,0,0.830728,-0.225541,0
-0.823692,0.229649,0,0,0,0,0.823692,-0.229649,0
-0.816491,0.233711,0,0,0,0,0.816491,-0.233711,0
-0.809124,0.237726,0,0,0,0,0.809124,-0.237726,0
-0.801587,0.241691,0,0,0,0,0.801587,-0.241691,0
-0.793881,0.245605,0,0,0,0,0.793881,-0.245605,0
-0.786001,0.249465,0,0,0,0,0.786001,-0.249465,0
-0.777946,0.253269,0,0,0,0,0.777946,-0.253269,0
-0.769713,0.257016,0,0,0,0,0.769713,-0.257016,0
-0.761301,0.260703,0,0,0,0,0.761301,-0.260703,0
-0.752705,0.264327,0,0,0,0,0.752705,-0.264327,0
-0.743925,0.267886,0,0,0,0,0.743925,-0.267886,0
-0.734956,0.271377,0,0,0,0,0.734956,-0.271377,0
-0.725796,0.274798,0,0,0,0,0.725796,-0.274798,0
-0.716442,0.278145,0,0,0,0,0.716442,-0.278145,0
-0.706891,0.281415,0,0,0,0,0.706891,-0.281415,0
-0.697139,0.284606,0,0,0,0,0.697139,-0.284606,0
-0.687183,0.287713,0,0,0,0,0.687183,-0.287713,0
-0.67702,0.290734,0,0,0,0,0.67702,-0.290734,0
-0.666644,0.293663,0,0,0,0,0.666644,-0.293663,0
-0.656054,0.296498,0,0,0,0,0.656054,-0.296498,0
-0.645243,0.299233,0,0,0,0,0.645243,-0.299233,0
-0.634208,0.301864,0,0,0,0,0.634208,-0.301864,0
-0.622945,0.304386,0,0,0,0,0.622945,-0.304386,0
-0.611447,0.306794,0,0,0,0,0.611447,-0.306794,0
-0.599711,0.309082,0,0,0,0,0.599711,-0.309082,0
-0.587731,0.311245,0,0,0,0,0.587731,-0.311245,0
-0.575501,0.313275,0,0,0,0,0.575501,-0.313275,0
-0.563016,0.315166,0,0,0,0,0.563016,-0.315166,0
-0.550268,0.31691,0,0,0,0,0.550268,-0.31691,0
-0.537251,0.318499,0,0,0,0,0.537251,-0.318499,0
-0.523959,0.319925,0,0,0,0,0.523959,-0.319925,0
-0.510384,0.321178,0,0,0,0,0.510384,-0.321178,0
-0.496518,0.322248,0,0,0,0,0.496518,-0.322248,0
-0.482353,0.323123,0,0,0,0,0.482353,-0.323123,0
-0.467879,0.323792,0,0,0,0,0.467879,-0.323792,0
-0.453088,0.324242,0,0,0,0,0.453088,-0.324242,0
-0.437969,0.324456,0,0,0,0,0.437969,-0.324456,0
-0.422513,0.324421,0,0,0,0,0.422513,-0.324421,0
-0.406707,0.324116,0,0,0,0,0.406707,-0.324116,0
-0.390539,0.323524,0,0,0,0,0.390539,-0.323524,0
-0.373997,0.322621,0,0,0,0,0.373997,-0.322621,0
-0.357067,0.321383,0,0,0,0,0.357067,-0.321383,0
-0.339734,0.319783,0,0,0,0,0.339734,-0.319783,0
-0.321983,0.317789,0,0,0,0,0.321983,-0.317789,0
-0.303797,0.315365,0,0,0,0,0.303797,-0.315365,0
-0.285159,0.312471,0,0,0,0,0.285159,-0.312471,0
-0.26605,0.309061,0,0,0,0,0.26605,-0.309061,0
-0.24645,0.30508,0,0,0,0,0.24645,-0.30508,0
-0.22634,0.300467,0,0,0,0,0.22634,-0.300467,0
-0.205699,0.295146,0,0,0,0,0.205699,-0.295146,0
-0.184505,0.289032,0,0,0,0,0.184505,-0.289032,0
-0.162739,0.28202,0,0,0,0,0.162739,-0.28202,0
-0.140384,0.273985,0,0,0,0,0.140384,-0.273985,0
-0.117429,0.264773,0,0,0,0,0.117429,-0.264773,0
-0.0938713,0.254195,0,0,0,0,0.0938713,-0.254195,0
-0.0697261,0.242014,0,0,0,0,0.0697261,-0.242014,0
-0.0450396,0.227934,0,0,0,0,0.0450396,-0.227934,0
-0.0199118,0.211573,0,0,0,0,0.0199118,-0.211573,0
0.005462,0.192446,0,0,0,0,-0.005462,-0.192446,0
0.0307161,0.169936,0,0,0,0,-0.0307161,-0.169936,0
0.0551831,0.143295,0,0,0,0,-0.0551831,-0.143295,0
0.0776791,0.111723,0,0,0,0,-0.0776791,-0.111723,0
0.0962469,0.0746865,0,0,0,0,-0.0962469,-0.0746865,0
0.108161,0.0326536,0,0,0,0,-0.108161,-0.0326536,0
0.11088,-0.012067,0,0,0,0,-0.11088,0.012067,0
0.103845,-0.0557687,0,0,0,0,-0.103845,0.0557687,0
0.0889506,-0.095393,0,0,0,0,-0.0889506,0.095393,0
0.0689878,-0.129757,0,0,0,0,-0.0689878,0.129757,0
0.0462363,-0.159047,0,0,0,0,-0.0462363,0.159047,0
0.0221627,-0.183963,0,0,0,0,-0.0221627,0.183963,0
-0.0023761,-0.205255,0,0,0,0,0.0023761,0.205255,0
-0.0268976,-0.223569,0,0,0,0,0.0268976,0.223569,0
-0.0511344,-0.239426,0,0,0,0,0.0511344,0.239426,0
-0.0749411,-0.253237,0,0,0,0,0.0749411,0.253237,0
-0.0982424,-0.265324,0,0,0,0,0.0982424,0.265324,0
-0.121003,-0.275942,0,0,0,0,0.121003,0.275942,0
-0.143212,-0.285296,0,0,0,0,0.143212,0.285296,0
-0.164872,-0.293552,0,0,0,0,0.164872,0.293552,0
-0.185992,-0.300844,0,0,0,0,0.185992,0.300844,0
-0.206586,-0.307285,0,0,0,0,0.206586,0.307285,0
-0.226672,-0.312967,0,0,0,0,0.226672,0.312967,0
-0.246267,-0.317971,0,0,0,0,0.246267,0.317971,0
-0.265389,-0.322363,0,0,0,0,0.265389,0.322363,0
-0.284055,-0.326201,0,0,0,0,0.284055,0.326201,0
-0.302282,-0.329535,0,0,0,0,0.302282,0.329535,0
-0.320086,-0.332407,0,0,0,0,0.320086,0.332407,0
-0.337483,-0.334857,0,0,0,0,0.337483,0.334857,0
-0.354488,-0.336916,0,0,0,0,0.354488,0.336916,0
-0.371114,-0.338615,0,0,0,0,0.371114,0.338615,0
-0.387374,-0.339981,0,0,0,0,0.387374,0.339981,0
-0.40328,-0.341035,0,0,0,0,0.40328,0.341035,0
-0.418844,-0.3418,0,0,0,0,0.418844,0.3418,0
-0.434076,-0.342294,0,0,0,0,0.434076,0.342294,0
-0.448987,-0.342535,0,0,0,0,0.448987,0.342535,0
-0.463587,-0.342539,0,0,0,0,0.463587,0.342539,0
-0.477884,-0.342318,0,0,0,0,0.477884,0.342318,0
-0.491886,-0.341887,0,0,0,0,0.491886,0.341887,0
-0.505603,-0.341257,0,0,0,0,0.505603,0.341257,0
-0.519041,-0.340438,0,0,0,0,0.519041,0.340438,0
-0.532208,-0.339442,0,0,0,0,0.532208,0.339442,0
-0.545111,-0.338277,0,0,0,0,0.545111,0.338277,0
-0.557755,-0.336952,0,0,0,0,0.557755,0.336952,0
-0.570147,-0.335475,0,0,0,0,0.570147,0.335475,0
-0.582293,-0.333852,0,0,0,0,0.582293,0.333852,0
-0.594199,-0.332092,0,0,0,0,0.594199,0.332092,0
-0.605869,-0.3302,0,0,0,0,0.605869,0.3302,0
-0.617308,-0.328183,0,0,0,0,0.617308,0.328183,0
-0.628522,-0.326045,0,0,0,0,0.628522,0.326045,0
-0.639514,-0.323792,0,0,0,0,0.639514,0.323792,0
-0.650289,-0.32143,0,0,0,0,0.650289,0.32143,0
-0.660851,-0.318962,0,0,0,0,0.660851,0.318962,0
-0.671204,-0.316393,0,0,0,0,0.671204,0.316393,0
-0.681352,-0.313728,0,0,0,0,0.681352,0.313728,0
-0.691298,-0.310969,0,0,0,0,0.691298,0.310969,0
-0.701045,-0.308122,0,0,0,0,0.701045,0.308122,0
-0.710597,-0.305188,0,0,0,0,0.710597,0.305188,0
-0.719958,-0.302172,0,0,0,0,0.719958,0.302172,0
-0.729129,-0.299077,0,0,0,0,0.729129,0.299077,0
-0.738114,-0.295905,0,0,0,0,0.738114,0.295905,0
-0.746915,-0.29266,0,0,0,0,0.746915,0.29266,0
-0.755536,-0.289344,0,0,0,0,0.755536,0.289344,0
-0.763978,-0.285959,0,0,0,0,0.763978,0.285959,0
-0.772245,-0.282509,0,0,0,0,0.772245,0.282509,0
-0.780337,-0.278995,0,0,0,0,0.780337,0.278995,0
-0.788259,-0.27542,0,0,0,0,0.788259,0.27542,0
-0.796011,-0.271786,0,0,0,0,0.796011,0.271786,0
-0.803596,-0.268094,0,0,0,0,0.803596,0.268094,0
-0.811015,-0.264348,0,0,0,0,0.811015,0.264348,0
-0.818271,-0.260548,0,0,0,0,0.818271,0.260548,0
-0.825366,-0.256697,0,0,0,0,0.825366,0.256697,0
-0.832301,-0.252796,0,0,0,0,0.832301,0.252796,0
-0.839078,-0.248847,0,0,0,0,0.839078,0.248847,0
-0.845699,-0.244852,0,0,0,0,0.845699,0.244852,0
-0.852164,-0.240812,0,0,0,0,0.852164,0.240812,0
-0.858476,-0.236728,0,0,0,0,0.858476,0.236728,0
-0.864637,-0.232603,0,0,0,0,0.864637,0.232603,0
-0.870646,-0.228437,0,0,0,0,0.870646,0.228437,0
-0.876507,-0.224232,0,0,0,0,0.876507,0.224232,0
-0.882219,-0.219989,0,0,0,0,0.882219,0.219989,0
-0.887785,-0.21571,0,0,0,0,0.887785,0.21571,0
-0.893205,-0.211395,0,0,0,0,0.893205,0.211395,0
-0.898481,-0.207046,0,0,0,0,0.898481,0.207046,0
-0.903613,-0.202664,0,0,0,0,0.903613,0.202664,0
-0.908604,-0.19825,0,0,0,0,0.908604,0.19825,0
-0.913453,-0.193805,0,0,0,0,0.913453,0.193805,0
-0.918162,-0.18933,0,0,0,0,0.918162,0.18933,0
-0.922731,-0.184827,0,0,0,0,0.922731,0.184827,0
-0.927162,-0.180296,0,0,0,0,0.927162,0.180296,0
-0.931456,-0.175738,0,0,0,0,0.931456,0.175738,0
-0.935613,-0.171155,0,0,0,0,0.935613,0.171155,0
-0.939634,-0.166546,0,0,0,0,0.939634,0.166546,0
-0.94352,-0.161914,0,0,0,0,0.94352,0.161914,0
-0.947271,-0.157259,0,0,0,0,0.947271,0.157259,0
-0.950889,-0.152581,0,0,0,0,0.950889,0.152581,0
-0.954374,-0.147882,0,0,0,0,0.954374,0.147882,0
-0.957726,-0.143163,0,0,0,0,0.957726,0.143163,0
-0.960946,-0.138423,0,0,0,0,0.960946,0.138423,0
-0.964035,-0.133665,0,0,0,0,0.964035,0.133665,0
-0.966993,-0.128889,0,0,0,0,0.966993,0.128889,0
-0.969821,-0.124095,0,0,0,0,0.969821,0.124095,0
-0.97252,-0.119285,0,0,0,0,0.97252,0.119285,0
-0.975089,-0.114459,0,0,0,0,0.975089,0.114459,0
-0.97753,-0.109618,0,0,0,0,0.97753,0.109618,0
-0.979842,-0.104763,0,0,0,0,0.979842,0.104763,0
-0.982026,-0.0998933,0,0,0,0,0.982026,0.0998933,0
-0.984082,-0.095011,0,0,0,0,0.984082,0.095011,0
-0.986011,-0.0901165,0,0,0,0,0.986011,0.0901165,0
-0.987813,-0.0852104,0,0,0,0,0.987813,0.0852104,0
-0.989488,-0.0802933,0,0,0,0,0.989488,0.0802933,0
-0.991037,-0.075366,0,0,0,0,0.991037,0.075366,0
-0.99246,-0.0704291,0,0,0,0,0.99246,0.0704291,0
-0.993757,-0.0654833,0,0,0,0,0.993757,0.0654833,0
-0.994928,-0.0605291,0,0,0,0,0.994928,0.0605291,0
-0.995974,-0.0555673,0,0,0,0,0.995974,0.0555673,0
-0.996894,-0.0505986,0,0,0,0,0.996894,0.0505986,0
-0.997689,-0.0456234,0,0,0,0,0.997689,0.0456234,0
-0.998358,-0.0406426,0,0,0,0,0.998358,0.0406426,0
-0.998903,-0.0356566,0,0,0,0,0.998903,0.0356566,0
-0.999322,-0.0306662,0,0,0,0,0.999322,0.0306662,0
-0.999617,-0.025672,0,0,0,0,0.999617,0.025672,0
-0.999786,-0.0206745,0,0,0,0,0.999786,0.0206745,0
-0.999831,-0.0156744,0,0,0,0,0.999831,0.0156744,0
-0.99975,-0.0106724,0,0,0,0,0.99975,0.0106724,0
-0.999545,-0.0056691,0,0,0,0,0.999545,0.0056691,0
-0.999214,-0.00066505,0,0,0,0,0.999214,0.00066505,0
-0.998758,0.00433908,0,0,0,0,0.998758,-0.00433908,0
-0.998177,0.00934267,0,0,0,0,0.998177,-0.00934267,0
-0.997471,0.0143451,0,0,0,0,0.997471,-0.0143451,0
-0.996638,0.0193457,0,0,0,0,0.996638,-0.0193457,0
-0.99568,0.0243439,0,0,0,0,0.99568,-0.0243439,0
-0.994596,0.0293389,0,0,0,0,0.994596,-0.0293389,0
-0.993386,0.0343303,0,0,0,0,0.993386,-0.0343303,0
-0.99205,0.0393173,0,0,0,0,0.99205,-0.0393173,0
-0.990586,0.0442993,0,0,0,0,0.990586,-0.0442993,0
-0.988996,0.0492756,0,0,0,0,0.988996,-0.0492756,0
-0.987279,0.0542455,0,0,0,0,0.987279,-0.0542455,0
-0.985433,0.0592084,0,0,0,0,0.985433,-0.0592084,0
-0.98346,0.0641637,0,0,0,0,0.98346,-0.0641637,0
-0.981358,0.0691105,0,0,0,0,0.981358,-0.0691105,0
-0.979128,0.0740483,0,0,0,0,0.979128,-0.0740483,0
-0.976768,0.0789763,0,0,0,0,0.976768,-0.0789763,0
-0.974278,0.0838938,0,0,0,0,0.974278,-0.0838938,0
-0.971658,0.0888001,0,0,0,0,0.971658,-0.0888001,0
-0.968908,0.0936945,0,0,0,0,0.968908,-0.0936945,0
-0.966026,0.0985761,0,0,0,0,0.966026,-0.0985761,0
-0.963012,0.103444,0,0,0,0,0.963012,-0.103444,0
-0.959866,0.108298,0,0,0,0,0.959866,-0.108298,0
-0.956586,0.113137,0,0,0,0,0.956586,-0.113137,0
-0.953173,0.11796,0,0,0,0,0.953173,-0.11796,0
-0.949626,0.122767,0,0,0,0,0.949626,-0.122767,0
-0.945943,0.127556,0,0,0,0,0.945943,-0.127556,0
-0.942124,0.132326,0,0,0,0,0.942124,-0.132326,0
-0.938168,0.137078,0,0,0,0,0.938168,-0.137078,0
-0.934075,0.141809,0,0,0,0,0.934075,-0.141809,0
-0.929843,0.14652,0,0,0,0,0.929843,-0.14652,0
-0.925472,0.151208,0,0,0,0,0.925472,-0.151208,0
-0.920961,0.155873,0,0,0,0,0.920961,-0.155873,0
-0.916308,0.160515,0,0,0,0,0.916308,-0.160515,0
-0.911514,0.165131,0,0,0,0,0.911514,-0.165131,0
-0.906575,0.169722,0,0,0,0,0.906575,-0.169722,0
-0.901493,0.174286,0,0,0,0,0.901493,-0.174286,0
-0.896264,0.178821,0,0,0,0,0.896264,-0.178821,0
-0.890889,0.183327,0,0,0,0,0.890889,-0.183327,0
-0.885367,0.187803,0,0,0,0,0.885367,-0.187803,0
-0.879694,0.192247,0,0,0,0,0.879694,-0.192247,0
-0.873871,0.196658,0,0,0,0,0.873871,-0.196658,0
-0.867897,0.201035,0,0,0,0,0.867897,-0.201035,0
-0.861768,0.205376,0,0,0,0,0.861768,-0.205376,0
-0.855485,0.209681,0,0,0,0,0.855485,-0.209681,0
-0.849045,0.213947,0,0,0,0,0.849045,-0.213947,0
-0.842447,0.218173,0,0,0,0,0.842447,-0.218173,0
-0.83569,0.222358,0,0,0,0,0.83569,-0.222358,0
-0.828771,0.2265,0,0,0,0,0.828771,-0.2265,0
-0.821688,0.230597,0,0,0,0,0.821688,-0.230597,0
-0.81444,0.234648,0,0,0,0,0.81444,-0.234648,0
-0.807025,0.23865,0,0,0,0,0.807025,-0.23865,0
-0.799441,0.242603,0,0,0,0,0.799441,-0.242603,0
-0.791685,0.246504,0,0,0,0,0.791685,-0.246504,0
-0.783756,0.25035,0,0,0,0,0.783756,-0.25035,0
-0.775651,0.25414,0,0,0,0,0.775651,-0.25414,0
-0.767368,0.257872,0,0,0,0,0.767368,-0.257872,0
-0.758903,0.261543,0,0,0,0,0.758903,-0.261543,0
-0.750256,0.265151,0,0,0,0,0.750256,-0.265151,0
-0.741422,0.268694,0,0,0,0,0.741422,-0.268694,0
-0.732399,0.272167,0,0,0,0,0.732399,-0.272167,0
-0.723184,0.275569,0,0,0,0,0.723184,-0.275569,0
-0.713775,0.278897,0,0,0,0,0.713775,-0.278897,0
-0.704166,0.282148,0,0,0,0,0.704166,-0.282148,0
-0.694357,0.285318,0,0,0,0,0.694357,-0.285318,0
-0.684342,0.288403,0,0,0,0,0.684342,-0.288403,0
-0.674118,0.2914,0,0,0,0,0.674118,-0.2914,0
-0.663682,0.294306,0,0,0,0,0.663682,-0.294306,0
-0.653028,0.297115,0,0,0,0,0.653028,-0.297115,0
-0.642154,0.299823,0,0,0,0,0.642154,-0.299823,0
-0.631054,0.302427,0,0,0,0,0.631054,-0.302427,0
-0.619724,0.304919,0,0,0,0,0.619724,-0.304919,0
-0.608159,0.307297,0,0,0,0,0.608159,-0.307297,0
-0.596353,0.309552,0,0,0,0,0.596353,-0.309552,0
-0.584302,0.311681,0,0,0,0,0.584302,-0.311681,0
-0.571999,0.313675,0,0,0,0,0.571999,-0.313675,0
-0.559439,0.315527,0,0,0,0,0.559439,-0.315527,0
-0.546614,0.317231,0,0,0,0,0.546614,-0.317231,0
-0.533519,0.318778,0,0,0,0,0.533519,-0.318778,0
-0.520146,0.320158,0,0,0,0,0.520146,-0.320158,0
-0.506488,0.321363,0,0,0,0,0.506488,-0.321363,0
-0.492536,0.322382,0,0,0,0,0.492536,-0.322382,0
-0.478283,0.323203,0,0,0,0,0.478283,-0.323203,0
-0.463718,0.323814,0,0,0,0,0.463718,-0.323814,0
-0.448834,0.324201,0,0,0,0,0.448834,-0.324201,0
-0.433618,0.324349,0,0,0,0,0.433618,-0.324349,0
-0.418061,0.324242,0,0,0,0,0.418061,-0.324242,0
-0.402152,0.323861,0,0,0,0,0.402152,-0.323861,0
-0.385876,0.323185,0,0,0,0,0.385876,-0.323185,0
-0.369223,0.322193,0,0,0,0,0.369223,-0.322193,0
-0.352178,0.320858,0,0,0,0,0.352178,-0.320858,0
-0.334725,0.319152,0,0,0,0,0.334725,-0.319152,0
-0.316849,0.317042,0,0,0,0,0.316849,-0.317042,0
-0.298533,0.314492,0,0,0,0,0.298533,-0.314492,0
-0.27976,0.311459,0,0,0,0,0.27976,-0.311459,0
-0.26051,0.307895,0,0,0,0,0.26051,-0.307895,0
-0.240763,0.303743,0,0,0,0,0.240763,-0.303743,0
-0.2205,0.298938,0,0,0,0,0.2205,-0.298938,0
-0.199698,0.293404,0,0,0,0,0.199698,-0.293404,0
-0.178339,0.287047,0,0,0,0,0.178339,-0.287047,0
-0.156402,0.279759,0,0,0,0,0.156402,-0.279759,0
-0.133872,0.271406,0,0,0,0,0.133872,-0.271406,0
-0.110739,0.261826,0,0,0,0,0.110739,-0.261826,0
-0.0870053,0.250817,0,0,0,0,0.0870053,-0.250817,0
-0.062693,0.238127,0,0,0,0,0.062693,-0.238127,0
-0.0378609,0.223436,0,0,0,0,0.0378609,-0.223436,0
-0.0126311,0.206337,0,0,0,0,0.0126311,-0.206337,0
0.0127616,0.186306,0,0,0,0,-0.0127616,-0.186306,0
0.037881,0.162688,0,0,0,0,-0.037881,-0.162688,0
0.0619362,0.134704,0,0,0,0,-0.0619362,-0.134704,0
0.0835441,0.101583,0,0,0,0,-0.0835441,-0.101583,0
0.100497,0.0629864,0,0,0,0,-0.100497,-0.0629864,0
0.109966,0.0198507,0,0,0,0,-0.109966,-0.0198507,0
0.109807,-0.0249707,0,0,0,0,-0.109807,0.0249707,0
0.100234,-0.0677298,0,0,0,0,-0.100234,0.0677298,0
0.0836009,-0.105877,0,0,0,0,-0.0836009,0.105877,0
0.0626423,-0.138722,0,0,0,0,-0.0626423,0.138722,0
0.0393968,-0.166672,0,0,0,0,-0.0393968,0.166672,0
0.0151274,-0.19047,0,0,0,0,-0.0151274,0.19047,0
-0.00943843,-0.210845,0,0,0,0,0.00943843,0.210845,0
-0.0338932,-0.228406,0,0,0,0,0.0338932,0.228406,0
-0.0580121,-0.24364,0,0,0,0,0.0580121,0.24364,0
-0.0816741,-0.256928,0,0,0,0,0.0816741,0.256928,0
-0.104818,-0.268572,0,0,0,0,0.104818,0.268572,0
-0.127416,-0.278811,0,0,0,0,0.127416,0.278811,0
-0.149463,-0.287838,0,0,0,0,0.149463,0.287838,0
-0.170963,-0.295807,0,0,0,0,0.170963,0.295807,0
-0.191926,-0.302848,0,0,0,0,0.191926,0.302848,0
-0.21237,-0.309066,0,0,0,0,0.21237,0.309066,0
-0.23231,-0.31455,0,0,0,0,0.23231,0.31455,0
-0.251765,-0.319376,0,0,0,0,0.251765,0.319376,0
-0.270751,-0.323607,0,0,0,0,0.270751,0.323607,0
-0.289288,-0.3273,0,0,0,0,0.289288,0.3273,0
-0.30739,-0.330501,0,0,0,0,0.30739,0.330501,0
-0.325074,-0.333252,0,0,0,0,0.325074,0.333252,0
-0.342355,-0.33559,0,0,0,0,0.342355,0.33559,0
-0.359248,-0.337547,0,0,0,0,0.359248,0.337547,0
-0.375766,-0.339151,0,0,0,0,0.375766,0.339151,0
-0.391922,-0.340429,0,0,0,0,0.391922,0.340429,0
-0.407727,-0.341402,0,0,0,0,0.407727,0.341402,0
-0.423194,-0.342091,0,0,0,0,0.423194,0.342091,0
-0.438332,-0.342514,0,0,0,0,0.438332,0.342514,0
-0.453152,-0.342689,0,0,0,0,0.453152,0.342689,0
-0.467663,-0.34263,0,0,0,0,0.467663,0.34263,0
-0.481874,-0.342351,0,0,0,0,0.481874,0.342351,0
-0.495793,-0.341865,0,0,0,0,0.495793,0.341865,0
-0.509428,-0.341183,0,0,0,0,0.509428,0.341183,0
-0.522788,-0.340316,0,0,0,0,0.522788,0.340316,0
-0.535877,-0.339274,0,0,0,0,0.535877,0.339274,0
-0.548705,-0.338066,0,0,0,0,0.548705,0.338066,0
-0.561276,-0.336699,0,0,0,0,0.561276,0.336699,0
-0.573597,-0.335183,0,0,0,0,0.573597,0.335183,0
-0.585673,-0.333523,0,0,0,0,0.585673,0.333523,0
-0.59751,-0.331727,0,0,0,0,0.59751,0.331727,0
-0.609113,-0.329802,0,0,0,0,0.609113,0.329802,0
-0.620487,-0.327752,0,0,0,0,0.620487,0.327752,0
-0.631637,-0.325584,0,0,0,0,0.631637,0.325584,0
-0.642566,-0.323302,0,0,0,0,0.642566,0.323302,0
-0.65328,-0.320911,0,0,0,0,0.65328,0.320911,0
-0.663782,-0.318417,0,0,0,0,0.663782,0.318417,0
-0.674076,-0.315823,0,0,0,0,0.674076,0.315823,0
-0.684165,-0.313133,0,0,0,0,0.684165,0.313133,0
-0.694054,-0.310351,0,0,0,0,0.694054,0.310351,0
-0.703745,-0.307481,0,0,0,0,0.703745,0.307481,0
-0.713243,-0.304526,0,0,0,0,0.713243,0.304526,0
-0.722549,-0.301489,0,0,0,0,0.722549,0.301489,0
-0.731667,-0.298374,0,0,0,0,0.731667,0.298374,0
-0.740599,-0.295183,0,0,0,0,0.740599,0.295183,0
-0.749349,-0.29192,0,0,0,0,0.749349,0.29192,0
-0.757918,-0.288586,0,0,0,0,0.757918,0.288586,0
-0.76631,-0.285184,0,0,0,0,0.76631,0.285184,0
-0.774527,-0.281718,0,0,0,0,0.774527,0.281718,0
-0.782571,-0.278188,0,0,0,0,0.782571,0.278188,0
-0.790444,-0.274598,0,0,0,0,0.790444,0.274598,0
-0.798149,-0.270949,0,0,0,0,0.798149,0.270949,0
-0.805686,-0.267244,0,0,0,0,0.805686,0.267244,0
-0.81306,-0.263484,0,0,0,0,0.81306,0.263484,0
-0.82027,-0.259671,0,0,0,0,0.82027,0.259671,0
-0.827319,-0.255807,0,0,0,0,0.827319,0.255807,0
-0.83421,-0.251894,0,0,0,0,0.83421,0.251894,0
-0.840942,-0.247934,0,0,0,0,0.840942,0.247934,0
-0.847519,-0.243927,0,0,0,0,0.847519,0.243927,0
-0.853941,-0.239876,0,0,0,0,0.853941,0.239876,0
-0.86021,-0.235782,0,0,0,0,0.86021,0.235782,0
-0.866328,-0.231647,0,0,0,0,0.866328,0.231647,0
-0.872295,-0.227471,0,0,0,0,0.872295,0.227471,0
-0.878114,-0.223256,0,0,0,0,0.878114,0.223256,0
-0.883785,-0.219004,0,0,0,0,0.883785,0.219004,0
-0.889309,-0.214716,0,0,0,0,0.889309,0.214716,0
-0.894689,-0.210393,0,0,0,0,0.894689,0.210393,0
-0.899924,-0.206035,0,0,0,0,0.899924,0.206035,0
-0.905017,-0.201645,0,0,0,0,0.905017,0.201645,0
-0.909967,-0.197224,0,0,0,0,0.909967,0.197224,0
-0.914777,-0.192772,0,0,0,0,0.914777,0.192772,0
-0.919447,-0.18829,0,0,0,0,0.919447,0.18829,0
-0.923977,-0.18378,0,0,0,0,0.923977,0.18378,0
-0.92837,-0.179242,0,0,0,0,0.92837,0.179242,0
-0.932625,-0.174678,0,0,0,0,0.932625,0.174678,0
-0.936744,-0.170089,0,0,0,0,0.936744,0.170089,0
-0.940727,-0.165474,0,0,0,0,0.940727,0.165474,0
-0.944575,-0.160836,0,0,0,0,0.944575,0.160836,0
-0.948289,-0.156175,0,0,0,0,0.948289,0.156175,0
-0.951869,-0.151493,0,0,0,0,0.951869,0.151493,0
-0.955317,-0.146789,0,0,0,0,0.955317,0.146789,0
-0.958632,-0.142064,0,0,0,0,0.958632,0.142064,0
-0.961816,-0.13732,0,0,0,0,0.961816,0.13732,0
-0.964868,-0.132558,0,0,0,0,0.964868,0.132558,0
-0.96779,-0.127777,0,0,0,0,0.96779,0.127777,0
-0.970582,-0.12298,0,0,0,0,0.970582,0.12298,0
-0.973244,-0.118165,0,0,0,0,0.973244,0.118165,0
-0.975777,-0.113336,0,0,0,0,0.975777,0.113336,0
-0.978182,-0.108491,0,0,0,0,0.978182,0.108491,0
-0.980458,-0.103632,0,0,0,0,0.980458,0.103632,0
-0.982606,-0.0987595,0,0,0,0,0.982606,0.0987595,0
-0.984627,-0.0938742,0,0,0,0,0.984627,0.0938742,0
-0.986521,-0.0889768,0,0,0,0,0.986521,0.0889768,0
-0.988288,-0.084068,0,0,0,0,0.988288,0.084068,0
-0.989928,-0.0791483,0,0,0,0,0.989928,0.0791483,0
-0.991442,-0.0742186,0,0,0,0,0.991442,0.0742186,0
-0.992829,-0.0692794,0,0,0,0,0.992829,0.0692794,0
-0.994091,-0.0643315,0,0,0,0,0.994091,0.0643315,0
-0.995227,-0.0593754,0,0,0,0,0.995227,0.0593754,0
-0.996238,-0.0544118,0,0,0,0,0.996238,0.0544118,0
-0.997123,-0.0494414,0,0,0,0,0.997123,0.0494414,0
-0.997883,-0.0444647,0,0,0,0,0.997883,0.0444647,0
-0.998518,-0.0394825,0,0,0,0,0.998518,0.0394825,0
-0.999027,-0.0344953,0,0,0,0,0.999027,0.0344953,0
-0.999412,-0.0295038,0,0,0,0,0.999412,0.0295038,0
-0.999672,-0.0245087,0,0,0,0,0.999672,0.0245087,0
-0.999806,-0.0195104,0,0,0,0,0.999806,0.0195104,0
-0.999816,-0.0145098,0,0,0,0,0.999816,0.0145098,0
-0.999701,-0.00950727,0,0,0,0,0.999701,0.00950727,0
-0.999461,-0.00450359,0,0,0,0,0.999461,0.00450359,0
-0.999095,0.000500647,0,0,0,0,0.999095,-0.000500647,0
-0.998604,0.00550483,0,0,0,0,0.998604,-0.00550483,0
-0.997988,0.0105083,0,0,0,0,0.997988,-0.0105083,0
-0.997247,0.0155105,0,0,0,0,0.997247,-0.0155105,0
-0.99638,0.0205107,0,0,0,0,0.99638,-0.0205107,0
-0.995387,0.0255083,0,0,0,0,0.995387,-0.0255083,0
-0.994268,0.0305027,0,0,0,0,0.994268,-0.0305027,0
-0.993022,0.0354932,0,0,0,0,0.993022,-0.0354932,0
-0.99165,0.0404792,0,0,0,0,0.99165,-0.0404792,0
-0.990152,0.04546,0,0,0,0,0.990152,-0.04546,0
-0.988526,0.050435,0,0,0,0,0.988526,-0.050435,0
-0.986773,0.0554035,0,0,0,0,0.986773,-0.0554035,0
-0.984892,0.0603648,0,0,0,0,0.984892,-0.0603648,0
-0.982883,0.0653183,0,0,0,0,0.982883,-0.0653183,0
-0.980745,0.0702632,0,0,0,0,0.980745,-0.0702632,0
-0.978479,0.0751988,0,0,0,0,0.978479,-0.0751988,0
-0.976083,0.0801246,0,0,0,0,0.976083,-0.0801246,0
-0.973557,0.0850396,0,0,0,0,0.973557,-0.0850396,0
-0.9709,0.0899433,0,0,0,0,0.9709,-0.0899433,0
-0.968113,0.0948348,0,0,0,0,0.968113,-0.0948348,0
-0.965195,0.0997135,0,0,0,0,0.965195,-0.0997135,0
-0.962144,0.104579,0,0,0,0,0.962144,-0.104579,0
-0.95896,0.109429,0,0,0,0,0.95896,-0.109429,0
-0.955644,0.114264,0,0,0,0,0.955644,-0.114264,0
-0.952193,0.119084,0,0,0,0,0.952193,-0.119084,0
-0.948608,0.123886,0,0,0,0,0.948608,-0.123886,0
-0.944887,0.128671,0,0,0,0,0.944887,-0.128671,0
-0.94103,0.133437,0,0,0,0,0.94103,-0.133437,0
-0.937036,0.138184,0,0,0,0,0.937036,-0.138184,0
-0.932904,0.142911,0,0,0,0,0.932904,-0.142911,0
-0.928633,0.147616,0,0,0,0,0.928633,-0.147616,0
-0.924223,0.152299,0,0,0,0,0.924223,-0.152299,0
-0.919672,0.156959,0,0,0,0,0.919672,-0.156959,0
-0.91498,0.161595,0,0,0,0,0.91498,-0.161595,0
-0.910145,0.166205,0,0,0,0,0.910145,-0.166205,0
-0.905166,0.17079,0,0,0,0,0.905166,-0.17079,0
-0.900043,0.175347,0,0,0,0,0.900043,-0.175347,0
-0.894773,0.179875,0,0,0,0,0.894773,-0.179875,0
-0.889357,0.184374,0,0,0,0,0.889357,-0.184374,0
-0.883792,0.188842,0,0,0,0,0.883792,-0.188842,0
-0.878078,0.193279,0,0,0,0,0.878078,-0.193279,0
-0.872212,0.197682,0,0,0,0,0.872212,-0.197682,0
-0.866194,0.20205,0,0,0,0,0.866194,-0.20205,0
-0.860022,0.206383,0,0,0,0,0.860022,-0.206383,0
-0.853695,0.210678,0,0,0,0,0.853695,-0.210678,0
-0.847211,0.214934,0,0,0,0,0.847211,-0.214934,0
-0.840568,0.219151,0,0,0,0,0.840568,-0.219151,0
-0.833765,0.223325,0,0,0,0,0.833765,-0.223325,0
-0.8268,0.227456,0,0,0,0,0.8268,-0.227456,0
-0.819671,0.231542,0,0,0,0,0.819671,-0.231542,0
-0.812376,0.235581,0,0,0,0,0.812376,-0.235581,0
-0.804913,0.239572,0,0,0,0,0.804913,-0.239572,0
-0.797281,0.243512,0,0,0,0,0.797281,-0.243512,0
-0.789476,0.247399,0,0,0,0,0.789476,-0.247399,0
-0.781497,0.251232,0,0,0,0,0.781497,-0.251232,0
-0.773342,0.255008,0,0,0,0,0.773342,-0.255008,0
-0.765007,0.258725,0,0,0,0,0.765007,-0.258725,0
-0.756491,0.26238,0,0,0,0,0.756491,-0.26238,0
-0.747791,0.265972,0,0,0,0,0.747791,-0.265972,0
-0.738904,0.269497,0,0,0,0,0.738904,-0.269497,0
-0.729826,0.272953,0,0,0,0,0.729826,-0.272953,0
-0.720557,0.276336,0,0,0,0,0.720557,-0.276336,0
-0.711091,0.279645,0,0,0,0,0.711091,-0.279645,0
-0.701425,0.282875,0,0,0,0,0.701425,-0.282875,0
-0.691558,0.286024,0,0,0,0,0.691558,-0.286024,0
-0.681483,0.289087,0,0,0,0,0.681483,-0.289087,0
-0.671199,0.292061,0,0,0,0,0.671199,-0.292061,0
-0.660701,0.294942,0,0,0,0,0.660701,-0.294942,0
-0.649985,0.297725,0,0,0,0,0.649985,-0.297725,0
-0.639047,0.300407,0,0,0,0,0.639047,-0.300407,0
-0.627881,0.302982,0,0,0,0,0.627881,-0.302982,0
-0.616484,0.305445,0,0,0,0,0.616484,-0.305445,0
-0.60485,0.307791,0,0,0,0,0.60485,-0.307791,0
-0.592975,0.310014,0,0,0,0,0.592975,-0.310014,0
-0.580852,0.312107,0,0,0,0,0.580852,-0.312107,0
-0.568476,0.314065,0,0,0,0,0.568476,-0.314065,0
-0.55584,0.315878,0,0,0,0,0.55584,-0.315878,0
-0.542938,0.317541,0,0,0,0,0.542938,-0.317541,0
-0.529764,0.319044,0,0,0,0,0.529764,-0.319044,0
-0.516309,0.320379,0,0,0,0,0.516309,-0.320379,0
-0.502567,0.321535,0,0,0,0,0.502567,-0.321535,0
-0.488529,0.322502,0,0,0,0,0.488529,-0.322502,0
-0.474187,0.323267,0,0,0,0,0.474187,-0.323267,0
-0.459531,0.323819,0,0,0,0,0.459531,-0.323819,0
-0.444551,0.324143,0,0,0,0,0.444551,-0.324143,0
-0.429238,0.324223,0,0,0,0,0.429238,-0.324223,0
-0.41358,0.324043,0,0,0,0,0.41358,-0.324043,0
-0.397566,0.323583,0,0,0,0,0.397566,-0.323583,0
-0.381182,0.322823,0,0,0,0,0.381182,-0.322823,0
-0.364416,0.321739,0,0,0,0,0.364416,-0.321739,0
-0.347254,0.320304,0,0,0,0,0.347254,-0.320304,0
-0.32968,0.31849,0,0,0,0,0.32968,-0.31849,0
-0.311678,0.316261,0,0,0,0,0.311678,-0.316261,0
-0.29323,0.313581,0,0,0,0,0.29323,-0.313581,0
-0.27432,0.310405,0,0,0,0,0.27432,-0.310405,0
-0.254927,0.306682,0,0,0,0,0.254927,-0.306682,0
-0.235031,0.302354,0,0,0,0,0.235031,-0.302354,0
-0.214613,0.297352,0,0,0,0,0.214613,-0.297352,0
-0.19365,0.291596,0,0,0,0,0.19365,-0.291596,0
-0.172124,0.284987,0,0,0,0,0.172124,-0.284987,0
-0.150014,0.277412,0,0,0,0,0.150014,-0.277412,0
-0.127307,0.268728,0,0,0,0,0.127307,-0.268728,0
-0.103997,0.258763,0,0,0,0,0.103997,-0.258763,0
-0.0800884,0.247303,0,0,0,0,0.0800884,-0.247303,0
-0.0556136,0.234076,0,0,0,0,0.0556136,-0.234076,0
-0.0306455,0.218741,0,0,0,0,0.0306455,-0.218741,0
-0.00533248,0.200859,0,0,0,0,0.00533248,-0.200859,0
0.0200439,0.179869,0,0,0,0,-0.0200439,-0.179869,0
0.0449645,0.155077,0,0,0,0,-0.0449645,-0.155077,0
0.0684945,0.125684,0,0,0,0,-0.0684945,-0.125684,0
0.0890291,0.0909795,0,0,0,0,-0.0890291,-0.0909795,0
0.104121,0.0508935,0,0,0,0,-0.104121,-0.0508935,0
0.110952,0.00689988,0,0,0,0,-0.110952,-0.00689988,0
0.107934,-0.0376925,0,0,0,0,-0.107934,0.0376925,0
0.0960348,-0.0792927,0,0,0,0,-0.0960348,0.0792927,0
0.0778992,-0.115913,0,0,0,0,-0.0778992,0.115913,0
0.0561149,-0.147278,0,0,0,0,-0.0561149,0.147278,0
0.0324789,-0.173952,0,0,0,0,-0.0324789,0.173952,0
0.00807282,-0.196695,0,0,0,0,-0.00807282,0.196695,0
-0.0164872,-0.216204,0,0,0,0,0.0164872,0.216204,0
-0.0408573,-0.233053,0,0,0,0,0.0408573,0.233053,0
-0.0648488,-0.247694,0,0,0,0,0.0648488,0.247694,0
-0.0883614,-0.260485,0,0,0,0,0.0883614,0.260485,0
-0.111346,-0.271706,0,0,0,0,0.111346,0.271706,0
-0.133782,-0.281582,0,0,0,0,0.133782,0.281582,0
-0.155666,-0.290294,0,0,0,0,0.155666,0.290294,0
-0.177007,-0.297988,0,0,0,0,0.177007,0.297988,0
-0.197817,-0.304787,0,0,0,0,0.197817,0.304787,0
-0.218111,-0.310789,0,0,0,0,0.218111,0.310789,0
-0.237907,-0.316081,0,0,0,0,0.237907,0.316081,0
-0.257223,-0.320734,0,0,0,0,0.257223,0.320734,0
-0.276076,-0.324809,0,0,0,0,0.276076,0.324809,0
-0.294483,-0.32836,0,0,0,0,0.294483,0.32836,0
-0.312462,-0.331431,0,0,0,0,0.312462,0.331431,0
-0.330027,-0.334064,0,0,0,0,0.330027,0.334064,0
-0.347194,-0.336294,0,0,0,0,0.347194,0.336294,0
-0.363976,-0.33815,0,0,0,0,0.363976,0.33815,0
-0.380388,-0.339662,0,0,0,0,0.380388,0.339662,0
-0.39644,-0.340854,0,0,0,0,0.39644,0.340854,0
-0.412146,-0.341747,0,0,0,0,0.412146,0.341747,0
-0.427516,-0.342362,0,0,0,0,0.427516,0.342362,0
-0.442561,-0.342716,0,0,0,0,0.442561,0.342716,0
-0.457291,-0.342826,0,0,0,0,0.457291,0.342826,0
-0.471714,-0.342706,0,0,0,0,0.471714,0.342706,0
-0.485839,-0.34237,0,0,0,0,0.485839,0.34237,0
-0.499676,-0.34183,0,0,0,0,0.499676,0.34183,0
-0.513231,-0.341097,0,0,0,0,0.513231,0.341097,0
-0.526511,-0.340182,0,0,0,0,0.526511,0.340182,0
-0.539525,-0.339094,0,0,0,0,0.539525,0.339094,0
-0.552277,-0.337843,0,0,0,0,0.552277,0.337843,0
-0.564776,-0.336436,0,0,0,0,0.564776,0.336436,0
-0.577026,-0.33488,0,0,0,0,0.577026,0.33488,0
-0.589033,-0.333184,0,0,0,0,0.589033,0.333184,0
-0.600802,-0.331353,0,0,0,0,0.600802,0.331353,0
-0.612339,-0.329394,0,0,0,0,0.612339,0.329394,0
-0.623648,-0.327313,0,0,0,0,0.623648,0.327313,0
-0.634734,-0.325114,0,0,0,0,0.634734,0.325114,0
-0.645601,-0.322804,0,0,0,0,0.645601,0.322804,0
-0.656253,-0.320386,0,0,0,0,0.656253,0.320386,0
-0.666695,-0.317865,0,0,0,0,0.666695,0.317865,0
-0.67693,-0.315246,0,0,0,0,0.67693,0.315246,0
-0.686962,-0.312531,0,0,0,0,0.686962,0.312531,0
-0.696794,-0.309726,0,0,0,0,0.696794,0.309726,0
-0.70643,-0.306834,0,0,0,0,0.70643,0.306834,0
-0.715872,-0.303858,0,0,0,0,0.715872,0.303858,0
-0.725124,-0.300801,0,0,0,0,0.725124,0.300801,0
-0.734189,-0.297666,0,0,0,0,0.734189,0.297666,0
-0.743069,-0.294456,0,0,0,0,0.743069,0.294456,0
-0.751768,-0.291175,0,0,0,0,0.751768,0.291175,0
-0.760286,-0.287823,0,0,0,0,0.760286,0.287823,0
-0.768628,-0.284405,0,0,0,0,0.768628,0.284405,0
-0.776796,-0.280923,0,0,0,0,0.776796,0.280923,0
-0.784791,-0.277377,0,0,0,0,0.784791,0.277377,0
-0.792616,-0.273772,0,0,0,0,0.792616,0.273772,0
-0.800273,-0.270109,0,0,0,0,0.800273,0.270109,0
-0.807764,-0.26639,0,0,0,0,0.807764,0.26639,0
-0.815091,-0.262616,0,0,0,0,0.815091,0.262616,0
-0.822256,-0.258791,0,0,0,0,0.822256,0.258791,0
-0.82926,-0.254914,0,0,0,0,0.82926,0.254914,0
-0.836105,-0.250989,0,0,0,0,0.836105,0.250989,0
-0.842794,-0.247017,0,0,0,0,0.842794,0.247017,0
-0.849326,-0.242999,0,0,0,0,0.849326,0.242999,0
-0.855705,-0.238938,0,0,0,0,0.855705,0.238938,0
-0.861931,-0.234833,0,0,0,0,0.861931,0.234833,0
-0.868007,-0.230688,0,0,0,0,0.868007,0.230688,0
-0.873932,-0.226502,0,0,0,0,0.873932,0.226502,0
-0.879709,-0.222278,0,0,0,0,0.879709,0.222278,0
-0.885339,-0.218017,0,0,0,0,0.885339,0.218017,0
-0.890822,-0.21372,0,0,0,0,0.890822,0.21372,0
-0.896161,-0.209389,0,0,0,0,0.896161,0.209389,0
-0.901356,-0.205023,0,0,0,0,0.901356,0.205023,0
-0.906409,-0.200625,0,0,0,0,0.906409,0.200625,0
-0.91132,-0.196196,0,0,0,0,0.91132,0.196196,0
-0.91609,-0.191737,0,0,0,0,0.91609,0.191737,0
-0.92072,-0.187248,0,0,0,0,0.92072,0.187248,0
-0.925212,-0.182731,0,0,0,0,0.925212,0.182731,0
-0.929566,-0.178187,0,0,0,0,0.929566,0.178187,0
-0.933783,-0.173617,0,0,0,0,0.933783,0.173617,0
-0.937864,-0.169021,0,0,0,0,0.937864,0.169021,0
-0.941809,-0.164401,0,0,0,0,0.941809,0.164401,0
-0.94562,-0.159757,0,0,0,0,0.94562,0.159757,0
-0.949296,-0.155091,0,0,0,0,0.949296,0.155091,0
-0.952839,-0.150403,0,0,0,0,0.952839,0.150403,0
-0.95625,-0.145694,0,0,0,0,0.95625,0.145694,0
-0.959528,-0.140965,0,0,0,0,0.959528,0.140965,0
-0.962675,-0.136216,0,0,0,0,0.962675,0.136216,0
-0.965691,-0.131449,0,0,0,0,0.965691,0.131449,0
-0.968576,-0.126664,0,0,0,0,0.968576,0.126664,0
-0.971332,-0.121863,0,0,0,0,0.971332,0.121863,0
-0.973958,-0.117045,0,0,0,0,0.973958,0.117045,0
-0.976455,-0.112211,0,0,0,0,0.976455,0.112211,0
-0.978824,-0.107363,0,0,0,0,0.978824,0.107363,0
-0.981065,-0.102501,0,0,0,0,0.981065,0.102501,0
-0.983177,-0.097625,0,0,0,0,0.983177,0.097625,0
-0.985163,-0.0927367,0,0,0,0,0.985163,0.0927367,0
-0.987021,-0.0878365,0,0,0,0,0.987021,0.0878365,0
-0.988752,-0.0829249,0,0,0,0,0.988752,0.0829249,0
-0.990357,-0.0780027,0,0,0,0,0.990357,0.0780027,0
-0.991836,-0.0730706,0,0,0,0,0.991836,0.0730706,0
-0.993189,-0.0681292,0,0,0,0,0.993189,0.0681292,0
-0.994415,-0.0631792,0,0,0,0,0.994415,0.0631792,0
-0.995516,-0.0582212,0,0,0,0,0.995516,0.0582212,0
-0.996492,-0.0532558,0,0,0,0,0.996492,0.0532558,0
-0.997342,-0.0482838,0,0,0,0,0.997342,0.0482838,0
-0.998067,-0.0433056,0,0,0,0,0.998067,0.0433056,0
-0.998667,-0.0383221,0,0,0,0,0.998667,0.0383221,0
-0.999142,-0.0333337,0,0,0,0,0.999142,0.0333337,0
-0.999492,-0.0283412,0,0,0,0,0.999492,0.0283412,0
-0.999717,-0.0233452,0,0,0,0,0.999717,0.0233452,0
-0.999817,-0.0183462,0,0,0,0,0.999817,0.0183462,0
-0.999792,-0.0133449,0,0,0,0,0.999792,0.0133449,0
-0.999642,-0.00834198,0,0,0,0,0.999642,0.00834198,0
-0.999367,-0.00333799,0,0,0,0,0.999367,0.00333799,0
-0.998966,0.00166641,0,0,0,0,0.998966,-0.00166641,0
-0.998441,0.0066706,0,0,0,0,0.998441,-0.0066706,0
-0.99779,0.011674,0,0,0,0,0.99779,-0.011674,0
-0.997013,0.0166758,0,0,0,0,0.997013,-0.0166758,0
-0.996111,0.0216756,0,0,0,0,0.996111,-0.0216756,0
-0.995083,0.0266727,0,0,0,0,0.995083,-0.0266727,0
-0.993929,0.0316663,0,0,0,0,0.993929,-0.0316663,0
-0.992648,0.036656,0,0,0,0,0.992648,-0.036656,0
-0.991241,0.0416409,0,0,0,0,0.991241,-0.0416409,0
-0.989707,0.0466206,0,0,0,0,0.989707,-0.0466206,0
-0.988046,0.0515942,0,0,0,0,0.988046,-0.0515942,0
-0.986257,0.0565612,0,0,0,0,0.986257,-0.0565612,0
-0.98434,0.0615208,0,0,0,0,0.98434,-0.0615208,0
-0.982296,0.0664725,0,0,0,0,0.982296,-0.0664725,0
-0.980122,0.0714154,0,0,0,0,0.980122,-0.0714154,0
-0.977819,0.0763489,0,0,0,0,0.977819,-0.0763489,0
-0.975387,0.0812723,0,0,0,0,0.975387,-0.0812723,0
-0.972825,0.0861849,0,0,0,0,0.972825,-0.0861849,0
-0.970132,0.0910859,0,0,0,0,0.970132,-0.0910859,0
-0.967308,0.0959746,0,0,0,0,0.967308,-0.0959746,0
-0.964353,0.10085,0,0,0,0,0.964353,-0.10085,0
-0.961265,0.105712,0,0,0,0,0.961265,-0.105712,0
-0.958045,0.110559,0,0,0,0,0.958045,-0.110559,0
-0.954691,0.115391,0,0,0,0,0.954691,-0.115391,0
-0.951202,0.120207,0,0,0,0,0.951202,-0.120207,0
-0.947579,0.125005,0,0,0,0,0.947579,-0.125005,0
-0.94382,0.129786,0,0,0,0,0.94382,-0.129786,0
-0.939925,0.134547,0,0,0,0,0.939925,-0.134547,0
-0.935892,0.13929,0,0,0,0,0.935892,-0.13929,0
-0.931722,0.144011,0,0,0,0,0.931722,-0.144011,0
-0.927412,0.148711,0,0,0,0,0.927412,-0.148711,0
-0.922962,0.153389,0,0,0,0,0.922962,-0.153389,0
-0.918372,0.158043,0,0,0,0,0.918372,-0.158043,0
-0.91364,0.162673,0,0,0,0,0.91364,-0.162673,0
-0.908765,0.167278,0,0,0,0,0.908765,-0.167278,0
-0.903745,0.171856,0,0,0,0,0.903745,-0.171856,0
-0.898581,0.176406,0,0,0,0,0.898581,-0.176406,0
-0.893271,0.180928,0,0,0,0,0.893271,-0.180928,0
-0.887812,0.18542,0,0,0,0,0.887812,-0.18542,0
-0.882206,0.18988,0,0,0,0,0.882206,-0.18988,0
-0.876449,0.194309,0,0,0,0,0.876449,-0.194309,0
-0.870541,0.198703,0,0,0,0,0.870541,-0.198703,0
-0.864479,0.203063,0,0,0,0,0.864479,-0.203063,0
-0.858264,0.207387,0,0,0,0,0.858264,-0.207387,0
-0.851893,0.211673,0,0,0,0,0.851893,-0.211673,0
-0.845364,0.21592,0,0,0,0,0.845364,-0.21592,0
-0.838676,0.220126,0,0,0,0,0.838676,-0.220126,0
-0.831827,0.22429,0,0,0,0,0.831827,-0.22429,0
-0.824816,0.22841,0,0,0,0,0.824816,-0.22841,0
-0.81764,0.232485,0,0,0,0,0.81764,-0.232485,0
-0.810298,0.236512,0,0,0,0,0.810298,-0.236512,0
-0.802788,0.24049,0,0,0,0,0.802788,-0.24049,0
-0.795107,0.244417,0,0,0,0,0.795107,-0.244417,0
-0.787253,0.248291,0,0,0,0,0.787253,-0.248291,0
-0.779224,0.25211,0,0,0,0,0.779224,-0.25211,0
-0.771018,0.255872,0,0,0,0,0.771018,-0.255872,0
-0.762632,0.259573,0,0,0,0,0.762632,-0.259573,0
-0.754064,0.263213,0,0,0,0,0.754064,-0.263213,0
-0.745311,0.266788,0,0,0,0,0.745311,-0.266788,0
-0.73637,0.270296,0,0,0,0,0.73637,-0.270296,0
-0.727238,0.273734,0,0,0,0,0.727238,-0.273734,0
-0.717913,0.277099,0,0,0,0,0.717913,-0.277099,0
-0.70839,0.280388,0,0,0,0,0.70839,-0.280388,0
-0.698668,0.283597,0,0,0,0,0.698668,-0.283597,0
-0.688741,0.286724,0,0,0,0,0.688741,-0.286724,0
-0.678608,0.289765,0,0,0,0,0.678608,-0.289765,0
-0.668263,0.292715,0,0,0,0,0.668263,-0.292715,0
-0.657703,0.295571,0,0,0,0,0.657703,-0.295571,0
-0.646923,0.298329,0,0,0,0,0.646923,-0.298329,0
-0.63592,0.300983,0,0,0,0,0.63592,-0.300983,0
-0.624689,0.30353,0,0,0,0,0.624689,-0.30353,0
-0.613225,0.305963,0,0,0,0,0.613225,-0.305963,0
-0.601522,0.308277,0,0,0,0,0.601522,-0.308277,0
-0.589576,0.310466,0,0,0,0,0.589576,-0.310466,0
-0.577381,0.312524,0,0,0,0,0.577381,-0.312524,0
-0.564931,0.314444,0,0,0,0,0.564931,-0.314444,0
-0.552219,0.316219,0,0,0,0,0.552219,-0.316219,0
-0.53924,0.31784,0,0,0,0,0.53924,-0.31784,0
-0.525985,0.319299,0,0,0,0,0.525985,-0.319299,0
-0.512449,0.320587,0,0,0,0,0.512449,-0.320587,0
-0.498622,0.321693,0,0,0,0,0.498622,-0.321693,0
-0.484497,0.322607,0,0,0,0,0.484497,-0.322607,0
-0.470065,0.323316,0,0,0,0,0.470065,-0.323316,0
-0.455316,0.323807,0,0,0,0,0.455316,-0.323807,0
-0.440241,0.324066,0,0,0,0,0.440241,-0.324066,0
-0.424829,0.324077,0,0,0,0,0.424829,-0.324077,0
-0.409069,0.323823,0,0,0,0,0.409069,-0.323823,0
-0.392949,0.323283,0,0,0,0,0.392949,-0.323283,0
-0.376456,0.322436,0,0,0,0,0.376456,-0.322436,0
-0.359576,0.321258,0,0,0,0,0.359576,-0.321258,0
-0.342296,0.319722,0,0,0,0,0.342296,-0.319722,0
-0.324598,0.317796,0,0,0,0,0.324598,-0.317796,0
-0.306468,0.315446,0,0,0,0,0.306468,-0.315446,0
-0.287888,0.312632,0,0,0,0,0.287888,-0.312632,0
-0.268839,0.309308,0,0,0,0,0.268839,-0.309308,0
-0.249301,0.305422,0,0,0,0,0.249301,-0.305422,0
-0.229255,0.300912,0,0,0,0,0.229255,-0.300912,0
-0.20868,0.295706,0,0,0,0,0.20868,-0.295706,0
-0.187554,0.28972,0,0,0,0,0.187554,-0.28972,0
-0.165858,0.28285,0,0,0,0,0.165858,-0.28285,0
-0.143575,0.274976,0,0,0,0,0.143575,-0.274976,0
-0.120691,0.265947,0,0,0,0,0.120691,-0.265947,0
-0.0972022,0.255579,0,0,0,0,0.0972022,-0.255579,0
-0.0731217,0.243645,0,0,0,0,0.0731217,-0.243645,0
-0.04849,0.229853,0,0,0,0,0.04849,-0.229853,0
-0.0233976,0.213837,0,0,0,0,0.0233976,-0.213837,0
0.00197612,0.195125,0,0,0,0,-0.00197612,-0.195125,0
0.0272944,0.173119,0,0,0,0,-0.0272944,-0.173119,0
0.05194,0.147084,0,0,0,0,-0.05194,-0.147084,0
0.0748124,0.116217,0,0,0,0,-0.0748124,-0.116217,0
0.0940669,0.0799164,0,0,0,0,-0.0940669,-0.0799164,0
0.107051,0.0384605,0,0,0,0,-0.107051,-0.0384605,0
0.1111,-0.00610316,0,0,0,0,-0.1111,0.00610316,0
0.105312,-0.0501518,0,0,0,0,-0.105312,0.0501518,0
0.0913203,-0.0904282,0,0,0,0,-0.0913203,0.0904282,0
0.0719025,-0.125505,0,0,0,0,-0.0719025,0.125505,0
0.0494415,-0.155443,0,0,0,0,-0.0494415,0.155443,0
0.0255034,-0.180907,0,0,0,0,-0.0255034,0.180907,0
0.00101043,-0.202653,0,0,0,0,-0.00101043,0.202653,0
-0.0235161,-0.221345,0,0,0,0,0.0235161,0.221345,0
-0.0477864,-0.237519,0,0,0,0,0.0477864,0.237519,0
-0.0716427,-0.251598,0,0,0,0,0.0716427,0.251598,0
-0.0950022,-0.263914,0,0,0,0,0.0950022,0.263914,0
-0.117826,-0.274731,0,0,0,0,0.117826,0.274731,0
-0.140099,-0.284259,0,0,0,0,0.140099,0.284259,0
-0.161822,-0.292669,0,0,0,0,0.161822,0.292669,0
-0.183006,-0.300098,0,0,0,0,0.183006,0.300098,0
-0.203662,-0.306662,0,0,0,0,0.203662,0.306662,0
-0.223809,-0.312456,0,0,0,0,0.223809,0.312456,0
-0.243462,-0.317561,0,0,0,0,0.243462,0.317561,0
-0.262641,-0.322046,0,0,0,0,0.262641,0.322046,0
-0.281362,-0.32597,0,0,0,0,0.281362,0.32597,0
-0.299643,-0.329382,0,0,0,0,0.299643,0.329382,0
-0.317499,-0.332328,0,0,0,0,0.317499,0.332328,0
-0.334947,-0.334846,0,0,0,0,0.334947,0.334846,0
-0.352,-0.336969,0,0,0,0,0.352,0.336969,0
-0.368673,-0.338728,0,0,0,0,0.368673,0.338728,0
-0.384979,-0.340149,0,0,0,0,0.384979,0.340149,0
-0.400929,-0.341257,0,0,0,0,0.400929,0.341257,0
-0.416537,-0.342072,0,0,0,0,0.416537,0.342072,0
-0.431811,-0.342613,0,0,0,0,0.431811,0.342613,0
-0.446764,-0.342899,0,0,0,0,0.446764,0.342899,0
-0.461404,-0.342945,0,0,0,0,0.461404,0.342945,0
-0.47574,-0.342765,0,0,0,0,0.47574,0.342765,0
-0.489781,-0.342373,0,0,0,0,0.489781,0.342373,0
-0.503535,-0.34178,0,0,0,0,0.503535,0.34178,0
-0.51701,-0.340997,0,0,0,0,0.51701,0.340997,0
-0.530213,-0.340035,0,0,0,0,0.530213,0.340035,0
-0.54315,-0.338903,0,0,0,0,0.54315,0.338903,0
-0.555829,-0.337609,0,0,0,0,0.555829,0.337609,0
-0.568255,-0.336162,0,0,0,0,0.568255,0.336162,0
-0.580434,-0.334568,0,0,0,0,0.580434,0.334568,0
-0.592373,-0.332836,0,0,0,0,0.592373,0.332836,0
-0.604074,-0.330971,0,0,0,0,0.604074,0.330971,0
-0.615545,-0.328979,0,0,0,0,0.615545,0.328979,0
-0.62679,-0.326866,0,0,0,0,0.62679,0.326866,0
-0.637813,-0.324638,0,0,0,0,0.637813,0.324638,0
-0.648618,-0.322299,0,0,0,0,0.648618,0.322299,0
-0.65921,-0.319853,0,0,0,0,0.65921,0.319853,0
-0.669592,-0.317307,0,0,0,0,0.669592,0.317307,0
-0.679769,-0.314662,0,0,0,0,0.679769,0.314662,0
-0.689743,-0.311924,0,0,0,0,0.689743,0.311924,0
-0.699519,-0.309096,0,0,0,0,0.699519,0.309096,0
-0.709099,-0.306182,0,0,0,0,0.709099,0.306182,0
-0.718487,-0.303185,0,0,0,0,0.718487,0.303185,0
-0.727685,-0.300107,0,0,0,0,0.727685,0.300107,0
-0.736697,-0.296953,0,0,0,0,0.736697,0.296953,0
-0.745525,-0.293725,0,0,0,0,0.745525,0.293725,0
-0.754172,-0.290425,0,0,0,0,0.754172,0.290425,0
-0.76264,-0.287057,0,0,0,0,0.76264,0.287057,0
-0.770932,-0.283622,0,0,0,0,0.770932,0.283622,0
-0.779051,-0.280123,0,0,0,0,0.779051,0.280123,0
-0.786997,-0.276563,0,0,0,0,0.786997,0.276563,0
-0.794774,-0.272943,0,0,0,0,0.794774,0.272943,0
-0.802384,-0.269265,0,0,0,0,0.802384,0.269265,0
-0.809828,-0.265532,0,0,0,0,0.809828,0.265532,0
-0.817109,-0.261746,0,0,0,0,0.817109,0.261746,0
-0.824228,-0.257907,0,0,0,0,0.824228,0.257907,0
-0.831187,-0.254019,0,0,0,0,0.831187,0.254019,0
-0.837988,-0.250082,0,0,0,0,0.837988,0.250082,0
-0.844632,-0.246098,0,0,0,0,0.844632,0.246098,0
-0.851122,-0.242069,0,0,0,0,0.851122,0.242069,0
-0.857457,-0.237997,0,0,0,0,0.857457,0.237997,0
-0.863641,-0.233882,0,0,0,0,0.863641,0.233882,0
-0.869674,-0.229726,0,0,0,0,0.869674,0.229726,0
-0.875557,-0.225531,0,0,0,0,0.875557,0.225531,0
-0.881292,-0.221298,0,0,0,0,0.881292,0.221298,0
-0.886881,-0.217028,0,0,0,0,0.886881,0.217028,0
-0.892324,-0.212723,0,0,0,0,0.892324,0.212723,0
-0.897622,-0.208382,0,0,0,0,0.897622,0.208382,0
-0.902777,-0.204009,0,0,0,0,0.902777,0.204009,0
-0.90779,-0.199604,0,0,0,0,0.90779,0.199604,0
-0.912661,-0.195167,0,0,0,0,0.912661,0.195167,0
-0.917392,-0.1907,0,0,0,0,0.917392,0.1907,0
-0.921983,-0.186205,0,0,0,0,0.921983,0.186205,0
-0.926436,-0.181681,0,0,0,0,0.926436,0.181681,0
-0.930752,-0.17713,0,0,0,0,0.930752,0.17713,0
-0.934931,-0.172554,0,0,0,0,0.934931,0.172554,0
-0.938973,-0.167952,0,0,0,0,0.938973,0.167952,0
-0.942881,-0.163326,0,0,0,0,0.942881,0.163326,0
-0.946653,-0.158677,0,0,0,0,0.946653,0.158677,0
-0.950293,-0.154005,0,0,0,0,0.950293,0.154005,0
-0.953799,-0.149312,0,0,0,0,0.953799,0.149312,0
-0.957172,-0.144598,0,0,0,0,0.957172,0.144598,0
-0.960414,-0.139864,0,0,0,0,0.960414,0.139864,0
-0.963524,-0.135111,0,0,0,0,0.963524,0.135111,0
-0.966503,-0.13034,0,0,0,0,0.966503,0.13034,0
-0.969352,-0.125551,0,0,0,0,0.969352,0.125551,0
-0.972072,-0.120745,0,0,0,0,0.972072,0.120745,0
-0.974662,-0.115923,0,0,0,0,0.974662,0.115923,0
-0.977123,-0.111086,0,0,0,0,0.977123,0.111086,0
-0.979456,-0.106234,0,0,0,0,0.979456,0.106234,0
-0.981661,-0.101369,0,0,0,0,0.981661,0.101369,0
-0.983738,-0.0964898,0,0,0,0,0.983738,0.0964898,0
-0.985688,-0.0915985,0,0,0,0,0.985688,0.0915985,0
-0.987511,-0.0866954,0,0,0,0,0.987511,0.0866954,0
-0.989207,-0.0817812,0,0,0,0,0.989207,0.0817812,0
-0.990777,-0.0768566,0,0,0,0,0.990777,0.0768566,0
-0.99222,-0.0719221,0,0,0,0,0.99222,0.0719221,0
-0.993538,-0.0669785,0,0,0,0,0.993538,0.0669785,0
-0.99473,-0.0620264,0,0,0,0,0.99473,0.0620264,0
-0.995796,-0.0570665,0,0,0,0,0.995796,0.0570665,0
-0.996737,-0.0520994,0,0,0,0,0.996737,0.0520994,0
-0.997552,-0.0471258,0,0,0,0,0.997552,0.0471258,0
-0.998242,-0.0421462,0,0,0,0,0.998242,0.0421462,0
-0.998807,-0.0371614,0,0,0,0,0.998807,0.0371614,0
-0.999247,-0.0321719,0,0,0,0,0.999247,0.0321719,0
-0.999562,-0.0271784,0,0,0,0,0.999562,0.0271784,0
-0.999753,-0.0221814,0,0,0,0,0.999753,0.0221814,0
-0.999818,-0.0171818,0,0,0,0,0.999818,0.0171818,0
-0.999758,-0.0121799,0,0,0,0,0.999758,0.0121799,0
-0.999573,-0.00717656,0,0,0,0,0.999573,0.00717656,0
-0.999263,-0.0021723,0,0,0,0,0.999263,0.0021723,0
-0.998828,0.00283223,0,0,0,0,0.998828,-0.00283223,0
-0.998267,0.00783641,0,0,0,0,0.998267,-0.00783641,0
-0.997581,0.0128396,0,0,0,0,0.997581,-0.0128396,0
-0.99677,0.0178412,0,0,0,0,0.99677,-0.0178412,0
-0.995833,0.0228405,0,0,0,0,0.995833,-0.0228405,0
-0.994769,0.0278369,0,0,0,0,0.994769,-0.0278369,0
-0.99358,0.0328298,0,0,0,0,0.99358,-0.0328298,0
-0.992264,0.0378186,0,0,0,0,0.992264,-0.0378186,0
-0.990822,0.0428025,0,0,0,0,0.990822,-0.0428025,0
-0.989252,0.0477809,0,0,0,0,0.989252,-0.0477809,0
-0.987556,0.0527531,0,0,0,0,0.987556,-0.0527531,0
-0.985731,0.0577186,0,0,0,0,0.985731,-0.0577186,0
-0.983779,0.0626765,0,0,0,0,0.983779,-0.0626765,0
-0.981698,0.0676263,0,0,0,0,0.981698,-0.0676263,0
-0.979489,0.0725672,0,0,0,0,0.979489,-0.0725672,0
-0.97715,0.0774985,0,0,0,0,0.97715,-0.0774985,0
-0.974682,0.0824196,0,0,0,0,0.974682,-0.0824196,0
-0.972083,0.0873296,0,0,0,0,0.972083,-0.0873296,0
-0.969354,0.0922279,0,0,0,0,0.969354,-0.0922279,0
-0.966493,0.0971137,0,0,0,0,0.966493,-0.0971137,0
-0.963501,0.101986,0,0,0,0,0.963501,-0.101986,0
-0.960376,0.106845,0,0,0,0,0.960376,-0.106845,0
-0.957118,0.111688,0,0,0,0,0.957118,-0.111688,0
-0.953727,0.116517,0,0,0,0,0.953727,-0.116517,0
-0.950201,0.121328,0,0,0,0,0.950201,-0.121328,0
-0.94654,0.126123,0,0,0,0,0.94654,-0.126123,0
-0.942743,0.130899,0,0,0,0,0.942743,-0.130899,0
-0.938809,0.135656,0,0,0,0,0.938809,-0.135656,0
-0.934738,0.140394,0,0,0,0,0.934738,-0.140394,0
-0.930528,0.145111,0,0,0,0,0.930528,-0.145111,0
-0.92618,0.149806,0,0,0,0,0.92618,-0.149806,0
-0.921691,0.154478,0,0,0,0,0.921691,-0.154478,0
-0.917061,0.159127,0,0,0,0,0.917061,-0.159127,0
-0.912288,0.163751,0,0,0,0,0.912288,-0.163751,0
-0.907373,0.168349,0,0,0,0,0.907373,-0.168349,0
-0.902313,0.17292,0,0,0,0,0.902313,-0.17292,0
-0.897108,0.177464,0,0,0,0,0.897108,-0.177464,0
-0.891756,0.181979,0,0,0,0,0.891756,-0.181979,0
-0.886256,0.186463,0,0,0,0,0.886256,-0.186463,0
-0.880607,0.190916,0,0,0,0,0.880607,-0.190916,0
-0.874808,0.195337,0,0,0,0,0.874808,-0.195337,0
-0.868857,0.199723,0,0,0,0,0.868857,-0.199723,0
-0.862752,0.204074,0,0,0,0,0.862752,-0.204074,0
-0.856493,0.208389,0,0,0,0,0.856493,-0.208389,0
-0.850078,0.212666,0,0,0,0,0.850078,-0.212666,0
-0.843504,0.216903,0,0,0,0,0.843504,-0.216903,0
-0.836771,0.221099,0,0,0,0,0.836771,-0.221099,0
-0.829877,0.225252,0,0,0,0,0.829877,-0.225252,0
-0.822819,0.229362,0,0,0,0,0.822819,-0.229362,0
-0.815596,0.233425,0,0,0,0,0.815596,-0.233425,0
-0.808207,0.23744,0,0,0,0,0.808207,-0.23744,0
-0.800648,0.241406,0,0,0,0,0.800648,-0.241406,0
-0.792918,0.24532,0,0,0,0,0.792918,-0.24532,0
-0.785015,0.24918,0,0,0,0,0.785015,-0.24918,0
-0.776937,0.252985,0,0,0,0,0.776937,-0.252985,0
-0.76868,0.256732,0,0,0,0,0.76868,-0.256732,0
-0.760242,0.260418,0,0,0,0,0.760242,-0.260418,0
-0.751622,0.264042,0,0,0,0,0.751622,-0.264042,0
-0.742816,0.2676,0,0,0,0,0.742816,-0.2676,0
-0.733821,0.271091,0,0,0,0,0.733821,-0.271091,0
-0.724634,0.27451,0,0,0,0,0.724634,-0.27451,0
-0.715253,0.277856,0,0,0,0,0.715253,-0.277856,0
-0.705674,0.281125,0,0,0,0,0.705674,-0.281125,0
-0.695893,0.284314,0,0,0,0,0.695893,-0.284314,0
-0.685908,0.287419,0,0,0,0,0.685908,-0.287419,0
-0.675715,0.290437,0,0,0,0,0.675715,-0.290437,0
-0.665309,0.293363,0,0,0,0,0.665309,-0.293363,0
-0.654686,0.296194,0,0,0,0,0.654686,-0.296194,0
-0.643843,0.298926,0,0,0,0,0.643843,-0.298926,0
-0.632775,0.301552,0,0,0,0,0.632775,-0.301552,0
-0.621478,0.30407,0,0,0,0,0.621478,-0.30407,0
-0.609946,0.306472,0,0,0,0,0.609946,-0.306472,0
-0.598174,0.308754,0,0,0,0,0.598174,-0.308754,0
-0.586157,0.31091,0,0,0,0,0.586157,-0.31091,0
-0.573889,0.312932,0,0,0,0,0.573889,-0.312932,0
-0.561364,0.314814,0,0,0,0,0.561364,-0.314814,0
-0.548576,0.316549,0,0,0,0,0.548576,-0.316549,0
-0.535518,0.318128,0,0,0,0,0.535518,-0.318128,0
-0.522183,0.319542,0,0,0,0,0.522183,-0.319542,0
-0.508564,0.320782,0,0,0,0,0.508564,-0.320782,0
-0.494652,0.321837,0,0,0,0,0.494652,-0.321837,0
-0.480439,0.322697,0,0,0,0,0.480439,-0.322697,0
-0.465916,0.323349,0,0,0,0,0.465916,-0.323349,0
-0.451074,0.323779,0,0,0,0,0.451074,-0.323779,0
-0.435903,0.323972,0,0,0,0,0.435903,-0.323972,0
-0.420391,0.323912,0,0,0,0,0.420391,-0.323912,0
-0.404528,0.323581,0,0,0,0,0.404528,-0.323581,0
-0.3883,0.32296,0,0,0,0,0.3883,-0.32296,0
-0.371697,0.322024,0,0,0,0,0.371697,-0.322024,0
-0.354702,0.32075,0,0,0,0,0.354702,-0.32075,0
-0.337302,0.319109,0,0,0,0,0.337302,-0.319109,0
-0.31948,0.317069,0,0,0,0,0.31948,-0.317069,0
-0.301221,0.314594,0,0,0,0,0.301221,-0.314594,0
-0.282506,0.311643,0,0,0,0,0.282506,-0.311643,0
-0.263316,0.308168,0,0,0,0,0.263316,-0.308168,0
-0.243632,0.304113,0,0,0,0,0.243632,-0.304113,0
-0.223433,0.299415,0,0,0,0,0.223433,-0.299415,0
-0.202699,0.293998,0,0,0,0,0.202699,-0.293998,0
-0.181408,0.287773,0,0,0,0,0.181408,-0.287773,0
-0.159542,0.280632,0,0,0,0,0.159542,-0.280632,0
-0.137083,0.272446,0,0,0,0,0.137083,-0.272446,0
-0.114021,0.263057,0,0,0,0,0.114021,-0.263057,0
-0.0903559,0.252268,0,0,0,0,0.0903559,-0.252268,0
-0.0661063,0.239835,0,0,0,0,0.0661063,-0.239835,0
-0.0413247,0.225448,0,0,0,0,0.0413247,-0.225448,0
-0.0161223,0.208712,0,0,0,0,0.0161223,-0.208712,0
0.00928513,0.18912,0,0,0,0,-0.00928513,-0.18912,0
0.0344953,0.166034,0,0,0,0,-0.0344953,-0.166034,0
0.0587761,0.138688,0,0,0,0,-0.0587761,-0.138688,0
0.0808379,0.106293,0,0,0,0,-0.0808379,-0.106293,0
0.098586,0.068411,0,0,0,0,-0.098586,-0.068411,0
0.109226,0.0257557,0,0,0,0,-0.109226,-0.0257557,0
0.110411,-0.0190601,0,0,0,0,-0.110411,0.0190601,0
0.102001,-0.0622824,0,0,0,0,-0.102001,0.0622824,0
0.0861601,-0.10112,0,0,0,0,-0.0861601,0.10112,0
0.0656612,-0.134666,0,0,0,0,-0.0656612,0.134666,0
0.0426527,-0.163235,0,0,0,0,-0.0426527,0.163235,0
0.0184876,-0.187554,0,0,0,0,-0.0184876,0.187554,0
-0.00605002,-0.208359,0,0,0,0,0.00605002,0.208359,0
-0.0305197,-0.226279,0,0,0,0,0.0305197,0.226279,0
-0.0546778,-0.241813,0,0,0,0,0.0546778,0.241813,0
-0.0783924,-0.255357,0,0,0,0,0.0783924,0.255357,0
-0.101596,-0.267222,0,0,0,0,0.101596,0.267222,0
-0.124257,-0.277652,0,0,0,0,0.124257,0.277652,0
-0.146368,-0.286846,0,0,0,0,0.146368,0.286846,0
-0.167932,-0.294965,0,0,0,0,0.167932,0.294965,0
-0.188959,-0.302138,0,0,0,0,0.188959,0.302138,0
-0.209464,-0.308476,0,0,0,0,0.209464,0.308476,0
-0.229464,-0.314068,0,0,0,0,0.229464,0.314068,0
-0.248977,-0.318993,0,0,0,0,0.248977,0.318993,0
-0.26802,-0.323315,0,0,0,0,0.26802,0.323315,0
-0.286611,-0.327091,0,0,0,0,0.286611,0.327091,0
-0.304766,-0.330369,0,0,0,0,0.304766,0.330369,0
-0.322502,-0.333192,0,0,0,0,0.322502,0.333192,0
-0.339833,-0.335597,0,0,0,0,0.339833,0.335597,0
-0.356774,-0.337616,0,0,0,0,0.356774,0.337616,0
-0.373339,-0.33928,0,0,0,0,0.373339,0.33928,0
-0.38954,-0.340612,0,0,0,0,0.38954,0.340612,0
-0.40539,-0.341637,0,0,0,0,0.40539,0.341637,0
-0.420899,-0.342376,0,0,0,0,0.420899,0.342376,0
-0.436079,-0.342846,0,0,0,0,0.436079,0.342846,0
-0.45094,-0.343065,0,0,0,0,0.45094,0.343065,0
-0.465491,-0.343048,0,0,0,0,0.465491,0.343048,0
-0.479741,-0.34281,0,0,0,0,0.479741,0.34281,0
-0.493698,-0.342362,0,0,0,0,0.493698,0.342362,0
-0.507371,-0.341717,0,0,0,0,0.507371,0.341717,0
-0.520766,-0.340885,0,0,0,0,0.520766,0.340885,0
-0.533892,-0.339876,0,0,0,0,0.533892,0.339876,0
-0.546754,-0.3387,0,0,0,0,0.546754,0.3387,0
-0.559359,-0.337364,0,0,0,0,0.559359,0.337364,0
-0.571714,-0.335877,0,0,0,0,0.571714,0.335877,0
-0.583823,-0.334246,0,0,0,0,0.583823,0.334246,0
-0.595693,-0.332478,0,0,0,0,0.595693,0.332478,0
-0.607328,-0.330579,0,0,0,0,0.607328,0.330579,0
-0.618733,-0.328555,0,0,0,0,0.618733,0.328555,0
-0.629914,-0.326411,0,0,0,0,0.629914,0.326411,0
-0.640874,-0.324154,0,0,0,0,0.640874,0.324154,0
-0.651617,-0.321786,0,0,0,0,0.651617,0.321786,0
-0.662149,-0.319314,0,0,0,0,0.662149,0.319314,0
-0.672472,-0.316742,0,0,0,0,0.672472,0.316742,0
-0.68259,-0.314073,0,0,0,0,0.68259,0.314073,0
-0.692507,-0.311311,0,0,0,0,0.692507,0.311311,0
-0.702227,-0.30846,0,0,0,0,0.702227,0.30846,0
-0.711752,-0.305525,0,0,0,0,0.711752,0.305525,0
-0.721085,-0.302506,0,0,0,0,0.721085,0.302506,0
-0.73023,-0.299409,0,0,0,0,0.73023,0.299409,0
-0.739189,-0.296236,0,0,0,0,0.739189,0.296236,0
-0.747966,-0.292989,0,0,0,0,0.747966,0.292989,0
-0.756562,-0.289672,0,0,0,0,0.756562,0.289672,0
-0.76498,-0.286286,0,0,0,0,0.76498,0.286286,0
-0.773222,-0.282835,0,0,0,0,0.773222,0.282835,0
-0.781291,-0.27932,0,0,0,0,0.781291,0.27932,0
-0.78919,-0.275745,0,0,0,0,0.78919,0.275745,0
-0.796919,-0.27211,0,0,0,0,0.796919,0.27211,0
-0.804482,-0.268418,0,0,0,0,0.804482,0.268418,0
-0.81188,-0.264672,0,0,0,0,0.81188,0.264672,0
-0.819114,-0.260872,0,0,0,0,0.819114,0.260872,0
-0.826188,-0.257021,0,0,0,0,0.826188,0.257021,0
-0.833102,-0.25312,0,0,0,0,0.833102,0.25312,0
-0.839859,-0.249171,0,0,0,0,0.839859,0.249171,0
-0.846459,-0.245176,0,0,0,0,0.846459,0.245176,0
-0.852905,-0.241136,0,0,0,0,0.852905,0.241136,0
-0.859197,-0.237053,0,0,0,0,0.859197,0.237053,0
-0.865338,-0.232928,0,0,0,0,0.865338,0.232928,0
-0.871329,-0.228763,0,0,0,0,0.871329,0.228763,0
-0.87717,-0.224558,0,0,0,0,0.87717,0.224558,0
-0.882864,-0.220316,0,0,0,0,0.882864,0.220316,0
-0.888411,-0.216037,0,0,0,0,0.888411,0.216037,0
-0.893814,-0.211723,0,0,0,0,0.893814,0.211723,0
-0.899071,-0.207374,0,0,0,0,0.899071,0.207374,0
-0.904186,-0.202993,0,0,0,0,0.904186,0.202993,0
-0.909159,-0.19858,0,0,0,0,0.909159,0.19858,0
-0.913991,-0.194136,0,0,0,0,0.913991,0.194136,0
-0.918683,-0.189662,0,0,0,0,0.918683,0.189662,0
-0.923235,-0.185159,0,0,0,0,0.923235,0.185159,0
-0.92765,-0.180629,0,0,0,0,0.92765,0.180629,0
-0.931927,-0.176072,0,0,0,0,0.931927,0.176072,0
-0.936067,-0.171489,0,0,0,0,0.936067,0.171489,0
-0.940072,-0.166882,0,0,0,0,0.940072,0.166882,0
-0.943942,-0.16225,0,0,0,0,0.943942,0.16225,0
-0.947677,-0.157595,0,0,0,0,0.947677,0.157595,0
-0.951279,-0.152918,0,0,0,0,0.951279,0.152918,0
-0.954748,-0.14822,0,0,0,0,0.954748,0.14822,0
-0.958084,-0.143501,0,0,0,0,0.958084,0.143501,0
-0.961289,-0.138762,0,0,0,0,0.961289,0.138762,0
-0.964362,-0.134005,0,0,0,0,0.964362,0.134005,0
-0.967305,-0.129229,0,0,0,0,0.967305,0.129229,0
-0.970118,-0.124436,0,0,0,0,0.970118,0.124436,0
-0.972802,-0.119626,0,0,0,0,0.972802,0.119626,0
-0.975356,-0.114801,0,0,0,0,0.975356,0.114801,0
-0.977781,-0.10996,0,0,0,0,0.977781,0.10996,0
-0.980078,-0.105105,0,0,0,0,0.980078,0.105105,0
-0.982248,-0.100236,0,0,0,0,0.982248,0.100236,0
-0.984289,-0.0953539,0,0,0,0,0.984289,0.0953539,0
-0.986204,-0.0904597,0,0,0,0,0.986204,0.0904597,0
-0.987991,-0.0855538,0,0,0,0,0.987991,0.0855538,0
-0.989652,-0.0806369,0,0,0,0,0.989652,0.0806369,0
-0.991187,-0.0757098,0,0,0,0,0.991187,0.0757098,0
-0.992595,-0.070773,0,0,0,0,0.992595,0.070773,0
-0.993878,-0.0658273,0,0,0,0,0.993878,0.0658273,0
-0.995034,-0.0608732,0,0,0,0,0.995034,0.0608732,0
-0.996066,-0.0559114,0,0,0,0,0.996066,0.0559114,0
-0.996971,-0.0509426,0,0,0,0,0.996971,0.0509426,0
-0.997752,-0.0459674,0,0,0,0,0.997752,0.0459674,0
-0.998407,-0.0409865,0,0,0,0,0.998407,0.0409865,0
-0.998938,-0.0360003,0,0,0,0,0.998938,0.0360003,0
-0.999343,-0.0310097,0,0,0,0,0.999343,0.0310097,0
-0.999623,-0.0260152,0,0,0,0,0.999623,0.0260152,0
-0.999778,-0.0210175,0,0,0,0,0.999778,0.0210175,0
-0.999809,-0.0160171,0,0,0,0,0.999809,0.0160171,0
-0.999714,-0.0110148,0,0,0,0,0.999714,0.0110148,0
-0.999494,-0.00601102,0,0,0,0,0.999494,0.00601102,0
-0.999149,-0.00100652,0,0,0,0,0.999149,0.00100652,0
-0.998679,0.0039981,0,0,0,0,0.998679,-0.0039981,0
-0.998084,0.00900223,0,0,0,0,0.998084,-0.00900223,0
-0.997363,0.0140052,0,0,0,0,0.997363,-0.0140052,0
-0.996517,0.0190064,0,0,0,0,0.996517,-0.0190064,0
-0.995544,0.0240053,0,0,0,0,0.995544,-0.0240053,0
-0.994446,0.0290011,0,0,0,0,0.994446,-0.0290011,0
-0.993222,0.0339932,0,0,0,0,0.993222,-0.0339932,0
-0.99187,0.038981,0,0,0,0,0.99187,-0.038981,0
-0.990393,0.0439637,0,0,0,0,0.990393,-0.0439637,0
-0.988788,0.0489409,0,0,0,0,0.988788,-0.0489409,0
-0.987056,0.0539118,0,0,0,0,0.987056,-0.0539118,0
-0.985196,0.0588756,0,0,0,0,0.985196,-0.0588756,0
-0.983208,0.0638318,0,0,0,0,0.983208,-0.0638318,0
-0.981091,0.0687797,0,0,0,0,0.981091,-0.0687797,0
-0.978845,0.0737186,0,0,0,0,0.978845,-0.0737186,0
-0.976471,0.0786476,0,0,0,0,0.976471,-0.0786476,0
-0.973966,0.0835663,0,0,0,0,0.973966,-0.0835663,0
-0.971331,0.0884737,0,0,0,0,0.971331,-0.0884737,0
-0.968565,0.0933693,0,0,0,0,0.968565,-0.0933693,0
-0.965668,0.0982521,0,0,0,0,0.965668,-0.0982521,0
-0.962638,0.103122,0,0,0,0,0.962638,-0.103122,0
-0.959477,0.107977,0,0,0,0,0.959477,-0.107977,0
-0.956181,0.112817,0,0,0,0,0.956181,-0.112817,0
-0.952752,0.117641,0,0,0,0,0.952752,-0.117641,0
-0.949189,0.122449,0,0,0,0,0.949189,-0.122449,0
-0.94549,0.12724,0,0,0,0,0.94549,-0.12724,0
-0.941655,0.132012,0,0,0,0,0.941655,-0.132012,0
-0.937683,0.136764,0,0,0,0,0.937683,-0.136764,0
-0.933573,0.141497,0,0,0,0,0.933573,-0.141497,0
-0.929324,0.146209,0,0,0,0,0.929324,-0.146209,0
-0.924936,0.150899,0,0,0,0,0.924936,-0.150899,0
-0.920408,0.155566,0,0,0,0,0.920408,-0.155566,0
-0.915738,0.160208,0,0,0,0,0.915738,-0.160208,0
-0.910926,0.164826,0,0,0,0,0.910926,-0.164826,0
-0.90597,0.169419,0,0,0,0,0.90597,-0.169419,0
-0.900869,0.173984,0,0,0,0,0.900869,-0.173984,0
-0.895623,0.17852,0,0,0,0,0.895623,-0.17852,0
-0.89023,0.183028,0,0,0,0,0.89023,-0.183028,0
-0.884688,0.187505,0,0,0,0,0.884688,-0.187505,0
-0.878997,0.19195,0,0,0,0,0.878997,-0.19195,0
-0.873155,0.196363,0,0,0,0,0.873155,-0.196363,0
-0.867161,0.200741,0,0,0,0,0.867161,-0.200741,0
-0.861013,0.205083,0,0,0,0,0.861013,-0.205083,0
-0.85471,0.209389,0,0,0,0,0.85471,-0.209389,0
-0.84825,0.213656,0,0,0,0,0.84825,-0.213656,0
-0.841632,0.217884,0,0,0,0,0.841632,-0.217884,0
-0.834853,0.222069,0,0,0,0,0.834853,-0.222069,0
-0.827913,0.226212,0,0,0,0,0.827913,-0.226212,0
-0.820809,0.23031,0,0,0,0,0.820809,-0.23031,0
-0.813539,0.234362,0,0,0,0,0.813539,-0.234362,0
-0.806102,0.238365,0,0,0,0,0.806102,-0.238365,0
-0.798495,0.242318,0,0,0,0,0.798495,-0.242318,0
-0.790716,0.246219,0,0,0,0,0.790716,-0.246219,0
-0.782764,0.250066,0,0,0,0,0.782764,-0.250066,0
-0.774635,0.253856,0,0,0,0,0.774635,-0.253856,0
-0.766327,0.257588,0,0,0,0,0.766327,-0.257588,0
-0.757838,0.261259,0,0,0,0,0.757838,-0.261259,0
-0.749165,0.264867,0,0,0,0,0.749165,-0.264867,0
-0.740305,0.268408,0,0,0,0,0.740305,-0.268408,0
-0.731256,0.271881,0,0,0,0,0.731256,-0.271881,0
-0.722014,0.275282,0,0,0,0,0.722014,-0.275282,0
-0.712577,0.278609,0,0,0,0,0.712577,-0.278609,0
-0.702941,0.281857,0,0,0,0,0.702941,-0.281857,0
-0.693102,0.285025,0,0,0,0,0.693102,-0.285025,0
-0.683058,0.288108,0,0,0,0,0.683058,-0.288108,0
-0.672804,0.291103,0,0,0,0,0.672804,-0.291103,0
-0.662337,0.294005,0,0,0,0,0.662337,-0.294005,0
-0.651652,0.296811,0,0,0,0,0.651652,-0.296811,0
-0.640745,0.299515,0,0,0,0,0.640745,-0.299515,0
-0.629612,0.302114,0,0,0,0,0.629612,-0.302114,0
-0.618247,0.304602,0,0,0,0,0.618247,-0.304602,0
-0.606647,0.306973,0,0,0,0,0.606647,-0.306973,0
-0.594805,0.309223,0,0,0,0,0.594805,-0.309223,0
-0.582716,0.311344,0,0,0,0,0.582716,-0.311344,0
-0.570375,0.31333,0,0,0,0,0.570375,-0.31333,0
-0.557775,0.315174,0,0,0,0,0.557775,-0.315174,0
-0.54491,0.316868,0,0,0,0,0.54491,-0.316868,0
-0.531773,0.318403,0,0,0,0,0.531773,-0.318403,0
-0.518357,0.319772,0,0,0,0,0.518357,-0.319772,0
-0.504654,0.320964,0,0,0,0,0.504654,-0.320964,0
-0.490656,0.321968,0,0,0,0,0.490656,-0.321968,0
-0.476355,0.322772,0,0,0,0,0.476355,-0.322772,0
-0.461741,0.323365,0,0,0,0,0.461741,-0.323365,0
-0.446804,0.323732,0,0,0,0,0.446804,-0.323732,0
-0.431535,0.323858,0,0,0,0,0.431535,-0.323858,0
-0.415923,0.323727,0,0,0,0,0.415923,-0.323727,0
-0.399955,0.323318,0,0,0,0,0.399955,-0.323318,0
-0.38362,0.322613,0,0,0,0,0.38362,-0.322613,0
-0.366904,0.321587,0,0,0,0,0.366904,-0.321587,0
-0.349793,0.320214,0,0,0,0,0.349793,-0.320214,0
-0.332272,0.318466,0,0,0,0,0.332272,-0.318466,0
-0.314325,0.316309,0,0,0,0,0.314325,-0.316309,0
-0.295935,0.313706,0,0,0,0,0.295935,-0.313706,0
-0.277083,0.310613,0,0,0,0,0.277083,-0.310613,0
-0.257752,0.306982,0,0,0,0,0.257752,-0.306982,0
-0.237919,0.302753,0,0,0,0,0.237919,-0.302753,0
-0.217566,0.297861,0,0,0,0,0.217566,-0.297861,0
-0.196671,0.292226,0,0,0,0,0.196671,-0.292226,0
-0.175214,0.285754,0,0,0,0,0.175214,-0.285754,0
-0.153175,0.278331,0,0,0,0,0.153175,-0.278331,0
-0.13054,0.26982,0,0,0,0,0.13054,-0.26982,0
-0.107299,0.260054,0,0,0,0,0.107299,-0.260054,0
-0.0834585,0.248823,0,0,0,0,0.0834585,-0.248823,0
-0.0590436,0.235866,0,0,0,0,0.0590436,-0.235866,0
-0.0341208,0.22085,0,0,0,0,0.0341208,-0.22085,0
-0.00882555,0.203351,0,0,0,0,0.00882555,-0.203351,0
0.0165831,0.182826,0,0,0,0,-0.0165831,-0.182826,0
0.0416259,0.158597,0,0,0,0,-0.0416259,-0.158597,0
0.0654362,0.12987,0,0,0,0,-0.0654362,-0.12987,0
0.0865125,0.0959042,0,0,0,0,-0.0865125,-0.0959042,0
0.102513,0.0564936,0,0,0,0,-0.102513,-0.0564936,0
0.110598,0.0128615,0,0,0,0,-0.110598,-0.0128615,0
0.108906,-0.0318761,0,0,0,0,-0.108906,0.0318761,0
0.0980693,-0.0740332,0,0,0,0,-0.0980693,0.0740332,0
0.0806198,-0.111363,0,0,0,0,-0.0806198,0.111363,0
0.0592197,-0.143411,0,0,0,0,-0.0592197,0.143411,0
0.0357747,-0.170675,0,0,0,0,-0.0357747,0.170675,0
0.0114464,-0.193911,0,0,0,0,-0.0114464,0.193911,0
-0.0131004,-0.213828,0,0,0,0,0.0131004,0.213828,0
-0.0374938,-0.231017,0,0,0,0,0.0374938,0.231017,0
-0.0615292,-0.245945,0,0,0,0,0.0615292,0.245945,0
-0.0850969,-0.25898,0,0,0,0,0.0850969,0.25898,0
-0.108142,-0.270413,0,0,0,0,0.108142,0.270413,0
-0.130641,-0.280473,0,0,0,0,0.130641,0.280473,0
-0.15259,-0.289347,0,0,0,0,0.15259,0.289347,0
-0.173995,-0.297185,0,0,0,0,0.173995,0.297185,0
-0.194867,-0.304112,0,0,0,0,0.194867,0.304112,0
-0.215222,-0.310231,0,0,0,0,0.215222,0.310231,0
-0.235078,-0.315628,0,0,0,0,0.235078,0.315628,0
-0.254452,-0.320377,0,0,0,0,0.254452,0.320377,0
-0.273361,-0.324541,0,0,0,0,0.273361,0.324541,0
-0.291823,-0.328173,0,0,0,0,0.291823,0.328173,0
-0.309854,-0.33132,0,0,0,0,0.309854,0.33132,0
-0.32747,-0.334024,0,0,0,0,0.32747,0.334024,0
-0.344686,-0.336318,0,0,0,0,0.344686,0.336318,0
-0.361516,-0.338237,0,0,0,0,0.361516,0.338237,0
-0.377974,-0.339806,0,0,0,0,0.377974,0.339806,0
-0.394071,-0.341052,0,0,0,0,0.394071,0.341052,0
-0.409821,-0.341997,0,0,0,0,0.409821,0.341997,0
-0.425234,-0.34266,0,0,0,0,0.425234,0.34266,0
-0.44032,-0.34306,0,0,0,0,0.44032,0.34306,0
-0.45509,-0.343213,0,0,0,0,0.45509,0.343213,0
-0.469553,-0.343135,0,0,0,0,0.469553,0.343135,0
-0.483717,-0.342839,0,0,0,0,0.483717,0.342839,0
-0.497592,-0.342336,0,0,0,0,0.497592,0.342336,0
-0.511183,-0.34164,0,0,0,0,0.511183,0.34164,0
-0.5245,-0.340759,0,0,0,0,0.5245,0.340759,0
-0.537549,-0.339705,0,0,0,0,0.537549,0.339705,0
-0.550337,-0.338485,0,0,0,0,0.550337,0.338485,0
-0.562869,-0.337109,0,0,0,0,0.562869,0.337109,0
-0.575152,-0.335583,0,0,0,0,0.575152,0.335583,0
-0.587192,-0.333915,0,0,0,0,0.587192,0.333915,0
-0.598994,-0.332112,0,0,0,0,0.598994,0.332112,0
-0.610562,-0.330179,0,0,0,0,0.610562,0.330179,0
-0.621903,-0.328123,0,0,0,0,0.621903,0.328123,0
-0.633019,-0.325949,0,0,0,0,0.633019,0.325949,0
-0.643917,-0.323662,0,0,0,0,0.643917,0.323662,0
-0.654599,-0.321267,0,0,0,0,0.654599,0.321267,0
-0.665071,-0.318768,0,0,0,0,0.665071,0.318768,0
-0.675335,-0.31617,0,0,0,0,0.675335,0.31617,0
-0.685395,-0.313477,0,0,0,0,0.685395,0.313477,0
-0.695256,-0.310692,0,0,0,0,0.695256,0.310692,0
-0.704919,-0.307819,0,0,0,0,0.704919,0.307819,0
-0.714389,-0.304862,0,0,0,0,0.714389,0.304862,0
-0.723669,-0.301823,0,0,0,0,0.723669,0.301823,0
-0.73276,-0.298706,0,0,0,0,0.73276,0.298706,0
-0.741667,-0.295513,0,0,0,0,0.741667,0.295513,0
-0.750392,-0.292248,0,0,0,0,0.750392,0.292248,0
-0.758937,-0.288913,0,0,0,0,0.758937,0.288913,0
-0.767305,-0.285511,0,0,0,0,0.767305,0.285511,0
-0.775498,-0.282044,0,0,0,0,0.775498,0.282044,0
-0.783518,-0.278513,0,0,0,0,0.783518,0.278513,0
-0.791369,-0.274923,0,0,0,0,0.791369,0.274923,0
-0.799051,-0.271273,0,0,0,0,0.799051,0.271273,0
-0.806566,-0.267568,0,0,0,0,0.806566,0.267568,0
-0.813918,-0.263808,0,0,0,0,0.813918,0.263808,0
-0.821107,-0.259995,0,0,0,0,0.821107,0.259995,0
-0.828135,-0.256131,0,0,0,0,0.828135,0.256131,0
-0.835005,-0.252218,0,0,0,0,0.835005,0.252218,0
-0.841717,-0.248258,0,0,0,0,0.841717,0.248258,0
-0.848273,-0.244252,0,0,0,0,0.848273,0.244252,0
-0.854675,-0.240201,0,0,0,0,0.854675,0.240201,0
-0.860925,-0.236107,0,0,0,0,0.860925,0.236107,0
-0.867023,-0.231972,0,0,0,0,0.867023,0.231972,0
-0.872972,-0.227797,0,0,0,0,0.872972,0.227797,0
-0.878772,-0.223583,0,0,0,0,0.878772,0.223583,0
-0.884424,-0.219332,0,0,0,0,0.884424,0.219332,0
-0.889931,-0.215044,0,0,0,0,0.889931,0.215044,0
-0.895292,-0.210721,0,0,0,0,0.895292,0.210721,0
-0.90051,-0.206365,0,0,0,0,0.90051,0.206365,0
-0.905584,-0.201975,0,0,0,0,0.905584,0.201975,0
-0.910518,-0.197554,0,0,0,0,0.910518,0.197554,0
-0.91531,-0.193103,0,0,0,0,0.91531,0.193103,0
-0.919963,-0.188622,0,0,0,0,0.919963,0.188622,0
-0.924476,-0.184113,0,0,0,0,0.924476,0.184113,0
-0.928852,-0.179576,0,0,0,0,0.928852,0.179576,0
-0.933091,-0.175012,0,0,0,0,0.933091,0.175012,0
-0.937193,-0.170423,0,0,0,0,0.937193,0.170423,0
-0.94116,-0.16581,0,0,0,0,0.94116,0.16581,0
-0.944992,-0.161172,0,0,0,0,0.944992,0.161172,0
-0.94869,-0.156512,0,0,0,0,0.94869,0.156512,0
-0.952254,-0.15183,0,0,0,0,0.952254,0.15183,0
-0.955686,-0.147126,0,0,0,0,0.955686,0.147126,0
-0.958986,-0.142403,0,0,0,0,0.958986,0.142403,0
-0.962154,-0.137659,0,0,0,0,0.962154,0.137659,0
-0.965191,-0.132897,0,0,0,0,0.965191,0.132897,0
-0.968098,-0.128117,0,0,0,0,0.968098,0.128117,0
-0.970874,-0.12332,0,0,0,0,0.970874,0.12332,0
-0.973521,-0.118507,0,0,0,0,0.973521,0.118507,0
-0.97604,-0.113677,0,0,0,0,0.97604,0.113677,0
-0.978429,-0.108833,0,0,0,0,0.978429,0.108833,0
-0.980691,-0.103974,0,0,0,0,0.980691,0.103974,0
-0.982824,-0.0991022,0,0,0,0,0.982824,0.0991022,0
-0.98483,-0.0942172,0,0,0,0,0.98483,0.0942172,0
-0.986709,-0.0893201,0,0,0,0,0.986709,0.0893201,0
-0.988462,-0.0844115,0,0,0,0,0.988462,0.0844115,0
-0.990087,-0.079492,0,0,0,0,0.990087,0.079492,0
-0.991587,-0.0745625,0,0,0,0,0.991587,0.0745625,0
-0.99296,-0.0696234,0,0,0,0,0.99296,0.0696234,0
-0.994207,-0.0646755,0,0,0,0,0.994207,0.0646755,0
-0.995329,-0.0597195,0,0,0,0,0.995329,0.0597195,0
-0.996325,-0.0547559,0,0,0,0,0.996325,0.0547559,0
-0.997196,-0.0497854,0,0,0,0,0.997196,0.0497854,0
-0.997942,-0.0448087,0,0,0,0,0.997942,0.0448087,0
-0.998562,-0.0398263,0,0,0,0,0.998562,0.0398263,0
-0.999058,-0.034839,0,0,0,0,0.999058,0.034839,0
-0.999428,-0.0298473,0,0,0,0,0.999428,0.0298473,0
-0.999674,-0.0248519,0,0,0,0,0.999674,0.0248519,0
-0.999794,-0.0198534,0,0,0,0,0.999794,0.0198534,0
-0.99979,-0.0148524,0,0,0,0,0.99979,0.0148524,0
-0.99966,-0.00984948,0,0,0,0,0.99966,0.00984948,0
-0.999406,-0.00484538,0,0,0,0,0.999406,0.00484538,0
-0.999026,0.000159332,0,0,0,0,0.999026,-0.000159332,0
-0.998521,0.00516402,0,0,0,0,0.998521,-0.00516402,0
-0.997891,0.0101681,0,0,0,0,0.997891,-0.0101681,0
-0.997135,0.0151708,0,0,0,0,0.997135,-0.0151708,0
-0.996254,0.0201717,0,0,0,0,0.996254,-0.0201717,0
-0.995246,0.02517,0,0,0,0,0.995246,-0.02517,0
-0.994113,0.0301651,0,0,0,0,0.994113,-0.0301651,0
-0.992853,0.0351564,0,0,0,0,0.992853,-0.0351564,0
-0.991467,0.0401432,0,0,0,0,0.991467,-0.0401432,0
-0.989954,0.0451248,0,0,0,0,0.989954,-0.0451248,0
-0.988313,0.0501007,0,0,0,0,0.988313,-0.0501007,0
-0.986545,0.0550701,0,0,0,0,0.986545,-0.0550701,0
-0.98465,0.0600324,0,0,0,0,0.98465,-0.0600324,0
-0.982626,0.0649868,0,0,0,0,0.982626,-0.0649868,0
-0.980474,0.0699327,0,0,0,0,0.980474,-0.0699327,0
-0.978192,0.0748695,0,0,0,0,0.978192,-0.0748695,0
-0.975781,0.0797963,0,0,0,0,0.975781,-0.0797963,0
-0.97324,0.0847125,0,0,0,0,0.97324,-0.0847125,0
-0.970568,0.0896173,0,0,0,0,0.970568,-0.0896173,0
-0.967766,0.0945101,0,0,0,0,0.967766,-0.0945101,0
-0.964832,0.0993899,0,0,0,0,0.964832,-0.0993899,0
-0.961766,0.104256,0,0,0,0,0.961766,-0.104256,0
-0.958567,0.109108,0,0,0,0,0.958567,-0.109108,0
-0.955234,0.113945,0,0,0,0,0.955234,-0.113945,0
-0.951767,0.118765,0,0,0,0,0.951767,-0.118765,0
-0.948166,0.123569,0,0,0,0,0.948166,-0.123569,0
-0.944429,0.128356,0,0,0,0,0.944429,-0.128356,0
-0.940556,0.133123,0,0,0,0,0.940556,-0.133123,0
-0.936545,0.137871,0,0,0,0,0.936545,-0.137871,0
-0.932397,0.142599,0,0,0,0,0.932397,-0.142599,0
-0.928109,0.147306,0,0,0,0,0.928109,-0.147306,0
-0.923682,0.15199,0,0,0,0,0.923682,-0.15199,0
-0.919114,0.156652,0,0,0,0,0.919114,-0.156652,0
-0.914404,0.161289,0,0,0,0,0.914404,-0.161289,0
-0.909552,0.165901,0,0,0,0,0.909552,-0.165901,0
-0.904555,0.170487,0,0,0,0,0.904555,-0.170487,0
-0.899414,0.175045,0,0,0,0,0.899414,-0.175045,0
-0.894127,0.179575,0,0,0,0,0.894127,-0.179575,0
-0.888692,0.184075,0,0,0,0,0.888692,-0.184075,0
-0.883108,0.188545,0,0,0,0,0.883108,-0.188545,0
-0.877375,0.192983,0,0,0,0,0.877375,-0.192983,0
-0.87149,0.197387,0,0,0,0,0.87149,-0.197387,0
-0.865453,0.201757,0,0,0,0,0.865453,-0.201757,0
-0.859261,0.20609,0,0,0,0,0.859261,-0.20609,0
-0.852914,0.210387,0,0,0,0,0.852914,-0.210387,0
-0.84641,0.214644,0,0,0,0,0.84641,-0.214644,0
-0.839746,0.218862,0,0,0,0,0.839746,-0.218862,0
-0.832922,0.223037,0,0,0,0,0.832922,-0.223037,0
-0.825936,0.227169,0,0,0,0,0.825936,-0.227169,0
-0.818785,0.231256,0,0,0,0,0.818785,-0.231256,0
-0.811468,0.235296,0,0,0,0,0.811468,-0.235296,0
-0.803983,0.239287,0,0,0,0,0.803983,-0.239287,0
-0.796328,0.243227,0,0,0,0,0.796328,-0.243227,0
-0.7885,0.247115,0,0,0,0,0.7885,-0.247115,0
-0.780498,0.250948,0,0,0,0,0.780498,-0.250948,0
-0.772318,0.254724,0,0,0,0,0.772318,-0.254724,0
-0.763959,0.258441,0,0,0,0,0.763959,-0.258441,0
-0.755418,0.262096,0,0,0,0,0.755418,-0.262096,0
-0.746693,0.265687,0,0,0,0,0.746693,-0.265687,0
-0.737779,0.269212,0,0,0,0,0.737779,-0.269212,0
-0.728676,0.272667,0,0,0,0,0.728676,-0.272667,0
-0.719379,0.276049,0,0,0,0,0.719379,-0.276049,0
-0.709885,0.279356,0,0,0,0,0.709885,-0.279356,0
-0.700191,0.282585,0,0,0,0,0.700191,-0.282585,0
-0.690294,0.285731,0,0,0,0,0.690294,-0.285731,0
-0.680191,0.288792,0,0,0,0,0.680191,-0.288792,0
-0.669876,0.291763,0,0,0,0,0.669876,-0.291763,0
-0.659347,0.294641,0,0,0,0,0.659347,-0.294641,0
-0.648599,0.29742,0,0,0,0,0.648599,-0.29742,0
-0.637628,0.300098,0,0,0,0,0.637628,-0.300098,0
-0.626429,0.302668,0,0,0,0,0.626429,-0.302668,0
-0.614997,0.305126,0,0,0,0,0.614997,-0.305126,0
-0.603328,0.307466,0,0,0,0,0.603328,-0.307466,0
-0.591416,0.309682,0,0,0,0,0.591416,-0.309682,0
-0.579255,0.311769,0,0,0,0,0.579255,-0.311769,0
-0.56684,0.313718,0,0,0,0,0.56684,-0.313718,0
-0.554165,0.315523,0,0,0,0,0.554165,-0.315523,0
-0.541222,0.317175,0,0,0,0,0.541222,-0.317175,0
-0.528006,0.318667,0,0,0,0,0.528006,-0.318667,0
-0.514507,0.31999,0,0,0,0,0.514507,-0.31999,0
-0.50072,0.321132,0,0,0,0,0.50072,-0.321132,0
-0.486635,0.322083,0,0,0,0,0.486635,-0.322083,0
-0.472244,0.322832,0,0,0,0,0.472244,-0.322832,0
-0.457538,0.323365,0,0,0,0,0.457538,-0.323365,0
-0.442507,0.323669,0,0,0,0,0.442507,-0.323669,0
-0.427139,0.323726,0,0,0,0,0.427139,-0.323726,0
-0.411425,0.323521,0,0,0,0,0.411425,-0.323521,0
-0.395352,0.323033,0,0,0,0,0.395352,-0.323033,0
-0.378908,0.322242,0,0,0,0,0.378908,-0.322242,0
-0.362079,0.321123,0,0,0,0,0.362079,-0.321123,0
-0.34485,0.319649,0,0,0,0,0.34485,-0.319649,0
-0.327207,0.317791,0,0,0,0,0.327207,-0.317791,0
-0.309132,0.315515,0,0,0,0,0.309132,-0.315515,0
-0.29061,0.312779,0,0,0,0,0.29061,-0.312779,0
-0.27162,0.309542,0,0,0,0,0.27162,-0.309542,0
-0.252144,0.305749,0,0,0,0,0.252144,-0.305749,0
-0.232162,0.301341,0,0,0,0,0.232162,-0.301341,0
-0.211652,0.296249,0,0,0,0,0.211652,-0.296249,0
-0.190595,0.290387,0,0,0,0,0.190595,-0.290387,0
-0.168969,0.283658,0,0,0,0,0.168969,-0.283658,0
-0.146756,0.275941,0,0,0,0,0.146756,-0.275941,0
-0.123944,0.267092,0,0,0,0,0.123944,-0.267092,0
-0.100525,0.256932,0,0,0,0,0.100525,-0.256932,0
-0.0765106,0.245238,0,0,0,0,0.0765106,-0.245238,0
-0.0519356,0.231729,0,0,0,0,0.0519356,-0.231729,0
-0.0268823,0.216049,0,0,0,0,0.0268823,-0.216049,0
-0.00151485,0.197742,0,0,0,0,0.00151485,-0.197742,0
0.0238565,0.176227,0,0,0,0,-0.0238565,-0.176227,0
0.0486613,0.150785,0,0,0,0,-0.0486613,-0.150785,0
0.0718776,0.120613,0,0,0,0,-0.0718776,-0.120613,0
0.0917713,0.085052,0,0,0,0,-0.0917713,-0.085052,0
0.105776,0.0442096,0,0,0,0,-0.105776,-0.0442096,0
0.111138,-0.000129649,0,0,0,0,-0.111138,0.000129649,0
0.106628,-0.0444652,0,0,0,0,-0.106628,0.0444652,0
0.0935896,-0.0853686,0,0,0,0,-0.0935896,0.0853686,0
0.0747591,-0.12116,0,0,0,0,-0.0747591,0.12116,0
0.0526162,-0.151756,0,0,0,0,-0.0526162,0.151756,0
0.0288299,-0.177781,0,0,0,0,-0.0288299,0.177781,0
0.00439222,-0.199994,0,0,0,0,-0.00439222,0.199994,0
-0.0201338,-0.219073,0,0,0,0,0.0201338,0.219073,0
-0.0444346,-0.23557,0,0,0,0,0.0444346,0.23557,0
-0.0683387,-0.249923,0,0,0,0,0.0683387,0.249923,0
-0.0917553,-0.262473,0,0,0,0,0.0917553,0.262473,0
-0.114641,-0.273493,0,0,0,0,0.114641,0.273493,0
-0.136978,-0.283198,0,0,0,0,0.136978,0.283198,0
-0.158765,-0.291764,0,0,0,0,0.158765,0.291764,0
-0.180012,-0.299332,0,0,0,0,0.180012,0.299332,0
-0.200731,-0.306021,0,0,0,0,0.200731,0.306021,0
-0.220938,-0.311928,0,0,0,0,0.220938,0.311928,0
-0.240651,-0.317136,0,0,0,0,0.240651,0.317136,0
-0.259886,-0.321715,0,0,0,0,0.259886,0.321715,0
-0.278663,-0.325725,0,0,0,0,0.278663,0.325725,0
-0.296997,-0.329218,0,0,0,0,0.296997,0.329218,0
-0.314906,-0.332237,0,0,0,0,0.314906,0.332237,0
-0.332404,-0.334824,0,0,0,0,0.332404,0.334824,0
-0.349506,-0.337011,0,0,0,0,0.349506,0.337011,0
-0.366226,-0.338831,0,0,0,0,0.366226,0.338831,0
-0.382578,-0.340308,0,0,0,0,0.382578,0.340308,0
-0.398573,-0.341469,0,0,0,0,0.398573,0.341469,0
-0.414224,-0.342335,0,0,0,0,0.414224,0.342335,0
-0.429541,-0.342924,0,0,0,0,0.429541,0.342924,0
-0.444535,-0.343256,0,0,0,0,0.444535,0.343256,0
-0.459215,-0.343345,0,0,0,0,0.459215,0.343345,0
-0.47359,-0.343206,0,0,0,0,0.47359,0.343206,0
-0.48767,-0.342852,0,0,0,0,0.48767,0.342852,0
-0.501461,-0.342297,0,0,0,0,0.501461,0.342297,0
-0.514973,-0.34155,0,0,0,0,0.514973,0.34155,0
-0.528212,-0.340622,0,0,0,0,0.528212,0.340622,0
-0.541185,-0.339522,0,0,0,0,0.541185,0.339522,0
-0.553898,-0.33826,0,0,0,0,0.553898,0.33826,0
-0.566358,-0.336843,0,0,0,0,0.566358,0.336843,0
-0.578571,-0.335279,0,0,0,0,0.578571,0.335279,0
-0.590541,-0.333574,0,0,0,0,0.590541,0.333574,0
-0.602275,-0.331736,0,0,0,0,0.602275,0.331736,0
-0.613778,-0.32977,0,0,0,0,0.613778,0.32977,0
-0.625054,-0.327683,0,0,0,0,0.625054,0.327683,0
-0.636107,-0.325479,0,0,0,0,0.636107,0.325479,0
-0.646942,-0.323163,0,0,0,0,0.646942,0.323163,0
-0.657564,-0.32074,0,0,0,0,0.657564,0.32074,0
-0.667976,-0.318216,0,0,0,0,0.667976,0.318216,0
-0.678181,-0.315592,0,0,0,0,0.678181,0.315592,0
-0.688184,-0.312875,0,0,0,0,0.688184,0.312875,0
-0.697988,-0.310067,0,0,0,0,0.697988,0.310067,0
-0.707596,-0.307172,0,0,0,0,0.707596,0.307172,0
-0.717011,-0.304193,0,0,0,0,0.717011,0.304193,0
-0.726237,-0.301134,0,0,0,0,0.726237,0.301134,0
-0.735275,-0.297998,0,0,0,0,0.735275,0.297998,0
-0.74413,-0.294786,0,0,0,0,0.74413,0.294786,0
-0.752803,-0.291503,0,0,0,0,0.752803,0.291503,0
-0.761298,-0.288151,0,0,0,0,0.761298,0.288151,0
-0.769616,-0.284732,0,0,0,0,0.769616,0.284732,0
-0.77776,-0.281248,0,0,0,0,0.77776,0.281248,0
-0.785732,-0.277703,0,0,0,0,0.785732,0.277703,0
-0.793534,-0.274097,0,0,0,0,0.793534,0.274097,0
-0.801168,-0.270433,0,0,0,0,0.801168,0.270433,0
-0.808637,-0.266714,0,0,0,0,0.808637,0.266714,0
-0.815943,-0.26294,0,0,0,0,0.815943,0.26294,0
-0.823086,-0.259115,0,0,0,0,0.823086,0.259115,0
-0.830069,-0.255238,0,0,0,0,0.830069,0.255238,0
-0.836894,-0.251314,0,0,0,0,0.836894,0.251314,0
-0.843562,-0.247342,0,0,0,0,0.843562,0.247342,0
-0.850075,-0.243324,0,0,0,0,0.850075,0.243324,0
-0.856434,-0.239263,0,0,0,0,0.856434,0.239263,0
-0.862641,-0.235159,0,0,0,0,0.862641,0.235159,0
-0.868697,-0.231014,0,0,0,0,0.868697,0.231014,0
-0.874603,-0.226829,0,0,0,0,0.874603,0.226829,0
-0.880361,-0.222605,0,0,0,0,0.880361,0.222605,0
-0.885973,-0.218345,0,0,0,0,0.885973,0.218345,0
-0.891438,-0.214049,0,0,0,0,0.891438,0.214049,0
-0.896759,-0.209717,0,0,0,0,0.896759,0.209717,0
-0.901936,-0.205353,0,0,0,0,0.901936,0.205353,0
-0.906971,-0.200956,0,0,0,0,0.906971,0.200956,0
-0.911865,-0.196527,0,0,0,0,0.911865,0.196527,0
-0.916618,-0.192068,0,0,0,0,0.916618,0.192068,0
-0.921231,-0.18758,0,0,0,0,0.921231,0.18758,0
-0.925706,-0.183064,0,0,0,0,0.925706,0.183064,0
-0.930044,-0.178521,0,0,0,0,0.930044,0.178521,0
-0.934244,-0.173951,0,0,0,0,0.934244,0.173951,0
-0.938308,-0.169356,0,0,0,0,0.938308,0.169356,0
-0.942237,-0.164737,0,0,0,0,0.942237,0.164737,0
-0.946032,-0.160094,0,0,0,0,0.946032,0.160094,0
-0.949692,-0.155428,0,0,0,0,0.949692,0.155428,0
-0.95322,-0.15074,0,0,0,0,0.95322,0.15074,0
-0.956614,-0.146032,0,0,0,0,0.956614,0.146032,0
-0.959877,-0.141303,0,0,0,0,0.959877,0.141303,0
-0.963008,-0.136556,0,0,0,0,0.963008,0.136556,0
-0.966009,-0.131789,0,0,0,0,0.966009,0.131789,0
-0.968879,-0.127005,0,0,0,0,0.968879,0.127005,0
-0.97162,-0.122204,0,0,0,0,0.97162,0.122204,0
-0.974231,-0.117386,0,0,0,0,0.974231,0.117386,0
-0.976713,-0.112553,0,0,0,0,0.976713,0.112553,0
-0.979067,-0.107705,0,0,0,0,0.979067,0.107705,0
-0.981293,-0.102843,0,0,0,0,0.981293,0.102843,0
-0.983391,-0.0979679,0,0,0,0,0.983391,0.0979679,0
-0.985362,-0.0930799,0,0,0,0,0.985362,0.0930799,0
-0.987205,-0.0881799,0,0,0,0,0.987205,0.0881799,0
-0.988922,-0.0832685,0,0,0,0,0.988922,0.0832685,0
-0.990512,-0.0783465,0,0,0,0,0.990512,0.0783465,0
-0.991977,-0.0734146,0,0,0,0,0.991977,0.0734146,0
-0.993315,-0.0684733,0,0,0,0,0.993315,0.0684733,0
-0.994527,-0.0635233,0,0,0,0,0.994527,0.0635233,0
-0.995614,-0.0585653,0,0,0,0,0.995614,0.0585653,0
-0.996575,-0.0535999,0,0,0,0,0.996575,0.0535999,0
-0.997411,-0.0486278,0,0,0,0,0.997411,0.0486278,0
-0.998122,-0.0436496,0,0,0,0,0.998122,0.0436496,0
-0.998708,-0.0386659,0,0,0,0,0.998708,0.0386659,0
-0.999169,-0.0336774,0,0,0,0,0.999169,0.0336774,0
-0.999504,-0.0286846,0,0,0,0,0.999504,0.0286846,0
-0.999715,-0.0236883,0,0,0,0,0.999715,0.0236883,0
-0.999801,-0.018689,0,0,0,0,0.999801,0.018689,0
-0.999761,-0.0136874,0,0,0,0,0.999761,0.0136874,0
-0.999597,-0.00868405,0,0,0,0,0.999597,0.00868405,0
-0.999308,-0.00367963,0,0,0,0,0.999308,0.00367963,0
-0.998893,0.00132526,0,0,0,0,0.998893,-0.00132526,0
-0.998353,0.00632998,0,0,0,0,0.998353,-0.00632998,0
-0.997688,0.0113339,0,0,0,0,0.997688,-0.0113339,0
-0.996897,0.0163364,0,0,0,0,0.996897,-0.0163364,0
-0.995981,0.0213368,0,0,0,0,0.995981,-0.0213368,0
-0.994938,0.0263346,0,0,0,0,0.994938,-0.0263346,0
-0.99377,0.031329,0,0,0,0,0.99377,-0.031329,0
-0.992475,0.0363194,0,0,0,0,0.992475,-0.0363194,0
-0.991053,0.0413052,0,0,0,0,0.991053,-0.0413052,0
-0.989505,0.0462857,0,0,0,0,0.989505,-0.0462857,0
-0.987829,0.0512602,0,0,0,0,0.987829,-0.0512602,0
-0.986025,0.0562281,0,0,0,0,0.986025,-0.0562281,0
-0.984094,0.0611887,0,0,0,0,0.984094,-0.0611887,0
-0.982034,0.0661414,0,0,0,0,0.982034,-0.0661414,0
-0.979846,0.0710853,0,0,0,0,0.979846,-0.0710853,0
-0.977528,0.0760199,0,0,0,0,0.977528,-0.0760199,0
-0.975081,0.0809445,0,0,0,0,0.975081,-0.0809445,0
-0.972504,0.0858582,0,0,0,0,0.972504,-0.0858582,0
-0.969796,0.0907603,0,0,0,0,0.969796,-0.0907603,0
-0.966957,0.0956502,0,0,0,0,0.966957,-0.0956502,0
-0.963986,0.100527,0,0,0,0,0.963986,-0.100527,0
-0.960882,0.10539,0,0,0,0,0.960882,-0.10539,0
-0.957646,0.110239,0,0,0,0,0.957646,-0.110239,0
-0.954276,0.115072,0,0,0,0,0.954276,-0.115072,0
-0.950772,0.119889,0,0,0,0,0.950772,-0.119889,0
-0.947133,0.124688,0,0,0,0,0.947133,-0.124688,0
-0.943358,0.12947,0,0,0,0,0.943358,-0.12947,0
-0.939446,0.134234,0,0,0,0,0.939446,-0.134234,0
-0.935397,0.138977,0,0,0,0,0.935397,-0.138977,0
-0.93121,0.1437,0,0,0,0,0.93121,-0.1437,0
-0.926883,0.148402,0,0,0,0,0.926883,-0.148402,0
-0.922416,0.153081,0,0,0,0,0.922416,-0.153081,0
-0.917809,0.157737,0,0,0,0,0.917809,-0.157737,0
-0.913059,0.162368,0,0,0,0,0.913059,-0.162368,0
-0.908166,0.166974,0,0,0,0,0.908166,-0.166974,0
-0.903129,0.171553,0,0,0,0,0.903129,-0.171553,0
-0.897947,0.176105,0,0,0,0,0.897947,-0.176105,0
-0.892618,0.180628,0,0,0,0,0.892618,-0.180628,0
-0.887142,0.185121,0,0,0,0,0.887142,-0.185121,0
-0.881516,0.189583,0,0,0,0,0.881516,-0.189583,0
-0.875741,0.194013,0,0,0,0,0.875741,-0.194013,0
-0.869813,0.198409,0,0,0,0,0.869813,-0.198409,0
-0.863732,0.20277,0,0,0,0,0.863732,-0.20277,0
-0.857497,0.207095,0,0,0,0,0.857497,-0.207095,0
-0.851106,0.211382,0,0,0,0,0.851106,-0.211382,0
-0.844557,0.21563,0,0,0,0,0.844557,-0.21563,0
-0.837848,0.219838,0,0,0,0,0.837848,-0.219838,0
-0.830978,0.224003,0,0,0,0,0.830978,-0.224003,0
-0.823946,0.228124,0,0,0,0,0.823946,-0.228124,0
-0.816748,0.232199,0,0,0,0,0.816748,-0.232199,0
-0.809384,0.236227,0,0,0,0,0.809384,-0.236227,0
-0.801851,0.240206,0,0,0,0,0.801851,-0.240206,0
-0.794147,0.244133,0,0,0,0,0.794147,-0.244133,0
-0.78627,0.248008,0,0,0,0,0.78627,-0.248008,0
-0.778218,0.251827,0,0,0,0,0.778218,-0.251827,0
-0.769988,0.255588,0,0,0,0,0.769988,-0.255588,0
-0.761577,0.25929,0,0,0,0,0.761577,-0.25929,0
-0.752984,0.262929,0,0,0,0,0.752984,-0.262929,0
-0.744205,0.266504,0,0,0,0,0.744205,-0.266504,0
-0.735238,0.270011,0,0,0,0,0.735238,-0.270011,0
-0.726079,0.273448,0,0,0,0,0.726079,-0.273448,0
-0.716727,0.276811,0,0,0,0,0.716727,-0.276811,0
-0.707176,0.280099,0,0,0,0,0.707176,-0.280099,0
-0.697425,0.283306,0,0,0,0,0.697425,-0.283306,0
-0.68747,0.286431,0,0,0,0,0.68747,-0.286431,0
-0.677306,0.289469,0,0,0,0,0.677306,-0.289469,0
-0.666931,0.292417,0,0,0,0,0.666931,-0.292417,0
-0.656339,0.29527,0,0,0,0,0.656339,-0.29527,0
-0.645528,0.298023,0,0,0,0,0.645528,-0.298023,0
-0.634492,0.300673,0,0,0,0,0.634492,-0.300673,0
-0.623227,0.303215,0,0,0,0,0.623227,-0.303215,0
-0.611727,0.305643,0,0,0,0,0.611727,-0.305643,0
-0.599989,0.307951,0,0,0,0,0.599989,-0.307951,0
-0.588006,0.310133,0,0,0,0,0.588006,-0.310133,0
-0.575773,0.312184,0,0,0,0,0.575773,-0.312184,0
-0.563284,0.314096,0,0,0,0,0.563284,-0.314096,0
-0.550532,0.315861,0,0,0,0,0.550532,-0.315861,0
-0.537511,0.317472,0,0,0,0,0.537511,-0.317472,0
-0.524214,0.318919,0,0,0,0,0.524214,-0.318919,0
-0.510633,0.320194,0,0,0,0,0.510633,-0.320194,0
-0.496761,0.321286,0,0,0,0,0.496761,-0.321286,0
-0.482589,0.322184,0,0,0,0,0.482589,-0.322184,0
-0.468108,0.322876,0,0,0,0,0.468108,-0.322876,0
-0.453308,0.323348,0,0,0,0,0.453308,-0.323348,0
-0.438181,0.323586,0,0,0,0,0.438181,-0.323586,0
-0.422714,0.323574,0,0,0,0,0.422714,-0.323574,0
-0.406897,0.323293,0,0,0,0,0.406897,-0.323293,0
-0.390718,0.322725,0,0,0,0,0.390718,-0.322725,0
-0.374163,0.321846,0,0,0,0,0.374163,-0.321846,0
-0.357219,0.320632,0,0,0,0,0.357219,-0.320632,0
-0.339872,0.319055,0,0,0,0,0.339872,-0.319055,0
-0.322105,0.317085,0,0,0,0,0.322105,-0.317085,0
-0.303902,0.314684,0,0,0,0,0.303902,-0.314684,0
-0.285245,0.311814,0,0,0,0,0.285245,-0.311814,0
-0.266115,0.308426,0,0,0,0,0.266115,-0.308426,0
-0.246493,0.304468,0,0,0,0,0.246493,-0.304468,0
-0.226359,0.299875,0,0,0,0,0.226359,-0.299875,0
-0.205692,0.294575,0,0,0,0,0.205692,-0.294575,0
-0.18447,0.288479,0,0,0,0,0.18447,-0.288479,0
-0.162673,0.281483,0,0,0,0,0.162673,-0.281483,0
-0.140286,0.273461,0,0,0,0,0.140286,-0.273461,0
-0.117295,0.264259,0,0,0,0,0.117295,-0.264259,0
-0.0936991,0.253686,0,0,0,0,0.0936991,-0.253686,0
-0.0695134,0.241504,0,0,0,0,0.0695134,-0.241504,0
-0.0447845,0.227414,0,0,0,0,0.0447845,-0.227414,0
-0.0196137,0.211032,0,0,0,0,0.0196137,-0.211032,0
0.00580105,0.191869,0,0,0,0,-0.00580105,-0.191869,0
0.0310889,0.169302,0,0,0,0,-0.0310889,-0.169302,0
0.0555726,0.14258,0,0,0,0,-0.0555726,-0.14258,0
0.0780514,0.110903,0,0,0,0,-0.0780514,-0.110903,0
0.0965444,0.0737478,0,0,0,0,-0.0965444,-0.0737478,0
0.108311,0.0316205,0,0,0,0,-0.108311,-0.0316205,0
0.110837,-0.0131198,0,0,0,0,-0.110837,0.0131198,0
0.103631,-0.0567543,0,0,0,0,-0.103631,0.0567543,0
0.0886328,-0.0962667,0,0,0,0,-0.0886328,0.0962667,0
0.0686315,-0.13052,0,0,0,0,-0.0686315,0.13052,0
0.0458838,-0.159721,0,0,0,0,-0.0458838,0.159721,0
0.0218369,-0.184571,0,0,0,0,-0.0218369,0.184571,0
-0.00266449,-0.205819,0,0,0,0,0.00266449,0.205819,0
-0.0271445,-0.224105,0,0,0,0,0.0271445,0.224105,0
-0.0513391,-0.239948,0,0,0,0,0.0513391,0.239948,0
-0.0751047,-0.253753,0,0,0,0,0.0751047,0.253753,0
-0.098367,-0.265841,0,0,0,0,0.098367,0.265841,0
-0.121091,-0.276466,0,0,0,0,0.121091,0.276466,0
-0.143266,-0.285831,0,0,0,0,0.143266,0.285831,0
-0.164894,-0.294101,0,0,0,0,0.164894,0.294101,0
-0.185984,-0.301409,0,0,0,0,0.185984,0.301409,0
-0.206551,-0.307868,0,0,0,0,0.206551,0.307868,0
-0.226611,-0.313571,0,0,0,0,0.226611,0.313571,0
-0.246182,-0.318595,0,0,0,0,0.246182,0.318595,0
-0.265282,-0.323009,0,0,0,0,0.265282,0.323009,0
-0.283928,-0.326869,0,0,0,0,0.283928,0.326869,0
-0.302136,-0.330225,0,0,0,0,0.302136,0.330225,0
-0.319923,-0.333121,0,0,0,0,0.319923,0.333121,0
-0.337304,-0.335593,0,0,0,0,0.337304,0.335593,0
-0.354293,-0.337676,0,0,0,0,0.354293,0.337676,0
-0.370905,-0.339398,0,0,0,0,0.370905,0.339398,0
-0.387152,-0.340787,0,0,0,0,0.387152,0.340787,0
-0.403046,-0.341864,0,0,0,0,0.403046,0.341864,0
-0.418599,-0.342652,0,0,0,0,0.418599,0.342652,0
-0.433821,-0.34317,0,0,0,0,0.433821,0.34317,0
-0.448723,-0.343433,0,0,0,0,0.448723,0.343433,0
-0.463314,-0.343459,0,0,0,0,0.463314,0.343459,0
-0.477602,-0.343261,0,0,0,0,0.477602,0.343261,0
-0.491598,-0.342852,0,0,0,0,0.491598,0.342852,0
-0.505308,-0.342243,0,0,0,0,0.505308,0.342243,0
-0.51874,-0.341447,0,0,0,0,0.51874,0.341447,0
-0.531901,-0.340472,0,0,0,0,0.531901,0.340472,0
-0.544798,-0.339328,0,0,0,0,0.544798,0.339328,0
-0.557438,-0.338024,0,0,0,0,0.557438,0.338024,0
-0.569826,-0.336567,0,0,0,0,0.569826,0.336567,0
-0.581969,-0.334965,0,0,0,0,0.581969,0.334965,0
-0.593871,-0.333224,0,0,0,0,0.593871,0.333224,0
-0.605538,-0.331352,0,0,0,0,0.605538,0.331352,0
-0.616975,-0.329353,0,0,0,0,0.616975,0.329353,0
-0.628186,-0.327235,0,0,0,0,0.628186,0.327235,0
-0.639176,-0.325001,0,0,0,0,0.639176,0.325001,0
-0.64995,-0.322657,0,0,0,0,0.64995,0.322657,0
-0.660511,-0.320207,0,0,0,0,0.660511,0.320207,0
-0.670863,-0.317656,0,0,0,0,0.670863,0.317656,0
-0.681011,-0.315008,0,0,0,0,0.681011,0.315008,0
-0.690956,-0.312267,0,0,0,0,0.690956,0.312267,0
-0.700704,-0.309436,0,0,0,0,0.700704,0.309436,0
-0.710257,-0.30652,0,0,0,0,0.710257,0.30652,0
-0.719617,-0.30352,0,0,0,0,0.719617,0.30352,0
-0.728789,-0.300441,0,0,0,0,0.728789,0.300441,0
-0.737775,-0.297285,0,0,0,0,0.737775,0.297285,0
-0.746578,-0.294055,0,0,0,0,0.746578,0.294055,0
-0.7552,-0.290754,0,0,0,0,0.7552,0.290754,0
-0.763644,-0.287384,0,0,0,0,0.763644,0.287384,0
-0.771913,-0.283949,0,0,0,0,0.771913,0.283949,0
-0.780007,-0.280449,0,0,0,0,0.780007,0.280449,0
-0.787931,-0.276888,0,0,0,0,0.787931,0.276888,0
-0.795686,-0.273268,0,0,0,0,0.795686,0.273268,0
-0.803273,-0.26959,0,0,0,0,0.803273,0.26959,0
-0.810695,-0.265857,0,0,0,0,0.810695,0.265857,0
-0.817955,-0.26207,0,0,0,0,0.817955,0.26207,0
-0.825053,-0.258231,0,0,0,0,0.825053,0.258231,0
-0.831991,-0.254343,0,0,0,0,0.831991,0.254343,0
-0.838771,-0.250406,0,0,0,0,0.838771,0.250406,0
-0.845395,-0.246423,0,0,0,0,0.845395,0.246423,0
-0.851864,-0.242394,0,0,0,0,0.851864,0.242394,0
-0.85818,-0.238322,0,0,0,0,0.85818,0.238322,0
-0.864344,-0.234208,0,0,0,0,0.864344,0.234208,0
-0.870358,-0.230053,0,0,0,0,0.870358,0.230053,0
-0.876223,-0.225858,0,0,0,0,0.876223,0.225858,0
-0.881939,-0.221626,0,0,0,0,0.881939,0.221626,0
-0.88751,-0.217356,0,0,0,0,0.88751,0.217356,0
-0.892934,-0.213051,0,0,0,0,0.892934,0.213051,0
-0.898215,-0.208712,0,0,0,0,0.898215,0.208712,0
-0.903352,-0.204339,0,0,0,0,0.903352,0.204339,0
-0.908347,-0.199934,0,0,0,0,0.908347,0.199934,0
-0.913201,-0.195498,0,0,0,0,0.913201,0.195498,0
-0.917915,-0.191032,0,0,0,0,0.917915,0.191032,0
-0.922489,-0.186537,0,0,0,0,0.922489,0.186537,0
-0.926926,-0.182014,0,0,0,0,0.926926,0.182014,0
-0.931224,-0.177464,0,0,0,0,0.931224,0.177464,0
-0.935387,-0.172888,0,0,0,0,0.935387,0.172888,0
-0.939413,-0.168287,0,0,0,0,0.939413,0.168287,0
-0.943304,-0.163662,0,0,0,0,0.943304,0.163662,0
-0.947061,-0.159013,0,0,0,0,0.947061,0.159013,0
-0.950684,-0.154342,0,0,0,0,0.950684,0.154342,0
-0.954174,-0.14965,0,0,0,0,0.954174,0.14965,0
-0.957532,-0.144936,0,0,0,0,0.957532,0.144936,0
-0.960758,-0.140203,0,0,0,0,0.960758,0.140203,0
-0.963853,-0.135451,0,0,0,0,0.963853,0.135451,0
-0.966817,-0.13068,0,0,0,0,0.966817,0.13068,0
-0.969651,-0.125891,0,0,0,0,0.969651,0.125891,0
-0.972355,-0.121086,0,0,0,0,0.972355,0.121086,0
-0.97493,-0.116265,0,0,0,0,0.97493,0.116265,0
-0.977377,-0.111428,0,0,0,0,0.977377,0.111428,0
-0.979695,-0.106577,0,0,0,0,0.979695,0.106577,0
-0.981885,-0.101711,0,0,0,0,0.981885,0.101711,0
-0.983947,-0.0968328,0,0,0,0,0.983947,0.0968328,0
-0.985883,-0.0919418,0,0,0,0,0.985883,0.0919418,0
-0.987691,-0.087039,0,0,0,0,0.987691,0.087039,0
-0.989373,-0.082125,0,0,0,0,0.989373,0.082125,0
-0.990928,-0.0772004,0,0,0,0,0.990928,0.0772004,0
-0.992357,-0.0722661,0,0,0,0,0.992357,0.0722661,0
-0.99366,-0.0673226,0,0,0,0,0.99366,0.0673226,0
-0.994837,-0.0623706,0,0,0,0,0.994837,0.0623706,0
-0.995889,-0.0574107,0,0,0,0,0.995889,0.0574107,0
-0.996816,-0.0524436,0,0,0,0,0.996816,0.0524436,0
-0.997617,-0.0474698,0,0,0,0,0.997617,0.0474698,0
-0.998293,-0.0424902,0,0,0,0,0.998293,0.0424902,0
-0.998844,-0.0375052,0,0,0,0,0.998844,0.0375052,0
-0.99927,-0.0325155,0,0,0,0,0.99927,0.0325155,0
-0.99957,-0.0275217,0,0,0,0,0.99957,0.0275217,0
-0.999746,-0.0225245,0,0,0,0,0.999746,0.0225245,0
-0.999797,-0.0175245,0,0,0,0,0.999797,0.0175245,0
-0.999723,-0.0125223,0,0,0,0,0.999723,0.0125223,0
-0.999524,-0.0075185,0,0,0,0,0.999524,0.0075185,0
-0.9992,-0.00251378,0,0,0,0,0.9992,0.00251378,0
-0.99875,0.00249125,0,0,0,0,0.99875,-0.00249125,0
-0.998176,0.00749597,0,0,0,0,0.998176,-0.00749597,0
-0.997476,0.0124997,0,0,0,0,0.997476,-0.0124997,0
-0.99665,0.0175019,0,0,0,0,0.99665,-0.0175019,0
-0.995698,0.0225019,0,0,0,0,0.995698,-0.0225019,0
-0.994621,0.0274991,0,0,0,0,0.994621,-0.0274991,0
-0.993417,0.0324927,0,0,0,0,0.993417,-0.0324927,0
-0.992087,0.0374823,0,0,0,0,0.992087,-0.0374823,0
-0.99063,0.042467,0,0,0,0,0.99063,-0.042467,0
-0.989046,0.0474463,0,0,0,0,0.989046,-0.0474463,0
-0.987334,0.0524194,0,0,0,0,0.987334,-0.0524194,0
-0.985495,0.0573858,0,0,0,0,0.985495,-0.0573858,0
-0.983528,0.0623448,0,0,0,0,0.983528,-0.0623448,0
-0.981433,0.0672956,0,0,0,0,0.981433,-0.0672956,0
-0.979208,0.0722375,0,0,0,0,0.979208,-0.0722375,0
-0.976855,0.07717,0,0,0,0,0.976855,-0.07717,0
-0.974371,0.0820921,0,0,0,0,0.974371,-0.0820921,0
-0.971757,0.0870033,0,0,0,0,0.971757,-0.0870033,0
-0.969013,0.0919028,0,0,0,0,0.969013,-0.0919028,0
-0.966137,0.0967898,0,0,0,0,0.966137,-0.0967898,0
-0.963129,0.101664,0,0,0,0,0.963129,-0.101664,0
-0.959989,0.106523,0,0,0,0,0.959989,-0.106523,0
-0.956715,0.111368,0,0,0,0,0.956715,-0.111368,0
-0.953308,0.116198,0,0,0,0,0.953308,-0.116198,0
-0.949766,0.121011,0,0,0,0,0.949766,-0.121011,0
-0.946089,0.125807,0,0,0,0,0.946089,-0.125807,0
-0.942275,0.130584,0,0,0,0,0.942275,-0.130584,0
-0.938325,0.135343,0,0,0,0,0.938325,-0.135343,0
-0.934238,0.140082,0,0,0,0,0.934238,-0.140082,0
-0.930011,0.1448,0,0,0,0,0.930011,-0.1448,0
-0.925646,0.149497,0,0,0,0,0.925646,-0.149497,0
-0.92114,0.15417,0,0,0,0,0.92114,-0.15417,0
-0.916492,0.158821,0,0,0,0,0.916492,-0.158821,0
-0.911703,0.163446,0,0,0,0,0.911703,-0.163446,0
-0.90677,0.168046,0,0,0,0,0.90677,-0.168046,0
-0.901692,0.172619,0,0,0,0,0.901692,-0.172619,0
-0.896469,0.177164,0,0,0,0,0.896469,-0.177164,0
-0.891098,0.18168,0,0,0,0,0.891098,-0.18168,0
-0.88558,0.186165,0,0,0,0,0.88558,-0.186165,0
-0.879912,0.19062,0,0,0,0,0.879912,-0.19062,0
-0.874094,0.195042,0,0,0,0,0.874094,-0.195042,0
-0.868124,0.199429,0,0,0,0,0.868124,-0.199429,0
-0.862,0.203782,0,0,0,0,0.862,-0.203782,0
-0.855721,0.208098,0,0,0,0,0.855721,-0.208098,0
-0.849285,0.212376,0,0,0,0,0.849285,-0.212376,0
-0.842691,0.216614,0,0,0,0,0.842691,-0.216614,0
-0.835937,0.220811,0,0,0,0,0.835937,-0.220811,0
-0.829021,0.224965,0,0,0,0,0.829021,-0.224965,0
-0.821942,0.229075,0,0,0,0,0.821942,-0.229075,0
-0.814698,0.233139,0,0,0,0,0.814698,-0.233139,0
-0.807286,0.237155,0,0,0,0,0.807286,-0.237155,0
-0.799705,0.241122,0,0,0,0,0.799705,-0.241122,0
-0.791952,0.245036,0,0,0,0,0.791952,-0.245036,0
-0.784026,0.248897,0,0,0,0,0.784026,-0.248897,0
-0.775923,0.252702,0,0,0,0,0.775923,-0.252702,0
-0.767642,0.256448,0,0,0,0,0.767642,-0.256448,0
-0.75918,0.260135,0,0,0,0,0.75918,-0.260135,0
-0.750534,0.263758,0,0,0,0,0.750534,-0.263758,0
-0.741702,0.267316,0,0,0,0,0.741702,-0.267316,0
-0.732681,0.270805,0,0,0,0,0.732681,-0.270805,0
-0.723468,0.274224,0,0,0,0,0.723468,-0.274224,0
-0.714059,0.277569,0,0,0,0,0.714059,-0.277569,0
-0.704452,0.280836,0,0,0,0,0.704452,-0.280836,0
-0.694642,0.284023,0,0,0,0,0.694642,-0.284023,0
-0.684628,0.287126,0,0,0,0,0.684628,-0.287126,0
-0.674404,0.290141,0,0,0,0,0.674404,-0.290141,0
-0.663967,0.293064,0,0,0,0,0.663967,-0.293064,0
-0.653313,0.295892,0,0,0,0,0.653313,-0.295892,0
-0.642438,0.298619,0,0,0,0,0.642438,-0.298619,0
-0.631337,0.301242,0,0,0,0,0.631337,-0.301242,0
-0.620005,0.303754,0,0,0,0,0.620005,-0.303754,0
-0.608438,0.306151,0,0,0,0,0.608438,-0.306151,0
-0.59663,0.308427,0,0,0,0,0.59663,-0.308427,0
-0.584576,0.310575,0,0,0,0,0.584576,-0.310575,0
-0.57227,0.31259,0,0,0,0,0.57227,-0.31259,0
-0.559706,0.314463,0,0,0,0,0.559706,-0.314463,0
-0.546877,0.316188,0,0,0,0,0.546877,-0.316188,0
-0.533777,0.317756,0,0,0,0,0.533777,-0.317756,0
-0.520399,0.319159,0,0,0,0,0.520399,-0.319159,0
-0.506735,0.320386,0,0,0,0,0.506735,-0.320386,0
-0.492777,0.321427,0,0,0,0,0.492777,-0.321427,0
-0.478517,0.32227,0,0,0,0,0.478517,-0.32227,0
-0.463944,0.322904,0,0,0,0,0.463944,-0.322904,0
-0.449051,0.323314,0,0,0,0,0.449051,-0.323314,0
-0.433826,0.323486,0,0,0,0,0.433826,-0.323486,0
-0.418259,0.323402,0,0,0,0,0.418259,-0.323402,0
-0.402339,0.323045,0,0,0,0,0.402339,-0.323045,0
-0.386052,0.322393,0,0,0,0,0.386052,-0.322393,0
-0.369386,0.321424,0,0,0,0,0.369386,-0.321424,0
-0.352326,0.320113,0,0,0,0,0.352326,-0.320113,0
-0.334858,0.318431,0,0,0,0,0.334858,-0.318431,0
-0.316966,0.316345,0,0,0,0,0.316966,-0.316345,0
-0.298632,0.313818,0,0,0,0,0.298632,-0.313818,0
-0.279839,0.310808,0,0,0,0,0.279839,-0.310808,0
-0.260568,0.307266,0,0,0,0,0.260568,-0.307266,0
-0.240799,0.303137,0,0,0,0,0.240799,-0.303137,0
-0.220511,0.298353,0,0,0,0,0.220511,-0.298353,0
-0.199683,0.292838,0,0,0,0,0.199683,-0.292838,0
-0.178295,0.286499,0,0,0,0,0.178295,-0.286499,0
-0.156327,0.279226,0,0,0,0,0.156327,-0.279226,0
-0.133763,0.270886,0,0,0,0,0.133763,-0.270886,0
-0.110594,0.261314,0,0,0,0,0.110594,-0.261314,0
-0.0868213,0.250309,0,0,0,0,0.0868213,-0.250309,0
-0.062468,0.237615,0,0,0,0,0.062468,-0.237615,0
-0.0375932,0.222912,0,0,0,0,0.0375932,-0.222912,0
-0.0123206,0.205787,0,0,0,0,0.0123206,-0.205787,0
0.0131116,0.185714,0,0,0,0,-0.0131116,-0.185714,0
0.0382612,0.162034,0,0,0,0,-0.0382612,-0.162034,0
0.0623254,0.133962,0,0,0,0,-0.0623254,-0.133962,0
0.0839019,0.10073,0,0,0,0,-0.0839019,-0.10073,0
0.100759,0.0620156,0,0,0,0,-0.100759,-0.0620156,0
0.110062,0.0188024,0,0,0,0,-0.110062,-0.0188024,0
0.109709,-0.0260118,0,0,0,0,-0.109709,0.0260118,0
0.099982,-0.0686852,0,0,0,0,-0.099982,0.0686852,0
0.0832664,-0.106718,0,0,0,0,-0.0832664,0.106718,0
0.062284,-0.139456,0,0,0,0,-0.062284,0.139456,0
0.0390505,-0.167324,0,0,0,0,-0.0390505,0.167324,0
0.0148119,-0.191064,0,0,0,0,-0.0148119,0.191064,0
-0.00971484,-0.2114,0,0,0,0,0.00971484,0.2114,0
-0.0341277,-0.228937,0,0,0,0,0.0341277,0.228937,0
-0.0582046,-0.244159,0,0,0,0,0.0582046,0.244159,0
-0.0818261,-0.257444,0,0,0,0,0.0818261,0.257444,0
-0.104931,-0.269091,0,0,0,0,0.104931,0.269091,0
-0.127494,-0.279338,0,0,0,0,0.127494,0.279338,0
-0.149507,-0.288377,0,0,0,0,0.149507,0.288377,0
-0.170975,-0.296361,0,0,0,0,0.170975,0.296361,0
-0.19191,-0.303418,0,0,0,0,0.19191,0.303418,0
-0.212327,-0.309655,0,0,0,0,0.212327,0.309655,0
-0.232242,-0.315159,0,0,0,0,0.232242,0.315159,0
-0.251673,-0.320006,0,0,0,0,0.251673,0.320006,0
-0.270639,-0.324259,0,0,0,0,0.270639,0.324259,0
-0.289155,-0.327974,0,0,0,0,0.289155,0.327974,0
-0.307238,-0.331198,0,0,0,0,0.307238,0.331198,0
-0.324905,-0.333972,0,0,0,0,0.324905,0.333972,0
-0.342171,-0.336333,0,0,0,0,0.342171,0.336333,0
-0.359049,-0.338313,0,0,0,0,0.359049,0.338313,0
-0.375553,-0.339941,0,0,0,0,0.375553,0.339941,0
-0.391696,-0.341241,0,0,0,0,0.391696,0.341241,0
-0.40749,-0.342238,0,0,0,0,0.40749,0.342238,0
-0.422946,-0.34295,0,0,0,0,0.422946,0.34295,0
-0.438074,-0.343396,0,0,0,0,0.438074,0.343396,0
-0.452885,-0.343594,0,0,0,0,0.452885,0.343594,0
-0.467387,-0.343557,0,0,0,0,0.467387,0.343557,0
-0.48159,-0.343301,0,0,0,0,0.48159,0.343301,0
-0.495502,-0.342836,0,0,0,0,0.495502,0.342836,0
-0.509131,-0.342176,0,0,0,0,0.509131,0.342176,0
-0.522484,-0.341331,0,0,0,0,0.522484,0.341331,0
-0.535568,-0.34031,0,0,0,0,0.535568,0.34031,0
-0.548391,-0.339122,0,0,0,0,0.548391,0.339122,0
-0.560957,-0.337776,0,0,0,0,0.560957,0.337776,0
-0.573274,-0.33628,0,0,0,0,0.573274,0.33628,0
-0.585347,-0.334641,0,0,0,0,0.585347,0.334641,0
-0.597181,-0.332865,0,0,0,0,0.597181,0.332865,0
-0.608781,-0.330959,0,0,0,0,0.608781,0.330959,0
-0.620153,-0.328928,0,0,0,0,0.620153,0.328928,0
-0.6313,-0.326779,0,0,0,0,0.6313,0.326779,0
-0.642228,-0.324516,0,0,0,0,0.642228,0.324516,0
-0.652941,-0.322144,0,0,0,0,0.652941,0.322144,0
-0.663441,-0.319667,0,0,0,0,0.663441,0.319667,0
-0.673735,-0.317091,0,0,0,0,0.673735,0.317091,0
-0.683824,-0.314418,0,0,0,0,0.683824,0.314418,0
-0.693712,-0.311653,0,0,0,0,0.693712,0.311653,0
-0.703404,-0.3088,0,0,0,0,0.703404,0.3088,0
-0.712902,-0.305862,0,0,0,0,0.712902,0.305862,0
-0.722208,-0.302841,0,0,0,0,0.722208,0.302841,0
-0.731327,-0.299742,0,0,0,0,0.731327,0.299742,0
-0.740261,-0.296567,0,0,0,0,0.740261,0.296567,0
-0.749012,-0.293319,0,0,0,0,0.749012,0.293319,0
-0.757583,-0.29,0,0,0,0,0.757583,0.29,0
-0.765977,-0.286614,0,0,0,0,0.765977,0.286614,0
-0.774195,-0.283162,0,0,0,0,0.774195,0.283162,0
-0.782241,-0.279646,0,0,0,0,0.782241,0.279646,0
-0.790117,-0.27607,0,0,0,0,0.790117,0.27607,0
-0.797824,-0.272435,0,0,0,0,0.797824,0.272435,0
-0.805364,-0.268743,0,0,0,0,0.805364,0.268743,0
-0.81274,-0.264996,0,0,0,0,0.81274,0.264996,0
-0.819954,-0.261196,0,0,0,0,0.819954,0.261196,0
-0.827006,-0.257345,0,0,0,0,0.827006,0.257345,0
-0.8339,-0.253444,0,0,0,0,0.8339,0.253444,0
-0.840636,-0.249496,0,0,0,0,0.840636,0.249496,0
-0.847216,-0.245501,0,0,0,0,0.847216,0.245501,0
-0.853642,-0.241462,0,0,0,0,0.853642,0.241462,0
-0.859915,-0.237379,0,0,0,0,0.859915,0.237379,0
-0.866036,-0.233254,0,0,0,0,0.866036,0.233254,0
-0.872008,-0.22909,0,0,0,0,0.872008,0.22909,0
-0.87783,-0.224886,0,0,0,0,0.87783,0.224886,0
-0.883506,-0.220644,0,0,0,0,0.883506,0.220644,0
-0.889035,-0.216365,0,0,0,0,0.889035,0.216365,0
-0.894419,-0.212052,0,0,0,0,0.894419,0.212052,0
-0.899659,-0.207704,0,0,0,0,0.899659,0.207704,0
-0.904756,-0.203323,0,0,0,0,0.904756,0.203323,0
-0.909711,-0.198911,0,0,0,0,0.909711,0.198911,0
-0.914526,-0.194467,0,0,0,0,0.914526,0.194467,0
-0.919201,-0.189994,0,0,0,0,0.919201,0.189994,0
-0.923736,-0.185492,0,0,0,0,0.923736,0.185492,0
-0.928134,-0.180963,0,0,0,0,0.928134,0.180963,0
-0.932394,-0.176406,0,0,0,0,0.932394,0.176406,0
-0.936518,-0.171824,0,0,0,0,0.936518,0.171824,0
-0.940507,-0.167217,0,0,0,0,0.940507,0.167217,0
-0.94436,-0.162586,0,0,0,0,0.94436,0.162586,0
-0.94808,-0.157932,0,0,0,0,0.94808,0.157932,0
-0.951666,-0.153256,0,0,0,0,0.951666,0.153256,0
-0.955119,-0.148558,0,0,0,0,0.955119,0.148558,0
-0.95844,-0.14384,0,0,0,0,0.95844,0.14384,0
-0.961629,-0.139102,0,0,0,0,0.961629,0.139102,0
-0.964687,-0.134345,0,0,0,0,0.964687,0.134345,0
-0.967615,-0.129569,0,0,0,0,0.967615,0.129569,0
-0.970413,-0.124777,0,0,0,0,0.970413,0.124777,0
-0.973081,-0.119968,0,0,0,0,0.973081,0.119968,0
-0.97562,-0.115142,0,0,0,0,0.97562,0.115142,0
-0.97803,-0.110302,0,0,0,0,0.97803,0.110302,0
-0.980313,-0.105447,0,0,0,0,0.980313,0.105447,0
-0.982467,-0.100579,0,0,0,0,0.982467,0.100579,0
-0.984494,-0.095697,0,0,0,0,0.984494,0.095697,0
-0.986394,-0.0908031,0,0,0,0,0.986394,0.0908031,0
-0.988167,-0.0858974,0,0,0,0,0.988167,0.0858974,0
-0.989813,-0.0809808,0,0,0,0,0.989813,0.0809808,0
-0.991333,-0.0760538,0,0,0,0,0.991333,0.0760538,0
-0.992727,-0.0711171,0,0,0,0,0.992727,0.0711171,0
-0.993995,-0.0661714,0,0,0,0,0.993995,0.0661714,0
-0.995138,-0.0612174,0,0,0,0,0.995138,0.0612174,0
-0.996155,-0.0562556,0,0,0,0,0.996155,0.0562556,0
-0.997046,-0.0512868,0,0,0,0,0.997046,0.0512868,0
-0.997812,-0.0463115,0,0,0,0,0.997812,0.0463115,0
-0.998454,-0.0413304,0,0,0,0,0.998454,0.0413304,0
-0.99897,-0.0363441,0,0,0,0,0.99897,0.0363441,0
-0.999361,-0.0313533,0,0,0,0,0.999361,0.0313533,0
-0.999627,-0.0263585,0,0,0,0,0.999627,0.0263585,0
-0.999768,-0.0213605,0,0,0,0,0.999768,0.0213605,0
-0.999784,-0.0163598,0,0,0,0,0.999784,0.0163598,0
-0.999675,-0.011357,0,0,0,0,0.999675,0.011357,0
-0.999441,-0.00635282,0,0,0,0,0.999441,0.00635282,0
-0.999082,-0.00134784,0,0,0,0,0.999082,0.00134784,0
-0.998598,0.0036573,0,0,0,0,0.998598,-0.0036573,0
-0.997988,0.00866198,0,0,0,0,0.997988,-0.00866198,0
-0.997253,0.0136656,0,0,0,0,0.997253,-0.0136656,0
-0.996392,0.0186675,0,0,0,0,0.996392,-0.0186675,0
-0.995406,0.023667,0,0,0,0,0.995406,-0.023667,0
-0.994293,0.0286635,0,0,0,0,0.994293,-0.0286635,0
-0.993054,0.0336564,0,0,0,0,0.993054,-0.0336564,0
-0.991689,0.0386449,0,0,0,0,0.991689,-0.0386449,0
-0.990196,0.0436286,0,0,0,0,0.990196,-0.0436286,0
-0.988577,0.0486066,0,0,0,0,0.988577,-0.0486066,0
-0.98683,0.0535784,0,0,0,0,0.98683,-0.0535784,0
-0.984955,0.0585432,0,0,0,0,0.984955,-0.0585432,0
-0.982952,0.0635005,0,0,0,0,0.982952,-0.0635005,0
-0.980821,0.0684494,0,0,0,0,0.980821,-0.0684494,0
-0.978561,0.0733893,0,0,0,0,0.978561,-0.0733893,0
-0.976171,0.0783195,0,0,0,0,0.976171,-0.0783195,0
-0.973651,0.0832393,0,0,0,0,0.973651,-0.0832393,0
-0.971001,0.0881479,0,0,0,0,0.971001,-0.0881479,0
-0.968219,0.0930446,0,0,0,0,0.968219,-0.0930446,0
-0.965307,0.0979287,0,0,0,0,0.965307,-0.0979287,0
-0.962262,0.102799,0,0,0,0,0.962262,-0.102799,0
-0.959084,0.107656,0,0,0,0,0.959084,-0.107656,0
-0.955774,0.112497,0,0,0,0,0.955774,-0.112497,0
-0.952329,0.117323,0,0,0,0,0.952329,-0.117323,0
-0.948749,0.122132,0,0,0,0,0.948749,-0.122132,0
-0.945034,0.126924,0,0,0,0,0.945034,-0.126924,0
-0.941182,0.131698,0,0,0,0,0.941182,-0.131698,0
-0.937194,0.136452,0,0,0,0,0.937194,-0.136452,0
-0.933068,0.141186,0,0,0,0,0.933068,-0.141186,0
-0.928802,0.145899,0,0,0,0,0.928802,-0.145899,0
-0.924397,0.15059,0,0,0,0,0.924397,-0.15059,0
-0.919852,0.155259,0,0,0,0,0.919852,-0.155259,0
-0.915165,0.159903,0,0,0,0,0.915165,-0.159903,0
-0.910335,0.164522,0,0,0,0,0.910335,-0.164522,0
-0.905361,0.169116,0,0,0,0,0.905361,-0.169116,0
-0.900243,0.173682,0,0,0,0,0.900243,-0.173682,0
-0.894978,0.178221,0,0,0,0,0.894978,-0.178221,0
-0.889567,0.18273,0,0,0,0,0.889567,-0.18273,0
-0.884007,0.187208,0,0,0,0,0.884007,-0.187208,0
-0.878297,0.191655,0,0,0,0,0.878297,-0.191655,0
-0.872436,0.196068,0,0,0,0,0.872436,-0.196068,0
-0.866422,0.200448,0,0,0,0,0.866422,-0.200448,0
-0.860254,0.204792,0,0,0,0,0.860254,-0.204792,0
-0.853931,0.209098,0,0,0,0,0.853931,-0.209098,0
-0.847451,0.213367,0,0,0,0,0.847451,-0.213367,0
-0.840812,0.217595,0,0,0,0,0.840812,-0.217595,0
-0.834013,0.221782,0,0,0,0,0.834013,-0.221782,0
-0.827051,0.225926,0,0,0,0,0.827051,-0.225926,0
-0.819926,0.230024,0,0,0,0,0.819926,-0.230024,0
-0.812634,0.234077,0,0,0,0,0.812634,-0.234077,0
-0.805175,0.238081,0,0,0,0,0.805175,-0.238081,0
-0.797545,0.242034,0,0,0,0,0.797545,-0.242034,0
-0.789743,0.245936,0,0,0,0,0.789743,-0.245936,0
-0.781767,0.249783,0,0,0,0,0.781767,-0.249783,0
-0.773614,0.253573,0,0,0,0,0.773614,-0.253573,0
-0.765282,0.257305,0,0,0,0,0.765282,-0.257305,0
-0.756768,0.260976,0,0,0,0,0.756768,-0.260976,0
-0.74807,0.264583,0,0,0,0,0.74807,-0.264583,0
-0.739184,0.268124,0,0,0,0,0.739184,-0.268124,0
-0.730108,0.271596,0,0,0,0,0.730108,-0.271596,0
-0.72084,0.274996,0,0,0,0,0.72084,-0.274996,0
-0.711375,0.278321,0,0,0,0,0.711375,-0.278321,0
-0.70171,0.281568,0,0,0,0,0.70171,-0.281568,0
-0.691843,0.284734,0,0,0,0,0.691843,-0.284734,0
-0.681769,0.287815,0,0,0,0,0.681769,-0.287815,0
-0.671485,0.290807,0,0,0,0,0.671485,-0.290807,0
-0.660986,0.293706,0,0,0,0,0.660986,-0.293706,0
-0.650269,0.296508,0,0,0,0,0.650269,-0.296508,0
-0.63933,0.299208,0,0,0,0,0.63933,-0.299208,0
-0.628163,0.301802,0,0,0,0,0.628163,-0.301802,0
-0.616764,0.304285,0,0,0,0,0.616764,-0.304285,0
-0.605129,0.306651,0,0,0,0,0.605129,-0.306651,0
-0.593251,0.308894,0,0,0,0,0.593251,-0.308894,0
-0.581125,0.311007,0,0,0,0,0.581125,-0.311007,0
-0.568745,0.312985,0,0,0,0,0.568745,-0.312985,0
-0.556105,0.31482,0,0,0,0,0.556105,-0.31482,0
-0.5432,0.316505,0,0,0,0,0.5432,-0.316505,0
-0.53002,0.318029,0,0,0,0,0.53002,-0.318029,0
-0.51656,0.319386,0,0,0,0,0.51656,-0.319386,0
-0.502812,0.320564,0,0,0,0,0.502812,-0.320564,0
-0.488768,0.321553,0,0,0,0,0.488768,-0.321553,0
-0.474418,0.322341,0,0,0,0,0.474418,-0.322341,0
-0.459754,0.322916,0,0,0,0,0.459754,-0.322916,0
-0.444766,0.323263,0,0,0,0,0.444766,-0.323263,0
-0.429443,0.323366,0,0,0,0,0.429443,-0.323366,0
-0.413775,0.32321,0,0,0,0,0.413775,-0.32321,0
-0.397749,0.322774,0,0,0,0,0.397749,-0.322774,0
-0.381354,0.322038,0,0,0,0,0.381354,-0.322038,0
-0.364575,0.320977,0,0,0,0,0.364575,-0.320977,0
-0.347398,0.319567,0,0,0,0,0.347398,-0.319567,0
-0.329808,0.317776,0,0,0,0,0.329808,-0.317776,0
-0.311789,0.315571,0,0,0,0,0.311789,-0.315571,0
-0.293324,0.312914,0,0,0,0,0.293324,-0.312914,0
-0.274393,0.309761,0,0,0,0,0.274393,-0.309761,0
-0.254979,0.30606,0,0,0,0,0.254979,-0.30606,0
-0.23506,0.301754,0,0,0,0,0.23506,-0.301754,0
-0.214617,0.296773,0,0,0,0,0.214617,-0.296773,0
-0.193627,0.291035,0,0,0,0,0.193627,-0.291035,0
-0.172071,0.284444,0,0,0,0,0.172071,-0.284444,0
-0.149929,0.276883,0,0,0,0,0.149929,-0.276883,0
-0.127188,0.268211,0,0,0,0,0.127188,-0.268211,0
-0.10384,0.258253,0,0,0,0,0.10384,-0.258253,0
-0.0798927,0.246794,0,0,0,0,0.0798927,-0.246794,0
-0.0553761,0.233562,0,0,0,0,0.0553761,-0.233562,0
-0.0303651,0.218211,0,0,0,0,0.0303651,-0.218211,0
-0.00500983,0.200299,0,0,0,0,0.00500983,-0.200299,0
0.0204043,0.179262,0,0,0,0,-0.0204043,-0.179262,0
0.0453503,0.1544,0,0,0,0,-0.0453503,-0.1544,0
0.06888,0.124911,0,0,0,0,-0.06888,-0.124911,0
0.089367,0.0900909,0,0,0,0,-0.089367,-0.0900909,0
0.104342,0.0498939,0,0,0,0,-0.104342,-0.0498939,0
0.110993,0.00584397,0,0,0,0,-0.110993,-0.00584397,0
0.107786,-0.038715,0,0,0,0,-0.107786,0.038715,0
0.095752,-0.0802156,0,0,0,0,-0.095752,0.0802156,0
0.077553,-0.11672,0,0,0,0,-0.077553,0.11672,0
0.0557575,-0.147986,0,0,0,0,-0.0557575,0.147986,0
0.0321404,-0.174585,0,0,0,0,-0.0321404,0.174585,0
0.00776824,-0.197276,0,0,0,0,-0.00776824,0.197276,0
-0.0167514,-0.216751,0,0,0,0,0.0167514,0.216751,0
-0.0410793,-0.23358,0,0,0,0,0.0410793,0.23358,0
-0.0650292,-0.248212,0,0,0,0,0.0650292,0.248212,0
-0.0885019,-0.261001,0,0,0,0,0.0885019,0.261001,0
-0.111448,-0.272227,0,0,0,0,0.111448,0.272227,0
-0.133849,-0.282112,0,0,0,0,0.133849,0.282112,0
-0.155701,-0.290837,0,0,0,0,0.155701,0.290837,0
-0.177011,-0.298547,0,0,0,0,0.177011,0.298547,0
-0.197792,-0.305362,0,0,0,0,0.197792,0.305362,0
-0.21806,-0.311384,0,0,0,0,0.21806,0.311384,0
-0.237832,-0.316696,0,0,0,0,0.237832,0.316696,0
-0.257125,-0.32137,0,0,0,0,0.257125,0.32137,0
-0.275957,-0.325467,0,0,0,0,0.275957,0.325467,0
-0.294345,-0.32904,0,0,0,0,0.294345,0.32904,0
-0.312305,-0.332135,0,0,0,0,0.312305,0.332135,0
-0.329854,-0.334791,0,0,0,0,0.329854,0.334791,0
-0.347005,-0.337043,0,0,0,0,0.347005,0.337043,0
-0.363773,-0.338923,0,0,0,0,0.363773,0.338923,0
-0.380171,-0.340459,0,0,0,0,0.380171,0.340459,0
-0.396211,-0.341673,0,0,0,0,0.396211,0.341673,0
-0.411906,-0.34259,0,0,0,0,0.411906,0.34259,0
-0.427265,-0.343227,0,0,0,0,0.427265,0.343227,0
-0.4423,-0.343604,0,0,0,0,0.4423,0.343604,0
-0.457021,-0.343737,0,0,0,0,0.457021,0.343737,0
-0.471435,-0.343639,0,0,0,0,0.471435,0.343639,0
-0.485553,-0.343325,0,0,0,0,0.485553,0.343325,0
-0.499383,-0.342807,0,0,0,0,0.499383,0.342807,0
-0.512931,-0.342096,0,0,0,0,0.512931,0.342096,0
-0.526206,-0.341202,0,0,0,0,0.526206,0.341202,0
-0.539214,-0.340136,0,0,0,0,0.539214,0.340136,0
-0.551962,-0.338905,0,0,0,0,0.551962,0.338905,0
-0.564456,-0.337519,0,0,0,0,0.564456,0.337519,0
-0.576702,-0.335984,0,0,0,0,0.576702,0.335984,0
-0.588705,-0.334308,0,0,0,0,0.588705,0.334308,0
-0.600472,-0.332497,0,0,0,0,0.600472,0.332497,0
-0.612006,-0.330557,0,0,0,0,0.612006,0.330557,0
-0.623312,-0.328495,0,0,0,0,0.623312,0.328495,0
-0.634397,-0.326315,0,0,0,0,0.634397,0.326315,0
-0.645262,-0.324023,0,0,0,0,0.645262,0.324023,0
-0.655913,-0.321623,0,0,0,0,0.655913,0.321623,0
-0.666354,-0.31912,0,0,0,0,0.666354,0.31912,0
-0.676589,-0.316519,0,0,0,0,0.676589,0.316519,0
-0.68662,-0.313822,0,0,0,0,0.68662,0.313822,0
-0.696452,-0.311034,0,0,0,0,0.696452,0.311034,0
-0.706088,-0.308158,0,0,0,0,0.706088,0.308158,0
-0.715531,-0.305198,0,0,0,0,0.715531,0.305198,0
-0.724784,-0.302158,0,0,0,0,0.724784,0.302158,0
-0.73385,-0.299039,0,0,0,0,0.73385,0.299039,0
-0.742731,-0.295845,0,0,0,0,0.742731,0.295845,0
-0.751431,-0.292578,0,0,0,0,0.751431,0.292578,0
-0.759951,-0.289242,0,0,0,0,0.759951,0.289242,0
-0.768295,-0.285839,0,0,0,0,0.768295,0.285839,0
-0.776464,-0.28237,0,0,0,0,0.776464,0.28237,0
-0.784462,-0.278839,0,0,0,0,0.784462,0.278839,0
-0.792289,-0.275248,0,0,0,0,0.792289,0.275248,0
-0.799949,-0.271599,0,0,0,0,0.799949,0.271599,0
-0.807442,-0.267893,0,0,0,0,0.807442,0.267893,0
-0.814772,-0.264132,0,0,0,0,0.814772,0.264132,0
-0.82194,-0.260319,0,0,0,0,0.82194,0.260319,0
-0.828947,-0.256456,0,0,0,0,0.828947,0.256456,0
-0.835796,-0.252543,0,0,0,0,0.835796,0.252543,0
-0.842488,-0.248583,0,0,0,0,0.842488,0.248583,0
-0.849024,-0.244577,0,0,0,0,0.849024,0.244577,0
-0.855407,-0.240527,0,0,0,0,0.855407,0.240527,0
-0.861637,-0.236433,0,0,0,0,0.861637,0.236433,0
-0.867716,-0.232299,0,0,0,0,0.867716,0.232299,0
-0.873645,-0.228124,0,0,0,0,0.873645,0.228124,0
-0.879426,-0.223911,0,0,0,0,0.879426,0.223911,0
-0.88506,-0.21966,0,0,0,0,0.88506,0.21966,0
-0.890549,-0.215373,0,0,0,0,0.890549,0.215373,0
-0.895892,-0.21105,0,0,0,0,0.895892,0.21105,0
-0.901092,-0.206695,0,0,0,0,0.901092,0.206695,0
-0.906149,-0.202306,0,0,0,0,0.906149,0.202306,0
-0.911065,-0.197886,0,0,0,0,0.911065,0.197886,0
-0.91584,-0.193435,0,0,0,0,0.91584,0.193435,0
-0.920475,-0.188955,0,0,0,0,0.920475,0.188955,0
-0.924972,-0.184446,0,0,0,0,0.924972,0.184446,0
-0.929331,-0.17991,0,0,0,0,0.929331,0.17991,0
-0.933553,-0.175347,0,0,0,0,0.933553,0.175347,0
-0.937639,-0.170759,0,0,0,0,0.937639,0.170759,0
-0.94159,-0.166146,0,0,0,0,0.94159,0.166146,0
-0.945406,-0.161509,0,0,0,0,0.945406,0.161509,0
-0.949088,-0.156849,0,0,0,0,0.949088,0.156849,0
-0.952637,-0.152168,0,0,0,0,0.952637,0.152168,0
-0.956053,-0.147465,0,0,0,0,0.956053,0.147465,0
-0.959337,-0.142742,0,0,0,0,0.959337,0.142742,0
-0.962489,-0.137999,0,0,0,0,0.962489,0.137999,0
-0.965511,-0.133238,0,0,0,0,0.965511,0.133238,0
-0.968402,-0.128458,0,0,0,0,0.968402,0.128458,0
-0.971164,-0.123661,0,0,0,0,0.971164,0.123661,0
-0.973796,-0.118848,0,0,0,0,0.973796,0.118848,0
-0.976299,-0.114019,0,0,0,0,0.976299,0.114019,0
-0.978674,-0.109175,0,0,0,0,0.978674,0.109175,0
-0.98092,-0.104317,0,0,0,0,0.98092,0.104317,0
-0.983039,-0.0994452,0,0,0,0,0.983039,0.0994452,0
-0.985031,-0.0945605,0,0,0,0,0.985031,0.0945605,0
-0.986895,-0.0896636,0,0,0,0,0.986895,0.0896636,0
-0.988633,-0.0847552,0,0,0,0,0.988633,0.0847552,0
-0.990244,-0.079836,0,0,0,0,0.990244,0.079836,0
-0.991729,-0.0749065,0,0,0,0,0.991729,0.0749065,0
-0.993088,-0.0699676,0,0,0,0,0.993088,0.0699676,0
-0.994321,-0.0650197,0,0,0,0,0.994321,0.0650197,0
-0.995428,-0.0600637,0,0,0,0,0.995428,0.0600637,0
-0.99641,-0.0551001,0,0,0,0,0.99641,0.0551001,0
-0.997267,-0.0501296,0,0,0,0,0.997267,0.0501296,0
-0.997998,-0.0451527,0,0,0,0,0.997998,0.0451527,0
-0.998605,-0.0401702,0,0,0,0,0.998605,0.0401702,0
-0.999086,-0.0351827,0,0,0,0,0.999086,0.0351827,0
-0.999442,-0.0301908,0,0,0,0,0.999442,0.0301908,0
-0.999673,-0.0251951,0,0,0,0,0.999673,0.0251951,0
-0.99978,-0.0201962,0,0,0,0,0.99978,0.0201962,0
-0.999761,-0.0151948,0,0,0,0,0.999761,0.0151948,0
-0.999617,-0.0101916,0,0,0,0,0.999617,0.0101916,0
-0.999349,-0.00518702,0,0,0,0,0.999349,0.00518702,0
-0.998955,-0.000181823,0,0,0,0,0.998955,0.000181823,0
-0.998436,0.0048234,0,0,0,0,0.998436,-0.0048234,0
-0.997791,0.00982802,0,0,0,0,0.997791,-0.00982802,0
-0.997021,0.0148314,0,0,0,0,0.997021,-0.0148314,0
-0.996125,0.0198329,0,0,0,0,0.996125,-0.0198329,0
-0.995103,0.0248319,0,0,0,0,0.995103,-0.0248319,0
-0.993956,0.0298278,0,0,0,0,0.993956,-0.0298278,0
-0.992681,0.0348198,0,0,0,0,0.992681,-0.0348198,0
-0.991281,0.0398075,0,0,0,0,0.991281,-0.0398075,0
-0.989753,0.04479,0,0,0,0,0.989753,-0.04479,0
-0.988098,0.0497667,0,0,0,0,0.988098,-0.0497667,0
-0.986315,0.0547371,0,0,0,0,0.986315,-0.0547371,0
-0.984405,0.0597003,0,0,0,0,0.984405,-0.0597003,0
-0.982366,0.0646558,0,0,0,0,0.982366,-0.0646558,0
-0.980199,0.0696028,0,0,0,0,0.980199,-0.0696028,0
-0.977903,0.0745406,0,0,0,0,0.977903,-0.0745406,0
-0.975477,0.0794686,0,0,0,0,0.975477,-0.0794686,0
-0.97292,0.0843859,0,0,0,0,0.97292,-0.0843859,0
-0.970234,0.0892919,0,0,0,0,0.970234,-0.0892919,0
-0.967416,0.0941859,0,0,0,0,0.967416,-0.0941859,0
-0.964466,0.099067,0,0,0,0,0.964466,-0.099067,0
-0.961385,0.103935,0,0,0,0,0.961385,-0.103935,0
-0.95817,0.108788,0,0,0,0,0.95817,-0.108788,0
-0.954822,0.113626,0,0,0,0,0.954822,-0.113626,0
-0.951339,0.118448,0,0,0,0,0.951339,-0.118448,0
-0.947722,0.123253,0,0,0,0,0.947722,-0.123253,0
-0.943968,0.128041,0,0,0,0,0.943968,-0.128041,0
-0.940079,0.13281,0,0,0,0,0.940079,-0.13281,0
-0.936052,0.137559,0,0,0,0,0.936052,-0.137559,0
-0.931886,0.142289,0,0,0,0,0.931886,-0.142289,0
-0.927582,0.146997,0,0,0,0,0.927582,-0.146997,0
-0.923138,0.151683,0,0,0,0,0.923138,-0.151683,0
-0.918553,0.156345,0,0,0,0,0.918553,-0.156345,0
-0.913826,0.160984,0,0,0,0,0.913826,-0.160984,0
-0.908956,0.165598,0,0,0,0,0.908956,-0.165598,0
-0.903942,0.170185,0,0,0,0,0.903942,-0.170185,0
-0.898782,0.174745,0,0,0,0,0.898782,-0.174745,0
-0.893476,0.179276,0,0,0,0,0.893476,-0.179276,0
-0.888023,0.183778,0,0,0,0,0.888023,-0.183778,0
-0.882421,0.188249,0,0,0,0,0.882421,-0.188249,0
-0.876669,0.192688,0,0,0,0,0.876669,-0.192688,0
-0.870765,0.197093,0,0,0,0,0.870765,-0.197093,0
-0.864708,0.201464,0,0,0,0,0.864708,-0.201464,0
-0.858497,0.205799,0,0,0,0,0.858497,-0.205799,0
-0.85213,0.210097,0,0,0,0,0.85213,-0.210097,0
-0.845605,0.214355,0,0,0,0,0.845605,-0.214355,0
-0.838921,0.218574,0,0,0,0,0.838921,-0.218574,0
-0.832076,0.22275,0,0,0,0,0.832076,-0.22275,0
-0.825068,0.226883,0,0,0,0,0.825068,-0.226883,0
-0.817896,0.230971,0,0,0,0,0.817896,-0.230971,0
-0.810557,0.235011,0,0,0,0,0.810557,-0.235011,0
-0.80305,0.239003,0,0,0,0,0.80305,-0.239003,0
-0.795371,0.242944,0,0,0,0,0.795371,-0.242944,0
-0.78752,0.246832,0,0,0,0,0.78752,-0.246832,0
-0.779494,0.250665,0,0,0,0,0.779494,-0.250665,0
-0.771291,0.254441,0,0,0,0,0.771291,-0.254441,0
-0.762907,0.258158,0,0,0,0,0.762907,-0.258158,0
-0.754341,0.261813,0,0,0,0,0.754341,-0.261813,0
-0.74559,0.265404,0,0,0,0,0.74559,-0.265404,0
-0.73665,0.268927,0,0,0,0,0.73665,-0.268927,0
-0.72752,0.272381,0,0,0,0,0.72752,-0.272381,0
-0.718196,0.275763,0,0,0,0,0.718196,-0.275763,0
-0.708674,0.279068,0,0,0,0,0.708674,-0.279068,0
-0.698952,0.282295,0,0,0,0,0.698952,-0.282295,0
-0.689026,0.285439,0,0,0,0,0.689026,-0.285439,0
-0.678893,0.288498,0,0,0,0,0.678893,-0.288498,0
-0.668548,0.291466,0,0,0,0,0.668548,-0.291466,0
-0.657987,0.29434,0,0,0,0,0.657987,-0.29434,0
-0.647207,0.297117,0,0,0,0,0.647207,-0.297117,0
-0.636203,0.29979,0,0,0,0,0.636203,-0.29979,0
-0.62497,0.302356,0,0,0,0,0.62497,-0.302356,0
-0.613504,0.304808,0,0,0,0,0.613504,-0.304808,0
-0.601799,0.307142,0,0,0,0,0.601799,-0.307142,0
-0.589851,0.309352,0,0,0,0,0.589851,-0.309352,0
-0.577652,0.31143,0,0,0,0,0.577652,-0.31143,0
-0.565199,0.313371,0,0,0,0,0.565199,-0.313371,0
-0.552483,0.315167,0,0,0,0,0.552483,-0.315167,0
-0.539499,0.31681,0,0,0,0,0.539499,-0.31681,0
-0.52624,0.31829,0,0,0,0,0.52624,-0.31829,0
-0.512698,0.3196,0,0,0,0,0.512698,-0.3196,0
-0.498865,0.320728,0,0,0,0,0.498865,-0.320728,0
-0.484733,0.321665,0,0,0,0,0.484733,-0.321665,0
-0.470293,0.322397,0,0,0,0,0.470293,-0.322397,0
-0.455537,0.322911,0,0,0,0,0.455537,-0.322911,0
-0.440453,0.323193,0,0,0,0,0.440453,-0.323193,0
-0.425031,0.323228,0,0,0,0,0.425031,-0.323228,0
-0.409261,0.322997,0,0,0,0,0.409261,-0.322997,0
-0.393129,0.32248,0,0,0,0,0.393129,-0.32248,0
-0.376623,0.321658,0,0,0,0,0.376623,-0.321658,0
-0.35973,0.320503,0,0,0,0,0.35973,-0.320503,0
-0.342435,0.318991,0,0,0,0,0.342435,-0.318991,0
-0.324722,0.317089,0,0,0,0,0.324722,-0.317089,0
-0.306575,0.314762,0,0,0,0,0.306575,-0.314762,0
-0.287976,0.311972,0,0,0,0,0.287976,-0.311972,0
-0.268906,0.308671,0,0,0,0,0.268906,-0.308671,0
-0.249347,0.304807,0,0,0,0,0.249347,-0.304807,0
-0.229277,0.300318,0,0,0,0,0.229277,-0.300318,0
-0.208676,0.295132,0,0,0,0,0.208676,-0.295132,0
-0.187522,0.289164,0,0,0,0,0.187522,-0.289164,0
-0.165796,0.282311,0,0,0,0,0.165796,-0.282311,0
-0.14348,0.27445,0,0,0,0,0.14348,-0.27445,0
-0.120561,0.265432,0,0,0,0,0.120561,-0.265432,0
-0.0970346,0.25507,0,0,0,0,0.0970346,-0.25507,0
-0.0729139,0.243135,0,0,0,0,0.0729139,-0.243135,0
-0.04824,0.229335,0,0,0,0,0.04824,-0.229335,0
-0.0231046,0.2133,0,0,0,0,0.0231046,-0.2133,0
0.00231057,0.194554,0,0,0,0,-0.00231057,-0.194554,0
0.027664,0.172494,0,0,0,0,-0.027664,-0.172494,0
0.0523294,0.146382,0,0,0,0,-0.0523294,-0.146382,0
0.0751903,0.115413,0,0,0,0,-0.0751903,-0.115413,0
0.094379,0.0789933,0,0,0,0,-0.094379,-0.0789933,0
0.107225,0.0374366,0,0,0,0,-0.107225,-0.0374366,0
0.111084,-0.00715874,0,0,0,0,-0.111084,0.00715874,0
0.105117,-0.0511501,0,0,0,0,-0.105117,0.0511501,0
0.0910126,-0.0913175,0,0,0,0,-0.0910126,0.0913175,0
0.0715489,-0.126282,0,0,0,0,-0.0715489,0.126282,0
0.0490875,-0.156127,0,0,0,0,-0.0490875,0.156127,0
0.0251738,-0.181522,0,0,0,0,-0.0251738,0.181522,0
0.000717309,-0.203222,0,0,0,0,-0.000717309,0.203222,0
-0.023768,-0.221885,0,0,0,0,0.023768,0.221885,0
-0.0479961,-0.238042,0,0,0,0,0.0479961,0.238042,0
-0.0718112,-0.252114,0,0,0,0,0.0718112,0.252114,0
-0.0951314,-0.264431,0,0,0,0,0.0951314,0.264431,0
-0.117918,-0.275254,0,0,0,0,0.117918,0.275254,0
-0.140156,-0.284793,0,0,0,0,0.140156,0.284793,0
-0.161848,-0.293216,0,0,0,0,0.161848,0.293216,0
-0.183001,-0.300661,0,0,0,0,0.183001,0.300661,0
-0.20363,-0.307243,0,0,0,0,0.20363,0.307243,0
-0.22375,-0.313057,0,0,0,0,0.22375,0.313057,0
-0.24338,-0.318183,0,0,0,0,0.24338,0.318183,0
-0.262537,-0.322689,0,0,0,0,0.262537,0.322689,0
-0.281237,-0.326635,0,0,0,0,0.281237,0.326635,0
-0.299499,-0.33007,0,0,0,0,0.299499,0.33007,0
-0.317337,-0.333038,0,0,0,0,0.317337,0.333038,0
-0.334769,-0.335579,0,0,0,0,0.334769,0.335579,0
-0.351807,-0.337725,0,0,0,0,0.351807,0.337725,0
-0.368466,-0.339508,0,0,0,0,0.368466,0.339508,0
-0.384758,-0.340952,0,0,0,0,0.384758,0.340952,0
-0.400697,-0.342083,0,0,0,0,0.400697,0.342083,0
-0.416293,-0.342921,0,0,0,0,0.416293,0.342921,0
-0.431557,-0.343486,0,0,0,0,0.431557,0.343486,0
-0.4465,-0.343794,0,0,0,0,0.4465,0.343794,0
-0.461131,-0.343863,0,0,0,0,0.461131,0.343863,0
-0.475459,-0.343705,0,0,0,0,0.475459,0.343705,0
-0.489492,-0.343335,0,0,0,0,0.489492,0.343335,0
-0.50324,-0.342764,0,0,0,0,0.50324,0.342764,0
-0.516708,-0.342003,0,0,0,0,0.516708,0.342003,0
-0.529905,-0.341062,0,0,0,0,0.529905,0.341062,0
-0.542838,-0.33995,0,0,0,0,0.542838,0.33995,0
-0.555512,-0.338677,0,0,0,0,0.555512,0.338677,0
-0.567934,-0.337251,0,0,0,0,0.567934,0.337251,0
-0.580109,-0.335677,0,0,0,0,0.580109,0.335677,0
-0.592044,-0.333965,0,0,0,0,0.592044,0.333965,0
-0.603743,-0.332119,0,0,0,0,0.603743,0.332119,0
-0.615211,-0.330147,0,0,0,0,0.615211,0.330147,0
-0.626454,-0.328053,0,0,0,0,0.626454,0.328053,0
-0.637475,-0.325844,0,0,0,0,0.637475,0.325844,0
-0.648278,-0.323523,0,0,0,0,0.648278,0.323523,0
-0.658869,-0.321096,0,0,0,0,0.658869,0.321096,0
-0.669251,-0.318567,0,0,0,0,0.669251,0.318567,0
-0.679427,-0.31594,0,0,0,0,0.679427,0.31594,0
-0.689401,-0.313219,0,0,0,0,0.689401,0.313219,0
-0.699176,-0.310408,0,0,0,0,0.699176,0.310408,0
-0.708757,-0.307511,0,0,0,0,0.708757,0.307511,0
-0.718145,-0.30453,0,0,0,0,0.718145,0.30453,0
-0.727344,-0.301469,0,0,0,0,0.727344,0.301469,0
-0.736357,-0.29833,0,0,0,0,0.736357,0.29833,0
-0.745186,-0.295118,0,0,0,0,0.745186,0.295118,0
-0.753835,-0.291833,0,0,0,0,0.753835,0.291833,0
-0.762305,-0.28848,0,0,0,0,0.762305,0.28848,0
-0.770599,-0.28506,0,0,0,0,0.770599,0.28506,0
-0.778719,-0.281575,0,0,0,0,0.778719,0.281575,0
-0.786668,-0.278029,0,0,0,0,0.786668,0.278029,0
-0.794448,-0.274423,0,0,0,0,0.794448,0.274423,0
-0.80206,-0.270759,0,0,0,0,0.80206,0.270759,0
-0.809507,-0.267039,0,0,0,0,0.809507,0.267039,0
-0.816791,-0.263265,0,0,0,0,0.816791,0.263265,0
-0.823913,-0.259439,0,0,0,0,0.823913,0.259439,0
-0.830875,-0.255563,0,0,0,0,0.830875,0.255563,0
-0.837679,-0.251639,0,0,0,0,0.837679,0.251639,0
-0.844327,-0.247667,0,0,0,0,0.844327,0.247667,0
-0.85082,-0.24365,0,0,0,0,0.85082,0.24365,0
-0.857159,-0.239589,0,0,0,0,0.857159,0.239589,0
-0.863347,-0.235485,0,0,0,0,0.863347,0.235485,0
-0.869384,-0.231341,0,0,0,0,0.869384,0.231341,0
-0.875271,-0.227156,0,0,0,0,0.875271,0.227156,0
-0.881011,-0.222933,0,0,0,0,0.881011,0.222933,0
-0.886603,-0.218673,0,0,0,0,0.886603,0.218673,0
-0.892051,-0.214378,0,0,0,0,0.892051,0.214378,0
-0.897354,-0.210047,0,0,0,0,0.897354,0.210047,0
-0.902513,-0.205683,0,0,0,0,0.902513,0.205683,0
-0.907531,-0.201287,0,0,0,0,0.907531,0.201287,0
-0.912407,-0.196859,0,0,0,0,0.912407,0.196859,0
-0.917143,-0.192401,0,0,0,0,0.917143,0.192401,0
-0.921739,-0.187913,0,0,0,0,0.921739,0.187913,0
-0.926197,-0.183398,0,0,0,0,0.926197,0.183398,0
-0.930518,-0.178855,0,0,0,0,0.930518,0.178855,0
-0.934702,-0.174286,0,0,0,0,0.934702,0.174286,0
-0.93875,-0.169692,0,0,0,0,0.93875,0.169692,0
-0.942663,-0.165073,0,0,0,0,0.942663,0.165073,0
-0.946441,-0.16043,0,0,0,0,0.946441,0.16043,0
-0.950086,-0.155765,0,0,0,0,0.950086,0.155765,0
-0.953597,-0.151079,0,0,0,0,0.953597,0.151079,0
-0.956976,-0.146371,0,0,0,0,0.956976,0.146371,0
-0.960223,-0.141643,0,0,0,0,0.960223,0.141643,0
-0.963339,-0.136895,0,0,0,0,0.963339,0.136895,0
-0.966325,-0.132129,0,0,0,0,0.966325,0.132129,0
-0.96918,-0.127346,0,0,0,0,0.96918,0.127346,0
-0.971905,-0.122545,0,0,0,0,0.971905,0.122545,0
-0.974501,-0.117728,0,0,0,0,0.974501,0.117728,0
-0.976968,-0.112895,0,0,0,0,0.976968,0.112895,0
-0.979307,-0.108048,0,0,0,0,0.979307,0.108048,0
-0.981518,-0.103186,0,0,0,0,0.981518,0.103186,0
-0.983602,-0.0983111,0,0,0,0,0.983602,0.0983111,0
-0.985558,-0.0934233,0,0,0,0,0.985558,0.0934233,0
-0.987387,-0.0885235,0,0,0,0,0.987387,0.0885235,0
-0.989089,-0.0836124,0,0,0,0,0.989089,0.0836124,0
-0.990665,-0.0786905,0,0,0,0,0.990665,0.0786905,0
-0.992115,-0.0737587,0,0,0,0,0.992115,0.0737587,0
-0.993438,-0.0688175,0,0,0,0,0.993438,0.0688175,0
-0.994636,-0.0638675,0,0,0,0,0.994636,0.0638675,0
-0.995709,-0.0589096,0,0,0,0,0.995709,0.0589096,0
-0.996656,-0.0539441,0,0,0,0,0.996656,0.0539441,0
-0.997478,-0.0489719,0,0,0,0,0.997478,0.0489719,0
-0.998174,-0.0439936,0,0,0,0,0.998174,0.0439936,0
-0.998746,-0.0390098,0,0,0,0,0.998746,0.0390098,0
-0.999192,-0.034021,0,0,0,0,0.999192,0.034021,0
-0.999514,-0.029028,0,0,0,0,0.999514,0.029028,0
-0.99971,-0.0240314,0,0,0,0,0.99971,0.0240314,0
-0.999782,-0.0190318,0,0,0,0,0.999782,0.0190318,0
-0.999728,-0.0140298,0,0,0,0,0.999728,0.0140298,0
-0.99955,-0.00902601,0,0,0,0,0.99955,0.00902601,0
-0.999246,-0.00402112,0,0,0,0,0.999246,0.00402112,0
-0.998817,0.000984275,0,0,0,0,0.998817,-0.000984275,0
-0.998263,0.00598955,0,0,0,0,0.998263,-0.00598955,0
-0.997584,0.0109941,0,0,0,0,0.997584,-0.0109941,0
-0.996779,0.0159972,0,0,0,0,0.996779,-0.0159972,0
-0.995848,0.0209983,0,0,0,0,0.995848,-0.0209983,0
-0.994791,0.0259968,0,0,0,0,0.994791,-0.0259968,0
-0.993608,0.0309919,0,0,0,0,0.993608,-0.0309919,0
-0.992299,0.0359831,0,0,0,0,0.992299,-0.0359831,0
-0.990863,0.0409698,0,0,0,0,0.990863,-0.0409698,0
-0.989299,0.0459511,0,0,0,0,0.989299,-0.0459511,0
-0.987609,0.0509266,0,0,0,0,0.987609,-0.0509266,0
-0.985791,0.0558955,0,0,0,0,0.985791,-0.0558955,0
-0.983845,0.0608571,0,0,0,0,0.983845,-0.0608571,0
-0.98177,0.0658108,0,0,0,0,0.98177,-0.0658108,0
-0.979567,0.0707558,0,0,0,0,0.979567,-0.0707558,0
-0.977235,0.0756915,0,0,0,0,0.977235,-0.0756915,0
-0.974772,0.0806171,0,0,0,0,0.974772,-0.0806171,0
-0.97218,0.085532,0,0,0,0,0.97218,-0.085532,0
-0.969456,0.0904354,0,0,0,0,0.969456,-0.0904354,0
-0.966602,0.0953265,0,0,0,0,0.966602,-0.0953265,0
-0.963616,0.100205,0,0,0,0,0.963616,-0.100205,0
-0.960497,0.105069,0,0,0,0,0.960497,-0.105069,0
-0.957245,0.109919,0,0,0,0,0.957245,-0.109919,0
-0.953859,0.114753,0,0,0,0,0.953859,-0.114753,0
-0.950339,0.119571,0,0,0,0,0.950339,-0.119571,0
-0.946683,0.124373,0,0,0,0,0.946683,-0.124373,0
-0.942892,0.129156,0,0,0,0,0.942892,-0.129156,0
-0.938964,0.133921,0,0,0,0,0.938964,-0.133921,0
-0.934898,0.138666,0,0,0,0,0.934898,-0.138666,0
-0.930694,0.14339,0,0,0,0,0.930694,-0.14339,0
-0.926351,0.148093,0,0,0,0,0.926351,-0.148093,0
-0.921867,0.152774,0,0,0,0,0.921867,-0.152774,0
-0.917243,0.157431,0,0,0,0,0.917243,-0.157431,0
-0.912475,0.162064,0,0,0,0,0.912475,-0.162064,0
-0.907565,0.166671,0,0,0,0,0.907565,-0.166671,0
-0.90251,0.171252,0,0,0,0,0.90251,-0.171252,0
-0.89731,0.175805,0,0,0,0,0.89731,-0.175805,0
-0.891963,0.18033,0,0,0,0,0.891963,-0.18033,0
-0.886468,0.184824,0,0,0,0,0.886468,-0.184824,0
-0.880824,0.189288,0,0,0,0,0.880824,-0.189288,0
-0.875029,0.193719,0,0,0,0,0.875029,-0.193719,0
-0.869082,0.198116,0,0,0,0,0.869082,-0.198116,0
-0.862982,0.202478,0,0,0,0,0.862982,-0.202478,0
-0.856727,0.206805,0,0,0,0,0.856727,-0.206805,0
-0.850315,0.211093,0,0,0,0,0.850315,-0.211093,0
-0.843746,0.215342,0,0,0,0,0.843746,-0.215342,0
-0.837017,0.21955,0,0,0,0,0.837017,-0.21955,0
-0.830126,0.223716,0,0,0,0,0.830126,-0.223716,0
-0.823072,0.227838,0,0,0,0,0.823072,-0.227838,0
-0.815853,0.231914,0,0,0,0,0.815853,-0.231914,0
-0.808466,0.235943,0,0,0,0,0.808466,-0.235943,0
-0.800911,0.239922,0,0,0,0,0.800911,-0.239922,0
-0.793184,0.24385,0,0,0,0,0.793184,-0.24385,0
-0.785283,0.247725,0,0,0,0,0.785283,-0.247725,0
-0.777207,0.251544,0,0,0,0,0.777207,-0.251544,0
-0.768953,0.255306,0,0,0,0,0.768953,-0.255306,0
-0.760518,0.259007,0,0,0,0,0.760518,-0.259007,0
-0.751899,0.262646,0,0,0,0,0.751899,-0.262646,0
-0.743095,0.26622,0,0,0,0,0.743095,-0.26622,0
-0.734101,0.269727,0,0,0,0,0.734101,-0.269727,0
-0.724916,0.273163,0,0,0,0,0.724916,-0.273163,0
-0.715536,0.276525,0,0,0,0,0.715536,-0.276525,0
-0.705958,0.279811,0,0,0,0,0.705958,-0.279811,0
-0.696178,0.283017,0,0,0,0,0.696178,-0.283017,0
-0.686193,0.286139,0,0,0,0,0.686193,-0.286139,0
-0.675999,0.289175,0,0,0,0,0.675999,-0.289175,0
-0.665593,0.292119,0,0,0,0,0.665593,-0.292119,0
-0.65497,0.294969,0,0,0,0,0.65497,-0.294969,0
-0.644127,0.297719,0,0,0,0,0.644127,-0.297719,0
-0.633057,0.300365,0,0,0,0,0.633057,-0.300365,0
-0.621758,0.302901,0,0,0,0,0.621758,-0.302901,0
-0.610224,0.305323,0,0,0,0,0.610224,-0.305323,0
-0.59845,0.307625,0,0,0,0,0.59845,-0.307625,0
-0.58643,0.309801,0,0,0,0,0.58643,-0.309801,0
-0.574159,0.311844,0,0,0,0,0.574159,-0.311844,0
-0.561631,0.313747,0,0,0,0,0.561631,-0.313747,0
-0.548839,0.315503,0,0,0,0,0.548839,-0.315503,0
-0.535776,0.317103,0,0,0,0,0.535776,-0.317103,0
-0.522436,0.318539,0,0,0,0,0.522436,-0.318539,0
-0.508811,0.319801,0,0,0,0,0.508811,-0.319801,0
-0.494892,0.320879,0,0,0,0,0.494892,-0.320879,0
-0.480673,0.321762,0,0,0,0,0.480673,-0.321762,0
-0.466142,0.322436,0,0,0,0,0.466142,-0.322436,0
-0.451292,0.322889,0,0,0,0,0.451292,-0.322889,0
-0.436111,0.323105,0,0,0,0,0.436111,-0.323105,0
-0.42059,0.323069,0,0,0,0,0.42059,-0.323069,0
-0.404716,0.322762,0,0,0,0,0.404716,-0.322762,0
-0.388477,0.322164,0,0,0,0,0.388477,-0.322164,0
-0.37186,0.321252,0,0,0,0,0.37186,-0.321252,0
-0.354852,0.320002,0,0,0,0,0.354852,-0.320002,0
-0.337437,0.318385,0,0,0,0,0.337437,-0.318385,0
-0.319599,0.316369,0,0,0,0,0.319599,-0.316369,0
-0.301322,0.313918,0,0,0,0,0.301322,-0.313918,0
-0.282588,0.310989,0,0,0,0,0.282588,-0.310989,0
-0.263377,0.307537,0,0,0,0,0.263377,-0.307537,0
-0.243671,0.303504,0,0,0,0,0.243671,-0.303504,0
-0.223448,0.298827,0,0,0,0,0.223448,-0.298827,0
-0.202687,0.29343,0,0,0,0,0.202687,-0.29343,0
-0.181368,0.287223,0,0,0,0,0.181368,-0.287223,0
-0.159471,0.280098,0,0,0,0,0.159471,-0.280098,0
-0.136978,0.271925,0,0,0,0,0.136978,-0.271925,0
-0.113881,0.262544,0,0,0,0,0.113881,-0.262544,0
-0.0901768,0.25176,0,0,0,0,0.0901768,-0.25176,0
-0.0658863,0.239324,0,0,0,0,0.0658863,-0.239324,0
-0.0410621,0.224926,0,0,0,0,0.0410621,-0.224926,0
-0.0158168,0.208166,0,0,0,0,0.0158168,-0.208166,0
0.00963088,0.188535,0,0,0,0,-0.00963088,-0.188535,0
0.034873,0.16539,0,0,0,0,-0.034873,-0.16539,0
0.0591665,0.137959,0,0,0,0,-0.0591665,-0.137959,0
0.0812037,0.105455,0,0,0,0,-0.0812037,-0.105455,0
0.098866,0.0674547,0,0,0,0,-0.098866,-0.0674547,0
0.109348,0.0247135,0,0,0,0,-0.109348,-0.0247135,0
0.110339,-0.0201074,0,0,0,0,-0.110339,0.0201074,0
0.101766,-0.063252,0,0,0,0,-0.101766,0.063252,0
0.0858333,-0.101976,0,0,0,0,-0.0858333,0.101976,0
0.0653041,-0.135414,0,0,0,0,-0.0653041,0.135414,0
0.0423041,-0.163897,0,0,0,0,-0.0423041,0.163897,0
0.018168,-0.188154,0,0,0,0,-0.018168,0.188154,0
-0.00633131,-0.208919,0,0,0,0,0.00633131,0.208919,0
-0.0307593,-0.226813,0,0,0,0,0.0307593,0.226813,0
-0.0548753,-0.242334,0,0,0,0,0.0548753,0.242334,0
-0.0785492,-0.255873,0,0,0,0,0.0785492,0.255873,0
-0.101714,-0.26774,0,0,0,0,0.101714,0.26774,0
-0.124339,-0.278178,0,0,0,0,0.124339,0.278178,0
-0.146416,-0.287383,0,0,0,0,0.146416,0.287383,0
-0.167948,-0.295516,0,0,0,0,0.167948,0.295516,0
-0.188946,-0.302706,0,0,0,0,0.188946,0.302706,0
-0.209424,-0.309062,0,0,0,0,0.209424,0.309062,0
-0.229399,-0.314675,0,0,0,0,0.229399,0.314675,0
-0.248888,-0.31962,0,0,0,0,0.248888,0.31962,0
-0.26791,-0.323964,0,0,0,0,0.26791,0.323964,0
-0.28648,-0.327762,0,0,0,0,0.28648,0.327762,0
-0.304617,-0.331063,0,0,0,0,0.304617,0.331063,0
-0.322335,-0.333909,0,0,0,0,0.322335,0.333909,0
-0.33965,-0.336337,0,0,0,0,0.33965,0.336337,0
-0.356576,-0.33838,0,0,0,0,0.356576,0.33838,0
-0.373127,-0.340066,0,0,0,0,0.373127,0.340066,0
-0.389315,-0.341422,0,0,0,0,0.389315,0.341422,0
-0.405153,-0.34247,0,0,0,0,0.405153,0.34247,0
-0.420652,-0.343232,0,0,0,0,0.420652,0.343232,0
-0.435822,-0.343725,0,0,0,0,0.435822,0.343725,0
-0.450673,-0.343966,0,0,0,0,0.450673,0.343966,0
-0.465215,-0.343972,0,0,0,0,0.465215,0.343972,0
-0.479457,-0.343756,0,0,0,0,0.479457,0.343756,0
-0.493407,-0.34333,0,0,0,0,0.493407,0.34333,0
-0.507073,-0.342706,0,0,0,0,0.507073,0.342706,0
-0.520463,-0.341896,0,0,0,0,0.520463,0.341896,0
-0.533583,-0.340909,0,0,0,0,0.533583,0.340909,0
-0.54644,-0.339753,0,0,0,0,0.54644,0.339753,0
-0.559041,-0.338439,0,0,0,0,0.559041,0.338439,0
-0.571391,-0.336972,0,0,0,0,0.571391,0.336972,0
-0.583497,-0.335361,0,0,0,0,0.583497,0.335361,0
-0.595363,-0.333613,0,0,0,0,0.595363,0.333613,0
-0.606995,-0.331733,0,0,0,0,0.606995,0.331733,0
-0.618398,-0.329729,0,0,0,0,0.618398,0.329729,0
-0.629577,-0.327604,0,0,0,0,0.629577,0.327604,0
-0.640535,-0.325365,0,0,0,0,0.640535,0.325365,0
-0.651277,-0.323016,0,0,0,0,0.651277,0.323016,0
-0.661807,-0.320562,0,0,0,0,0.661807,0.320562,0
-0.67213,-0.318007,0,0,0,0,0.67213,0.318007,0
-0.682248,-0.315355,0,0,0,0,0.682248,0.315355,0
-0.692165,-0.312611,0,0,0,0,0.692165,0.312611,0
-0.701884,-0.309777,0,0,0,0,0.701884,0.309777,0
-0.71141,-0.306858,0,0,0,0,0.71141,0.306858,0
-0.720744,-0.303856,0,0,0,0,0.720744,0.303856,0
-0.729889,-0.300775,0,0,0,0,0.729889,0.300775,0
-0.73885,-0.297617,0,0,0,0,0.73885,0.297617,0
-0.747627,-0.294386,0,0,0,0,0.747627,0.294386,0
-0.756225,-0.291084,0,0,0,0,0.756225,0.291084,0
-0.764644,-0.287713,0,0,0,0,0.764644,0.287713,0
-0.772889,-0.284276,0,0,0,0,0.772889,0.284276,0
-0.78096,-0.280776,0,0,0,0,0.78096,0.280776,0
-0.788861,-0.277214,0,0,0,0,0.788861,0.277214,0
-0.796593,-0.273594,0,0,0,0,0.796593,0.273594,0
-0.804158,-0.269915,0,0,0,0,0.804158,0.269915,0
-0.811559,-0.266182,0,0,0,0,0.811559,0.266182,0
-0.818796,-0.262395,0,0,0,0,0.818796,0.262395,0
-0.825873,-0.258556,0,0,0,0,0.825873,0.258556,0
-0.832791,-0.254668,0,0,0,0,0.832791,0.254668,0
-0.83955,-0.250732,0,0,0,0,0.83955,0.250732,0
-0.846154,-0.246748,0,0,0,0,0.846154,0.246748,0
-0.852604,-0.24272,0,0,0,0,0.852604,0.24272,0
-0.8589,-0.238648,0,0,0,0,0.8589,0.238648,0
-0.865045,-0.234535,0,0,0,0,0.865045,0.234535,0
-0.871039,-0.23038,0,0,0,0,0.871039,0.23038,0
-0.876885,-0.226186,0,0,0,0,0.876885,0.226186,0
-0.882583,-0.221954,0,0,0,0,0.882583,0.221954,0
-0.888135,-0.217685,0,0,0,0,0.888135,0.217685,0
-0.893542,-0.213381,0,0,0,0,0.893542,0.213381,0
-0.898804,-0.209042,0,0,0,0,0.898804,0.209042,0
-0.903924,-0.20467,0,0,0,0,0.903924,0.20467,0
-0.908901,-0.200265,0,0,0,0,0.908901,0.200265,0
-0.913738,-0.19583,0,0,0,0,0.913738,0.19583,0
-0.918434,-0.191365,0,0,0,0,0.918434,0.191365,0
-0.922992,-0.18687,0,0,0,0,0.922992,0.18687,0
-0.927412,-0.182348,0,0,0,0,0.927412,0.182348,0
-0.931694,-0.177799,0,0,0,0,0.931694,0.177799,0
-0.93584,-0.173224,0,0,0,0,0.93584,0.173224,0
-0.93985,-0.168623,0,0,0,0,0.93985,0.168623,0
-0.943725,-0.163999,0,0,0,0,0.943725,0.163999,0
-0.947465,-0.159351,0,0,0,0,0.947465,0.159351,0
-0.951073,-0.15468,0,0,0,0,0.951073,0.15468,0
-0.954547,-0.149988,0,0,0,0,0.954547,0.149988,0
-0.957889,-0.145275,0,0,0,0,0.957889,0.145275,0
-0.9611,-0.140543,0,0,0,0,0.9611,0.140543,0
-0.964179,-0.135791,0,0,0,0,0.964179,0.135791,0
-0.967128,-0.13102,0,0,0,0,0.967128,0.13102,0
-0.969947,-0.126232,0,0,0,0,0.969947,0.126232,0
-0.972636,-0.121428,0,0,0,0,0.972636,0.121428,0
-0.975196,-0.116607,0,0,0,0,0.975196,0.116607,0
-0.977628,-0.11177,0,0,0,0,0.977628,0.11177,0
-0.979931,-0.106919,0,0,0,0,0.979931,0.106919,0
-0.982106,-0.102054,0,0,0,0,0.982106,0.102054,0
-0.984154,-0.0971761,0,0,0,0,0.984154,0.0971761,0
-0.986074,-0.0922854,0,0,0,0,0.986074,0.0922854,0
-0.987868,-0.0873827,0,0,0,0,0.987868,0.0873827,0
-0.989535,-0.0824689,0,0,0,0,0.989535,0.0824689,0
-0.991076,-0.0775445,0,0,0,0,0.991076,0.0775445,0
-0.992491,-0.0726103,0,0,0,0,0.992491,0.0726103,0
-0.993779,-0.0676669,0,0,0,0,0.993779,0.0676669,0
-0.994942,-0.0627149,0,0,0,0,0.994942,0.0627149,0
-0.99598,-0.0577549,0,0,0,0,0.99598,0.0577549,0
-0.996892,-0.0527878,0,0,0,0,0.996892,0.0527878,0
-0.997679,-0.0478139,0,0,0,0,0.997679,0.0478139,0
-0.998341,-0.0428341,0,0,0,0,0.998341,0.0428341,0
-0.998877,-0.037849,0,0,0,0,0.998877,0.037849,0
-0.999289,-0.032859,0,0,0,0,0.999289,0.032859,0
-0.999576,-0.027865,0,0,0,0,0.999576,0.027865,0
-0.999737,-0.0228675,0,0,0,0,0.999737,0.0228675,0
-0.999774,-0.0178671,0,0,0,0,0.999774,0.0178671,0
-0.999686,-0.0128645,0,0,0,0,0.999686,0.0128645,0
-0.999473,-0.00786031,0,0,0,0,0.999473,0.00786031,0
-0.999134,-0.00285511,0,0,0,0,0.999134,0.00285511,0
-0.99867,0.00215044,0,0,0,0,0.99867,-0.00215044,0
-0.998081,0.00715573,0,0,0,0,0.998081,-0.00715573,0
-0.997367,0.0121601,0,0,0,0,0.997367,-0.0121601,0
-0.996527,0.017163,0,0,0,0,0.996527,-0.017163,0
-0.995561,0.0221637,0,0,0,0,0.995561,-0.0221637,0
-0.994469,0.0271615,0,0,0,0,0.994469,-0.0271615,0
-0.993251,0.032156,0,0,0,0,0.993251,-0.032156,0
-0.991906,0.0371463,0,0,0,0,0.991906,-0.0371463,0
-0.990435,0.0421319,0,0,0,0,0.990435,-0.0421319,0
-0.988836,0.0471121,0,0,0,0,0.988836,-0.0471121,0
-0.98711,0.0520862,0,0,0,0,0.98711,-0.0520862,0
-0.985257,0.0570535,0,0,0,0,0.985257,-0.0570535,0
-0.983275,0.0620135,0,0,0,0,0.983275,-0.0620135,0
-0.981164,0.0669653,0,0,0,0,0.981164,-0.0669653,0
-0.978925,0.0719084,0,0,0,0,0.978925,-0.0719084,0
-0.976556,0.0768419,0,0,0,0,0.976556,-0.0768419,0
-0.974058,0.0817652,0,0,0,0,0.974058,-0.0817652,0
-0.971429,0.0866776,0,0,0,0,0.971429,-0.0866776,0
-0.968669,0.0915783,0,0,0,0,0.968669,-0.0915783,0
-0.965778,0.0964665,0,0,0,0,0.965778,-0.0964665,0
-0.962754,0.101342,0,0,0,0,0.962754,-0.101342,0
-0.959598,0.106203,0,0,0,0,0.959598,-0.106203,0
-0.956309,0.111049,0,0,0,0,0.956309,-0.111049,0
-0.952886,0.11588,0,0,0,0,0.952886,-0.11588,0
-0.949328,0.120694,0,0,0,0,0.949328,-0.120694,0
-0.945635,0.125492,0,0,0,0,0.945635,-0.125492,0
-0.941805,0.130271,0,0,0,0,0.941805,-0.130271,0
-0.937839,0.135031,0,0,0,0,0.937839,-0.135031,0
-0.933734,0.139771,0,0,0,0,0.933734,-0.139771,0
-0.929491,0.144491,0,0,0,0,0.929491,-0.144491,0
-0.925109,0.149189,0,0,0,0,0.925109,-0.149189,0
-0.920586,0.153864,0,0,0,0,0.920586,-0.153864,0
-0.915921,0.158515,0,0,0,0,0.915921,-0.158515,0
-0.911114,0.163142,0,0,0,0,0.911114,-0.163142,0
-0.906163,0.167743,0,0,0,0,0.906163,-0.167743,0
-0.901067,0.172318,0,0,0,0,0.901067,-0.172318,0
-0.895826,0.176864,0,0,0,0,0.895826,-0.176864,0
-0.890438,0.181382,0,0,0,0,0.890438,-0.181382,0
-0.884901,0.185869,0,0,0,0,0.884901,-0.185869,0
-0.879214,0.190325,0,0,0,0,0.879214,-0.190325,0
-0.873377,0.194748,0,0,0,0,0.873377,-0.194748,0
-0.867387,0.199137,0,0,0,0,0.867387,-0.199137,0
-0.861243,0.203491,0,0,0,0,0.861243,-0.203491,0
-0.854944,0.207808,0,0,0,0,0.854944,-0.207808,0
-0.848488,0.212087,0,0,0,0,0.848488,-0.212087,0
-0.841874,0.216326,0,0,0,0,0.841874,-0.216326,0
-0.835099,0.220524,0,0,0,0,0.835099,-0.220524,0
-0.828163,0.22468,0,0,0,0,0.828163,-0.22468,0
-0.821062,0.22879,0,0,0,0,0.821062,-0.22879,0
-0.813796,0.232855,0,0,0,0,0.813796,-0.232855,0
-0.806362,0.236872,0,0,0,0,0.806362,-0.236872,0
-0.798758,0.240839,0,0,0,0,0.798758,-0.240839,0
-0.790982,0.244754,0,0,0,0,0.790982,-0.244754,0
-0.783032,0.248615,0,0,0,0,0.783032,-0.248615,0
-0.774906,0.25242,0,0,0,0,0.774906,-0.25242,0
-0.7666,0.256166,0,0,0,0,0.7666,-0.256166,0
-0.758113,0.259852,0,0,0,0,0.758113,-0.259852,0
-0.749442,0.263475,0,0,0,0,0.749442,-0.263475,0
-0.740584,0.267033,0,0,0,0,0.740584,-0.267033,0
-0.731537,0.270521,0,0,0,0,0.731537,-0.270521,0
-0.722296,0.273939,0,0,0,0,0.722296,-0.273939,0
-0.71286,0.277282,0,0,0,0,0.71286,-0.277282,0
-0.703225,0.280548,0,0,0,0,0.703225,-0.280548,0
-0.693387,0.283733,0,0,0,0,0.693387,-0.283733,0
-0.683342,0.286834,0,0,0,0,0.683342,-0.286834,0
-0.673089,0.289846,0,0,0,0,0.673089,-0.289846,0
-0.662621,0.292766,0,0,0,0,0.662621,-0.292766,0
-0.651935,0.295591,0,0,0,0,0.651935,-0.295591,0
-0.641027,0.298314,0,0,0,0,0.641027,-0.298314,0
-0.629893,0.300932,0,0,0,0,0.629893,-0.300932,0
-0.618527,0.303439,0,0,0,0,0.618527,-0.303439,0
-0.606924,0.30583,0,0,0,0,0.606924,-0.30583,0
-0.59508,0.3081,0,0,0,0,0.59508,-0.3081,0
-0.582989,0.310241,0,0,0,0,0.582989,-0.310241,0
-0.570644,0.312248,0,0,0,0,0.570644,-0.312248,0
-0.558041,0.314113,0,0,0,0,0.558041,-0.314113,0
-0.545171,0.315828,0,0,0,0,0.545171,-0.315828,0
-0.53203,0.317385,0,0,0,0,0.53203,-0.317385,0
-0.518608,0.318776,0,0,0,0,0.518608,-0.318776,0
-0.504899,0.319989,0,0,0,0,0.504899,-0.319989,0
-0.490895,0.321016,0,0,0,0,0.490895,-0.321016,0
-0.476586,0.321843,0,0,0,0,0.476586,-0.321843,0
-0.461964,0.322459,0,0,0,0,0.461964,-0.322459,0
-0.447019,0.322849,0,0,0,0,0.447019,-0.322849,0
-0.431741,0.322999,0,0,0,0,0.431741,-0.322999,0
-0.416119,0.322891,0,0,0,0,0.416119,-0.322891,0
-0.40014,0.322506,0,0,0,0,0.40014,-0.322506,0
-0.383793,0.321824,0,0,0,0,0.383793,-0.321824,0
-0.367064,0.320822,0,0,0,0,0.367064,-0.320822,0
-0.349939,0.319473,0,0,0,0,0.349939,-0.319473,0
-0.332402,0.317749,0,0,0,0,0.332402,-0.317749,0
-0.314439,0.315616,0,0,0,0,0.314439,-0.315616,0
-0.29603,0.313036,0,0,0,0,0.29603,-0.313036,0
-0.277159,0.309966,0,0,0,0,0.277159,-0.309966,0
-0.257806,0.306357,0,0,0,0,0.257806,-0.306357,0
-0.237951,0.302151,0,0,0,0,0.237951,-0.302151,0
-0.217573,0.297279,0,0,0,0,0.217573,-0.297279,0
-0.196651,0.291663,0,0,0,0,0.196651,-0.291663,0
-0.175164,0.285208,0,0,0,0,0.175164,-0.285208,0
-0.153094,0.2778,0,0,0,0,0.153094,-0.2778,0
-0.130425,0.269302,0,0,0,0,0.130425,-0.269302,0
-0.107148,0.259543,0,0,0,0,0.107148,-0.259543,0
-0.0832676,0.248315,0,0,0,0,0.0832676,-0.248315,0
-0.0588113,0.235353,0,0,0,0,0.0588113,-0.235353,0
-0.0338456,0.220323,0,0,0,0,0.0338456,-0.220323,0
-0.00850779,0.202796,0,0,0,0,0.00850779,-0.202796,0
0.0169395,0.182227,0,0,0,0,-0.0169395,-0.182227,0
0.04201,0.157931,0,0,0,0,-0.04201,-0.157931,0
0.0658245,0.129112,0,0,0,0,-0.0658245,-0.129112,0
0.0868609,0.0950315,0,0,0,0,-0.0868609,-0.0950315,0
0.102754,0.0555067,0,0,0,0,-0.102754,-0.0555067,0
0.110665,0.0118081,0,0,0,0,-0.110665,-0.0118081,0
0.108781,-0.0329079,0,0,0,0,-0.108781,0.0329079,0
0.0978007,-0.0749712,0,0,0,0,-0.0978007,0.0749712,0
0.0802791,-0.112186,0,0,0,0,-0.0802791,0.112186,0
0.0588622,-0.144131,0,0,0,0,-0.0588622,0.144131,0
0.0354332,-0.171317,0,0,0,0,-0.0354332,0.171317,0
0.0111374,-0.194497,0,0,0,0,-0.0111374,0.194497,0
-0.0133696,-0.214379,0,0,0,0,0.0133696,0.214379,0
-0.037721,-0.231546,0,0,0,0,0.037721,0.231546,0
-0.0617146,-0.246464,0,0,0,0,0.0617146,0.246464,0
-0.0852421,-0.259496,0,0,0,0,0.0852421,0.259496,0
-0.108249,-0.270933,0,0,0,0,0.108249,0.270933,0
-0.130713,-0.281002,0,0,0,0,0.130713,0.281002,0
-0.152629,-0.289888,0,0,0,0,0.152629,0.289888,0
-0.174002,-0.297741,0,0,0,0,0.174002,0.297741,0
-0.194846,-0.304685,0,0,0,0,0.194846,0.304685,0
-0.215174,-0.310823,0,0,0,0,0.215174,0.310823,0
-0.235005,-0.31624,0,0,0,0,0.235005,0.31624,0
-0.254356,-0.321011,0,0,0,0,0.254356,0.321011,0
-0.273244,-0.325196,0,0,0,0,0.273244,0.325196,0
-0.291686,-0.328851,0,0,0,0,0.291686,0.328851,0
-0.309699,-0.332021,0,0,0,0,0.309699,0.332021,0
-0.327298,-0.334747,0,0,0,0,0.327298,0.334747,0
-0.344498,-0.337065,0,0,0,0,0.344498,0.337065,0
-0.361314,-0.339007,0,0,0,0,0.361314,0.339007,0
-0.377758,-0.340599,0,0,0,0,0.377758,0.340599,0
-0.393843,-0.341868,0,0,0,0,0.393843,0.341868,0
-0.409581,-0.342836,0,0,0,0,0.409581,0.342836,0
-0.424983,-0.343522,0,0,0,0,0.424983,0.343522,0
-0.44006,-0.343945,0,0,0,0,0.44006,0.343945,0
-0.454821,-0.344121,0,0,0,0,0.454821,0.344121,0
-0.469275,-0.344065,0,0,0,0,0.469275,0.344065,0
-0.483431,-0.343791,0,0,0,0,0.483431,0.343791,0
-0.497298,-0.343311,0,0,0,0,0.497298,0.343311,0
-0.510884,-0.342636,0,0,0,0,0.510884,0.342636,0
-0.524195,-0.341777,0,0,0,0,0.524195,0.341777,0
-0.537238,-0.340744,0,0,0,0,0.537238,0.340744,0
-0.550021,-0.339545,0,0,0,0,0.550021,0.339545,0
-0.562549,-0.338189,0,0,0,0,0.562549,0.338189,0
-0.574828,-0.336684,0,0,0,0,0.574828,0.336684,0
-0.586864,-0.335036,0,0,0,0,0.586864,0.335036,0
-0.598663,-0.333252,0,0,0,0,0.598663,0.333252,0
-0.610229,-0.331339,0,0,0,0,0.610229,0.331339,0
-0.621567,-0.329302,0,0,0,0,0.621567,0.329302,0
-0.632681,-0.327147,0,0,0,0,0.632681,0.327147,0
-0.643577,-0.324878,0,0,0,0,0.643577,0.324878,0
-0.654258,-0.322502,0,0,0,0,0.654258,0.322502,0
-0.664729,-0.320021,0,0,0,0,0.664729,0.320021,0
-0.674992,-0.31744,0,0,0,0,0.674992,0.31744,0
-0.685052,-0.314765,0,0,0,0,0.685052,0.314765,0
-0.694913,-0.311997,0,0,0,0,0.694913,0.311997,0
-0.704576,-0.309141,0,0,0,0,0.704576,0.309141,0
-0.714047,-0.3062,0,0,0,0,0.714047,0.3062,0
-0.723327,-0.303177,0,0,0,0,0.723327,0.303177,0
-0.732419,-0.300076,0,0,0,0,0.732419,0.300076,0
-0.741327,-0.296899,0,0,0,0,0.741327,0.296899,0
-0.750053,-0.29365,0,0,0,0,0.750053,0.29365,0
-0.7586,-0.29033,0,0,0,0,0.7586,0.29033,0
-0.76697,-0.286942,0,0,0,0,0.76697,0.286942,0
-0.775165,-0.283489,0,0,0,0,0.775165,0.283489,0
-0.783187,-0.279973,0,0,0,0,0.783187,0.279973,0
-0.79104,-0.276396,0,0,0,0,0.79104,0.276396,0
-0.798724,-0.272761,0,0,0,0,0.798724,0.272761,0
-0.806243,-0.269069,0,0,0,0,0.806243,0.269069,0
-0.813597,-0.265322,0,0,0,0,0.813597,0.265322,0
-0.820789,-0.261522,0,0,0,0,0.820789,0.261522,0
-0.827821,-0.25767,0,0,0,0,0.827821,0.25767,0
-0.834693,-0.25377,0,0,0,0,0.834693,0.25377,0
-0.841409,-0.249822,0,0,0,0,0.841409,0.249822,0
-0.847969,-0.245827,0,0,0,0,0.847969,0.245827,0
-0.854375,-0.241788,0,0,0,0,0.854375,0.241788,0
-0.860628,-0.237706,0,0,0,0,0.860628,0.237706,0
-0.866731,-0.233582,0,0,0,0,0.866731,0.233582,0
-0.872683,-0.229417,0,0,0,0,0.872683,0.229417,0
-0.878487,-0.225214,0,0,0,0,0.878487,0.225214,0
-0.884144,-0.220972,0,0,0,0,0.884144,0.220972,0
-0.889655,-0.216695,0,0,0,0,0.889655,0.216695,0
-0.895021,-0.212382,0,0,0,0,0.895021,0.212382,0
-0.900243,-0.208034,0,0,0,0,0.900243,0.208034,0
-0.905323,-0.203654,0,0,0,0,0.905323,0.203654,0
-0.91026,-0.199242,0,0,0,0,0.91026,0.199242,0
-0.915058,-0.1948,0,0,0,0,0.915058,0.1948,0
-0.919715,-0.190327,0,0,0,0,0.919715,0.190327,0
-0.924234,-0.185826,0,0,0,0,0.924234,0.185826,0
-0.928615,-0.181297,0,0,0,0,0.928615,0.181297,0
-0.932859,-0.176741,0,0,0,0,0.932859,0.176741,0
-0.936966,-0.17216,0,0,0,0,0.936966,0.17216,0
-0.940939,-0.167553,0,0,0,0,0.940939,0.167553,0
-0.944776,-0.162923,0,0,0,0,0.944776,0.162923,0
-0.948479,-0.15827,0,0,0,0,0.948479,0.15827,0
-0.95205,-0.153594,0,0,0,0,0.95205,0.153594,0
-0.955487,-0.148897,0,0,0,0,0.955487,0.148897,0
-0.958792,-0.144179,0,0,0,0,0.958792,0.144179,0
-0.961966,-0.139441,0,0,0,0,0.961966,0.139441,0
-0.965009,-0.134685,0,0,0,0,0.965009,0.134685,0
-0.967921,-0.12991,0,0,0,0,0.967921,0.12991,0
-0.970704,-0.125118,0,0,0,0,0.970704,0.125118,0
-0.973357,-0.120309,0,0,0,0,0.973357,0.120309,0
-0.975881,-0.115484,0,0,0,0,0.975881,0.115484,0
-0.978277,-0.110645,0,0,0,0,0.978277,0.110645,0
-0.980544,-0.10579,0,0,0,0,0.980544,0.10579,0
-0.982684,-0.100922,0,0,0,0,0.982684,0.100922,0
-0.984696,-0.0960405,0,0,0,0,0.984696,0.0960405,0
-0.986581,-0.0911467,0,0,0,0,0.986581,0.0911467,0
-0.98834,-0.0862413,0,0,0,0,0.98834,0.0862413,0
-0.989972,-0.0813248,0,0,0,0,0.989972,0.0813248,0
-0.991477,-0.0763979,0,0,0,0,0.991477,0.0763979,0
-0.992857,-0.0714614,0,0,0,0,0.992857,0.0714614,0
-0.99411,-0.0665157,0,0,0,0,0.99411,0.0665157,0
-0.995238,-0.0615617,0,0,0,0,0.995238,0.0615617,0
-0.996241,-0.0565999,0,0,0,0,0.996241,0.0565999,0
-0.997118,-0.051631,0,0,0,0,0.997118,0.051631,0
-0.99787,-0.0466556,0,0,0,0,0.99787,0.0466556,0
-0.998497,-0.0416743,0,0,0,0,0.998497,0.0416743,0
-0.998999,-0.0366878,0,0,0,0,0.998999,0.0366878,0
-0.999376,-0.0316968,0,0,0,0,0.999376,0.0316968,0
-0.999628,-0.0267017,0,0,0,0,0.999628,0.0267017,0
-0.999755,-0.0217034,0,0,0,0,0.999755,0.0217034,0
-0.999757,-0.0167023,0,0,0,0,0.999757,0.0167023,0
-0.999634,-0.0116991,0,0,0,0,0.999634,0.0116991,0
-0.999385,-0.00669448,0,0,0,0,0.999385,0.00669448,0
-0.999012,-0.00168901,0,0,0,0,0.999012,0.00168901,0
-0.998514,0.00331668,0,0,0,0,0.998514,-0.00331668,0
-0.99789,0.00832194,0,0,0,0,0.99789,-0.00832194,0
-0.99714,0.0133262,0,0,0,0,0.99714,-0.0133262,0
-0.996265,0.0183287,0,0,0,0,0.996265,-0.0183287,0
-0.995264,0.0233289,0,0,0,0,0.995264,-0.0233289,0
-0.994137,0.0283262,0,0,0,0,0.994137,-0.0283262,0
-0.992884,0.0333199,0,0,0,0,0.992884,-0.0333199,0
-0.991504,0.0383093,0,0,0,0,0.991504,-0.0383093,0
-0.989997,0.0432938,0,0,0,0,0.989997,-0.0432938,0
-0.988363,0.0482728,0,0,0,0,0.988363,-0.0482728,0
-0.986601,0.0532455,0,0,0,0,0.986601,-0.0532455,0
-0.984712,0.0582113,0,0,0,0,0.984712,-0.0582113,0
-0.982694,0.0631696,0,0,0,0,0.982694,-0.0631696,0
-0.980548,0.0681195,0,0,0,0,0.980548,-0.0681195,0
-0.978273,0.0730605,0,0,0,0,0.978273,-0.0730605,0
-0.975868,0.0779919,0,0,0,0,0.975868,-0.0779919,0
-0.973333,0.0829128,0,0,0,0,0.973333,-0.0829128,0
-0.970668,0.0878226,0,0,0,0,0.970668,-0.0878226,0
-0.967871,0.0927206,0,0,0,0,0.967871,-0.0927206,0
-0.964943,0.0976059,0,0,0,0,0.964943,-0.0976059,0
-0.961883,0.102478,0,0,0,0,0.961883,-0.102478,0
-0.95869,0.107336,0,0,0,0,0.95869,-0.107336,0
-0.955363,0.112179,0,0,0,0,0.955363,-0.112179,0
-0.951902,0.117006,0,0,0,0,0.951902,-0.117006,0
-0.948306,0.121816,0,0,0,0,0.948306,-0.121816,0
-0.944575,0.126609,0,0,0,0,0.944575,-0.126609,0
-0.940707,0.131384,0,0,0,0,0.940707,-0.131384,0
-0.936702,0.13614,0,0,0,0,0.936702,-0.13614,0
-0.932559,0.140876,0,0,0,0,0.932559,-0.140876,0
-0.928277,0.14559,0,0,0,0,0.928277,-0.14559,0
-0.923855,0.150283,0,0,0,0,0.923855,-0.150283,0
-0.919293,0.154953,0,0,0,0,0.919293,-0.154953,0
-0.914588,0.159598,0,0,0,0,0.914588,-0.159598,0
-0.909741,0.164219,0,0,0,0,0.909741,-0.164219,0
-0.90475,0.168814,0,0,0,0,0.90475,-0.168814,0
-0.899613,0.173382,0,0,0,0,0.899613,-0.173382,0
-0.89433,0.177922,0,0,0,0,0.89433,-0.177922,0
-0.8889,0.182432,0,0,0,0,0.8889,-0.182432,0
-0.883322,0.186912,0,0,0,0,0.883322,-0.186912,0
-0.877593,0.19136,0,0,0,0,0.877593,-0.19136,0
-0.871713,0.195775,0,0,0,0,0.871713,-0.195775,0
-0.86568,0.200156,0,0,0,0,0.86568,-0.200156,0
-0.859492,0.204501,0,0,0,0,0.859492,-0.204501,0
-0.853149,0.208809,0,0,0,0,0.853149,-0.208809,0
-0.846649,0.213078,0,0,0,0,0.846649,-0.213078,0
-0.839989,0.217308,0,0,0,0,0.839989,-0.217308,0
-0.833169,0.221496,0,0,0,0,0.833169,-0.221496,0
-0.826186,0.22564,0,0,0,0,0.826186,-0.22564,0
-0.819039,0.22974,0,0,0,0,0.819039,-0.22974,0
-0.811726,0.233793,0,0,0,0,0.811726,-0.233793,0
-0.804244,0.237798,0,0,0,0,0.804244,-0.237798,0
-0.796591,0.241752,0,0,0,0,0.796591,-0.241752,0
-0.788766,0.245654,0,0,0,0,0.788766,-0.245654,0
-0.780767,0.249501,0,0,0,0,0.780767,-0.249501,0
-0.77259,0.253292,0,0,0,0,0.77259,-0.253292,0
-0.764233,0.257023,0,0,0,0,0.764233,-0.257023,0
-0.755694,0.260694,0,0,0,0,0.755694,-0.260694,0
-0.74697,0.2643,0,0,0,0,0.74697,-0.2643,0
-0.738058,0.267841,0,0,0,0,0.738058,-0.267841,0
-0.728956,0.271312,0,0,0,0,0.728956,-0.271312,0
-0.71966,0.274711,0,0,0,0,0.71966,-0.274711,0
-0.710168,0.278035,0,0,0,0,0.710168,-0.278035,0
-0.700475,0.28128,0,0,0,0,0.700475,-0.28128,0
-0.690578,0.284444,0,0,0,0,0.690578,-0.284444,0
-0.680475,0.287522,0,0,0,0,0.680475,-0.287522,0
-0.67016,0.290511,0,0,0,0,0.67016,-0.290511,0
-0.659631,0.293407,0,0,0,0,0.659631,-0.293407,0
-0.648882,0.296206,0,0,0,0,0.648882,-0.296206,0
-0.63791,0.298902,0,0,0,0,0.63791,-0.298902,0
-0.626709,0.301492,0,0,0,0,0.626709,-0.301492,0
-0.615276,0.303969,0,0,0,0,0.615276,-0.303969,0
-0.603605,0.306329,0,0,0,0,0.603605,-0.306329,0
-0.59169,0.308565,0,0,0,0,0.59169,-0.308565,0
-0.579526,0.310672,0,0,0,0,0.579526,-0.310672,0
-0.567108,0.312642,0,0,0,0,0.567108,-0.312642,0
-0.554429,0.314468,0,0,0,0,0.554429,-0.314468,0
-0.541482,0.316142,0,0,0,0,0.541482,-0.316142,0
-0.52826,0.317655,0,0,0,0,0.52826,-0.317655,0
-0.514756,0.319,0,0,0,0,0.514756,-0.319,0
-0.500963,0.320164,0,0,0,0,0.500963,-0.320164,0
-0.486872,0.321138,0,0,0,0,0.486872,-0.321138,0
-0.472473,0.32191,0,0,0,0,0.472473,-0.32191,0
-0.457759,0.322466,0,0,0,0,0.457759,-0.322466,0
-0.442719,0.322792,0,0,0,0,0.442719,-0.322792,0
-0.427342,0.322873,0,0,0,0,0.427342,-0.322873,0
-0.411617,0.322691,0,0,0,0,0.411617,-0.322691,0
-0.395533,0.322227,0,0,0,0,0.395533,-0.322227,0
-0.379077,0.32146,0,0,0,0,0.379077,-0.32146,0
-0.362234,0.320365,0,0,0,0,0.362234,-0.320365,0
-0.344991,0.318915,0,0,0,0,0.344991,-0.318915,0
-0.327332,0.317081,0,0,0,0,0.327332,-0.317081,0
-0.30924,0.314828,0,0,0,0,0.30924,-0.314828,0
-0.290699,0.312116,0,0,0,0,0.290699,-0.312116,0
-0.27169,0.308901,0,0,0,0,0.27169,-0.308901,0
-0.252192,0.305131,0,0,0,0,0.252192,-0.305131,0
-0.232186,0.300745,0,0,0,0,0.232186,-0.300745,0
-0.211651,0.295672,0,0,0,0,0.211651,-0.295672,0
-0.190566,0.289829,0,0,0,0,0.190566,-0.289829,0
-0.16891,0.283117,0,0,0,0,0.16891,-0.283117,0
-0.146666,0.275415,0,0,0,0,0.146666,-0.275415,0
-0.123818,0.266577,0,0,0,0,0.123818,-0.266577,0
-0.100362,0.256423,0,0,0,0,0.100362,-0.256423,0
-0.0763078,0.244729,0,0,0,0,0.0763078,-0.244729,0
-0.0516908,0.231213,0,0,0,0,0.0516908,-0.231213,0
-0.0265944,0.215515,0,0,0,0,0.0265944,-0.215515,0
-0.00118511,0.197176,0,0,0,0,0.00118511,-0.197176,0
0.0242226,0.175611,0,0,0,0,-0.0242226,-0.175611,0
0.0490501,0.150096,0,0,0,0,-0.0490501,-0.150096,0
0.0722602,0.119824,0,0,0,0,-0.0722602,-0.119824,0
0.0920967,0.0841446,0,0,0,0,-0.0920967,-0.0841446,0
0.105973,0.0431962,0,0,0,0,-0.105973,-0.0431962,0
0.111148,-0.00118636,0,0,0,0,-0.111148,0.00118636,0
0.106454,-0.0454752,0,0,0,0,-0.106454,0.0454752,0
0.0932933,-0.0862734,0,0,0,0,-0.0932933,0.0862734,0
0.0744091,-0.121951,0,0,0,0,-0.0744091,0.121951,0
0.0522611,-0.152451,0,0,0,0,-0.0522611,0.152451,0
0.0284967,-0.178405,0,0,0,0,-0.0284967,0.178405,0
0.00409444,-0.200568,0,0,0,0,-0.00409444,0.200568,0
-0.0203907,-0.219616,0,0,0,0,0.0203907,0.219616,0
-0.0446494,-0.236095,0,0,0,0,0.0446494,0.236095,0
-0.068512,-0.25044,0,0,0,0,0.068512,0.25044,0
-0.0918891,-0.26299,0,0,0,0,0.0918891,0.26299,0
-0.114737,-0.274015,0,0,0,0,0.114737,0.274015,0
-0.137039,-0.28373,0,0,0,0,0.137039,0.28373,0
-0.158794,-0.292309,0,0,0,0,0.158794,0.292309,0
-0.180011,-0.299893,0,0,0,0,0.180011,0.299893,0
-0.200701,-0.3066,0,0,0,0,0.200701,0.3066,0
-0.220882,-0.312526,0,0,0,0,0.220882,0.312526,0
-0.240571,-0.317755,0,0,0,0,0.240571,0.317755,0
-0.259784,-0.322355,0,0,0,0,0.259784,0.322355,0
-0.27854,-0.326387,0,0,0,0,0.27854,0.326387,0
-0.296855,-0.329902,0,0,0,0,0.296855,0.329902,0
-0.314746,-0.332944,0,0,0,0,0.314746,0.332944,0
-0.332227,-0.335554,0,0,0,0,0.332227,0.335554,0
-0.349314,-0.337765,0,0,0,0,0.349314,0.337765,0
-0.36602,-0.339607,0,0,0,0,0.36602,0.339607,0
-0.382358,-0.341108,0,0,0,0,0.382358,0.341108,0
-0.398341,-0.342292,0,0,0,0,0.398341,0.342292,0
-0.413981,-0.343181,0,0,0,0,0.413981,0.343181,0
-0.429287,-0.343793,0,0,0,0,0.429287,0.343793,0
-0.444271,-0.344147,0,0,0,0,0.444271,0.344147,0
-0.458942,-0.344259,0,0,0,0,0.458942,0.344259,0
-0.473309,-0.344142,0,0,0,0,0.473309,0.344142,0
-0.487381,-0.343811,0,0,0,0,0.487381,0.343811,0
-0.501166,-0.343277,0,0,0,0,0.501166,0.343277,0
-0.514671,-0.342552,0,0,0,0,0.514671,0.342552,0
-0.527904,-0.341645,0,0,0,0,0.527904,0.341645,0
-0.540872,-0.340567,0,0,0,0,0.540872,0.340567,0
-0.55358,-0.339325,0,0,0,0,0.55358,0.339325,0
-0.566036,-0.337929,0,0,0,0,0.566036,0.337929,0
-0.578245,-0.336385,0,0,0,0,0.578245,0.336385,0
-0.590212,-0.334701,0,0,0,0,0.590212,0.334701,0
-0.601943,-0.332882,0,0,0,0,0.601943,0.332882,0
-0.613443,-0.330936,0,0,0,0,0.613443,0.330936,0
-0.624717,-0.328867,0,0,0,0,0.624717,0.328867,0
-0.635768,-0.326682,0,0,0,0,0.635768,0.326682,0
-0.646602,-0.324385,0,0,0,0,0.646602,0.324385,0
-0.657222,-0.32198,0,0,0,0,0.657222,0.32198,0
-0.667633,-0.319473,0,0,0,0,0.667633,0.319473,0
-0.677838,-0.316868,0,0,0,0,0.677838,0.316868,0
-0.687841,-0.314168,0,0,0,0,0.687841,0.314168,0
-0.697644,-0.311377,0,0,0,0,0.697644,0.311377,0
-0.707253,-0.308498,0,0,0,0,0.707253,0.308498,0
-0.716668,-0.305536,0,0,0,0,0.716668,0.305536,0
-0.725895,-0.302493,0,0,0,0,0.725895,0.302493,0
-0.734934,-0.299372,0,0,0,0,0.734934,0.299372,0
-0.74379,-0.296177,0,0,0,0,0.74379,0.296177,0
-0.752465,-0.292909,0,0,0,0,0.752465,0.292909,0
-0.760961,-0.289572,0,0,0,0,0.760961,0.289572,0
-0.769281,-0.286167,0,0,0,0,0.769281,0.286167,0
-0.777427,-0.282698,0,0,0,0,0.777427,0.282698,0
-0.785401,-0.279166,0,0,0,0,0.785401,0.279166,0
-0.793206,-0.275575,0,0,0,0,0.793206,0.275575,0
-0.800843,-0.271925,0,0,0,0,0.800843,0.271925,0
-0.808314,-0.268218,0,0,0,0,0.808314,0.268218,0
-0.815623,-0.264458,0,0,0,0,0.815623,0.264458,0
-0.822769,-0.260645,0,0,0,0,0.822769,0.260645,0
-0.829755,-0.256781,0,0,0,0,0.829755,0.256781,0
-0.836584,-0.252869,0,0,0,0,0.836584,0.252869,0
-0.843255,-0.248909,0,0,0,0,0.843255,0.248909,0
-0.849771,-0.244903,0,0,0,0,0.849771,0.244903,0
-0.856134,-0.240853,0,0,0,0,0.856134,0.240853,0
-0.862345,-0.23676,0,0,0,0,0.862345,0.23676,0
-0.868405,-0.232626,0,0,0,0,0.868405,0.232626,0
-0.874315,-0.228452,0,0,0,0,0.874315,0.228452,0
-0.880078,-0.224239,0,0,0,0,0.880078,0.224239,0
-0.885693,-0.219989,0,0,0,0,0.885693,0.219989,0
-0.891163,-0.215702,0,0,0,0,0.891163,0.215702,0
-0.896489,-0.211381,0,0,0,0,0.896489,0.211381,0
-0.901671,-0.207025,0,0,0,0,0.901671,0.207025,0
-0.90671,-0.202637,0,0,0,0,0.90671,0.202637,0
-0.911609,-0.198218,0,0,0,0,0.911609,0.198218,0
-0.916367,-0.193767,0,0,0,0,0.916367,0.193767,0
-0.920985,-0.189288,0,0,0,0,0.920985,0.189288,0
-0.925465,-0.18478,0,0,0,0,0.925465,0.18478,0
-0.929808,-0.180244,0,0,0,0,0.929808,0.180244,0
-0.934013,-0.175682,0,0,0,0,0.934013,0.175682,0
-0.938083,-0.171095,0,0,0,0,0.938083,0.171095,0
-0.942017,-0.166482,0,0,0,0,0.942017,0.166482,0
-0.945817,-0.161846,0,0,0,0,0.945817,0.161846,0
-0.949483,-0.157187,0,0,0,0,0.949483,0.157187,0
-0.953016,-0.152506,0,0,0,0,0.953016,0.152506,0
-0.956416,-0.147804,0,0,0,0,0.956416,0.147804,0
-0.959685,-0.143081,0,0,0,0,0.959685,0.143081,0
-0.962822,-0.138339,0,0,0,0,0.962822,0.138339,0
-0.965828,-0.133578,0,0,0,0,0.965828,0.133578,0
-0.968704,-0.128799,0,0,0,0,0.968704,0.128799,0
-0.971451,-0.124003,0,0,0,0,0.971451,0.124003,0
-0.974068,-0.11919,0,0,0,0,0.974068,0.11919,0
-0.976556,-0.114362,0,0,0,0,0.976556,0.114362,0
-0.978916,-0.109518,0,0,0,0,0.978916,0.109518,0
-0.981148,-0.10466,0,0,0,0,0.981148,0.10466,0
-0.983252,-0.0997885,0,0,0,0,0.983252,0.0997885,0
-0.985229,-0.0949041,0,0,0,0,0.985229,0.0949041,0
-0.987078,-0.0900074,0,0,0,0,0.987078,0.0900074,0
-0.988801,-0.0850992,0,0,0,0,0.988801,0.0850992,0
-0.990398,-0.0801801,0,0,0,0,0.990398,0.0801801,0
-0.991868,-0.0752507,0,0,0,0,0.991868,0.0752507,0
-0.993213,-0.0703119,0,0,0,0,0.993213,0.0703119,0
-0.994432,-0.0653641,0,0,0,0,0.994432,0.0653641,0
-0.995525,-0.060408,0,0,0,0,0.995525,0.060408,0
-0.996492,-0.0554444,0,0,0,0,0.996492,0.0554444,0
-0.997335,-0.0504738,0,0,0,0,0.997335,0.0504738,0
-0.998052,-0.0454968,0,0,0,0,0.998052,0.0454968,0
-0.998644,-0.0405141,0,0,0,0,0.998644,0.0405141,0
-0.999111,-0.0355264,0,0,0,0,0.999111,0.0355264,0
-0.999453,-0.0305342,0,0,0,0,0.999453,0.0305342,0
-0.99967,-0.0255382,0,0,0,0,0.99967,0.0255382,0
-0.999762,-0.020539,0,0,0,0,0.999762,0.020539,0
-0.99973,-0.0155372,0,0,0,0,0.99973,0.0155372,0
-0.999572,-0.0105335,0,0,0,0,0.999572,0.0105335,0
-0.999289,-0.00552853,0,0,0,0,0.999289,0.00552853,0
-0.998881,-0.000522812,0,0,0,0,0.998881,0.000522812,0
-0.998347,0.00448297,0,0,0,0,0.998347,-0.00448297,0
-0.997688,0.00948818,0,0,0,0,0.997688,-0.00948818,0
-0.996904,0.0144922,0,0,0,0,0.996904,-0.0144922,0
-0.995994,0.0194944,0,0,0,0,0.995994,-0.0194944,0
-0.994958,0.0244941,0,0,0,0,0.994958,-0.0244941,0
-0.993795,0.0294907,0,0,0,0,0.993795,-0.0294907,0
-0.992507,0.0344836,0,0,0,0,0.992507,-0.0344836,0
-0.991092,0.0394721,0,0,0,0,0.991092,-0.0394721,0
-0.989549,0.0444555,0,0,0,0,0.989549,-0.0444555,0
-0.98788,0.0494332,0,0,0,0,0.98788,-0.0494332,0
-0.986083,0.0544045,0,0,0,0,0.986083,-0.0544045,0
-0.984158,0.0593688,0,0,0,0,0.984158,-0.0593688,0
-0.982104,0.0643253,0,0,0,0,0.982104,-0.0643253,0
-0.979922,0.0692733,0,0,0,0,0.979922,-0.0692733,0
-0.97761,0.0742123,0,0,0,0,0.97761,-0.0742123,0
-0.975169,0.0791413,0,0,0,0,0.975169,-0.0791413,0
-0.972598,0.0840599,0,0,0,0,0.972598,-0.0840599,0
-0.969896,0.0889671,0,0,0,0,0.969896,-0.0889671,0
-0.967063,0.0938623,0,0,0,0,0.967063,-0.0938623,0
-0.964098,0.0987447,0,0,0,0,0.964098,-0.0987447,0
-0.961001,0.103614,0,0,0,0,0.961001,-0.103614,0
-0.95777,0.108468,0,0,0,0,0.95777,-0.108468,0
-0.954406,0.113307,0,0,0,0,0.954406,-0.113307,0
-0.950908,0.118131,0,0,0,0,0.950908,-0.118131,0
-0.947274,0.122937,0,0,0,0,0.947274,-0.122937,0
-0.943505,0.127726,0,0,0,0,0.943505,-0.127726,0
-0.939599,0.132497,0,0,0,0,0.939599,-0.132497,0
-0.935555,0.137248,0,0,0,0,0.935555,-0.137248,0
-0.931373,0.141979,0,0,0,0,0.931373,-0.141979,0
-0.927052,0.146688,0,0,0,0,0.927052,-0.146688,0
-0.922591,0.151376,0,0,0,0,0.922591,-0.151376,0
-0.917989,0.15604,0,0,0,0,0.917989,-0.15604,0
-0.913244,0.16068,0,0,0,0,0.913244,-0.16068,0
-0.908356,0.165295,0,0,0,0,0.908356,-0.165295,0
-0.903324,0.169884,0,0,0,0,0.903324,-0.169884,0
-0.898147,0.174445,0,0,0,0,0.898147,-0.174445,0
-0.892823,0.178978,0,0,0,0,0.892823,-0.178978,0
-0.887351,0.183481,0,0,0,0,0.887351,-0.183481,0
-0.881731,0.187953,0,0,0,0,0.881731,-0.187953,0
-0.875959,0.192393,0,0,0,0,0.875959,-0.192393,0
-0.870036,0.1968,0,0,0,0,0.870036,-0.1968,0
-0.86396,0.201173,0,0,0,0,0.86396,-0.201173,0
-0.857729,0.205509,0,0,0,0,0.857729,-0.205509,0
-0.851342,0.209808,0,0,0,0,0.851342,-0.209808,0
-0.844796,0.214068,0,0,0,0,0.844796,-0.214068,0
-0.838092,0.218287,0,0,0,0,0.838092,-0.218287,0
-0.831226,0.222465,0,0,0,0,0.831226,-0.222465,0
-0.824197,0.226598,0,0,0,0,0.824197,-0.226598,0
-0.817003,0.230687,0,0,0,0,0.817003,-0.230687,0
-0.809642,0.234728,0,0,0,0,0.809642,-0.234728,0
-0.802112,0.23872,0,0,0,0,0.802112,-0.23872,0
-0.794411,0.242662,0,0,0,0,0.794411,-0.242662,0
-0.786537,0.24655,0,0,0,0,0.786537,-0.24655,0
-0.778487,0.250384,0,0,0,0,0.778487,-0.250384,0
-0.770259,0.25416,0,0,0,0,0.770259,-0.25416,0
-0.761851,0.257876,0,0,0,0,0.761851,-0.257876,0
-0.75326,0.261531,0,0,0,0,0.75326,-0.261531,0
-0.744483,0.265121,0,0,0,0,0.744483,-0.265121,0
-0.735517,0.268644,0,0,0,0,0.735517,-0.268644,0
-0.72636,0.272097,0,0,0,0,0.72636,-0.272097,0
-0.717008,0.275478,0,0,0,0,0.717008,-0.275478,0
-0.707459,0.278782,0,0,0,0,0.707459,-0.278782,0
-0.697709,0.282007,0,0,0,0,0.697709,-0.282007,0
-0.687753,0.285149,0,0,0,0,0.687753,-0.285149,0
-0.67759,0.288205,0,0,0,0,0.67759,-0.288205,0
-0.667214,0.29117,0,0,0,0,0.667214,-0.29117,0
-0.656622,0.294041,0,0,0,0,0.656622,-0.294041,0
-0.64581,0.296814,0,0,0,0,0.64581,-0.296814,0
-0.634773,0.299483,0,0,0,0,0.634773,-0.299483,0
-0.623506,0.302044,0,0,0,0,0.623506,-0.302044,0
-0.612005,0.304491,0,0,0,0,0.612005,-0.304491,0
-0.600265,0.306819,0,0,0,0,0.600265,-0.306819,0
-0.588279,0.309022,0,0,0,0,0.588279,-0.309022,0
-0.576043,0.311093,0,0,0,0,0.576043,-0.311093,0
-0.56355,0.313026,0,0,0,0,0.56355,-0.313026,0
-0.550794,0.314812,0,0,0,0,0.550794,-0.314812,0
-0.537769,0.316444,0,0,0,0,0.537769,-0.316444,0
-0.524467,0.317914,0,0,0,0,0.524467,-0.317914,0
-0.51088,0.319211,0,0,0,0,0.51088,-0.319211,0
-0.497002,0.320325,0,0,0,0,0.497002,-0.320325,0
-0.482823,0.321246,0,0,0,0,0.482823,-0.321246,0
-0.468334,0.32196,0,0,0,0,0.468334,-0.32196,0
-0.453527,0.322456,0,0,0,0,0.453527,-0.322456,0
-0.43839,0.322717,0,0,0,0,0.43839,-0.322717,0
-0.422914,0.322728,0,0,0,0,0.422914,-0.322728,0
-0.407086,0.322471,0,0,0,0,0.407086,-0.322471,0
-0.390895,0.321926,0,0,0,0,0.390895,-0.321926,0
-0.374328,0.321071,0,0,0,0,0.374328,-0.321071,0
-0.35737,0.319881,0,0,0,0,0.35737,-0.319881,0
-0.340008,0.318328,0,0,0,0,0.340008,-0.318328,0
-0.322225,0.316381,0,0,0,0,0.322225,-0.316381,0
-0.304004,0.314005,0,0,0,0,0.304004,-0.314005,0
-0.285328,0.311157,0,0,0,0,0.285328,-0.311157,0
-0.266178,0.307792,0,0,0,0,0.266178,-0.307792,0
-0.246535,0.303856,0,0,0,0,0.246535,-0.303856,0
-0.226376,0.299284,0,0,0,0,0.226376,-0.299284,0
-0.205683,0.294004,0,0,0,0,0.205683,-0.294004,0
-0.184432,0.287926,0,0,0,0,0.184432,-0.287926,0
-0.162606,0.280947,0,0,0,0,0.162606,-0.280947,0
-0.140185,0.272938,0,0,0,0,0.140185,-0.272938,0
-0.117159,0.263745,0,0,0,0,0.117159,-0.263745,0
-0.0935247,0.253177,0,0,0,0,0.0935247,-0.253177,0
-0.0692984,0.240994,0,0,0,0,0.0692984,-0.240994,0
-0.0445271,0.226894,0,0,0,0,0.0445271,-0.226894,0
-0.0193133,0.210491,0,0,0,0,0.0193133,-0.210491,0
0.00614234,0.19129,0,0,0,0,-0.00614234,-0.19129,0
0.0314637,0.168667,0,0,0,0,-0.0314637,-0.168667,0
0.0559635,0.141864,0,0,0,0,-0.0559635,-0.141864,0
0.078424,0.11008,0,0,0,0,-0.078424,-0.11008,0
0.0968406,0.0728065,0,0,0,0,-0.0968406,-0.0728065,0
0.108458,0.0305858,0,0,0,0,-0.108458,-0.0305858,0
0.110791,-0.0141718,0,0,0,0,-0.110791,0.0141718,0
0.103414,-0.0577374,0,0,0,0,-0.103414,0.0577374,0
0.0883147,-0.0971378,0,0,0,0,-0.0883147,0.0971378,0
0.0682763,-0.131281,0,0,0,0,-0.0682763,0.131281,0
0.0455331,-0.160393,0,0,0,0,-0.0455331,0.160393,0
0.0215133,-0.185179,0,0,0,0,-0.0215133,0.185179,0
-0.0029506,-0.206383,0,0,0,0,0.0029506,0.206383,0
-0.0273891,-0.224642,0,0,0,0,0.0273891,0.224642,0
-0.0515415,-0.24047,0,0,0,0,0.0515415,0.24047,0
-0.0752662,-0.254269,0,0,0,0,0.0752662,0.254269,0
-0.0984895,-0.266359,0,0,0,0,0.0984895,0.266359,0
-0.121177,-0.276991,0,0,0,0,0.121177,0.276991,0
-0.143318,-0.286367,0,0,0,0,0.143318,0.286367,0
-0.164913,-0.29465,0,0,0,0,0.164913,0.29465,0
-0.185974,-0.301975,0,0,0,0,0.185974,0.301975,0
-0.206513,-0.308452,0,0,0,0,0.206513,0.308452,0
-0.226548,-0.314174,0,0,0,0,0.226548,0.314174,0
-0.246096,-0.31922,0,0,0,0,0.246096,0.31922,0
-0.265173,-0.323655,0,0,0,0,0.265173,0.323655,0
-0.283799,-0.327537,0,0,0,0,0.283799,0.327537,0
-0.301988,-0.330916,0,0,0,0,0.301988,0.330916,0
-0.319758,-0.333834,0,0,0,0,0.319758,0.333834,0
-0.337122,-0.33633,0,0,0,0,0.337122,0.33633,0
-0.354097,-0.338436,0,0,0,0,0.354097,0.338436,0
-0.370695,-0.340182,0,0,0,0,0.370695,0.340182,0
-0.386929,-0.341593,0,0,0,0,0.386929,0.341593,0
-0.402811,-0.342694,0,0,0,0,0.402811,0.342694,0
-0.418352,-0.343505,0,0,0,0,0.418352,0.343505,0
-0.433564,-0.344045,0,0,0,0,0.433564,0.344045,0
-0.448456,-0.344332,0,0,0,0,0.448456,0.344332,0
-0.463038,-0.34438,0,0,0,0,0.463038,0.34438,0
-0.477319,-0.344204,0,0,0,0,0.477319,0.344204,0
-0.491307,-0.343817,0,0,0,0,0.491307,0.343817,0
-0.50501,-0.34323,0,0,0,0,0.50501,0.34323,0
-0.518436,-0.342455,0,0,0,0,0.518436,0.342455,0
-0.531592,-0.341502,0,0,0,0,0.531592,0.341502,0
-0.544484,-0.340379,0,0,0,0,0.544484,0.340379,0
-0.557119,-0.339095,0,0,0,0,0.557119,0.339095,0
-0.569503,-0.337659,0,0,0,0,0.569503,0.337659,0
-0.581642,-0.336077,0,0,0,0,0.581642,0.336077,0
-0.59354,-0.334356,0,0,0,0,0.59354,0.334356,0
-0.605205,-0.332503,0,0,0,0,0.605205,0.332503,0
-0.616639,-0.330524,0,0,0,0,0.616639,0.330524,0
-0.627848,-0.328424,0,0,0,0,0.627848,0.328424,0
-0.638837,-0.326209,0,0,0,0,0.638837,0.326209,0
-0.649609,-0.323884,0,0,0,0,0.649609,0.323884,0
-0.660169,-0.321452,0,0,0,0,0.660169,0.321452,0
-0.67052,-0.318919,0,0,0,0,0.67052,0.318919,0
-0.680667,-0.316289,0,0,0,0,0.680667,0.316289,0
-0.690613,-0.313565,0,0,0,0,0.690613,0.313565,0
-0.70036,-0.310751,0,0,0,0,0.70036,0.310751,0
-0.709913,-0.307851,0,0,0,0,0.709913,0.307851,0
-0.719275,-0.304867,0,0,0,0,0.719275,0.304867,0
-0.728447,-0.301804,0,0,0,0,0.728447,0.301804,0
-0.737434,-0.298664,0,0,0,0,0.737434,0.298664,0
-0.746238,-0.29545,0,0,0,0,0.746238,0.29545,0
-0.754862,-0.292164,0,0,0,0,0.754862,0.292164,0
-0.763308,-0.288809,0,0,0,0,0.763308,0.288809,0
-0.771578,-0.285388,0,0,0,0,0.771578,0.285388,0
-0.779675,-0.281903,0,0,0,0,0.779675,0.281903,0
-0.787601,-0.278356,0,0,0,0,0.787601,0.278356,0
-0.795358,-0.274749,0,0,0,0,0.795358,0.274749,0
-0.802948,-0.271085,0,0,0,0,0.802948,0.271085,0
-0.810373,-0.267365,0,0,0,0,0.810373,0.267365,0
-0.817635,-0.263591,0,0,0,0,0.817635,0.263591,0
-0.824736,-0.259765,0,0,0,0,0.824736,0.259765,0
-0.831677,-0.255889,0,0,0,0,0.831677,0.255889,0
-0.838461,-0.251965,0,0,0,0,0.838461,0.251965,0
-0.845089,-0.247993,0,0,0,0,0.845089,0.247993,0
-0.851561,-0.243976,0,0,0,0,0.851561,0.243976,0
-0.857881,-0.239916,0,0,0,0,0.857881,0.239916,0
-0.864049,-0.235812,0,0,0,0,0.864049,0.235812,0
-0.870067,-0.231668,0,0,0,0,0.870067,0.231668,0
-0.875936,-0.227484,0,0,0,0,0.875936,0.227484,0
-0.881657,-0.223262,0,0,0,0,0.881657,0.223262,0
-0.887231,-0.219003,0,0,0,0,0.887231,0.219003,0
-0.89266,-0.214707,0,0,0,0,0.89266,0.214707,0
-0.897945,-0.210378,0,0,0,0,0.897945,0.210378,0
-0.903087,-0.206014,0,0,0,0,0.903087,0.206014,0
-0.908087,-0.201618,0,0,0,0,0.908087,0.201618,0
-0.912946,-0.197191,0,0,0,0,0.912946,0.197191,0
-0.917664,-0.192734,0,0,0,0,0.917664,0.192734,0
-0.922244,-0.188247,0,0,0,0,0.922244,0.188247,0
-0.926685,-0.183732,0,0,0,0,0.926685,0.183732,0
-0.930989,-0.17919,0,0,0,0,0.930989,0.17919,0
-0.935157,-0.174622,0,0,0,0,0.935157,0.174622,0
-0.939188,-0.170028,0,0,0,0,0.939188,0.170028,0
-0.943085,-0.16541,0,0,0,0,0.943085,0.16541,0
-0.946847,-0.160768,0,0,0,0,0.946847,0.160768,0
-0.950476,-0.156104,0,0,0,0,0.950476,0.156104,0
-0.953972,-0.151417,0,0,0,0,0.953972,0.151417,0
-0.957335,-0.14671,0,0,0,0,0.957335,0.14671,0
-0.960567,-0.141983,0,0,0,0,0.960567,0.141983,0
-0.963667,-0.137236,0,0,0,0,0.963667,0.137236,0
-0.966637,-0.13247,0,0,0,0,0.966637,0.13247,0
-0.969477,-0.127687,0,0,0,0,0.969477,0.127687,0
-0.972187,-0.122887,0,0,0,0,0.972187,0.122887,0
-0.974768,-0.11807,0,0,0,0,0.974768,0.11807,0
-0.977221,-0.113238,0,0,0,0,0.977221,0.113238,0
-0.979545,-0.108391,0,0,0,0,0.979545,0.108391,0
-0.981741,-0.103529,0,0,0,0,0.981741,0.103529,0
-0.98381,-0.0986545,0,0,0,0,0.98381,0.0986545,0
-0.985751,-0.093767,0,0,0,0,0.985751,0.093767,0
