x0,y0,z0,x1,y1,z1,x2,y2,z2
-0.969538,0.24352,0,-0.000932407,-0.000864731,0,0.97047,-0.242655,0
-0.964802,0.247825,0,-0.0102572,-0.00951114,0,0.97506,-0.238314,0
-0.959944,0.252097,0,-0.0195856,-0.018153,0,0.97953,-0.233944,0
-0.954961,0.256334,0,-0.0289208,-0.0267863,0,0.983882,-0.229548,0
-0.949852,0.260534,0,-0.0382661,-0.0354067,0,0.988118,-0.225128,0
-0.944615,0.264695,0,-0.0476247,-0.0440102,0,0.99224,-0.220684,0
-0.939249,0.268813,0,-0.0569997,-0.0525926,0,0.996249,-0.21622,0
-0.933752,0.272886,0,-0.0663943,-0.0611497,0,1.00015,-0.211736,0
-0.928122,0.276911,0,-0.0758116,-0.0696773,0,1.00393,-0.207234,0
-0.922358,0.280886,0,-0.0852546,-0.078171,0,1.00761,-0.202715,0
-0.91646,0.284807,0,-0.0947262,-0.0866266,0,1.01119,-0.19818,0
-0.910424,0.288671,0,-0.104229,-0.0950396,0,1.01465,-0.193632,0
-0.904251,0.292475,0,-0.113767,-0.103406,0,1.01802,-0.18907,0
-0.897938,0.296216,0,-0.123341,-0.11172,0,1.02128,-0.184496,0
-0.891486,0.29989,0,-0.132955,-0.119979,0,1.02444,-0.179911,0
-0.884892,0.303493,0,-0.142611,-0.128177,0,1.0275,-0.175316,0
-0.878156,0.307021,0,-0.152312,-0.13631,0,1.03047,-0.170712,0
-0.871276,0.310472,0,-0.162059,-0.144373,0,1.03334,-0.166099,0
-0.864254,0.313839,0,-0.171854,-0.152361,0,1.03611,-0.161479,0
-0.857086,0.317121,0,-0.1817,-0.160269,0,1.03879,-0.156852,0
-0.849774,0.320312,0,-0.191599,-0.168093,0,1.04137,-0.152219,0
-0.842317,0.323407,0,-0.201551,-0.175827,0,1.04387,-0.14758,0
-0.834715,0.326403,0,-0.211558,-0.183467,0,1.04627,-0.142936,0
-0.826968,0.329295,0,-0.221622,-0.191007,0,1.04859,-0.138288,0
-0.819075,0.332078,0,-0.231742,-0.198442,0,1.05082,-0.133636,0
-0.811038,0.334747,0,-0.241921,-0.205767,0,1.05296,-0.128981,0
-0.802857,0.337299,0,-0.252158,-0.212976,0,1.05502,-0.124322,0
-0.794533,0.339727,0,-0.262453,-0.220066,0,1.05699,-0.119661,0
-0.786067,0.342027,0,-0.272807,-0.227029,0,1.05887,-0.114998,0
-0.77746,0.344193,0,-0.283219,-0.233861,0,1.06068,-0.110332,0
-0.768713,0.346222,0,-0.293689,-0.240557,0,1.0624,-0.105665,0
-0.759829,0.348108,0,-0.304216,-0.247111,0,1.06404,-0.100997,0
-0.750809,0.349845,0,-0.314798,-0.253518,0,1.06561,-0.0963274,0
-0.741656,0.351429,0,-0.325435,-0.259773,0,1.06709,-0.0916568,0
-0.732371,0.352856,0,-0.336124,-0.26587,0,1.0685,-0.0869854,0
-0.722959,0.354119,0,-0.346863,-0.271806,0,1.06982,-0.0823135,0
-0.713421,0.355215,0,-0.357651,-0.277574,0,1.07107,-0.0776411,0
-0.703762,0.356138,0,-0.368483,-0.28317,0,1.07225,-0.0729683,0
-0.693984,0.356885,0,-0.379359,-0.288589,0,1.07334,-0.0682954,0
-0.684092,0.35745,0,-0.390273,-0.293828,0,1.07437,-0.0636223,0
-0.67409,0.357829,0,-0.401223,-0.29888,0,1.07531,-0.0589491,0
-0.663982,0.358019,0,-0.412205,-0.303743,0,1.07619,-0.054276,0
-0.653773,0.358015,0,-0.423214,-0.308412,0,1.07699,-0.0496028,0
-0.643467,0.357814,0,-0.434246,-0.312884,0,1.07771,-0.0449298,0
-0.633069,0.357412,0,-0.445298,-0.317155,0,1.07837,-0.0402569,0
-0.622585,0.356806,0,-0.456362,-0.321222,0,1.07895,-0.0355841,0
-0.612021,0.355993,0,-0.467436,-0.325082,0,1.07946,-0.0309114,0
-0.601381,0.354972,0,-0.478512,-0.328733,0,1.07989,-0.0262389,0
-0.590672,0.353739,0,-0.489586,-0.332173,0,1.08026,-0.0215665,0
-0.579899,0.352293,0,-0.500652,-0.335399,0,1.08055,-0.0168942,0
-0.569069,0.350632,0,-0.511705,-0.33841,0,1.08077,-0.0122219,0
-0.558187,0.348755,0,-0.522737,-0.341205,0,1.08092,-0.00754979,0
-0.547259,0.346661,0,-0.533744,-0.343784,0,1.081,-0.00287767,0
-0.536293,0.34435,0,-0.544719,-0.346145,0,1.08101,0.00179443,0
-0.525293,0.341822,0,-0.555656,-0.348289,0,1.08095,0.00646653,0
-0.514265,0.339077,0,-0.566549,-0.350216,0,1.08081,0.0111387,0
-0.503217,0.336116,0,-0.577392,-0.351927,0,1.08061,0.0158109,0
-0.492154,0.33294,0,-0.588179,-0.353423,0,1.08033,0.0204832,0
-0.481081,0.32955,0,-0.598903,-0.354705,0,1.07998,0.0251556,0
-0.470004,0.325947,0,-0.60956,-0.355776,0,1.07956,0.0298281,0
-0.45893,0.322136,0,-0.620142,-0.356636,0,1.07907,0.0345007,0
-0.447863,0.318116,0,-0.630645,-0.35729,0,1.07851,0.0391735,0
-0.436808,0.313892,0,-0.641063,-0.357739,0,1.07787,0.0438464,0
-0.425771,0.309467,0,-0.651391,-0.357986,0,1.07716,0.0485194,0
-0.414756,0.304843,0,-0.661623,-0.358036,0,1.07638,0.0531925,0
-0.403767,0.300025,0,-0.671755,-0.357891,0,1.07552,0.0578656,0
-0.39281,0.295016,0,-0.681782,-0.357555,0,1.07459,0.0625388,0
-0.381887,0.289821,0,-0.6917,-0.357033,0,1.07359,0.0672119,0
-0.371002,0.284443,0,-0.701505,-0.356328,0,1.07251,0.0718849,0
-0.360159,0.278887,0,-0.711192,-0.355445,0,1.07135,0.0765577,0
-0.349361,0.273159,0,-0.720758,-0.354389,0,1.07012,0.0812302,0
-0.33861,0.267262,0,-0.7302,-0.353164,0,1.06881,0.0859023,0
-0.327909,0.261201,0,-0.739514,-0.351775,0,1.06742,0.0905738,0
-0.31726,0.254982,0,-0.748698,-0.350227,0,1.06596,0.0952445,0
-0.306665,0.24861,0,-0.757749,-0.348524,0,1.06441,0.0999144,0
-0.296126,0.24209,0,-0.766665,-0.346673,0,1.06279,0.104583,0
-0.285642,0.235426,0,-0.775444,-0.344677,0,1.06109,0.109251,0
-0.275217,0.228625,0,-0.784083,-0.342542,0,1.0593,0.113916,0
-0.264849,0.221692,0,-0.792582,-0.340272,0,1.05743,0.11858,0
-0.25454,0.214632,0,-0.80094,-0.337874,0,1.05548,0.123242,0
-0.24429,0.20745,0,-0.809154,-0.335351,0,1.05344,0.127901,0
-0.234098,0.200151,0,-0.817224,-0.332708,0,1.05132,0.132557,0
-0.223964,0.192741,0,-0.82515,-0.329951,0,1.04911,0.13721,0
-0.213887,0.185225,0,-0.832931,-0.327084,0,1.04682,0.141859,0
-0.203867,0.177608,0,-0.840567,-0.324112,0,1.04443,0.146504,0
-0.193902,0.169895,0,-0.848058,-0.321039,0,1.04196,0.151144,0
-0.183991,0.162092,0,-0.855403,-0.31787,0,1.03939,0.155778,0
-0.174133,0.154203,0,-0.862604,-0.314609,0,1.03674,0.160407,0
-0.164326,0.146233,0,-0.86966,-0.311261,0,1.03399,0.165028,0
-0.154568,0.138187,0,-0.876573,-0.30783,0,1.03114,0.169643,0
-0.144857,0.13007,0,-0.883342,-0.304319,0,1.0282,0.174249,0
-0.135191,0.121886,0,-0.889969,-0.300733,0,1.02516,0.178846,0
-0.125567,0.113641,0,-0.896454,-0.297075,0,1.02202,0.183434,0
-0.115984,0.105339,0,-0.902799,-0.29335,0,1.01878,0.18801,0
-0.106438,0.0969848,0,-0.909005,-0.28956,0,1.01544,0.192575,0
-0.0969271,0.0885823,0,-0.915072,-0.285709,0,1.012,0.197127,0
-0.0874484,0.0801363,0,-0.921002,-0.281801,0,1.00845,0.201665,0
-0.077999,0.071651,0,-0.926797,-0.277839,0,1.0048,0.206188,0
-0.068576,0.063131,0,-0.932458,-0.273825,0,1.00103,0.210694,0
-0.0591764,0.0545804,0,-0.937986,-0.269762,0,0.997162,0.215182,0
-0.0497971,0.0460035,0,-0.943382,-0.265655,0,0.993179,0.219651,0
-0.040435,0.0374045,0,-0.948649,-0.261504,0,0.989084,0.224099,0
-0.0310869,0.0287876,0,-0.953788,-0.257313,0,0.984875,0.228525,0
-0.0217496,0.020157,0,-0.9588,-0.253084,0,0.980549,0.232927,0
-0.0124199,0.0115168,0,-0.963687,-0.24882,0,0.976107,0.237303,0
-0.00309454,0.00287106,0,-0.96845,-0.244522,0,0.971545,0.241651,0
0.00622973,-0.00577601,0,-0.973092,-0.240193,0,0.966862,0.245969,0
0.0155562,-0.0144203,0,-0.977614,-0.235836,0,0.962057,0.250256,0
0.0248881,-0.0230578,0,-0.982017,-0.231451,0,0.957129,0.254509,0
0.0342286,-0.0316843,0,-0.986303,-0.227041,0,0.952074,0.258725,0
0.0435811,-0.0402956,0,-0.990474,-0.222607,0,0.946893,0.262903,0
0.0529486,-0.0488876,0,-0.994531,-0.218152,0,0.941582,0.26704,0
0.0623344,-0.0574561,0,-0.998476,-0.213676,0,0.936142,0.271132,0
0.0717416,-0.065997,0,-1.00231,-0.209182,0,0.93057,0.275179,0
0.0811731,-0.0745058,0,-1.00604,-0.20467,0,0.924864,0.279176,0
0.090632,-0.0829783,0,-1.00966,-0.200142,0,0.919024,0.28312,0
0.100121,-0.0914103,0,-1.01317,-0.195599,0,0.913047,0.28701,0
0.109644,-0.0997971,0,-1.01658,-0.191043,0,0.906934,0.29084,0
0.119202,-0.108135,0,-1.01988,-0.186474,0,0.900682,0.294609,0
0.128798,-0.116418,0,-1.02309,-0.181894,0,0.89429,0.298312,0
0.138436,-0.124643,0,-1.02619,-0.177303,0,0.887757,0.301946,0
0.148117,-0.132804,0,-1.0292,-0.172703,0,0.881082,0.305507,0
0.157844,-0.140898,0,-1.03211,-0.168094,0,0.874265,0.308992,0
0.167618,-0.148919,0,-1.03492,-0.163477,0,0.867304,0.312395,0
0.177442,-0.156862,0,-1.03764,-0.158853,0,0.860199,0.315715,0
0.187318,-0.164723,0,-1.04027,-0.154222,0,0.85295,0.318945,0
0.197246,-0.172497,0,-1.0428,-0.149586,0,0.845556,0.322082,0
0.20723,-0.180178,0,-1.04525,-0.144944,0,0.838016,0.325122,0
0.217269,-0.187761,0,-1.0476,-0.140298,0,0.830331,0.328059,0
0.227365,-0.195242,0,-1.04987,-0.135648,0,0.822502,0.33089,0
0.237518,-0.202615,0,-1.05205,-0.130994,0,0.814527,0.333609,0
0.24773,-0.209876,0,-1.05414,-0.126336,0,0.806408,0.336212,0
0.258,-0.217017,0,-1.05615,-0.121676,0,0.798146,0.338694,0
0.268329,-0.224036,0,-1.05807,-0.117014,0,0.789741,0.341049,0
0.278716,-0.230925,0,-1.05991,-0.112349,0,0.781194,0.343274,0
0.289161,-0.23768,0,-1.06167,-0.107683,0,0.772507,0.345363,0
0.299663,-0.244296,0,-1.06335,-0.103015,0,0.763682,0.347311,0
0.310222,-0.250767,0,-1.06494,-0.098346,0,0.754721,0.349113,0
0.320835,-0.257088,0,-1.06646,-0.0936759,0,0.745625,0.350764,0
0.331502,-0.263255,0,-1.0679,-0.0890048,0,0.736397,0.35226,0
0.34222,-0.269261,0,-1.06926,-0.0843332,0,0.727039,0.353594,0
0.352987,-0.275102,0,-1.07054,-0.0796609,0,0.717555,0.354763,0
0.3638,-0.280773,0,-1.07175,-0.0749883,0,0.707948,0.355761,0
0.374658,-0.286269,0,-1.07288,-0.0703155,0,0.698221,0.356585,0
0.385556,-0.291586,0,-1.07393,-0.0656424,0,0.688378,0.357228,0
0.396491,-0.296719,0,-1.07491,-0.0609693,0,0.678423,0.357688,0
0.407459,-0.301664,0,-1.07582,-0.0562961,0,0.66836,0.357961,0
0.418457,-0.306418,0,-1.07665,-0.051623,0,0.658194,0.358041,0
0.42948,-0.310975,0,-1.07741,-0.04695,0,0.647929,0.357925,0
0.440524,-0.315333,0,-1.07809,-0.042277,0,0.63757,0.35761,0
0.451583,-0.319488,0,-1.07871,-0.0376042,0,0.627123,0.357093,0
0.462654,-0.323438,0,-1.07925,-0.0329315,0,0.616592,0.35637,0
0.473729,-0.32718,0,-1.07971,-0.0282589,0,0.605985,0.355439,0
0.484805,-0.330711,0,-1.08011,-0.0235864,0,0.595305,0.354297,0
0.495876,-0.33403,0,-1.08043,-0.0189141,0,0.584559,0.352944,0
0.506935,-0.337134,0,-1.08069,-0.0142418,0,0.573752,0.351376,0
0.517977,-0.340022,0,-1.08087,-0.00956964,0,0.562892,0.349592,0
0.528995,-0.342694,0,-1.08098,-0.00489752,0,0.551983,0.347592,0
0.539985,-0.345149,0,-1.08102,-0.000225433,0,0.541033,0.345375,0
0.550939,-0.347387,0,-1.08099,0.00444666,0,0.530046,0.342941,0
0.561852,-0.349408,0,-1.08088,0.00911877,0,0.51903,0.340289,0
0.572717,-0.351212,0,-1.08071,0.0137909,0,0.50799,0.337421,0
0.583529,-0.352801,0,-1.08046,0.0184632,0,0.496932,0.334338,0
0.594281,-0.354175,0,-1.08014,0.0231355,0,0.485863,0.331039,0
0.604968,-0.355337,0,-1.07976,0.027808,0,0.474787,0.327529,0
0.615583,-0.356287,0,-1.07929,0.0324805,0,0.463711,0.323807,0
0.626121,-0.35703,0,-1.07876,0.0371532,0,0.45264,0.319877,0
0.636576,-0.357567,0,-1.07816,0.0418261,0,0.44158,0.315741,0
0.646943,-0.357901,0,-1.07748,0.046499,0,0.430534,0.311402,0
0.657218,-0.358036,0,-1.07673,0.0511721,0,0.419509,0.306863,0
0.667394,-0.357974,0,-1.0759,0.0558452,0,0.408509,0.302129,0
0.677467,-0.35772,0,-1.075,0.0605184,0,0.397537,0.297202,0
0.687432,-0.357278,0,-1.07403,0.0651915,0,0.386599,0.292086,0
0.697286,-0.356651,0,-1.07298,0.0698646,0,0.375697,0.286787,0
0.707024,-0.355845,0,-1.07186,0.0745374,0,0.364836,0.281307,0
0.716643,-0.354863,0,-1.07066,0.0792101,0,0.354018,0.275653,0
0.726139,-0.35371,0,-1.06939,0.0838823,0,0.343246,0.269828,0
0.735509,-0.352391,0,-1.06803,0.0885541,0,0.332524,0.263837,0
0.744749,-0.350911,0,-1.0666,0.0932252,0,0.321852,0.257686,0
0.753858,-0.349275,0,-1.06509,0.0978955,0,0.311234,0.251379,0
0.762833,-0.347487,0,-1.0635,0.102565,0,0.30067,0.244922,0
0.771671,-0.345553,0,-1.06183,0.107233,0,0.290162,0.23832,0
0.780371,-0.343477,0,-1.06008,0.111899,0,0.279712,0.231578,0
0.788931,-0.341265,0,-1.05825,0.116564,0,0.269319,0.224701,0
0.79735,-0.338921,0,-1.05633,0.121227,0,0.258985,0.217695,0
0.805626,-0.336451,0,-1.05433,0.125887,0,0.248709,0.210565,0
0.813758,-0.33386,0,-1.05225,0.130544,0,0.238492,0.203316,0
0.821747,-0.331152,0,-1.05008,0.135199,0,0.228333,0.195953,0
0.82959,-0.328331,0,-1.04782,0.139849,0,0.218231,0.188482,0
0.837289,-0.325404,0,-1.04548,0.144496,0,0.208187,0.180908,0
0.844842,-0.322374,0,-1.04304,0.149138,0,0.198198,0.173236,0
0.852251,-0.319246,0,-1.04052,0.153775,0,0.188264,0.165471,0
0.859514,-0.316024,0,-1.0379,0.158406,0,0.178384,0.157618,0
0.866633,-0.312713,0,-1.03519,0.163031,0,0.168555,0.149682,0
0.873607,-0.309317,0,-1.03238,0.167649,0,0.158776,0.141669,0
0.880438,-0.30584,0,-1.02948,0.172259,0,0.149045,0.133582,0
0.887126,-0.302286,0,-1.02649,0.17686,0,0.13936,0.125426,0
0.893672,-0.298659,0,-1.02339,0.181452,0,0.129718,0.117207,0
0.900078,-0.294962,0,-1.0202,0.186033,0,0.120118,0.108929,0
0.906343,-0.2912,0,-1.0169,0.190603,0,0.110556,0.100597,0
0.91247,-0.287375,0,-1.0135,0.19516,0,0.10103,0.0922146,0
0.91846,-0.283491,0,-1.01,0.199705,0,0.0915382,0.0837868,0
0.924313,-0.279552,0,-1.00639,0.204234,0,0.0820765,0.0753179,0
0.930031,-0.27556,0,-1.00267,0.208747,0,0.0726425,0.0668123,0
0.935616,-0.271518,0,-0.998849,0.213244,0,0.0632332,0.0582743,0
0.941069,-0.267429,0,-0.994915,0.217721,0,0.0538456,0.0497082,0
0.946392,-0.263297,0,-0.990868,0.222179,0,0.0444764,0.0411183,0
0.951586,-0.259123,0,-0.986708,0.226614,0,0.0351227,0.0325086,0
0.956652,-0.25491,0,-0.982433,0.231027,0,0.0257812,0.0238833,0
0.961593,-0.250661,0,-0.978042,0.235414,0,0.0164487,0.0152467,0
0.96641,-0.246377,0,-0.973531,0.239774,0,0.00712189,0.00660282,0
0.971104,-0.242062,0,-0.968901,0.244106,0,-0.00220239,-0.00204421,0
0.975677,-0.237716,0,-0.96415,0.248406,0,-0.0115275,-0.0106903,0
0.980131,-0.233343,0,-0.959274,0.252674,0,-0.0208565,-0.0193312,0
0.984467,-0.228943,0,-0.954275,0.256906,0,-0.0301929,-0.027963,0
0.988688,-0.22452,0,-0.949148,0.261101,0,-0.0395398,-0.0365814,0
0.992794,-0.220074,0,-0.943894,0.265256,0,-0.0489004,-0.0451823,0
0.996787,-0.215606,0,-0.93851,0.269368,0,-0.0582779,-0.0537615,0
1.00067,-0.21112,0,-0.932994,0.273435,0,-0.0676754,-0.0623149,0
1.00444,-0.206615,0,-0.927347,0.277453,0,-0.077096,-0.0708381,0
1.00811,-0.202094,0,-0.921565,0.281421,0,-0.0865426,-0.0793269,0
1.01167,-0.197558,0,-0.915647,0.285335,0,-0.0960183,-0.0877769,0
1.01512,-0.193007,0,-0.909593,0.289191,0,-0.105526,-0.0961838,0
1.01847,-0.188444,0,-0.903401,0.292987,0,-0.115068,-0.104543,0
1.02172,-0.183868,0,-0.897069,0.296718,0,-0.124648,-0.11285,0
1.02487,-0.179282,0,-0.890598,0.300383,0,-0.134267,-0.121101,0
1.02791,-0.174685,0,-0.883984,0.303976,0,-0.143929,-0.129291,0
1.03086,-0.17008,0,-0.877229,0.307494,0,-0.153636,-0.137414,0
1.03372,-0.165466,0,-0.87033,0.310933,0,-0.163389,-0.145467,0
1.03648,-0.160845,0,-0.863288,0.31429,0,-0.173192,-0.153445,0
1.03915,-0.156217,0,-0.856101,0.317559,0,-0.183045,-0.161342,0
1.04172,-0.151583,0,-0.848769,0.320737,0,-0.19295,-0.169154,0
1.0442,-0.146944,0,-0.841293,0.323819,0,-0.20291,-0.176875,0
1.0466,-0.142299,0,-0.833671,0.326801,0,-0.212925,-0.184502,0
1.0489,-0.137651,0,-0.825903,0.329678,0,-0.222996,-0.192028,0
1.05112,-0.132998,0,-0.817991,0.332446,0,-0.233124,-0.199448,0
1.05325,-0.128342,0,-0.809935,0.3351,0,-0.243311,-0.206758,0
1.05529,-0.123683,0,-0.801734,0.337635,0,-0.253556,-0.213951,0
1.05725,-0.119022,0,-0.793391,0.340046,0,-0.263859,-0.221024,0
1.05913,-0.114358,0,-0.784905,0.342328,0,-0.274221,-0.227969,0
1.06092,-0.109693,0,-0.776279,0.344476,0,-0.284641,-0.234783,0
1.06263,-0.105025,0,-0.767513,0.346485,0,-0.295119,-0.24146,0
1.06426,-0.100357,0,-0.758611,0.348351,0,-0.305653,-0.247994,0
1.06582,-0.0956871,0,-0.749572,0.350068,0,-0.316243,-0.254381,0
1.06729,-0.0910164,0,-0.740401,0.351631,0,-0.326886,-0.260615,0
1.06868,-0.086345,0,-0.731099,0.353036,0,-0.337582,-0.266691,0
1.07,-0.0816729,0,-0.72167,0.354277,0,-0.348328,-0.272604,0
1.07124,-0.0770005,0,-0.712115,0.355349,0,-0.359122,-0.278349,0
1.0724,-0.0723277,0,-0.70244,0.356249,0,-0.369961,-0.283921,0
1.07349,-0.0676547,0,-0.692646,0.356971,0,-0.380842,-0.289316,0
1.0745,-0.0629816,0,-0.682739,0.357511,0,-0.391761,-0.294529,0
1.07544,-0.0583084,0,-0.672722,0.357865,0,-0.402715,-0.299556,0
1.0763,-0.0536353,0,-0.6626,0.358028,0,-0.413701,-0.304393,0
1.07709,-0.0489622,0,-0.652377,0.357997,0,-0.424714,-0.309035,0
1.07781,-0.0442891,0,-0.642058,0.357769,0,-0.435749,-0.31348,0
1.07845,-0.0396162,0,-0.631649,0.35734,0,-0.446802,-0.317723,0
1.07902,-0.0349435,0,-0.621154,0.356706,0,-0.457868,-0.321762,0
1.07952,-0.0302708,0,-0.610579,0.355865,0,-0.468942,-0.325594,0
1.07995,-0.0255983,0,-0.599929,0.354815,0,-0.480019,-0.329217,0
1.0803,-0.0209259,0,-0.589211,0.353553,0,-0.491092,-0.332627,0
1.08059,-0.0162536,0,-0.57843,0.352078,0,-0.502157,-0.335824,0
1.0808,-0.0115814,0,-0.567592,0.350388,0,-0.513207,-0.338806,0
1.08094,-0.00690922,0,-0.556704,0.348481,0,-0.524236,-0.341572,0
1.08101,-0.00223711,0,-0.545771,0.346358,0,-0.535239,-0.344121,0
1.08101,0.00243498,0,-0.534799,0.344018,0,-0.546209,-0.346453,0
1.08094,0.00710709,0,-0.523795,0.34146,0,-0.557141,-0.348567,0
1.08079,0.0117792,0,-0.512765,0.338686,0,-0.568027,-0.350465,0
1.08058,0.0164515,0,-0.501714,0.335695,0,-0.578863,-0.352147,0
1.08029,0.0211238,0,-0.490649,0.33249,0,-0.589641,-0.353613,0
1.07993,0.0257962,0,-0.479575,0.32907,0,-0.600357,-0.354867,0
1.0795,0.0304687,0,-0.468499,0.32544,0,-0.611004,-0.355908,0
1.079,0.0351413,0,-0.457425,0.321599,0,-0.621575,-0.356741,0
1.07843,0.0398141,0,-0.446359,0.317552,0,-0.632067,-0.357366,0
1.07778,0.044487,0,-0.435307,0.313301,0,-0.642473,-0.357788,0
1.07706,0.04916,0,-0.424272,0.308848,0,-0.652788,-0.358008,0
1.07627,0.0538331,0,-0.41326,0.304198,0,-0.663007,-0.358031,0
1.0754,0.0585063,0,-0.402276,0.299353,0,-0.673125,-0.35786,0
1.07446,0.0631794,0,-0.391323,0.294319,0,-0.683138,-0.357498,0
1.07344,0.0678525,0,-0.380405,0.289098,0,-0.69304,-0.356951,0
1.07235,0.0725255,0,-0.369526,0.283696,0,-0.702829,-0.356222,0
1.07119,0.0771983,0,-0.358689,0.278117,0,-0.7125,-0.355315,0
1.06995,0.0818707,0,-0.347897,0.272365,0,-0.722049,-0.354236,0
1.06863,0.0865427,0,-0.337153,0.266446,0,-0.731474,-0.352988,0
1.06723,0.0912141,0,-0.326459,0.260363,0,-0.74077,-0.351577,0
1.06575,0.0958847,0,-0.315817,0.254123,0,-0.749937,-0.350008,0
1.0642,0.100554,0,-0.305229,0.247731,0,-0.758969,-0.348285,0
1.06256,0.105223,0,-0.294697,0.24119,0,-0.767867,-0.346413,0
1.06085,0.10989,0,-0.284222,0.234508,0,-0.776627,-0.344398,0
1.05905,0.114556,0,-0.273804,0.227689,0,-0.785247,-0.342245,0
1.05717,0.119219,0,-0.263444,0.220738,0,-0.793727,-0.339957,0
1.05521,0.123881,0,-0.253143,0.213661,0,-0.802065,-0.337541,0
1.05316,0.128539,0,-0.242901,0.206463,0,-0.81026,-0.335002,0
1.05103,0.133195,0,-0.232717,0.199148,0,-0.81831,-0.332344,0
1.04881,0.137847,0,-0.22259,0.191724,0,-0.826217,-0.329571,0
1.0465,0.142496,0,-0.212522,0.184194,0,-0.833978,-0.32669,0
1.0441,0.14714,0,-0.202509,0.176563,0,-0.841594,-0.323703,0
1.04162,0.151779,0,-0.192552,0.168838,0,-0.849065,-0.320617,0
1.03904,0.156413,0,-0.182648,0.161023,0,-0.856391,-0.317436,0
1.03637,0.161041,0,-0.172797,0.153122,0,-0.863572,-0.314163,0
1.03361,0.165661,0,-0.162997,0.145142,0,-0.870609,-0.310803,0
1.03075,0.170275,0,-0.153245,0.137086,0,-0.877502,-0.307361,0
1.02779,0.17488,0,-0.14354,0.12896,0,-0.884251,-0.303839,0
1.02474,0.179476,0,-0.13388,0.120768,0,-0.890859,-0.300243,0
1.02159,0.184062,0,-0.124262,0.112515,0,-0.897325,-0.296576,0
1.01833,0.188637,0,-0.114684,0.104205,0,-0.903651,-0.292842,0
1.01498,0.1932,0,-0.105143,0.0958441,0,-0.909838,-0.289044,0
1.01152,0.19775,0,-0.0956367,0.0874354,0,-0.915886,-0.285185,0
1.00796,0.202286,0,-0.0861622,0.0789838,0,-0.921798,-0.281269,0
1.00429,0.206806,0,-0.0767166,0.0704936,0,-0.927575,-0.2773,0
1.00051,0.21131,0,-0.0672969,0.0619692,0,-0.933217,-0.273279,0
0.996627,0.215796,0,-0.0579002,0.0534148,0,-0.938727,-0.26921,0
0.992629,0.220262,0,-0.0485234,0.0448346,0,-0.944106,-0.265097,0
0.988519,0.224707,0,-0.0391634,0.036233,0,-0.949355,-0.26094,0
0.984293,0.22913,0,-0.0298169,0.027614,0,-0.954476,-0.256744,0
0.979952,0.233528,0,-0.0204809,0.0189819,0,-0.959471,-0.25251,0
0.975493,0.237901,0,-0.0111519,0.0103407,0,-0.964341,-0.248241,0
0.970915,0.242245,0,-0.00182692,0.00169461,0,-0.969088,-0.243939,0
0.966216,0.246559,0,0.00749746,-0.0069523,0,-0.973714,-0.239607,0
0.961395,0.250841,0,0.0168245,-0.0155959,0,-0.978219,-0.235245,0
0.956449,0.255089,0,0.0261574,-0.0242321,0,-0.982606,-0.230857,0
0.951377,0.2593,0,0.0354994,-0.0328567,0,-0.986877,-0.226444,0
0.946178,0.263473,0,0.0448537,-0.0414656,0,-0.991032,-0.222007,0
0.94085,0.267603,0,0.0542236,-0.0500547,0,-0.995074,-0.217549,0
0.935392,0.27169,0,0.0636121,-0.0586196,0,-0.999004,-0.21307,0
0.929802,0.27573,0,0.0730224,-0.0671563,0,-1.00282,-0.208573,0
0.924078,0.27972,0,0.0824575,-0.0756605,0,-1.00654,-0.204059,0
0.918219,0.283657,0,0.0919203,-0.0841277,0,-1.01014,-0.199529,0
0.912224,0.287538,0,0.101414,-0.0925537,0,-1.01364,-0.194985,0
0.906092,0.291361,0,0.110941,-0.100934,0,-1.01703,-0.190427,0
0.89982,0.295121,0,0.120504,-0.109264,0,-1.02032,-0.185856,0
0.893409,0.298814,0,0.130106,-0.11754,0,-1.02352,-0.181274,0
0.886857,0.302439,0,0.13975,-0.125756,0,-1.02661,-0.176682,0
0.880163,0.30599,0,0.149437,-0.133909,0,-1.0296,-0.172081,0
0.873327,0.309463,0,0.15917,-0.141993,0,-1.0325,-0.16747,0
0.866346,0.312856,0,0.168951,-0.150004,0,-1.0353,-0.162852,0
0.859222,0.316163,0,0.178782,-0.157936,0,-1.038,-0.158227,0
0.851953,0.319381,0,0.188664,-0.165785,0,-1.04062,-0.153596,0
0.844539,0.322505,0,0.1986,-0.173547,0,-1.04314,-0.148959,0
0.83698,0.325531,0,0.208591,-0.181215,0,-1.04557,-0.144317,0
0.829275,0.328454,0,0.218638,-0.188785,0,-1.04791,-0.13967,0
0.821426,0.33127,0,0.228742,-0.196251,0,-1.05017,-0.135019,0
0.813431,0.333974,0,0.238903,-0.203609,0,-1.05233,-0.130365,0
0.805293,0.33656,0,0.249123,-0.210854,0,-1.05442,-0.125707,0
0.797011,0.339025,0,0.259401,-0.217979,0,-1.05641,-0.121047,0
0.788587,0.341364,0,0.269738,-0.22498,0,-1.05832,-0.116384,0
0.780021,0.34357,0,0.280133,-0.231851,0,-1.06015,-0.111719,0
0.771315,0.34564,0,0.290586,-0.238588,0,-1.0619,-0.107052,0
0.762472,0.347569,0,0.301096,-0.245184,0,-1.06357,-0.102384,0
0.753492,0.349351,0,0.311662,-0.251635,0,-1.06515,-0.0977151,0
0.744378,0.350981,0,0.322282,-0.257936,0,-1.06666,-0.0930448,0
0.735132,0.352454,0,0.332956,-0.264081,0,-1.06809,-0.0883737,0
0.725757,0.353766,0,0.343681,-0.270064,0,-1.06944,-0.0837019,0
0.716256,0.354912,0,0.354454,-0.275883,0,-1.07071,-0.0790296,0
0.706632,0.355887,0,0.365274,-0.28153,0,-1.07191,-0.074357,0
0.696889,0.356686,0,0.376137,-0.287002,0,-1.07303,-0.0696841,0
0.687031,0.357306,0,0.38704,-0.292294,0,-1.07407,-0.065011,0
0.677061,0.35774,0,0.39798,-0.297402,0,-1.07504,-0.0603379,0
0.666984,0.357986,0,0.408952,-0.302322,0,-1.07594,-0.0556647,0
0.656804,0.35804,0,0.419954,-0.307048,0,-1.07676,-0.0509916,0
0.646526,0.357897,0,0.43098,-0.311579,0,-1.07751,-0.0463185,0
0.636155,0.357555,0,0.442026,-0.31591,0,-1.07818,-0.0416456,0
0.625696,0.35701,0,0.453088,-0.320037,0,-1.07878,-0.0369728,0
0.615155,0.356259,0,0.464159,-0.323959,0,-1.07931,-0.0323001,0
0.604537,0.3553,0,0.475235,-0.327672,0,-1.07977,-0.0276275,0
0.593848,0.354129,0,0.48631,-0.331174,0,-1.08016,-0.022955,0
0.583093,0.352747,0,0.497379,-0.334464,0,-1.08047,-0.0182827,0
0.572279,0.351149,0,0.508436,-0.337539,0,-1.08072,-0.0136105,0
0.561412,0.349336,0,0.519475,-0.340398,0,-1.08089,-0.00893829,0
0.550497,0.347307,0,0.530491,-0.343041,0,-1.08099,-0.00426617,0
0.539541,0.34506,0,0.541476,-0.345466,0,-1.08102,0.000405932,0
0.528551,0.342596,0,0.552425,-0.347674,0,-1.08098,0.00507803,0
0.517531,0.339915,0,0.563331,-0.349666,0,-1.08086,0.00975016,0
0.506488,0.337018,0,0.57419,-0.35144,0,-1.08068,0.0144223,0
0.495429,0.333905,0,0.584994,-0.353,0,-1.08042,0.0190946,0
0.484358,0.330578,0,0.595737,-0.354345,0,-1.0801,0.023767,0
0.473282,0.327038,0,0.606414,-0.355478,0,-1.0797,0.0284394,0
0.462206,0.323288,0,0.617019,-0.3564,0,-1.07923,0.033112,0
0.451137,0.31933,0,0.627546,-0.357115,0,-1.07868,0.0377848,0
0.440078,0.315166,0,0.63799,-0.357624,0,-1.07807,0.0424576,0
0.429035,0.3108,0,0.648345,-0.357931,0,-1.07738,0.0471306,0
0.418013,0.306235,0,0.658606,-0.358038,0,-1.07662,0.0518037,0
0.407016,0.301474,0,0.668768,-0.357951,0,-1.07578,0.0564768,0
0.396049,0.296521,0,0.678827,-0.357671,0,-1.07488,0.06115,0
0.385115,0.29138,0,0.688778,-0.357203,0,-1.07389,0.0658231,0
0.374219,0.286056,0,0.698616,-0.356552,0,-1.07283,0.0704962,0
0.363363,0.280552,0,0.708338,-0.355722,0,-1.0717,0.0751691,0
0.352551,0.274875,0,0.71794,-0.354716,0,-1.07049,0.0798417,0
0.341786,0.269027,0,0.727419,-0.353541,0,-1.06921,0.0845139,0
0.331071,0.263014,0,0.736772,-0.3522,0,-1.06784,0.0891856,0
0.320406,0.256841,0,0.745994,-0.350698,0,-1.0664,0.0938566,0
0.309795,0.250514,0,0.755085,-0.349041,0,-1.06488,0.0985267,0
0.299239,0.244037,0,0.764041,-0.347233,0,-1.06328,0.103196,0
0.288739,0.237415,0,0.772861,-0.345279,0,-1.0616,0.107864,0
0.278296,0.230655,0,0.781542,-0.343185,0,-1.05984,0.11253,0
0.267911,0.22376,0,0.790083,-0.340954,0,-1.05799,0.117194,0
0.257585,0.216737,0,0.798482,-0.338593,0,-1.05607,0.121857,0
0.247317,0.20959,0,0.806739,-0.336107,0,-1.05406,0.126517,0
0.237108,0.202325,0,0.814852,-0.333499,0,-1.05196,0.131174,0
0.226957,0.194947,0,0.82282,-0.330775,0,-1.04978,0.135828,0
0.216863,0.187462,0,0.830644,-0.32794,0,-1.04751,0.140478,0
0.206826,0.179875,0,0.838323,-0.324999,0,-1.04515,0.145124,0
0.196845,0.17219,0,0.845857,-0.321955,0,-1.0427,0.149765,0
0.186919,0.164412,0,0.853245,-0.318814,0,-1.04016,0.154402,0
0.177045,0.156548,0,0.860489,-0.31558,0,-1.03753,0.159032,0
0.167223,0.148601,0,0.867588,-0.312257,0,-1.03481,0.163656,0
0.157451,0.140577,0,0.874543,-0.30885,0,-1.03199,0.168272,0
0.147726,0.132481,0,0.881354,-0.305362,0,-1.02908,0.172881,0
0.138047,0.124317,0,0.888023,-0.301798,0,-1.02607,0.177481,0
0.128411,0.116089,0,0.89455,-0.298161,0,-1.02296,0.182072,0
0.118816,0.107804,0,0.900937,-0.294455,0,-1.01975,0.186652,0
0.10926,0.0994643,0,0.907183,-0.290684,0,-1.01644,0.19122,0
0.0997388,0.0910755,0,0.913291,-0.286851,0,-1.01303,0.195776,0
0.0902509,0.0826419,0,0.919262,-0.28296,0,-1.00951,0.200318,0
0.0807932,0.0741677,0,0.925097,-0.279013,0,-1.00589,0.204845,0
0.0713627,0.0656575,0,0.930797,-0.275014,0,-1.00216,0.209357,0
0.0619566,0.0571155,0,0.936364,-0.270966,0,-0.998321,0.21385,0
0.0525716,0.0485459,0,0.941799,-0.266871,0,-0.994371,0.218325,0
0.0432047,0.0399529,0,0.947104,-0.262733,0,-0.990309,0.22278,0
0.0338529,0.0313409,0,0.952281,-0.258553,0,-0.986134,0.227212,0
0.0245127,0.0227138,0,0.95733,-0.254335,0,-0.981843,0.231622,0
0.0151812,0.014076,0,0.962254,-0.250081,0,-0.977435,0.236005,0
0.00585492,0.00543143,0,0.967054,-0.245793,0,-0.972909,0.240362,0
-0.00346929,-0.00321571,0,0.971731,-0.241474,0,-0.968262,0.244689,0
-0.0127947,-0.0118613,0,0.976288,-0.237124,0,-0.963494,0.248986,0
-0.0221246,-0.0205013,0,0.980726,-0.232747,0,-0.958602,0.253249,0
-0.0314622,-0.0291315,0,0.985047,-0.228345,0,-0.953585,0.257476,0
-0.0408108,-0.0377478,0,0.989252,-0.223918,0,-0.948441,0.261666,0
-0.0501735,-0.046346,0,0.993342,-0.219469,0,-0.943169,0.265815,0
-0.0595536,-0.054922,0,0.997321,-0.214999,0,-0.937767,0.269921,0
-0.068954,-0.0634715,0,1.00119,-0.21051,0,-0.932234,0.273981,0
-0.078378,-0.0719903,0,1.00495,-0.206003,0,-0.926568,0.277993,0
-0.0878285,-0.080474,0,1.0086,-0.20148,0,-0.920768,0.281954,0
-0.0973084,-0.0889185,0,1.01214,-0.196941,0,-0.914832,0.28586,0
-0.106821,-0.0973192,0,1.01558,-0.192389,0,-0.908759,0.289708,0
-0.116368,-0.105672,0,1.01892,-0.187824,0,-0.902548,0.293495,0
-0.125953,-0.113972,0,1.02215,-0.183246,0,-0.896197,0.297218,0
-0.135578,-0.122214,0,1.02528,-0.178659,0,-0.889706,0.300873,0
-0.145246,-0.130395,0,1.02832,-0.174061,0,-0.883074,0.304456,0
-0.154959,-0.138509,0,1.03126,-0.169454,0,-0.876299,0.307964,0
-0.164719,-0.146552,0,1.0341,-0.16484,0,-0.869381,0.311392,0
-0.174528,-0.154519,0,1.03685,-0.160218,0,-0.862319,0.314737,0
-0.184388,-0.162405,0,1.0395,-0.155589,0,-0.855112,0.317994,0
-0.194301,-0.170205,0,1.04206,-0.150954,0,-0.847761,0.321159,0
-0.204268,-0.177914,0,1.04453,-0.146314,0,-0.840264,0.324228,0
-0.21429,-0.185527,0,1.04691,-0.141669,0,-0.832622,0.327196,0
-0.224369,-0.193039,0,1.0492,-0.13702,0,-0.824835,0.330059,0
-0.234506,-0.200445,0,1.05141,-0.132367,0,-0.816904,0.332812,0
-0.2447,-0.207739,0,1.05353,-0.127711,0,-0.808827,0.33545,0
-0.254953,-0.214916,0,1.05556,-0.123051,0,-0.800607,0.337968,0
-0.265264,-0.221972,0,1.05751,-0.11839,0,-0.792244,0.340361,0
-0.275634,-0.2289,0,1.05937,-0.113726,0,-0.78374,0.342626,0
-0.286062,-0.235695,0,1.06116,-0.10906,0,-0.775094,0.344755,0
-0.296548,-0.242353,0,1.06286,-0.104392,0,-0.76631,0.346746,0
-0.30709,-0.248868,0,1.06448,-0.0997236,0,-0.757389,0.348591,0
-0.317687,-0.255234,0,1.06602,-0.0950538,0,-0.748332,0.350288,0
-0.328338,-0.261447,0,1.06748,-0.090383,0,-0.739143,0.35183,0
-0.339041,-0.267501,0,1.06886,-0.0857115,0,-0.729823,0.353212,0
-0.349793,-0.273391,0,1.07017,-0.0810394,0,-0.720376,0.354431,0
-0.360593,-0.279113,0,1.0714,-0.0763669,0,-0.710805,0.35548,0
-0.371438,-0.284662,0,1.07255,-0.0716941,0,-0.701114,0.356356,0
-0.382324,-0.290032,0,1.07363,-0.0670211,0,-0.691304,0.357053,0
-0.393249,-0.29522,0,1.07463,-0.0623479,0,-0.681382,0.357568,0
-0.404208,-0.300222,0,1.07556,-0.0576748,0,-0.67135,0.357896,0
-0.415197,-0.305032,0,1.07641,-0.0530016,0,-0.661214,0.358034,0
-0.426214,-0.309648,0,1.07719,-0.0483285,0,-0.650978,0.357976,0
-0.437252,-0.314065,0,1.0779,-0.0436556,0,-0.640646,0.357721,0
-0.448307,-0.318281,0,1.07853,-0.0389827,0,-0.630225,0.357264,0
-0.459375,-0.322292,0,1.07909,-0.0343099,0,-0.619719,0.356602,0
-0.470449,-0.326096,0,1.07958,-0.0296373,0,-0.609133,0.355733,0
-0.481526,-0.329689,0,1.08,-0.0249648,0,-0.598474,0.354654,0
-0.492598,-0.333071,0,1.08034,-0.0202924,0,-0.587747,0.353363,0
-0.503661,-0.336239,0,1.08062,-0.0156201,0,-0.576958,0.351859,0
-0.514709,-0.339191,0,1.08082,-0.0109479,0,-0.566113,0.350139,0
-0.525735,-0.341928,0,1.08095,-0.00627581,0,-0.555218,0.348203,0
-0.536734,-0.344447,0,1.08101,-0.00160371,0,-0.544279,0.346051,0
-0.547699,-0.346749,0,1.081,0.00306838,0,-0.533302,0.343681,0
-0.558625,-0.348834,0,1.08092,0.00774049,0,-0.522294,0.341094,0
-0.569505,-0.350702,0,1.08077,0.0124126,0,-0.511261,0.33829,0
-0.580333,-0.352355,0,1.08054,0.0170849,0,-0.500208,0.33527,0
-0.591104,-0.353792,0,1.08024,0.0217572,0,-0.489141,0.332035,0
-0.60181,-0.355017,0,1.07988,0.0264296,0,-0.478066,0.328587,0
-0.612447,-0.35603,0,1.07944,0.0311021,0,-0.46699,0.324928,0
-0.623008,-0.356834,0,1.07893,0.0357748,0,-0.455917,0.321059,0
-0.633489,-0.357431,0,1.07834,0.0404476,0,-0.444853,0.316984,0
-0.643883,-0.357825,0,1.07768,0.0451205,0,-0.433802,0.312705,0
-0.654185,-0.358018,0,1.07696,0.0497935,0,-0.42277,0.308225,0
-0.664391,-0.358014,0,1.07615,0.0544666,0,-0.411762,0.303548,0
-0.674495,-0.357817,0,1.07528,0.0591398,0,-0.400782,0.298677,0
-0.684492,-0.35743,0,1.07433,0.0638129,0,-0.389833,0.293617,0
-0.69438,-0.356858,0,1.0733,0.068486,0,-0.37892,0.288372,0
-0.704153,-0.356104,0,1.0722,0.0731589,0,-0.368046,0.282945,0
-0.713807,-0.355174,0,1.07102,0.0778317,0,-0.357215,0.277342,0
-0.72334,-0.354071,0,1.06977,0.082504,0,-0.34643,0.271567,0
-0.732747,-0.352801,0,1.06844,0.087176,0,-0.335692,0.265625,0
-0.742026,-0.351368,0,1.06703,0.0918473,0,-0.325005,0.259521,0
-0.751175,-0.349777,0,1.06555,0.0965178,0,-0.314371,0.25326,0
-0.760189,-0.348034,0,1.06398,0.101187,0,-0.303791,0.246847,0
-0.769068,-0.346143,0,1.06233,0.105856,0,-0.293266,0.240287,0
-0.777809,-0.344108,0,1.06061,0.110523,0,-0.282799,0.233586,0
-0.78641,-0.341936,0,1.0588,0.115188,0,-0.272389,0.226748,0
-0.794871,-0.339631,0,1.05691,0.119851,0,-0.262037,0.21978,0
-0.803189,-0.337198,0,1.05493,0.124512,0,-0.251744,0.212686,0
-0.811365,-0.334642,0,1.05287,0.129171,0,-0.241509,0.205471,0
-0.819396,-0.331967,0,1.05073,0.133826,0,-0.231333,0.198142,0
-0.827282,-0.32918,0,1.0485,0.138478,0,-0.221215,0.190702,0
-0.835024,-0.326284,0,1.04618,0.143126,0,-0.211154,0.183158,0
-0.84262,-0.323284,0,1.04377,0.147769,0,-0.201148,0.175515,0
-0.850072,-0.320184,0,1.04127,0.152408,0,-0.191199,0.167777,0
-0.857378,-0.31699,0,1.03868,0.15704,0,-0.181302,0.159949,0
-0.864539,-0.313705,0,1.036,0.161667,0,-0.171458,0.152038,0
-0.871556,-0.310334,0,1.03322,0.166287,0,-0.161665,0.144047,0
-0.87843,-0.30688,0,1.03035,0.170899,0,-0.15192,0.135981,0
-0.88516,-0.303348,0,1.02738,0.175503,0,-0.142221,0.127845,0
-0.891748,-0.299743,0,1.02431,0.180098,0,-0.132567,0.119645,0
-0.898195,-0.296066,0,1.02115,0.184682,0,-0.122954,0.111384,0
-0.904502,-0.292323,0,1.01788,0.189256,0,-0.113381,0.103067,0
-0.91067,-0.288516,0,1.01452,0.193817,0,-0.103845,0.0946989,0
-0.9167,-0.284649,0,1.01104,0.198365,0,-0.0943434,0.0862841,0
-0.922593,-0.280726,0,1.00747,0.202899,0,-0.084873,0.0778269,0
-0.928351,-0.276749,0,1.00378,0.207418,0,-0.0754311,0.0693318,0
-0.933976,-0.272722,0,0.99999,0.211919,0,-0.0660147,0.060803,0
-0.939468,-0.268647,0,0.996089,0.216402,0,-0.056621,0.0522448,0
-0.944829,-0.264527,0,0.992075,0.220866,0,-0.0472466,0.0436614,0
-0.95006,-0.260365,0,0.987949,0.225308,0,-0.0378886,0.0350572,0
-0.955164,-0.256164,0,0.983708,0.229727,0,-0.0285438,0.0264361,0
-0.960142,-0.251925,0,0.979351,0.234122,0,-0.0192089,0.0178025,0
-0.964995,-0.247651,0,0.974876,0.238491,0,-0.00988068,0.00916036,0
-0.969726,-0.243345,0,0.970282,0.242831,0,-0.000555946,0.000513872,0
-0.974335,-0.239008,0,0.965566,0.247141,0,0.0087686,-0.00813286,0
-0.978824,-0.234643,0,0.960728,0.251419,0,0.0180962,-0.0167757,0
-0.983195,-0.230251,0,0.955765,0.255662,0,0.0274301,-0.0254106,0
-0.987449,-0.225834,0,0.950676,0.259868,0,0.0367736,-0.0340334,0
-0.991589,-0.221395,0,0.945459,0.264035,0,0.0461299,-0.0426398,0
-0.995616,-0.216934,0,0.940114,0.26816,0,0.0555021,-0.0512259,0
-0.999531,-0.212453,0,0.934637,0.27224,0,0.0648934,-0.0597873,0
-1.00334,-0.207953,0,0.929029,0.276273,0,0.0743069,-0.0683198,0
-1.00703,-0.203437,0,0.923287,0.280256,0,0.0837456,-0.0768192,0
-1.01062,-0.198905,0,0.91741,0.284186,0,0.0932125,-0.0852811,0
-1.01411,-0.194358,0,0.911396,0.28806,0,0.10271,-0.0937012,0
-1.01749,-0.189798,0,0.905245,0.291874,0,0.112242,-0.102075,0
-1.02077,-0.185226,0,0.898955,0.295625,0,0.121811,-0.110398,0
-1.02394,-0.180643,0,0.892525,0.299309,0,0.131418,-0.118666,0
-1.02702,-0.17605,0,0.885953,0.302924,0,0.141067,-0.126874,0
-1.03,-0.171447,0,0.87924,0.306464,0,0.15076,-0.135018,0
-1.03288,-0.166835,0,0.872384,0.309927,0,0.1605,-0.143092,0
-1.03567,-0.162216,0,0.865384,0.313309,0,0.170288,-0.151092,0
-1.03837,-0.15759,0,0.85824,0.316604,0,0.180126,-0.159014,0
-1.04097,-0.152958,0,0.850951,0.319809,0,0.190015,-0.166851,0
-1.04348,-0.14832,0,0.843517,0.32292,0,0.199959,-0.1746,0
-1.0459,-0.143677,0,0.835938,0.325933,0,0.209957,-0.182255,0
-1.04823,-0.13903,0,0.828214,0.328841,0,0.220012,-0.189811,0
-1.05047,-0.134379,0,0.820344,0.331642,0,0.230123,-0.197263,0
-1.05262,-0.129724,0,0.81233,0.33433,0,0.240293,-0.204606,0
-1.05469,-0.125066,0,0.804172,0.3369,0,0.25052,-0.211835,0
-1.05668,-0.120405,0,0.795871,0.339348,0,0.260806,-0.218943,0
-1.05858,-0.115742,0,0.787427,0.341669,0,0.271151,-0.225927,0
-1.0604,-0.111077,0,0.778843,0.343857,0,0.281554,-0.23278,0
-1.06213,-0.10641,0,0.770118,0.345908,0,0.292015,-0.239498,0
-1.06379,-0.101742,0,0.761256,0.347817,0,0.302532,-0.246075,0
-1.06536,-0.0970724,0,0.752257,0.349578,0,0.313106,-0.252506,0
-1.06686,-0.092402,0,0.743125,0.351188,0,0.323734,-0.258786,0
-1.06828,-0.0877308,0,0.733861,0.352639,0,0.334415,-0.264909,0
-1.06962,-0.0830589,0,0.724469,0.353929,0,0.345146,-0.27087,0
-1.07088,-0.0783866,0,0.714951,0.355052,0,0.355926,-0.276665,0
-1.07206,-0.0737139,0,0.705311,0.356003,0,0.366752,-0.282289,0
-1.07317,-0.0690409,0,0.695552,0.356778,0,0.37762,-0.287737,0
-1.07421,-0.0643678,0,0.685678,0.357372,0,0.388529,-0.293005,0
-1.07517,-0.0596947,0,0.675694,0.357782,0,0.399473,-0.298087,0
-1.07605,-0.0550215,0,0.665602,0.358002,0,0.41045,-0.30298,0
-1.07686,-0.0503484,0,0.655408,0.358029,0,0.421456,-0.307681,0
-1.0776,-0.0456754,0,0.645117,0.357859,0,0.432485,-0.312184,0
-1.07827,-0.0410024,0,0.634734,0.35749,0,0.443533,-0.316487,0
-1.07886,-0.0363296,0,0.624264,0.356917,0,0.454596,-0.320587,0
-1.07938,-0.0316569,0,0.613712,0.356137,0,0.465668,-0.32448,0
-1.07983,-0.0269844,0,0.603084,0.355149,0,0.476745,-0.328165,0
-1.0802,-0.0223119,0,0.592385,0.35395,0,0.487819,-0.331638,0
-1.08051,-0.0176396,0,0.581622,0.352538,0,0.498887,-0.334899,0
-1.08074,-0.0129674,0,0.570801,0.350912,0,0.509942,-0.337944,0
-1.0809,-0.00829519,0,0.559927,0.349069,0,0.520978,-0.340774,0
-1.081,-0.00362307,0,0.549006,0.34701,0,0.53199,-0.343387,0
-1.08102,0.00104903,0,0.538045,0.344734,0,0.54297,-0.345783,0
-1.08096,0.00572113,0,0.52705,0.342241,0,0.553914,-0.347962,0
-1.08084,0.0103933,0,0.516027,0.33953,0,0.564814,-0.349923,0
-1.08065,0.0150655,0,0.504981,0.336603,0,0.575666,-0.351669,0
-1.08038,0.0197377,0,0.49392,0.333461,0,0.586462,-0.353199,0
-1.08004,0.0244101,0,0.482848,0.330105,0,0.597196,-0.354515,0
-1.07964,0.0290826,0,0.471772,0.326537,0,0.607864,-0.355619,0
-1.07916,0.0337552,0,0.460697,0.322758,0,0.618459,-0.356513,0
-1.0786,0.038428,0,0.449628,0.318771,0,0.628975,-0.357199,0
-1.07798,0.0431008,0,0.438571,0.31458,0,0.639407,-0.357681,0
-1.07728,0.0477738,0,0.427531,0.310186,0,0.649749,-0.35796,0
-1.07651,0.0524469,0,0.416512,0.305594,0,0.659997,-0.358041,0
-1.07566,0.05712,0,0.405519,0.300807,0,0.670145,-0.357927,0
-1.07475,0.0617932,0,0.394556,0.295828,0,0.68019,-0.357621,0
-1.07375,0.0664663,0,0.383627,0.290662,0,0.690125,-0.357128,0
-1.07268,0.0711394,0,0.372737,0.285313,0,0.699948,-0.356453,0
-1.07154,0.0758122,0,0.361887,0.279786,0,0.709654,-0.355598,0
-1.07032,0.0804848,0,0.351081,0.274084,0,0.71924,-0.354569,0
-1.06902,0.0851569,0,0.340323,0.268214,0,0.728702,-0.353371,0
-1.06765,0.0898285,0,0.329614,0.262179,0,0.738036,-0.352007,0
-1.0662,0.0944994,0,0.318957,0.255985,0,0.747241,-0.350484,0
-1.06467,0.0991694,0,0.308353,0.249637,0,0.756314,-0.348806,0
-1.06306,0.103838,0,0.297804,0.24314,0,0.765251,-0.346978,0
-1.06136,0.108506,0,0.287312,0.236499,0,0.774052,-0.345005,0
-1.05959,0.113172,0,0.276877,0.22972,0,0.782714,-0.342892,0
-1.05774,0.117836,0,0.2665,0.222807,0,0.791236,-0.340643,0
-1.0558,0.122498,0,0.256182,0.215767,0,0.799616,-0.338265,0
-1.05377,0.127158,0,0.245922,0.208604,0,0.807853,-0.335761,0
-1.05167,0.131814,0,0.235721,0.201323,0,0.815946,-0.333138,0
-1.04947,0.136468,0,0.225577,0.193931,0,0.823895,-0.330398,0
-1.04719,0.141118,0,0.215492,0.186431,0,0.8317,-0.327549,0
-1.04482,0.145763,0,0.205463,0.17883,0,0.839359,-0.324593,0
-1.04236,0.150404,0,0.195489,0.171132,0,0.846872,-0.321536,0
-1.03981,0.155039,0,0.18557,0.163343,0,0.854241,-0.318382,0
-1.03717,0.159669,0,0.175703,0.155467,0,0.861465,-0.315135,0
-1.03443,0.164292,0,0.165888,0.147509,0,0.868544,-0.311801,0
-1.0316,0.168907,0,0.156122,0.139475,0,0.87548,-0.308382,0
-1.02868,0.173515,0,0.146404,0.131369,0,0.882272,-0.304884,0
-1.02565,0.178114,0,0.136731,0.123196,0,0.888921,-0.30131,0
-1.02253,0.182703,0,0.127101,0.114961,0,0.895429,-0.297663,0
-1.01931,0.187281,0,0.117511,0.106668,0,0.901796,-0.293948,0
-1.01598,0.191848,0,0.10796,0.0983211,0,0.908024,-0.290169,0
-1.01256,0.196402,0,0.0984434,0.0899259,0,0.914113,-0.286328,0
-1.00903,0.200942,0,0.0889598,0.0814865,0,0.920065,-0.282428,0
-1.00539,0.205467,0,0.0795059,0.0730072,0,0.925882,-0.278474,0
-1.00164,0.209976,0,0.0700789,0.0644924,0,0.931564,-0.274468,0
-0.997789,0.214467,0,0.0606758,0.0559464,0,0.937113,-0.270414,0
-0.993824,0.218939,0,0.0512935,0.0473734,0,0.94253,-0.266313,0
-0.989746,0.223391,0,0.0419289,0.0387776,0,0.947818,-0.262169,0
-0.985555,0.227821,0,0.0325787,0.0301633,0,0.952977,-0.257984,0
-0.981249,0.232226,0,0.02324,0.0215346,0,0.958009,-0.253761,0
-0.976825,0.236607,0,0.0139093,0.0128956,0,0.962915,-0.249502,0
-0.972282,0.240959,0,0.00458352,0.00425048,0,0.967699,-0.24521,0
-0.967619,0.245283,0,-0.00474068,-0.00439667,0,0.97236,-0.240886,0
-0.962834,0.249574,0,-0.0140665,-0.0130417,0,0.9769,-0.236533,0
-0.957925,0.253833,0,-0.0233973,-0.0216806,0,0.981322,-0.232152,0
-0.952891,0.258055,0,-0.0327362,-0.0303091,0,0.985627,-0.227746,0
-0.94773,0.262239,0,-0.0420866,-0.0389231,0,0.989816,-0.223316,0
-0.94244,0.266383,0,-0.0514515,-0.0475185,0,0.993891,-0.218864,0
-0.93702,0.270483,0,-0.0608341,-0.0560911,0,0.997854,-0.214391,0
-0.931469,0.274537,0,-0.0702376,-0.0646366,0,1.00171,-0.2099,0
-0.925785,0.278542,0,-0.079665,-0.0731509,0,1.00545,-0.205391,0
-0.919966,0.282495,0,-0.0891193,-0.0816295,0,1.00909,-0.200865,0
-0.914012,0.286393,0,-0.0986035,-0.0900682,0,1.01262,-0.196325,0
-0.90792,0.290233,0,-0.10812,-0.0984626,0,1.01604,-0.191771,0
-0.90169,0.294012,0,-0.117673,-0.106808,0,1.01936,-0.187204,0
-0.895321,0.297726,0,-0.127263,-0.1151,0,1.02258,-0.182625,0
-0.888811,0.301371,0,-0.136894,-0.123335,0,1.0257,-0.178036,0
-0.882159,0.304944,0,-0.146568,-0.131507,0,1.02873,-0.173437,0
-0.875364,0.308441,0,-0.156287,-0.139612,0,1.03165,-0.168829,0
-0.868426,0.311858,0,-0.166053,-0.147645,0,1.03448,-0.164213,0
-0.861345,0.315191,0,-0.175869,-0.155601,0,1.03721,-0.15959,0
-0.854118,0.318436,0,-0.185736,-0.163475,0,1.03985,-0.154961,0
-0.846747,0.321588,0,-0.195657,-0.171263,0,1.0424,-0.150325,0
-0.839231,0.324644,0,-0.205631,-0.178959,0,1.04486,-0.145685,0
-0.831569,0.327598,0,-0.215661,-0.186559,0,1.04723,-0.141039,0
-0.823763,0.330446,0,-0.225748,-0.194056,0,1.04951,-0.136389,0
-0.815811,0.333183,0,-0.235892,-0.201447,0,1.0517,-0.131736,0
-0.807716,0.335805,0,-0.246094,-0.208726,0,1.05381,-0.127079,0
-0.799476,0.338306,0,-0.256355,-0.215887,0,1.05583,-0.122419,0
-0.791094,0.340683,0,-0.266675,-0.222925,0,1.05777,-0.117757,0
-0.78257,0.342929,0,-0.277052,-0.229835,0,1.05962,-0.113093,0
-0.773905,0.34504,0,-0.287488,-0.236612,0,1.06139,-0.108427,0
-0.765102,0.34701,0,-0.297981,-0.243251,0,1.06308,-0.103759,0
-0.756162,0.348836,0,-0.308531,-0.249746,0,1.06469,-0.0990905,0
-0.747088,0.350512,0,-0.319136,-0.256091,0,1.06622,-0.0944205,0
-0.737881,0.352032,0,-0.329794,-0.262282,0,1.06767,-0.0897496,0
-0.728544,0.353392,0,-0.340504,-0.268315,0,1.06905,-0.085078,0
-0.71908,0.354588,0,-0.351263,-0.274182,0,1.07034,-0.0804058,0
-0.709492,0.355614,0,-0.362069,-0.279881,0,1.07156,-0.0757333,0
-0.699784,0.356466,0,-0.37292,-0.285405,0,1.0727,-0.0710604,0
-0.689959,0.357139,0,-0.383811,-0.290751,0,1.07377,-0.0663874,0
-0.680022,0.357628,0,-0.394741,-0.295914,0,1.07476,-0.0617143,0
-0.669976,0.357931,0,-0.405704,-0.30089,0,1.07568,-0.0570411,0
-0.659826,0.358042,0,-0.416697,-0.305674,0,1.07652,-0.0523679,0
-0.649576,0.357957,0,-0.427717,-0.310263,0,1.07729,-0.0476949,0
-0.639232,0.357675,0,-0.438757,-0.314653,0,1.07799,-0.0430219,0
-0.628799,0.35719,0,-0.449815,-0.318841,0,1.07861,-0.038349,0
-0.618282,0.3565,0,-0.460883,-0.322824,0,1.07917,-0.0336763,0
-0.607686,0.355603,0,-0.471959,-0.326599,0,1.07964,-0.0290037,0
-0.597017,0.354495,0,-0.483035,-0.330164,0,1.08005,-0.0243312,0
-0.586281,0.353175,0,-0.494106,-0.333516,0,1.08039,-0.0196588,0
-0.575484,0.351641,0,-0.505168,-0.336655,0,1.08065,-0.0149865,0
-0.564632,0.349892,0,-0.516213,-0.339578,0,1.08084,-0.0103143,0
-0.553731,0.347927,0,-0.527235,-0.342285,0,1.08097,-0.00564221,0
-0.542786,0.345745,0,-0.53823,-0.344775,0,1.08102,-0.000970106,0
-0.531805,0.343345,0,-0.54919,-0.347047,0,1.081,0.00370199,0
-0.520793,0.340729,0,-0.56011,-0.349103,0,1.0809,0.00837411,0
-0.509757,0.337895,0,-0.570983,-0.350941,0,1.08074,0.0130463,0
-0.498702,0.334846,0,-0.581804,-0.352564,0,1.08051,0.0177185,0
-0.487634,0.331582,0,-0.592566,-0.353973,0,1.0802,0.0223908,0
-0.476559,0.328105,0,-0.603263,-0.355168,0,1.07982,0.0270633,0
-0.465483,0.324417,0,-0.61389,-0.356153,0,1.07937,0.0317358,0
-0.45441,0.32052,0,-0.624441,-0.356929,0,1.07885,0.0364085,0
-0.443348,0.316417,0,-0.63491,-0.357498,0,1.07826,0.0410813,0
-0.4323,0.31211,0,-0.645291,-0.357865,0,1.07759,0.0457543,0
-0.421271,0.307603,0,-0.655581,-0.358031,0,1.07685,0.0504273,0
-0.410266,0.3029,0,-0.665773,-0.358,0,1.07604,0.0551004,0
-0.39929,0.298003,0,-0.675863,-0.357777,0,1.07515,0.0597736,0
-0.388346,0.292918,0,-0.685846,-0.357365,0,1.07419,0.0644468,0
-0.377438,0.287648,0,-0.695718,-0.356767,0,1.07316,0.0691198,0
-0.36657,0.282197,0,-0.705475,-0.355989,0,1.07204,0.0737928,0
-0.355745,0.27657,0,-0.715113,-0.355035,0,1.07086,0.0784655,0
-0.344966,0.270772,0,-0.724628,-0.35391,0,1.06959,0.0831378,0
-0.334235,0.264807,0,-0.734018,-0.352617,0,1.06825,0.0878096,0
-0.323556,0.258682,0,-0.74328,-0.351163,0,1.06684,0.0924809,0
-0.312928,0.2524,0,-0.75241,-0.349551,0,1.06534,0.0971513,0
-0.302356,0.245966,0,-0.761406,-0.347787,0,1.06376,0.101821,0
-0.291839,0.239387,0,-0.770266,-0.345876,0,1.06211,0.106489,0
-0.281379,0.232667,0,-0.778988,-0.343822,0,1.06037,0.111156,0
-0.270977,0.225811,0,-0.787571,-0.341632,0,1.05855,0.115821,0
-0.260634,0.218825,0,-0.796012,-0.339309,0,1.05665,0.120484,0
-0.250349,0.211715,0,-0.804311,-0.336859,0,1.05466,0.125144,0
-0.240122,0.204484,0,-0.812467,-0.334287,0,1.05259,0.129802,0
-0.229954,0.19714,0,-0.820478,-0.331597,0,1.05043,0.134457,0
-0.219843,0.189686,0,-0.828345,-0.328794,0,1.04819,0.139109,0
-0.20979,0.182128,0,-0.836067,-0.325884,0,1.04586,0.143756,0
-0.199792,0.174471,0,-0.843643,-0.32287,0,1.04344,0.148399,0
-0.18985,0.166721,0,-0.851075,-0.319757,0,1.04092,0.153036,0
-0.179961,0.158882,0,-0.858361,-0.31655,0,1.03832,0.157669,0
-0.170124,0.150959,0,-0.865503,-0.313253,0,1.03563,0.162294,0
-0.160337,0.142957,0,-0.8725,-0.309871,0,1.03284,0.166913,0
-0.150598,0.134882,0,-0.879354,-0.306406,0,1.02995,0.171525,0
-0.140906,0.126737,0,-0.886065,-0.302864,0,1.02697,0.176127,0
-0.131257,0.118528,0,-0.892634,-0.299249,0,1.02389,0.180721,0
-0.12165,0.110259,0,-0.899062,-0.295563,0,1.02071,0.185304,0
-0.112083,0.101935,0,-0.90535,-0.291811,0,1.01743,0.189876,0
-0.102551,0.0935607,0,-0.911499,-0.287996,0,1.01405,0.194435,0
-0.0930541,0.0851399,0,-0.91751,-0.284121,0,1.01056,0.198981,0
-0.0835877,0.0766774,0,-0.923385,-0.280191,0,1.00697,0.203513,0
-0.0741495,0.0681774,0,-0.929125,-0.276207,0,1.00327,0.208029,0
-0.0647364,0.0596444,0,-0.934731,-0.272173,0,0.999467,0.212528,0
-0.0553454,0.0510825,0,-0.940205,-0.268092,0,0.995551,0.217009,0
-0.0459735,0.0424961,0,-0.945549,-0.263966,0,0.991522,0.22147,0
-0.0366175,0.0338893,0,-0.950763,-0.259798,0,0.98738,0.225909,0
-0.0272742,0.0252663,0,-0.95585,-0.255592,0,0.983124,0.230325,0
-0.0179405,0.0166313,0,-0.96081,-0.251348,0,0.978751,0.234717,0
-0.00861295,0.00798834,0,-0.965647,-0.24707,0,0.97426,0.239082,0
0.000711557,-0.000658418,0,-0.97036,-0.242759,0,0.969649,0.243418,0
0.0100363,-0.00930486,0,-0.974953,-0.238419,0,0.964916,0.247724,0
0.0193646,-0.0179469,0,-0.979426,-0.23405,0,0.960061,0.251997,0
0.0286996,-0.0265803,0,-0.983781,-0.229654,0,0.955081,0.256235,0
0.0380446,-0.0352011,0,-0.98802,-0.225235,0,0.949975,0.260436,0
0.0474029,-0.0438051,0,-0.992144,-0.220792,0,0.944741,0.264597,0
0.0567775,-0.052388,0,-0.996156,-0.216328,0,0.939378,0.268716,0
0.0661716,-0.0609457,0,-1.00006,-0.211845,0,0.933884,0.27279,0
0.0755883,-0.069474,0,-1.00385,-0.207343,0,0.928257,0.276817,0
0.0850307,-0.0779686,0,-1.00753,-0.202824,0,0.922497,0.280793,0
0.0945016,-0.086425,0,-1.0111,-0.19829,0,0.916601,0.284715,0
0.104004,-0.0948391,0,-1.01457,-0.193742,0,0.910569,0.288581,0
0.113541,-0.103206,0,-1.01794,-0.18918,0,0.904399,0.292387,0
0.123114,-0.111522,0,-1.0212,-0.184607,0,0.89809,0.296129,0
0.132727,-0.119782,0,-1.02437,-0.180022,0,0.891641,0.299804,0
0.142382,-0.127982,0,-1.02743,-0.175427,0,0.88505,0.303409,0
0.152082,-0.136116,0,-1.0304,-0.170823,0,0.878317,0.306939,0
0.161827,-0.144181,0,-1.03327,-0.166211,0,0.871442,0.310391,0
0.171622,-0.15217,0,-1.03604,-0.161591,0,0.864422,0.313761,0
0.181467,-0.160081,0,-1.03873,-0.156964,0,0.857258,0.317045,0
0.191364,-0.167907,0,-1.04131,-0.152331,0,0.84995,0.320237,0
0.201315,-0.175643,0,-1.04381,-0.147692,0,0.842496,0.323335,0
0.211321,-0.183285,0,-1.04622,-0.143049,0,0.834897,0.326334,0
0.221383,-0.190827,0,-1.04854,-0.138401,0,0.827153,0.329228,0
0.231502,-0.198265,0,-1.05077,-0.133749,0,0.819264,0.332014,0
0.241679,-0.205593,0,-1.05291,-0.129093,0,0.811231,0.334686,0
0.251915,-0.212805,0,-1.05497,-0.124435,0,0.803053,0.33724,0
0.262209,-0.219897,0,-1.05694,-0.119774,0,0.794732,0.339671,0
0.272562,-0.226863,0,-1.05883,-0.115111,0,0.78627,0.341974,0
0.282972,-0.233699,0,-1.06064,-0.110445,0,0.777666,0.344144,0
0.293441,-0.240398,0,-1.06236,-0.105778,0,0.768922,0.346176,0
0.303966,-0.246955,0,-1.06401,-0.10111,0,0.760041,0.348065,0
0.314547,-0.253366,0,-1.06557,-0.0964405,0,0.751025,0.349806,0
0.325183,-0.259624,0,-1.06706,-0.0917699,0,0.741874,0.351394,0
0.33587,-0.265726,0,-1.06846,-0.0870986,0,0.732593,0.352824,0
0.346609,-0.271665,0,-1.06979,-0.0824267,0,0.723184,0.354092,0
0.357395,-0.277437,0,-1.07104,-0.0777543,0,0.713649,0.355191,0
0.368227,-0.283037,0,-1.07222,-0.0730816,0,0.703992,0.356119,0
0.379101,-0.288461,0,-1.07332,-0.0684087,0,0.694218,0.35687,0
0.390015,-0.293703,0,-1.07434,-0.0637356,0,0.684328,0.357439,0
0.400964,-0.29876,0,-1.07529,-0.0590624,0,0.674329,0.357823,0
0.411945,-0.303628,0,-1.07617,-0.0543893,0,0.664223,0.358017,0
0.422954,-0.308301,0,-1.07697,-0.0497162,0,0.654016,0.358018,0
0.433986,-0.312778,0,-1.0777,-0.0450432,0,0.643712,0.357821,0
0.445036,-0.317054,0,-1.07835,-0.0403702,0,0.633316,0.357424,0
0.456101,-0.321126,0,-1.07894,-0.0356975,0,0.622835,0.356823,0
0.467174,-0.324991,0,-1.07945,-0.0310248,0,0.612272,0.356015,0
0.47825,-0.328647,0,-1.07988,-0.0263523,0,0.601634,0.354999,0
0.489325,-0.332091,0,-1.08025,-0.0216799,0,0.590926,0.353771,0
0.500391,-0.335322,0,-1.08055,-0.0170075,0,0.580155,0.35233,0
0.511444,-0.338339,0,-1.08077,-0.0123353,0,0.569326,0.350674,0
0.522477,-0.341139,0,-1.08092,-0.00766319,0,0.558445,0.348802,0
0.533485,-0.343723,0,-1.081,-0.00299108,0,0.547519,0.346714,0
0.544461,-0.346089,0,-1.08101,0.00168101,0,0.536553,0.344408,0
0.555399,-0.348238,0,-1.08095,0.0063531,0,0.525553,0.341885,0
0.566293,-0.35017,0,-1.08082,0.0110252,0,0.514527,0.339145,0
0.577137,-0.351886,0,-1.08062,0.0156974,0,0.503479,0.336189,0
0.587925,-0.353387,0,-1.08034,0.0203697,0,0.492416,0.333018,0
0.598651,-0.354675,0,-1.07999,0.0250421,0,0.481343,0.329632,0
0.609309,-0.35575,0,-1.07958,0.0297146,0,0.470267,0.326035,0
0.619893,-0.356615,0,-1.07909,0.0343872,0,0.459192,0.322228,0
0.630398,-0.357274,0,-1.07852,0.03906,0,0.448125,0.318214,0
0.640818,-0.357727,0,-1.07789,0.0437328,0,0.43707,0.313995,0
0.651148,-0.35798,0,-1.07718,0.0484058,0,0.426032,0.309574,0
0.661383,-0.358034,0,-1.0764,0.0530789,0,0.415016,0.304955,0
0.671517,-0.357893,0,-1.07554,0.0577521,0,0.404027,0.300141,0
0.681547,-0.357562,0,-1.07462,0.0624252,0,0.393068,0.295137,0
0.691468,-0.357044,0,-1.07361,0.0670983,0,0.382145,0.289946,0
0.701275,-0.356343,0,-1.07253,0.0717713,0,0.371259,0.284572,0
0.710965,-0.355465,0,-1.07138,0.0764441,0,0.360415,0.279021,0
0.720534,-0.354413,0,-1.07015,0.0811166,0,0.349616,0.273296,0
0.729979,-0.353192,0,-1.06884,0.0857887,0,0.338864,0.267403,0
0.739296,-0.351806,0,-1.06746,0.0904602,0,0.328162,0.261346,0
0.748483,-0.350262,0,-1.06599,0.095131,0,0.317512,0.255131,0
0.757537,-0.348563,0,-1.06445,0.0998009,0,0.306915,0.248762,0
0.766457,-0.346715,0,-1.06283,0.10447,0,0.296374,0.242245,0
0.775239,-0.344722,0,-1.06113,0.109137,0,0.28589,0.235585,0
0.783881,-0.34259,0,-1.05934,0.113803,0,0.275463,0.228787,0
0.792384,-0.340324,0,-1.05748,0.118467,0,0.265094,0.221857,0
0.800745,-0.337928,0,-1.05553,0.123128,0,0.254783,0.2148,0
0.808962,-0.335408,0,-1.05349,0.127788,0,0.244532,0.20762,0
0.817036,-0.332768,0,-1.05137,0.132444,0,0.234338,0.200324,0
0.824965,-0.330014,0,-1.04917,0.137097,0,0.224203,0.192917,0
0.83275,-0.327149,0,-1.04687,0.141746,0,0.214125,0.185403,0
0.840389,-0.324179,0,-1.04449,0.146391,0,0.204103,0.177789,0
0.847883,-0.321109,0,-1.04202,0.151031,0,0.194137,0.170078,0
0.855232,-0.317942,0,-1.03946,0.155665,0,0.184225,0.162277,0
0.862437,-0.314683,0,-1.0368,0.160294,0,0.174366,0.154389,0
0.869496,-0.311337,0,-1.03405,0.164916,0,0.164558,0.146421,0
0.876412,-0.307908,0,-1.03121,0.169531,0,0.154798,0.138377,0
0.883185,-0.304399,0,-1.02827,0.174137,0,0.145086,0.130262,0
0.889815,-0.300814,0,-1.02523,0.178735,0,0.135419,0.12208,0
0.896303,-0.297158,0,-1.0221,0.183322,0,0.125795,0.113836,0
0.902652,-0.293434,0,-1.01886,0.187899,0,0.11621,0.105535,0
0.90886,-0.289646,0,-1.01552,0.192464,0,0.106664,0.0971819,0
0.914931,-0.285797,0,-1.01208,0.197016,0,0.0971522,0.0887804,0
0.920865,-0.28189,0,-1.00854,0.201555,0,0.0876728,0.0803353,0
0.926663,-0.277929,0,-1.00489,0.206078,0,0.0782228,0.0718509,0
0.932326,-0.273916,0,-1.00113,0.210584,0,0.0687993,0.0633316,0
0.937857,-0.269855,0,-0.997257,0.215073,0,0.0593992,0.0547816,0
0.943257,-0.265748,0,-0.993276,0.219542,0,0.0500194,0.0462053,0
0.948527,-0.261598,0,-0.989184,0.223991,0,0.040657,0.0376067,0
0.953669,-0.257408,0,-0.984977,0.228418,0,0.0313086,0.0289902,0
0.958683,-0.25318,0,-0.980655,0.23282,0,0.0219712,0.0203598,0
0.963573,-0.248916,0,-0.976215,0.237197,0,0.0126414,0.0117197,0
0.96834,-0.244619,0,-0.971656,0.241545,0,0.00331599,0.00307403,0
0.972984,-0.240291,0,-0.966976,0.245865,0,-0.00600823,-0.0055731,0
0.977509,-0.235934,0,-0.962174,0.250152,0,-0.0153345,-0.0142176,0
0.981915,-0.23155,0,-0.957248,0.254405,0,-0.0246662,-0.0228553,0
0.986204,-0.227141,0,-0.952197,0.258623,0,-0.0340065,-0.0314821,0
0.990377,-0.222708,0,-0.947019,0.262802,0,-0.0433586,-0.0400939,0
0.994437,-0.218253,0,-0.941711,0.266939,0,-0.0527257,-0.0486864,0
0.998385,-0.213777,0,-0.936274,0.271033,0,-0.062111,-0.0572556,0
1.00222,-0.209283,0,-0.930705,0.275081,0,-0.0715176,-0.0657972,0
1.00595,-0.204772,0,-0.925002,0.279079,0,-0.0809484,-0.0743068,0
1.00957,-0.200244,0,-0.919165,0.283025,0,-0.0904066,-0.0827803,0
1.01309,-0.195702,0,-0.913192,0.286915,0,-0.099895,-0.0912133,0
1.0165,-0.191146,0,-0.907082,0.290747,0,-0.109416,-0.0996013,0
1.01981,-0.186577,0,-0.900833,0.294517,0,-0.118974,-0.10794,0
1.02301,-0.181997,0,-0.894444,0.298222,0,-0.128569,-0.116225,0
1.02612,-0.177407,0,-0.887915,0.301858,0,-0.138206,-0.124451,0
1.02913,-0.172806,0,-0.881244,0.305421,0,-0.147886,-0.132614,0
1.03204,-0.168198,0,-0.87443,0.308907,0,-0.157611,-0.140709,0
1.03486,-0.163581,0,-0.867473,0.312313,0,-0.167384,-0.148732,0
1.03758,-0.158957,0,-0.860371,0.315634,0,-0.177207,-0.156677,0
1.04021,-0.154326,0,-0.853125,0.318867,0,-0.187082,-0.16454,0
1.04274,-0.14969,0,-0.845734,0.322006,0,-0.197009,-0.172316,0
1.04519,-0.145049,0,-0.838198,0.325048,0,-0.206991,-0.18,0
1.04755,-0.140402,0,-0.830517,0.327988,0,-0.217029,-0.187586,0
1.04981,-0.135752,0,-0.822691,0.330821,0,-0.227123,-0.195069,0
1.05199,-0.131098,0,-0.81472,0.333543,0,-0.237275,-0.202445,0
1.05409,-0.126441,0,-0.806604,0.336149,0,-0.247485,-0.209708,0
1.0561,-0.121781,0,-0.798345,0.338634,0,-0.257754,-0.216852,0
1.05802,-0.117119,0,-0.789943,0.340992,0,-0.268082,-0.223874,0
1.05987,-0.112454,0,-0.7814,0.34322,0,-0.278467,-0.230766,0
1.06163,-0.107788,0,-0.772717,0.345313,0,-0.288911,-0.237525,0
1.06331,-0.10312,0,-0.763895,0.347264,0,-0.299412,-0.244144,0
1.06491,-0.0984509,0,-0.754937,0.34907,0,-0.309969,-0.250619,0
1.06642,-0.0937807,0,-0.745844,0.350724,0,-0.320581,-0.256944,0
1.06787,-0.0891097,0,-0.736619,0.352223,0,-0.331246,-0.263114,0
1.06923,-0.084438,0,-0.727265,0.353562,0,-0.341963,-0.269124,0
1.07051,-0.0797658,0,-0.717784,0.354734,0,-0.352729,-0.274969,0
1.07172,-0.0750932,0,-0.708179,0.355737,0,-0.363541,-0.280644,0
1.07285,-0.0704203,0,-0.698455,0.356565,0,-0.374397,-0.286144,0
1.07391,-0.0657472,0,-0.688615,0.357213,0,-0.385294,-0.291466,0
1.07489,-0.0610741,0,-0.678662,0.357677,0,-0.396229,-0.296603,0
1.0758,-0.0564009,0,-0.668602,0.357954,0,-0.407196,-0.301553,0
1.07663,-0.0517278,0,-0.658438,0.358039,0,-0.418194,-0.306311,0
1.07739,-0.0470547,0,-0.648175,0.357928,0,-0.429216,-0.310873,0
1.07808,-0.0423817,0,-0.637819,0.357618,0,-0.440259,-0.315236,0
1.07869,-0.0377089,0,-0.627374,0.357105,0,-0.451318,-0.319396,0
1.07923,-0.0330361,0,-0.616845,0.356387,0,-0.462388,-0.323351,0
1.0797,-0.0283635,0,-0.606239,0.355461,0,-0.473464,-0.327098,0
1.0801,-0.0236911,0,-0.595561,0.354325,0,-0.48454,-0.330634,0
1.08043,-0.0190187,0,-0.584817,0.352976,0,-0.49561,-0.333958,0
1.08068,-0.0143464,0,-0.574012,0.351413,0,-0.50667,-0.337067,0
1.08086,-0.00967426,0,-0.563152,0.349635,0,-0.517712,-0.339961,0
1.08098,-0.00500213,0,-0.552245,0.34764,0,-0.528731,-0.342638,0
1.08102,-0.000330031,0,-0.541295,0.345428,0,-0.539722,-0.345098,0
1.08099,0.00434207,0,-0.53031,0.342999,0,-0.550677,-0.347341,0
1.08088,0.00901419,0,-0.519294,0.340353,0,-0.561591,-0.349367,0
1.08071,0.0136864,0,-0.508255,0.33749,0,-0.572457,-0.351177,0
1.08047,0.0183586,0,-0.497197,0.334412,0,-0.58327,-0.35277,0
1.08015,0.023031,0,-0.486128,0.331119,0,-0.594024,-0.35415,0
1.07976,0.0277034,0,-0.475053,0.327613,0,-0.604712,-0.355317,0
1.07931,0.032376,0,-0.463977,0.323897,0,-0.615329,-0.356272,0
1.07877,0.0370487,0,-0.452905,0.319971,0,-0.625868,-0.35702,0
1.07817,0.0417215,0,-0.441844,0.31584,0,-0.636326,-0.357562,0
1.07749,0.0463945,0,-0.430799,0.311506,0,-0.646695,-0.357901,0
1.07674,0.0510675,0,-0.419773,0.306973,0,-0.656972,-0.35804,0
1.07592,0.0557407,0,-0.408772,0.302243,0,-0.66715,-0.357983,0
1.07502,0.0604138,0,-0.397799,0.29732,0,-0.677226,-0.357734,0
1.07405,0.065087,0,-0.38686,0.292209,0,-0.687194,-0.357296,0
1.07301,0.06976,0,-0.375958,0.286914,0,-0.69705,-0.356674,0
1.07189,0.0744329,0,-0.365095,0.281439,0,-0.706791,-0.355872,0
1.07069,0.0791056,0,-0.354276,0.275789,0,-0.716413,-0.354894,0
1.06942,0.0837779,0,-0.343504,0.269968,0,-0.725912,-0.353746,0
1.06806,0.0884496,0,-0.33278,0.263981,0,-0.735285,-0.352431,0
1.06664,0.0931207,0,-0.322107,0.257834,0,-0.744528,-0.350954,0
1.06513,0.097791,0,-0.311487,0.251531,0,-0.75364,-0.349322,0
1.06354,0.10246,0,-0.300922,0.245077,0,-0.762618,-0.347538,0
1.06187,0.107128,0,-0.290413,0.238479,0,-0.771459,-0.345607,0
1.06012,0.111795,0,-0.279961,0.23174,0,-0.780163,-0.343535,0
1.05829,0.11646,0,-0.269567,0.224866,0,-0.788726,-0.341326,0
1.05638,0.121122,0,-0.259231,0.217863,0,-0.797148,-0.338985,0
1.05438,0.125783,0,-0.248954,0.210736,0,-0.805428,-0.336518,0
1.0523,0.13044,0,-0.238735,0.203489,0,-0.813564,-0.33393,0
1.05013,0.135095,0,-0.228575,0.19613,0,-0.821555,-0.331224,0
1.04787,0.139745,0,-0.218472,0.188661,0,-0.829403,-0.328407,0
1.04553,0.144392,0,-0.208426,0.18109,0,-0.837105,-0.325482,0
1.0431,0.149034,0,-0.198436,0.17342,0,-0.844662,-0.322454,0
1.04057,0.153671,0,-0.188501,0.165657,0,-0.852073,-0.319329,0
1.03796,0.158303,0,-0.178619,0.157806,0,-0.85934,-0.316109,0
1.03525,0.162928,0,-0.168789,0.149873,0,-0.866462,-0.3128,0
1.03245,0.167545,0,-0.159009,0.141861,0,-0.87344,-0.309406,0
1.02955,0.172156,0,-0.149277,0.133776,0,-0.880274,-0.305931,0
1.02656,0.176757,0,-0.13959,0.125622,0,-0.886966,-0.302379,0
1.02346,0.181349,0,-0.129948,0.117405,0,-0.893516,-0.298754,0
1.02027,0.185931,0,-0.120346,0.109128,0,-0.899924,-0.295059,0
1.01698,0.190501,0,-0.110784,0.100797,0,-0.906193,-0.291298,0
1.01358,0.195059,0,-0.101257,0.0924157,0,-0.912323,-0.287474,0
1.01008,0.199603,0,-0.091764,0.0839889,0,-0.918316,-0.283592,0
1.00647,0.204133,0,-0.0823016,0.075521,0,-0.924172,-0.279654,0
1.00276,0.208647,0,-0.072867,0.0670163,0,-0.929894,-0.275663,0
0.998939,0.213143,0,-0.063457,0.0584791,0,-0.935482,-0.271622,0
0.995007,0.217621,0,-0.0540688,0.0499137,0,-0.940938,-0.267535,0
0.990963,0.222079,0,-0.0446993,0.0413243,0,-0.946264,-0.263404,0
0.986806,0.226515,0,-0.0353451,0.0327151,0,-0.951461,-0.259231,0
0.982534,0.230928,0,-0.0260033,0.0240902,0,-0.956531,-0.255019,0
0.978145,0.235316,0,-0.0166705,0.0154539,0,-0.961474,-0.25077,0
0.973638,0.239677,0,-0.00734358,0.00681019,0,-0.966294,-0.246488,0
0.96901,0.24401,0,0.0019808,-0.00183675,0,-0.970991,-0.242173,0
0.964261,0.248311,0,0.0113059,-0.0104828,0,-0.975567,-0.237828,0
0.959389,0.252579,0,0.0206349,-0.0191239,0,-0.980024,-0.233455,0
0.954392,0.256813,0,0.0299711,-0.0277559,0,-0.984363,-0.229057,0
0.949269,0.261008,0,0.0393178,-0.0363746,0,-0.988586,-0.224634,0
0.944017,0.265164,0,0.0486781,-0.0449759,0,-0.992695,-0.220188,0
0.938636,0.269277,0,0.0580552,-0.0535556,0,-0.996691,-0.215721,0
0.933124,0.273345,0,0.0674523,-0.0621096,0,-1.00058,-0.211235,0
0.927479,0.277365,0,0.0768723,-0.0706335,0,-1.00435,-0.206731,0
0.921701,0.281334,0,0.0863184,-0.0791231,0,-1.00802,-0.20221,0
0.915787,0.285248,0,0.0957935,-0.087574,0,-1.01158,-0.197674,0
0.909736,0.289106,0,0.1053,-0.0959819,0,-1.01504,-0.193124,0
0.903547,0.292903,0,0.114842,-0.104342,0,-1.01839,-0.188561,0
0.897218,0.296637,0,0.124421,-0.112651,0,-1.02164,-0.183986,0
0.89075,0.300302,0,0.134039,-0.120903,0,-1.02479,-0.179399,0
0.88414,0.303897,0,0.1437,-0.129094,0,-1.02784,-0.174803,0
0.877388,0.307417,0,0.153406,-0.137219,0,-1.03079,-0.170198,0
0.870493,0.310858,0,0.163158,-0.145274,0,-1.03365,-0.165585,0
0.863454,0.314217,0,0.172959,-0.153253,0,-1.03641,-0.160964,0
0.85627,0.317488,0,0.182811,-0.161152,0,-1.03908,-0.156336,0
0.848942,0.320668,0,0.192716,-0.168966,0,-1.04166,-0.151702,0
0.841468,0.323753,0,0.202674,-0.17669,0,-1.04414,-0.147063,0
0.83385,0.326737,0,0.212688,-0.184318,0,-1.04654,-0.142419,0
0.826086,0.329617,0,0.222757,-0.191847,0,-1.04884,-0.13777,0
0.818177,0.332387,0,0.232885,-0.19927,0,-1.05106,-0.133118,0
0.810124,0.335044,0,0.24307,-0.206582,0,-1.05319,-0.128462,0
0.801927,0.337581,0,0.253313,-0.213778,0,-1.05524,-0.123803,0
0.793587,0.339995,0,0.263615,-0.220853,0,-1.0572,-0.119142,0
0.785105,0.34228,0,0.273976,-0.227802,0,-1.05908,-0.114478,0
0.776482,0.344432,0,0.284395,-0.234619,0,-1.06088,-0.109813,0
0.76772,0.346445,0,0.294871,-0.241299,0,-1.06259,-0.105145,0
0.75882,0.348314,0,0.305404,-0.247837,0,-1.06422,-0.100477,0
0.749785,0.350034,0,0.315993,-0.254227,0,-1.06578,-0.0958071,0
0.740617,0.351601,0,0.326635,-0.260464,0,-1.06725,-0.0911365,0
0.731318,0.353009,0,0.33733,-0.266544,0,-1.06865,-0.0864651,0
0.721891,0.354254,0,0.348075,-0.272461,0,-1.06997,-0.0817931,0
0.71234,0.355331,0,0.358868,-0.27821,0,-1.07121,-0.0771206,0
0.702667,0.356234,0,0.369705,-0.283786,0,-1.07237,-0.0724479,0
0.692876,0.35696,0,0.380585,-0.289186,0,-1.07346,-0.0677749,0
0.682972,0.357505,0,0.391504,-0.294403,0,-1.07448,-0.0631018,0
0.672957,0.357863,0,0.402458,-0.299434,0,-1.07541,-0.0584286,0
0.662837,0.358031,0,0.413443,-0.304276,0,-1.07628,-0.0537555,0
0.652617,0.358005,0,0.424455,-0.308923,0,-1.07707,-0.0490824,0
0.6423,0.357781,0,0.43549,-0.313372,0,-1.07779,-0.0444093,0
0.631893,0.357356,0,0.446543,-0.31762,0,-1.07844,-0.0397364,0
0.6214,0.356728,0,0.457608,-0.321664,0,-1.07901,-0.0350637,0
0.610826,0.355892,0,0.468682,-0.325501,0,-1.07951,-0.030391,0
0.600179,0.354846,0,0.479759,-0.329128,0,-1.07994,-0.0257185,0
0.589462,0.35359,0,0.490832,-0.332544,0,-1.08029,-0.0210461,0
0.578682,0.352119,0,0.501897,-0.335746,0,-1.08058,-0.0163738,0
0.567846,0.350434,0,0.512948,-0.338733,0,-1.08079,-0.0117016,0
0.556959,0.348533,0,0.523978,-0.341503,0,-1.08094,-0.00702943,0
0.546026,0.346415,0,0.534981,-0.344057,0,-1.08101,-0.00235732,0
0.535056,0.344079,0,0.545952,-0.346394,0,-1.08101,0.00231478,0
0.524052,0.341527,0,0.556885,-0.348514,0,-1.08094,0.00698689,0
0.513022,0.338757,0,0.567773,-0.350416,0,-1.0808,0.011659,0
0.501972,0.335772,0,0.57861,-0.352103,0,-1.08058,0.0163313,0
0.490907,0.332571,0,0.58939,-0.353575,0,-1.0803,0.0210036,0
0.479834,0.329157,0,0.600107,-0.354833,0,-1.07994,0.025676,0
0.468757,0.325531,0,0.610755,-0.35588,0,-1.07951,0.0303485,0
0.457683,0.321696,0,0.621329,-0.356717,0,-1.07901,0.0350211,0
0.446617,0.317653,0,0.631822,-0.357347,0,-1.07844,0.0396939,0
0.435564,0.313406,0,0.642231,-0.357773,0,-1.07779,0.0443668,0
0.424529,0.308959,0,0.652548,-0.357998,0,-1.07708,0.0490399,0
0.413517,0.304313,0,0.662769,-0.358026,0,-1.07629,0.053713,0
0.402532,0.299473,0,0.67289,-0.357859,0,-1.07542,0.0583861,0
0.391578,0.294443,0,0.682905,-0.357502,0,-1.07448,0.0630593,0
0.380659,0.289227,0,0.69281,-0.356959,0,-1.07347,0.0677324,0
0.369779,0.283829,0,0.702601,-0.356234,0,-1.07238,0.0724054,0
0.358941,0.278253,0,0.712275,-0.355331,0,-1.07122,0.0770782,0
0.348148,0.272505,0,0.721827,-0.354256,0,-1.06998,0.0817506,0
0.337403,0.26659,0,0.731255,-0.353012,0,-1.06866,0.0864226,0
0.326708,0.260511,0,0.740555,-0.351605,0,-1.06726,0.0910941,0
0.316065,0.254275,0,0.749724,-0.350039,0,-1.06579,0.0957648,0
0.305476,0.247885,0,0.75876,-0.34832,0,-1.06424,0.100434,0
0.294943,0.241349,0,0.76766,-0.346452,0,-1.0626,0.105103,0
0.284466,0.23467,0,0.776424,-0.34444,0,-1.06089,0.10977,0
0.274047,0.227853,0,0.785047,-0.342289,0,-1.05909,0.114436,0
0.263686,0.220906,0,0.793531,-0.340005,0,-1.05722,0.1191,0
0.253383,0.213831,0,0.801872,-0.337592,0,-1.05526,0.123761,0
0.24314,0.206636,0,0.81007,-0.335055,0,-1.05321,0.12842,0
0.232954,0.199324,0,0.818124,-0.3324,0,-1.05108,0.133076,0
0.222827,0.191902,0,0.826034,-0.32963,0,-1.04886,0.137728,0
0.212756,0.184374,0,0.833799,-0.326751,0,-1.04655,0.142377,0
0.202742,0.176746,0,0.841418,-0.323767,0,-1.04416,0.147021,0
0.192784,0.169023,0,0.848893,-0.320683,0,-1.04168,0.15166,0
0.182879,0.161209,0,0.856222,-0.317504,0,-1.0391,0.156294,0
0.173027,0.153311,0,0.863406,-0.314233,0,-1.03643,0.160922,0
0.163225,0.145332,0,0.870446,-0.310875,0,-1.03367,0.165543,0
0.153473,0.137278,0,0.877343,-0.307434,0,-1.03082,0.170156,0
0.143767,0.129153,0,0.884096,-0.303915,0,-1.02786,0.174762,0
0.134106,0.120963,0,0.890707,-0.300321,0,-1.02481,0.179358,0
0.124487,0.112711,0,0.897176,-0.296655,0,-1.02166,0.183944,0
0.114908,0.104403,0,0.903505,-0.292922,0,-1.01841,0.18852,0
0.105366,0.0960426,0,0.909695,-0.289126,0,-1.01506,0.193083,0
0.0958591,0.0876349,0,0.915747,-0.285268,0,-1.01161,0.197633,0
0.0863839,0.0791842,0,0.921662,-0.281354,0,-1.00805,0.20217,0
0.0769377,0.0706948,0,0.927442,-0.277385,0,-1.00438,0.20669,0
0.0675175,0.062171,0,0.933087,-0.273366,0,-1.0006,0.211195,0
0.0581203,0.0536172,0,0.9386,-0.269298,0,-0.996721,0.215681,0
0.0487432,0.0450376,0,0.943982,-0.265185,0,-0.992725,0.220148,0
0.0393828,0.0364363,0,0.949234,-0.26103,0,-0.988617,0.224594,0
0.0300361,0.0278177,0,0.954359,-0.256835,0,-0.984395,0.229017,0
0.0206999,0.0191857,0,0.959357,-0.252602,0,-0.980056,0.233416,0
0.0113709,0.0105446,0,0.96423,-0.248333,0,-0.9756,0.237789,0
0.00204585,0.0018985,0,0.968979,-0.244032,0,-0.971025,0.242134,0
-0.00727846,-0.00674851,0,0.973607,-0.2397,0,-0.966329,0.246449,0
-0.0166053,-0.0153923,0,0.978116,-0.235339,0,-0.96151,0.250732,0
-0.025938,-0.0240288,0,0.982505,-0.230952,0,-0.956567,0.25498,0
-0.0352797,-0.0326538,0,0.986779,-0.226539,0,-0.951499,0.259193,0
-0.0446337,-0.0412632,0,0.990937,-0.222103,0,-0.946303,0.263366,0
-0.0540031,-0.0498528,0,0.994981,-0.217645,0,-0.940978,0.267498,0
-0.0633911,-0.0584185,0,0.998914,-0.213167,0,-0.935523,0.271586,0
-0.0728008,-0.066956,0,1.00274,-0.20867,0,-0.929936,0.275626,0
-0.0822352,-0.075461,0,1.00645,-0.204157,0,-0.924215,0.279618,0
-0.0916974,-0.0839292,0,1.01006,-0.199627,0,-0.918359,0.283556,0
-0.10119,-0.0923564,0,1.01356,-0.195083,0,-0.912368,0.287439,0
-0.110716,-0.100738,0,1.01695,-0.190525,0,-0.906239,0.291263,0
-0.120279,-0.10907,0,1.02025,-0.185955,0,-0.899971,0.295024,0
-0.12988,-0.117347,0,1.02344,-0.181373,0,-0.893563,0.29872,0
-0.139522,-0.125564,0,1.02654,-0.176781,0,-0.887014,0.302346,0
-0.149208,-0.133719,0,1.02953,-0.17218,0,-0.880324,0.305899,0
-0.15894,-0.141804,0,1.03243,-0.16757,0,-0.87349,0.309374,0
-0.16872,-0.149817,0,1.03523,-0.162952,0,-0.866514,0.312769,0
-0.178549,-0.157751,0,1.03794,-0.158327,0,-0.859392,0.316078,0
-0.188431,-0.165603,0,1.04056,-0.153696,0,-0.852127,0.319299,0
-0.198366,-0.173366,0,1.04308,-0.149059,0,-0.844716,0.322425,0
-0.208355,-0.181037,0,1.04552,-0.144417,0,-0.83716,0.325453,0
-0.218401,-0.188609,0,1.04786,-0.13977,0,-0.829459,0.328379,0
-0.228503,-0.196078,0,1.05012,-0.135119,0,-0.821613,0.331197,0
-0.238663,-0.203439,0,1.05229,-0.130465,0,-0.813622,0.333904,0
-0.248881,-0.210686,0,1.05437,-0.125807,0,-0.805487,0.336493,0
-0.259158,-0.217814,0,1.05637,-0.121147,0,-0.797209,0.338961,0
-0.269493,-0.224818,0,1.05828,-0.116484,0,-0.788788,0.341303,0
-0.279887,-0.231693,0,1.06011,-0.11182,0,-0.780225,0.343512,0
-0.290338,-0.238433,0,1.06186,-0.107153,0,-0.771523,0.345586,0
-0.300847,-0.245033,0,1.06353,-0.102485,0,-0.762683,0.347518,0
-0.311412,-0.251487,0,1.06512,-0.0978157,0,-0.753706,0.349303,0
-0.322031,-0.257791,0,1.06663,-0.0931455,0,-0.744595,0.350937,0
-0.332704,-0.26394,0,1.06806,-0.0884743,0,-0.735352,0.352414,0
-0.343427,-0.269928,0,1.06941,-0.0838026,0,-0.72598,0.35373,0
-0.3542,-0.27575,0,1.07068,-0.0791303,0,-0.716482,0.35488,0
-0.365018,-0.281401,0,1.07188,-0.0744577,0,-0.706861,0.355859,0
-0.37588,-0.286878,0,1.073,-0.0697848,0,-0.697121,0.356663,0
-0.386782,-0.292174,0,1.07405,-0.0651117,0,-0.687265,0.357286,0
-0.397721,-0.297287,0,1.07502,-0.0604386,0,-0.677298,0.357725,0
-0.408693,-0.302211,0,1.07592,-0.0557654,0,-0.667223,0.357976,0
-0.419694,-0.306942,0,1.07674,-0.0510923,0,-0.657045,0.358034,0
-0.43072,-0.311477,0,1.07749,-0.0464192,0,-0.646769,0.357896,0
-0.441766,-0.315813,0,1.07817,-0.0417463,0,-0.636401,0.357559,0
-0.452827,-0.319945,0,1.07877,-0.0370735,0,-0.625944,0.357019,0
-0.463898,-0.323872,0,1.0793,-0.0324008,0,-0.615404,0.356272,0
-0.474974,-0.32759,0,1.07976,-0.0277282,0,-0.604788,0.355318,0
-0.486049,-0.331097,0,1.08015,-0.0230557,0,-0.5941,0.354153,0
-0.497119,-0.334392,0,1.08047,-0.0183834,0,-0.583347,0.352775,0
-0.508176,-0.337472,0,1.08071,-0.0137112,0,-0.572535,0.351183,0
-0.519216,-0.340336,0,1.08088,-0.009039,0,-0.561668,0.349375,0
-0.530231,-0.342984,0,1.08099,-0.00436688,0,-0.550755,0.347351,0
-0.541217,-0.345414,0,1.08102,0.000305211,0,-0.5398,0.345109,0
-0.552167,-0.347628,0,1.08098,0.0049773,0,-0.52881,0.342651,0
-0.563075,-0.349624,0,1.08087,0.00964942,0,-0.517791,0.339975,0
-0.573935,-0.351404,0,1.08068,0.0143216,0,-0.506748,0.337083,0
-0.58474,-0.352969,0,1.08043,0.0189938,0,-0.495689,0.333975,0
-0.595485,-0.354319,0,1.0801,0.0236662,0,-0.484619,0.330653,0
-0.606164,-0.355457,0,1.07971,0.0283387,0,-0.473543,0.327118,0
-0.616771,-0.356384,0,1.07924,0.0330112,0,-0.462467,0.323373,0
-0.627299,-0.357103,0,1.0787,0.037684,0,-0.451397,0.319419,0
-0.637745,-0.357617,0,1.07808,0.0423568,0,-0.440338,0.315261,0
-0.648102,-0.357929,0,1.0774,0.0470298,0,-0.429294,0.310899,0
-0.658366,-0.358041,0,1.07664,0.0517028,0,-0.418272,0.306338,0
-0.66853,-0.357958,0,1.0758,0.0563759,0,-0.407274,0.301582,0
-0.678591,-0.357683,0,1.0749,0.0610491,0,-0.396306,0.296634,0
-0.688545,-0.357219,0,1.07392,0.0657222,0,-0.385372,0.291497,0
-0.698386,-0.356573,0,1.07286,0.0703953,0,-0.374474,0.286177,0
-0.708111,-0.355746,0,1.07173,0.0750681,0,-0.363618,0.280678,0
-0.717716,-0.354745,0,1.07052,0.0797407,0,-0.352805,0.275004,0
-0.727198,-0.353573,0,1.06924,0.0844129,0,-0.342039,0.26916,0
-0.736553,-0.352236,0,1.06787,0.0890846,0,-0.331322,0.263151,0
-0.745779,-0.350738,0,1.06644,0.0937556,0,-0.320656,0.256983,0
-0.754873,-0.349085,0,1.06492,0.0984258,0,-0.310044,0.250659,0
-0.763832,-0.34728,0,1.06332,0.103095,0,-0.299486,0.244185,0
-0.772655,-0.34533,0,1.06164,0.107763,0,-0.288985,0.237567,0
-0.781339,-0.343238,0,1.05988,0.112429,0,-0.278541,0.230809,0
-0.789883,-0.341011,0,1.05804,0.117093,0,-0.268154,0.223918,0
-0.798286,-0.338653,0,1.05611,0.121756,0,-0.257827,0.216897,0
-0.806546,-0.336169,0,1.0541,0.126416,0,-0.247557,0.209754,0
-0.814663,-0.333564,0,1.05201,0.131073,0,-0.237347,0.202492,0
-0.822635,-0.330843,0,1.04983,0.135727,0,-0.227194,0.195116,0
-0.830462,-0.328011,0,1.04756,0.140377,0,-0.217099,0.187634,0
-0.838145,-0.325072,0,1.04521,0.145023,0,-0.207061,0.180048,0
-0.845682,-0.322031,0,1.04276,0.149665,0,-0.197079,0.172366,0
-0.853074,-0.318892,0,1.04022,0.154301,0,-0.187151,0.164591,0
-0.86032,-0.31566,0,1.0376,0.158932,0,-0.177276,0.156728,0
-0.867423,-0.312339,0,1.03488,0.163556,0,-0.167453,0.148784,0
-0.874381,-0.308934,0,1.03206,0.168172,0,-0.157679,0.140761,0
-0.881196,-0.305448,0,1.02915,0.172781,0,-0.147953,0.132667,0
-0.887868,-0.301886,0,1.02614,0.177382,0,-0.138273,0.124504,0
-0.894399,-0.29825,0,1.02304,0.181972,0,-0.128636,0.116278,0
-0.900788,-0.294546,0,1.01983,0.186552,0,-0.11904,0.107994,0
-0.907038,-0.290777,0,1.01652,0.191121,0,-0.109483,0.0996556,0
-0.91315,-0.286945,0,1.01311,0.195677,0,-0.0999612,0.091268,0
-0.919124,-0.283055,0,1.0096,0.20022,0,-0.0904725,0.0828353,0
-0.924962,-0.279109,0,1.00598,0.204747,0,-0.0810141,0.0743622,0
-0.930665,-0.275111,0,1.00225,0.209259,0,-0.071583,0.0658527,0
-0.936235,-0.271064,0,0.998411,0.213753,0,-0.0621762,0.0573114,0
-0.941673,-0.266971,0,0.994464,0.218228,0,-0.0527908,0.0487425,0
-0.946981,-0.262833,0,0.990405,0.222683,0,-0.0434235,0.0401501,0
-0.952161,-0.258655,0,0.986232,0.227116,0,-0.0340713,0.0315385,0
-0.957213,-0.254438,0,0.981944,0.231526,0,-0.0247309,0.0229118,0
-0.96214,-0.250185,0,0.977539,0.23591,0,-0.0153991,0.0142742,0
-0.966943,-0.245897,0,0.973015,0.240268,0,-0.00607275,0.0056298,0
-0.971623,-0.241578,0,0.968372,0.244596,0,0.00325151,-0.00301727,0
-0.976183,-0.23723,0,0.963606,0.248893,0,0.0125769,-0.0116629,0
-0.980624,-0.232853,0,0.958717,0.253156,0,0.0219067,-0.020303,0
-0.984947,-0.228451,0,0.953703,0.257385,0,0.0312441,-0.0289334,0
-0.989154,-0.224025,0,0.948562,0.261575,0,0.0405924,-0.03755,0
-0.993248,-0.219576,0,0.943293,0.265725,0,0.0499548,-0.0461487,0
-0.997229,-0.215107,0,0.937894,0.269832,0,0.0593344,-0.0547252,0
-1.0011,-0.210618,0,0.932364,0.273894,0,0.0687344,-0.0632753,0
-1.00486,-0.206112,0,0.926701,0.277907,0,0.0781578,-0.0717948,0
-1.00851,-0.201589,0,0.920904,0.281868,0,0.0876077,-0.0802794,0
-1.01206,-0.197051,0,0.914972,0.285776,0,0.0970869,-0.0887247,0
-1.0155,-0.192499,0,0.908902,0.289625,0,0.106598,-0.0971265,0
-1.01884,-0.187934,0,0.902694,0.293414,0,0.116145,-0.10548,0
-1.02208,-0.183357,0,0.896347,0.297138,0,0.125729,-0.113781,0
-1.02521,-0.178769,0,0.889859,0.300795,0,0.135353,-0.122025,0
-1.02825,-0.174172,0,0.88323,0.304379,0,0.14502,-0.130207,0
-1.03119,-0.169566,0,0.876458,0.307889,0,0.154732,-0.138323,0
-1.03403,-0.164951,0,0.869544,0.311319,0,0.16449,-0.146368,0
-1.03678,-0.160329,0,0.862485,0.314666,0,0.174298,-0.154337,0
-1.03944,-0.155701,0,0.855282,0.317925,0,0.184157,-0.162224,0
-1.042,-0.151066,0,0.847934,0.321092,0,0.194069,-0.170026,0
-1.04448,-0.146426,0,0.840441,0.324163,0,0.204035,-0.177737,0
-1.04686,-0.141781,0,0.832802,0.327134,0,0.214056,-0.185353,0
-1.04915,-0.137132,0,0.825019,0.329999,0,0.224133,-0.192867,0
-1.05136,-0.132479,0,0.81709,0.332754,0,0.234268,-0.200275,0
-1.05348,-0.127823,0,0.809018,0.335395,0,0.244461,-0.207572,0
-1.05551,-0.123164,0,0.800801,0.337916,0,0.254713,-0.214752,0
-1.05746,-0.118502,0,0.792441,0.340313,0,0.265023,-0.22181,0
-1.05933,-0.113838,0,0.78394,0.34258,0,0.275392,-0.228742,0
-1.06112,-0.109172,0,0.775298,0.344713,0,0.285818,-0.23554,0
-1.06282,-0.104505,0,0.766517,0.346706,0,0.296302,-0.242201,0
-1.06444,-0.0998362,0,0.757599,0.348555,0,0.306843,-0.248719,0
-1.06598,-0.0951663,0,0.748545,0.350255,0,0.317439,-0.255089,0
-1.06745,-0.0904956,0,0.739359,0.351801,0,0.328089,-0.261305,0
-1.06883,-0.0858241,0,0.730043,0.353187,0,0.33879,-0.267363,0
-1.07014,-0.081152,0,0.720599,0.354409,0,0.349542,-0.273257,0
-1.07137,-0.0764795,0,0.711031,0.355462,0,0.360341,-0.278983,0
-1.07253,-0.0718067,0,0.701342,0.356342,0,0.371184,-0.284535,0
-1.07361,-0.0671337,0,0.691535,0.357044,0,0.38207,-0.28991,0
-1.07461,-0.0624606,0,0.681616,0.357563,0,0.392993,-0.295103,0
-1.07554,-0.0577874,0,0.671587,0.357896,0,0.403951,-0.300108,0
-1.07639,-0.0531142,0,0.661453,0.358037,0,0.41494,-0.304923,0
-1.07717,-0.0484411,0,0.651219,0.357985,0,0.425956,-0.309544,0
-1.07788,-0.0437681,0,0.64089,0.357734,0,0.436993,-0.313966,0
-1.07852,-0.0390953,0,0.63047,0.357281,0,0.448048,-0.318186,0
-1.07908,-0.0344225,0,0.619966,0.356625,0,0.459116,-0.322202,0
-1.07957,-0.0297499,0,0.609382,0.35576,0,0.47019,-0.32601,0
-1.07999,-0.0250774,0,0.598725,0.354686,0,0.481267,-0.329609,0
-1.08034,-0.020405,0,0.587999,0.353401,0,0.492339,-0.332996,0
-1.08061,-0.0157327,0,0.577212,0.351901,0,0.503402,-0.336168,0
-1.08082,-0.0110605,0,0.566368,0.350187,0,0.51445,-0.339126,0
-1.08095,-0.00638833,0,0.555474,0.348256,0,0.525477,-0.341867,0
-1.08101,-0.00171623,0,0.544536,0.346108,0,0.536477,-0.344392,0
-1.081,0.00295587,0,0.533561,0.343743,0,0.547443,-0.346699,0
-1.08092,0.00762798,0,0.522554,0.341161,0,0.55837,-0.348789,0
-1.08077,0.0123001,0,0.511521,0.338362,0,0.569251,-0.350662,0
-1.08055,0.0169724,0,0.500468,0.335347,0,0.58008,-0.35232,0
-1.08025,0.0216447,0,0.489402,0.332118,0,0.590852,-0.353762,0
-1.07989,0.0263171,0,0.478327,0.328675,0,0.60156,-0.354992,0
-1.07945,0.0309896,0,0.467251,0.32502,0,0.612198,-0.35601,0
-1.07894,0.0356623,0,0.456178,0.321156,0,0.622762,-0.356819,0
-1.07836,0.0403351,0,0.445113,0.317086,0,0.633244,-0.357421,0
-1.0777,0.045008,0,0.434063,0.312812,0,0.64364,-0.35782,0
-1.07697,0.049681,0,0.42303,0.308337,0,0.653944,-0.358018,0
-1.07617,0.0543542,0,0.412022,0.303664,0,0.664152,-0.358018,0
-1.0753,0.0590273,0,0.40104,0.298798,0,0.674259,-0.357826,0
-1.07435,0.0637005,0,0.390091,0.293743,0,0.684259,-0.357443,0
-1.07333,0.0683736,0,0.379177,0.288501,0,0.694149,-0.356875,0
-1.07223,0.0730465,0,0.368303,0.283079,0,0.703925,-0.356126,0
-1.07105,0.0777193,0,0.357471,0.27748,0,0.713582,-0.355199,0
-1.0698,0.0823917,0,0.346684,0.271709,0,0.723117,-0.354101,0
-1.06847,0.0870636,0,0.335946,0.265771,0,0.732528,-0.352834,0
-1.06707,0.0917349,0,0.325258,0.25967,0,0.74181,-0.351405,0
-1.06558,0.0964055,0,0.314622,0.253413,0,0.750961,-0.349818,0
-1.06402,0.101075,0,0.304041,0.247003,0,0.759979,-0.348078,0
-1.06238,0.105743,0,0.293515,0.240447,0,0.768861,-0.34619,0
-1.06065,0.110411,0,0.283046,0.233749,0,0.777605,-0.34416,0
-1.05884,0.115076,0,0.272635,0.226915,0,0.78621,-0.34199,0
-1.05696,0.119739,0,0.262282,0.219949,0,0.794674,-0.339688,0
-1.05498,0.1244,0,0.251987,0.212858,0,0.802996,-0.337258,0
-1.05293,0.129059,0,0.241751,0.205646,0,0.811174,-0.334705,0
-1.05078,0.133714,0,0.231574,0.19832,0,0.819209,-0.332034,0
-1.04855,0.138366,0,0.221454,0.190883,0,0.827099,-0.329249,0
-1.04624,0.143014,0,0.211391,0.183341,0,0.834844,-0.326355,0
-1.04383,0.147658,0,0.201385,0.1757,0,0.842443,-0.323358,0
-1.04133,0.152296,0,0.191434,0.167964,0,0.849898,-0.32026,0
-1.03874,0.156929,0,0.181537,0.160139,0,0.857208,-0.317068,0
-1.03606,0.161556,0,0.171691,0.152229,0,0.864372,-0.313785,0
-1.03329,0.166176,0,0.161897,0.14424,0,0.871393,-0.310416,0
-1.03042,0.170789,0,0.15215,0.136176,0,0.87827,-0.306965,0
-1.02745,0.175393,0,0.142451,0.128042,0,0.885003,-0.303435,0
-1.02439,0.179988,0,0.132795,0.119843,0,0.891595,-0.299831,0
-1.02123,0.184572,0,0.123182,0.111583,0,0.898045,-0.296156,0
-1.01796,0.189146,0,0.113608,0.103268,0,0.904355,-0.292414,0
-1.0146,0.193708,0,0.104071,0.0949008,0,0.910526,-0.288609,0
-1.01113,0.198256,0,0.0945689,0.0864871,0,0.916559,-0.284744,0
-1.00755,0.202791,0,0.0850978,0.0780309,0,0.922456,-0.280822,0
-1.00387,0.207309,0,0.0756553,0.0695366,0,0.928217,-0.276846,0
-1.00008,0.211811,0,0.0662384,0.0610085,0,0.933845,-0.27282,0
-0.996184,0.216295,0,0.0568441,0.052451,0,0.93934,-0.268746,0
-0.992174,0.220759,0,0.0474694,0.0438682,0,0.944704,-0.264627,0
-0.98805,0.225202,0,0.0381111,0.0352644,0,0.949939,-0.260466,0
-0.983812,0.229622,0,0.028766,0.0266437,0,0.955046,-0.256265,0
-0.979458,0.234017,0,0.019431,0.0180103,0,0.960027,-0.252028,0
-0.974985,0.238386,0,0.0101027,0.00936828,0,0.964883,-0.247755,0
-0.970394,0.242727,0,0.000777925,0.000721839,0,0.969616,-0.243449,0
-0.965681,0.247038,0,-0.00854655,-0.00792495,0,0.974228,-0.239113,0
-0.960846,0.251317,0,-0.017874,-0.016568,0,0.97872,-0.234749,0
-0.955886,0.25556,0,-0.0272077,-0.0252031,0,0.983093,-0.230357,0
-0.9508,0.259767,0,-0.0365509,-0.0338262,0,0.987351,-0.225941,0
-0.945587,0.263935,0,-0.0459068,-0.0424331,0,0.991493,-0.221502,0
-0.940244,0.268061,0,-0.0552786,-0.0510197,0,0.995523,-0.217042,0
-0.934771,0.272143,0,-0.0646693,-0.0595818,0,0.99944,-0.212561,0
-0.929166,0.276177,0,-0.0740822,-0.068115,0,1.00325,-0.208062,0
-0.923427,0.280161,0,-0.0835203,-0.0766153,0,1.00695,-0.203546,0
-0.917553,0.284093,0,-0.0929864,-0.0850781,0,1.01054,-0.199014,0
-0.911542,0.287968,0,-0.102484,-0.0934993,0,1.01403,-0.194468,0
-0.905395,0.291783,0,-0.112014,-0.101874,0,1.01741,-0.189909,0
-0.899108,0.295536,0,-0.121582,-0.110199,0,1.02069,-0.185337,0
-0.892681,0.299222,0,-0.131188,-0.118468,0,1.02387,-0.180754,0
-0.886113,0.302838,0,-0.140837,-0.126677,0,1.02695,-0.176161,0
-0.879403,0.306381,0,-0.150529,-0.134823,0,1.02993,-0.171558,0
-0.87255,0.309845,0,-0.160267,-0.142899,0,1.03282,-0.166947,0
-0.865554,0.313229,0,-0.170053,-0.150901,0,1.03561,-0.162328,0
-0.858413,0.316526,0,-0.17989,-0.158824,0,1.0383,-0.157702,0
-0.851128,0.319734,0,-0.189779,-0.166664,0,1.04091,-0.15307,0
-0.843697,0.322847,0,-0.199721,-0.174415,0,1.04342,-0.148432,0
-0.836122,0.325862,0,-0.209718,-0.182072,0,1.04584,-0.14379,0
-0.828401,0.328773,0,-0.219771,-0.189631,0,1.04817,-0.139142,0
-0.820535,0.331576,0,-0.229881,-0.197085,0,1.05042,-0.134491,0
-0.812525,0.334267,0,-0.240049,-0.204431,0,1.05257,-0.129836,0
-0.80437,0.336841,0,-0.250275,-0.211662,0,1.05465,-0.125178,0
-0.796072,0.339291,0,-0.26056,-0.218774,0,1.05663,-0.120518,0
-0.787632,0.341615,0,-0.270903,-0.225761,0,1.05853,-0.115855,0
-0.77905,0.343807,0,-0.281305,-0.232617,0,1.06035,-0.11119,0
-0.770329,0.345861,0,-0.291764,-0.239338,0,1.06209,-0.106523,0
-0.76147,0.347773,0,-0.30228,-0.245919,0,1.06375,-0.101855,0
-0.752475,0.349538,0,-0.312853,-0.252353,0,1.06533,-0.0971852,0
-0.743346,0.351151,0,-0.323479,-0.258636,0,1.06682,-0.0925148,0
-0.734085,0.352607,0,-0.334159,-0.264763,0,1.06824,-0.0878436,0
-0.724696,0.353901,0,-0.344889,-0.270729,0,1.06959,-0.0831717,0
-0.715181,0.355028,0,-0.355668,-0.276528,0,1.07085,-0.0784994,0
-0.705544,0.355983,0,-0.366492,-0.282156,0,1.07204,-0.0738267,0
-0.695788,0.356762,0,-0.37736,-0.287608,0,1.07315,-0.0691538,0
-0.685917,0.357361,0,-0.388268,-0.29288,0,1.07418,-0.0644807,0
-0.675934,0.357775,0,-0.399211,-0.297967,0,1.07515,-0.0598076,0
-0.665845,0.357999,0,-0.410187,-0.302865,0,1.07603,-0.0551344,0
-0.655654,0.358031,0,-0.421192,-0.30757,0,1.07685,-0.0504613,0
-0.645365,0.357866,0,-0.432221,-0.312078,0,1.07759,-0.0457882,0
-0.634984,0.357501,0,-0.443269,-0.316386,0,1.07825,-0.0411153,0
-0.624516,0.356933,0,-0.454331,-0.320491,0,1.07885,-0.0364425,0
-0.613966,0.356159,0,-0.465403,-0.324389,0,1.07937,-0.0317698,0
-0.60334,0.355176,0,-0.476479,-0.328079,0,1.07982,-0.0270972,0
-0.592643,0.353982,0,-0.487554,-0.331557,0,1.0802,-0.0224248,0
-0.581881,0.352575,0,-0.498622,-0.334823,0,1.0805,-0.0177525,0
-0.571061,0.350954,0,-0.509678,-0.337873,0,1.08074,-0.0130802,0
-0.560188,0.349116,0,-0.520714,-0.340708,0,1.0809,-0.00840805,0
-0.549268,0.347063,0,-0.531726,-0.343327,0,1.08099,-0.00373593,0
-0.538308,0.344792,0,-0.542708,-0.345728,0,1.08102,0.000936164,0
-0.527314,0.342303,0,-0.553652,-0.347912,0,1.08097,0.00560827,0
-0.516291,0.339598,0,-0.564554,-0.349879,0,1.08085,0.0102804,0
-0.505246,0.336677,0,-0.575406,-0.351629,0,1.08065,0.0149526,0
-0.494185,0.33354,0,-0.586204,-0.353164,0,1.08039,0.0196249,0
-0.483114,0.330189,0,-0.59694,-0.354486,0,1.08005,0.0242972,0
-0.472038,0.326625,0,-0.607609,-0.355595,0,1.07965,0.0289697,0
-0.460962,0.322852,0,-0.618206,-0.356494,0,1.07917,0.0336423,0
-0.449893,0.31887,0,-0.628724,-0.357185,0,1.07862,0.0383151,0
-0.438836,0.314683,0,-0.639158,-0.357671,0,1.07799,0.0429879,0
-0.427795,0.310295,0,-0.649502,-0.357956,0,1.0773,0.0476609,0
-0.416776,0.305707,0,-0.659753,-0.358041,0,1.07653,0.052334,0
-0.405782,0.300924,0,-0.669903,-0.357932,0,1.07569,0.0570071,0
-0.394819,0.29595,0,-0.67995,-0.357631,0,1.07477,0.0616803,0
-0.383889,0.290789,0,-0.689888,-0.357142,0,1.07378,0.0663534,0
-0.372997,0.285444,0,-0.699714,-0.356471,0,1.07271,0.0710265,0
-0.362146,0.279921,0,-0.709423,-0.35562,0,1.07157,0.0756993,0
-0.35134,0.274224,0,-0.719011,-0.354596,0,1.07035,0.0803719,0
-0.34058,0.268357,0,-0.728476,-0.353401,0,1.06906,0.085044,0
-0.32987,0.262326,0,-0.737814,-0.352042,0,1.06768,0.0897156,0
-0.319211,0.256136,0,-0.747022,-0.350523,0,1.06623,0.0943866,0
-0.308606,0.249792,0,-0.756098,-0.348848,0,1.0647,0.0990566,0
-0.298056,0.243298,0,-0.765039,-0.347024,0,1.06309,0.103726,0
-0.287563,0.236661,0,-0.773843,-0.345054,0,1.06141,0.108393,0
-0.277126,0.229885,0,-0.782508,-0.342944,0,1.05963,0.113059,0
-0.266748,0.222975,0,-0.791033,-0.340699,0,1.05778,0.117724,0
-0.256428,0.215938,0,-0.799416,-0.338323,0,1.05584,0.122386,0
-0.246167,0.208778,0,-0.807657,-0.335823,0,1.05382,0.127045,0
-0.235964,0.2015,0,-0.815754,-0.333202,0,1.05172,0.131702,0
-0.22582,0.19411,0,-0.823706,-0.330465,0,1.04953,0.136355,0
-0.215732,0.186613,0,-0.831514,-0.327618,0,1.04725,0.141005,0
-0.205702,0.179014,0,-0.839177,-0.324665,0,1.04488,0.145651,0
-0.195727,0.171319,0,-0.846694,-0.32161,0,1.04242,0.150292,0
-0.185807,0.163531,0,-0.854066,-0.318459,0,1.03987,0.154927,0
-0.175939,0.155658,0,-0.861293,-0.315214,0,1.03723,0.159557,0
-0.166123,0.147702,0,-0.868376,-0.311882,0,1.0345,0.16418,0
-0.156356,0.13967,0,-0.875315,-0.308465,0,1.03167,0.168796,0
-0.146636,0.131565,0,-0.88211,-0.304969,0,1.02875,0.173404,0
-0.136962,0.123394,0,-0.888763,-0.301396,0,1.02573,0.178003,0
-0.127331,0.11516,0,-0.895274,-0.297752,0,1.02261,0.182592,0
-0.11774,0.106868,0,-0.901645,-0.294038,0,1.01939,0.18717,0
-0.108188,0.0985228,0,-0.907876,-0.29026,0,1.01606,0.191737,0
-0.0986706,0.0901288,0,-0.913969,-0.286421,0,1.01264,0.196292,0
-0.0891862,0.0816904,0,-0.919924,-0.282523,0,1.00911,0.200832,0
-0.0797316,0.073212,0,-0.925744,-0.27857,0,1.00548,0.205358,0
-0.070304,0.064698,0,-0.931429,-0.274565,0,1.00173,0.209867,0
-0.0609003,0.0561527,0,-0.936981,-0.270512,0,0.997881,0.214359,0
-0.0515175,0.0475803,0,-0.942401,-0.266412,0,0.993919,0.218832,0
-0.0421525,0.0389851,0,-0.947692,-0.262269,0,0.989844,0.223284,0
-0.032802,0.0303712,0,-0.952854,-0.258085,0,0.985656,0.227714,0
-0.023463,0.0217428,0,-0.957889,-0.253863,0,0.981352,0.23212,0
-0.0141322,0.013104,0,-0.962799,-0.249605,0,0.976931,0.236501,0
-0.00480627,0.00445897,0,-0.967585,-0.245313,0,0.972391,0.240854,0
0.00451795,-0.00418816,0,-0.972249,-0.24099,0,0.967731,0.245178,0
0.0138438,-0.0128333,0,-0.976792,-0.236638,0,0.962949,0.249471,0
0.0231744,-0.0214723,0,-0.981217,-0.232258,0,0.958043,0.25373,0
0.0325131,-0.0301011,0,-0.985525,-0.227852,0,0.953012,0.257953,0
0.0418632,-0.0387156,0,-0.989717,-0.223423,0,0.947853,0.262138,0
0.0512277,-0.0473114,0,-0.993795,-0.218971,0,0.942567,0.266283,0
0.0606099,-0.0558846,0,-0.99776,-0.214499,0,0.93715,0.270384,0
0.0700129,-0.0644308,0,-1.00162,-0.210008,0,0.931602,0.274439,0
0.0794398,-0.0729459,0,-1.00536,-0.205499,0,0.925921,0.278445,0
0.0888934,-0.0814254,0,-1.009,-0.200974,0,0.920106,0.2824,0
0.0983769,-0.0898651,0,-1.01253,-0.196434,0,0.914155,0.286299,0
0.107893,-0.0982606,0,-1.01596,-0.19188,0,0.908066,0.290141,0
0.117444,-0.106607,0,-1.01928,-0.187314,0,0.901839,0.293921,0
0.127034,-0.114901,0,-1.02251,-0.182736,0,0.895473,0.297637,0
0.136664,-0.123137,0,-1.02563,-0.178147,0,0.888966,0.301283,0
0.146336,-0.13131,0,-1.02865,-0.173548,0,0.882318,0.304858,0
0.156054,-0.139417,0,-1.03158,-0.16894,0,0.875527,0.308357,0
0.16582,-0.147451,0,-1.03441,-0.164325,0,0.868592,0.311776,0
0.175635,-0.155409,0,-1.03715,-0.159702,0,0.861514,0.315111,0
0.185501,-0.163286,0,-1.03979,-0.155072,0,0.854291,0.318358,0
0.19542,-0.171076,0,-1.04234,-0.150437,0,0.846924,0.321513,0
0.205393,-0.178774,0,-1.0448,-0.145796,0,0.839411,0.324571,0
0.215422,-0.186376,0,-1.04717,-0.141151,0,0.831753,0.327527,0
0.225507,-0.193876,0,-1.04946,-0.136501,0,0.823949,0.330378,0
0.23565,-0.20127,0,-1.05165,-0.131848,0,0.816001,0.333118,0
0.245851,-0.208551,0,-1.05376,-0.127191,0,0.807909,0.335742,0
0.25611,-0.215715,0,-1.05578,-0.122532,0,0.799673,0.338247,0
0.266428,-0.222756,0,-1.05772,-0.11787,0,0.791294,0.340626,0
0.276805,-0.22967,0,-1.05958,-0.113206,0,0.782773,0.342875,0
0.287239,-0.23645,0,-1.06135,-0.10854,0,0.774112,0.34499,0
0.297731,-0.243092,0,-1.06304,-0.103872,0,0.765312,0.346964,0
0.30828,-0.24959,0,-1.06466,-0.0992032,0,0.756375,0.348793,0
0.318883,-0.255939,0,-1.06619,-0.0945332,0,0.747304,0.350472,0
0.32954,-0.262134,0,-1.06764,-0.0898623,0,0.7381,0.351996,0
0.340249,-0.26817,0,-1.06901,-0.0851907,0,0.728766,0.353361,0
0.351007,-0.274042,0,-1.07031,-0.0805186,0,0.719305,0.35456,0
0.361812,-0.279744,0,-1.07153,-0.0758461,0,0.70972,0.35559,0
0.372662,-0.285273,0,-1.07268,-0.0711732,0,0.700015,0.356446,0
0.383552,-0.290623,0,-1.07374,-0.0665002,0,0.690193,0.357123,0
0.394481,-0.29579,0,-1.07474,-0.0618271,0,0.680258,0.357617,0
0.405443,-0.30077,0,-1.07566,-0.0571539,0,0.670214,0.357924,0
0.416436,-0.305559,0,-1.0765,-0.0524808,0,0.660067,0.35804,0
0.427455,-0.310153,0,-1.07727,-0.0478077,0,0.649819,0.35796,0
0.438495,-0.314548,0,-1.07797,-0.0431347,0,0.639477,0.357682,0
0.449552,-0.31874,0,-1.0786,-0.0384619,0,0.629046,0.357202,0
0.460621,-0.322728,0,-1.07915,-0.0337891,0,0.618531,0.356517,0
0.471696,-0.326508,0,-1.07963,-0.0291165,0,0.607937,0.355625,0
0.482772,-0.330078,0,-1.08004,-0.0244441,0,0.597269,0.354522,0
0.493844,-0.333436,0,-1.08038,-0.0197717,0,0.586535,0.353207,0
0.504906,-0.336579,0,-1.08065,-0.0150994,0,0.575739,0.351679,0
0.515951,-0.339508,0,-1.08084,-0.0104272,0,0.564888,0.349935,0
0.526975,-0.34222,0,-1.08096,-0.00575511,0,0.553988,0.347975,0
0.53797,-0.344715,0,-1.08101,-0.00108301,0,0.543045,0.345798,0
0.548931,-0.346992,0,-1.081,0.00358908,0,0.532064,0.343403,0
0.559852,-0.349053,0,-1.08091,0.00826119,0,0.521053,0.340791,0
0.570727,-0.350896,0,-1.08074,0.0129333,0,0.510017,0.337963,0
0.581549,-0.352525,0,-1.08051,0.0176056,0,0.498962,0.334919,0
0.592312,-0.353938,0,-1.08021,0.0222779,0,0.487894,0.33166,0
0.603011,-0.355138,0,-1.07983,0.0269503,0,0.47682,0.328188,0
0.61364,-0.356128,0,-1.07938,0.0316229,0,0.465743,0.324505,0
0.624193,-0.356909,0,-1.07886,0.0362956,0,0.454671,0.320613,0
0.634664,-0.357483,0,-1.07827,0.0409684,0,0.443608,0.316515,0
0.645047,-0.357854,0,-1.07761,0.0456413,0,0.432559,0.312213,0
0.655339,-0.358025,0,-1.07687,0.0503143,0,0.42153,0.307711,0
0.665533,-0.357999,0,-1.07606,0.0549874,0,0.410525,0.303012,0
0.675626,-0.35778,0,-1.07517,0.0596606,0,0.399547,0.29812,0
0.685611,-0.357372,0,-1.07421,0.0643338,0,0.388603,0.293038,0
0.695486,-0.356779,0,-1.07318,0.0690068,0,0.377694,0.287772,0
0.705246,-0.356005,0,-1.07207,0.0736798,0,0.366825,0.282325,0
0.714887,-0.355055,0,-1.07089,0.0783525,0,0.355999,0.276703,0
0.724406,-0.353933,0,-1.06962,0.0830248,0,0.345219,0.270909,0
0.733799,-0.352645,0,-1.06829,0.0876967,0,0.334487,0.264948,0
0.743063,-0.351194,0,-1.06687,0.0923679,0,0.323806,0.258826,0
0.752196,-0.349586,0,-1.06537,0.0970383,0,0.313177,0.252547,0
0.761196,-0.347825,0,-1.0638,0.101708,0,0.302604,0.246118,0
0.770059,-0.345918,0,-1.06214,0.106376,0,0.292085,0.239542,0
0.778785,-0.343867,0,-1.06041,0.111043,0,0.281624,0.232825,0
0.78737,-0.34168,0,-1.05859,0.115708,0,0.271221,0.225972,0
0.795815,-0.33936,0,-1.05669,0.120371,0,0.260876,0.218989,0
0.804117,-0.336913,0,-1.05471,0.125032,0,0.250589,0.211881,0
0.812276,-0.334343,0,-1.05264,0.12969,0,0.240361,0.204654,0
0.820291,-0.331656,0,-1.05048,0.134345,0,0.230192,0.197311,0
0.828162,-0.328856,0,-1.04824,0.138996,0,0.22008,0.18986,0
0.835887,-0.325948,0,-1.04591,0.143643,0,0.210025,0.182305,0
0.843467,-0.322936,0,-1.04349,0.148286,0,0.200026,0.17465,0
0.850902,-0.319826,0,-1.04098,0.152924,0,0.190082,0.166902,0
0.858192,-0.316621,0,-1.03838,0.157557,0,0.180192,0.159065,0
0.865337,-0.313326,0,-1.03569,0.162183,0,0.170354,0.151144,0
0.872338,-0.309946,0,-1.0329,0.166802,0,0.160566,0.143144,0
0.879195,-0.306483,0,-1.03002,0.171413,0,0.150826,0.13507,0
0.885909,-0.302943,0,-1.02704,0.176016,0,0.141133,0.126927,0
0.892481,-0.299329,0,-1.02396,0.180609,0,0.131483,0.118719,0
0.898913,-0.295645,0,-1.02079,0.185193,0,0.121875,0.110452,0
0.905204,-0.291894,0,-1.01751,0.189765,0,0.112307,0.102129,0
0.911356,-0.28808,0,-1.01413,0.194325,0,0.102775,0.0937554,0
0.91737,-0.284207,0,-1.01065,0.198872,0,0.0932766,0.0853356,0
0.923248,-0.280278,0,-1.00706,0.203404,0,0.0838096,0.0768739,0
0.928991,-0.276295,0,-1.00336,0.20792,0,0.0743707,0.0683747,0
0.934601,-0.272262,0,-0.999558,0.21242,0,0.0649571,0.0598423,0
0.940078,-0.268182,0,-0.995644,0.216901,0,0.0555657,0.0512811,0
0.945424,-0.264057,0,-0.991618,0.221362,0,0.0461934,0.0426951,0
0.950642,-0.259891,0,-0.987479,0.225802,0,0.0368371,0.0340887,0
0.955732,-0.255685,0,-0.983225,0.230219,0,0.0274936,0.025466,0
0.960695,-0.251442,0,-0.978855,0.234611,0,0.0181596,0.0168312,0
0.965534,-0.247164,0,-0.974366,0.238976,0,0.00883201,0.00818832,0
0.970251,-0.242855,0,-0.969758,0.243313,0,-0.000492509,-0.000458439,0
0.974846,-0.238515,0,-0.965029,0.24762,0,-0.0098172,-0.00910498,0
0.979322,-0.234146,0,-0.960177,0.251893,0,-0.0191453,-0.0177472,0
0.98368,-0.229751,0,-0.9552,0.256132,0,-0.0284801,-0.026381,0
0.987922,-0.225332,0,-0.950097,0.260334,0,-0.0378249,-0.0350021,0
0.992049,-0.22089,0,-0.944866,0.264496,0,-0.0471827,-0.0436066,0
0.996063,-0.216426,0,-0.939506,0.268617,0,-0.0565569,-0.0521901,0
0.999965,-0.211943,0,-0.934015,0.272692,0,-0.0659505,-0.0607485,0
1.00376,-0.207442,0,-0.928391,0.27672,0,-0.0753666,-0.0692776,0
1.00744,-0.202924,0,-0.922634,0.280697,0,-0.0848083,-0.077773,0
1.01102,-0.19839,0,-0.916742,0.28462,0,-0.0942785,-0.0862304,0
1.01449,-0.193842,0,-0.910713,0.288487,0,-0.10378,-0.0946456,0
1.01786,-0.189281,0,-0.904546,0.292295,0,-0.113316,-0.103014,0
1.02113,-0.184707,0,-0.89824,0.296038,0,-0.122888,-0.111331,0
1.02429,-0.180123,0,-0.891794,0.299715,0,-0.1325,-0.119593,0
1.02736,-0.175528,0,-0.885207,0.303322,0,-0.142154,-0.127794,0
1.03033,-0.170924,0,-0.878477,0.306854,0,-0.151853,-0.13593,0
1.0332,-0.166312,0,-0.871605,0.310308,0,-0.161597,-0.143996,0
1.03598,-0.161692,0,-0.864589,0.31368,0,-0.171391,-0.151988,0
1.03866,-0.157065,0,-0.857429,0.316965,0,-0.181234,-0.1599,0
1.04125,-0.152433,0,-0.850123,0.32016,0,-0.19113,-0.167728,0
1.04375,-0.147794,0,-0.842673,0.32326,0,-0.20108,-0.175466,0
1.04616,-0.143151,0,-0.835078,0.326261,0,-0.211084,-0.183111,0
1.04848,-0.138503,0,-0.827337,0.329158,0,-0.221145,-0.190655,0
1.05071,-0.133851,0,-0.819452,0.331946,0,-0.231263,-0.198096,0
1.05286,-0.129196,0,-0.811422,0.334621,0,-0.241439,-0.205426,0
1.05492,-0.124537,0,-0.803247,0.337178,0,-0.251673,-0.212641,0
1.0569,-0.119876,0,-0.79493,0.339612,0,-0.261966,-0.219736,0
1.05879,-0.115213,0,-0.78647,0.341918,0,-0.272317,-0.226705,0
1.0606,-0.110548,0,-0.77787,0.344091,0,-0.282726,-0.233544,0
1.06232,-0.105881,0,-0.76913,0.346127,0,-0.293194,-0.240246,0
1.06397,-0.101212,0,-0.760252,0.348019,0,-0.303718,-0.246807,0
1.06554,-0.0965427,0,-0.751238,0.349764,0,-0.314297,-0.253221,0
1.06702,-0.0918722,0,-0.742091,0.351355,0,-0.324931,-0.259483,0
1.06843,-0.0872009,0,-0.732813,0.352789,0,-0.335618,-0.265589,0
1.06976,-0.082529,0,-0.723407,0.354061,0,-0.346355,-0.271532,0
1.07101,-0.0778566,0,-0.713875,0.355165,0,-0.35714,-0.277308,0
1.07219,-0.0731838,0,-0.704221,0.356096,0,-0.367971,-0.282912,0
1.07329,-0.0685109,0,-0.694449,0.356851,0,-0.378844,-0.28834,0
1.07432,-0.0638378,0,-0.684563,0.357425,0,-0.389757,-0.293587,0
1.07527,-0.0591646,0,-0.674565,0.357813,0,-0.400705,-0.298648,0
1.07615,-0.0544914,0,-0.664462,0.358012,0,-0.411685,-0.30352,0
1.07695,-0.0498183,0,-0.654257,0.358017,0,-0.422693,-0.308199,0
1.07768,-0.0451453,0,-0.643956,0.357825,0,-0.433725,-0.31268,0
1.07834,-0.0404723,0,-0.633562,0.357433,0,-0.444775,-0.31696,0
1.07892,-0.0357995,0,-0.623083,0.356837,0,-0.455839,-0.321037,0
1.07943,-0.0311269,0,-0.612522,0.356034,0,-0.466912,-0.324907,0
1.07987,-0.0264543,0,-0.601886,0.355022,0,-0.477989,-0.328568,0
1.08024,-0.0217819,0,-0.59118,0.3538,0,-0.489063,-0.332018,0
1.08054,-0.0171096,0,-0.58041,0.352363,0,-0.50013,-0.335254,0
1.08076,-0.0124373,0,-0.569582,0.350713,0,-0.511183,-0.338275,0
1.08092,-0.00776518,0,-0.558702,0.348846,0,-0.522216,-0.341081,0
1.081,-0.00309307,0,-0.547777,0.346763,0,-0.533225,-0.34367,0
1.08101,0.00157903,0,-0.536812,0.344462,0,-0.544201,-0.346041,0
1.08095,0.00625114,0,-0.525813,0.341944,0,-0.55514,-0.348195,0
1.08082,0.0109233,0,-0.514787,0.339209,0,-0.566036,-0.350133,0
1.08062,0.0155955,0,-0.50374,0.336258,0,-0.576881,-0.351854,0
1.08035,0.0202678,0,-0.492677,0.333092,0,-0.58767,-0.35336,0
1.08,0.0249402,0,-0.481604,0.329712,0,-0.598398,-0.354652,0
1.07959,0.0296127,0,-0.470528,0.32612,0,-0.609058,-0.355733,0
1.0791,0.0342853,0,-0.459453,0.322318,0,-0.619644,-0.356603,0
1.07854,0.038958,0,-0.448385,0.318308,0,-0.630151,-0.357266,0
1.0779,0.0436309,0,-0.43733,0.314094,0,-0.640573,-0.357725,0
1.0772,0.0483039,0,-0.426292,0.309678,0,-0.650905,-0.357982,0
1.07642,0.052977,0,-0.415276,0.305064,0,-0.661142,-0.358041,0
1.07556,0.0576502,0,-0.404286,0.300255,0,-0.671279,-0.357905,0
1.07464,0.0623233,0,-0.393327,0.295255,0,-0.681311,-0.357578,0
1.07364,0.0669964,0,-0.382402,0.290068,0,-0.691234,-0.357064,0
1.07256,0.0716695,0,-0.371515,0.284699,0,-0.701044,-0.356368,0
1.07141,0.0763423,0,-0.36067,0.279151,0,-0.710737,-0.355494,0
1.07018,0.0810148,0,-0.34987,0.273431,0,-0.720308,-0.354446,0
1.06887,0.0856869,0,-0.339117,0.267542,0,-0.729756,-0.353229,0
1.06749,0.0903584,0,-0.328414,0.261489,0,-0.739076,-0.351847,0
1.06603,0.0950292,0,-0.317762,0.255277,0,-0.748267,-0.350306,0
1.06449,0.0996991,0,-0.307165,0.248912,0,-0.757324,-0.348611,0
1.06287,0.104368,0,-0.296622,0.242399,0,-0.766246,-0.346767,0
1.06117,0.109035,0,-0.286136,0.235742,0,-0.775032,-0.344777,0
1.05939,0.113701,0,-0.275708,0.228948,0,-0.783678,-0.342649,0
1.05752,0.118365,0,-0.265338,0.22202,0,-0.792184,-0.340386,0
1.05557,0.123027,0,-0.255026,0.214966,0,-0.800548,-0.337993,0
1.05354,0.127686,0,-0.244773,0.207789,0,-0.808769,-0.335476,0
1.05142,0.132342,0,-0.234578,0.200496,0,-0.816846,-0.332839,0
1.04922,0.136995,0,-0.224441,0.193091,0,-0.824779,-0.330087,0
1.04693,0.141645,0,-0.214362,0.18558,0,-0.832567,-0.327225,0
1.04455,0.14629,0,-0.204339,0.177968,0,-0.840209,-0.324258,0
1.04208,0.15093,0,-0.194371,0.17026,0,-0.847707,-0.321189,0
1.03952,0.155564,0,-0.184458,0.16246,0,-0.855059,-0.318025,0
1.03686,0.160193,0,-0.174598,0.154575,0,-0.862267,-0.314768,0
1.03412,0.164815,0,-0.164788,0.146609,0,-0.86933,-0.311424,0
1.03128,0.16943,0,-0.155028,0.138566,0,-0.876249,-0.307997,0
1.02834,0.174037,0,-0.145314,0.130453,0,-0.883025,-0.30449,0
1.0253,0.178635,0,-0.135646,0.122272,0,-0.889659,-0.300907,0
1.02217,0.183222,0,-0.126021,0.11403,0,-0.896151,-0.297253,0
1.01894,0.187799,0,-0.116435,0.105731,0,-0.902502,-0.29353,0
1.0156,0.192365,0,-0.106888,0.0973788,0,-0.908714,-0.289744,0
1.01216,0.196917,0,-0.0973755,0.0889785,0,-0.914788,-0.285896,0
1.00862,0.201456,0,-0.0878953,0.0805344,0,-0.920725,-0.28199,0
1.00497,0.205979,0,-0.0784446,0.0720509,0,-0.926526,-0.27803,0
1.00121,0.210486,0,-0.0690204,0.0635324,0,-0.932193,-0.274019,0
0.997347,0.214975,0,-0.0596198,0.0549832,0,-0.937727,-0.269959,0
0.99337,0.219445,0,-0.0502395,0.0464075,0,-0.94313,-0.265853,0
0.98928,0.223895,0,-0.0408767,0.0378095,0,-0.948403,-0.261704,0
0.985076,0.228322,0,-0.0315279,0.0291934,0,-0.953548,-0.257515,0
0.980756,0.232724,0,-0.0221902,0.0205633,0,-0.958566,-0.253288,0
0.976319,0.237102,0,-0.0128602,0.0119235,0,-0.963458,-0.249025,0
0.971762,0.241451,0,-0.00353473,0.00327797,0,-0.968228,-0.244729,0
0.967086,0.245771,0,0.00578953,-0.0053691,0,-0.972875,-0.240402,0
0.962287,0.250059,0,0.0151158,-0.0140136,0,-0.977402,-0.236046,0
0.957364,0.254313,0,0.0244474,-0.0226515,0,-0.981811,-0.231662,0
0.952315,0.258532,0,0.0337875,-0.0312785,0,-0.986103,-0.227253,0
0.94714,0.262711,0,0.0431393,-0.0398906,0,-0.990279,-0.222821,0
0.941836,0.26685,0,0.0525061,-0.0484836,0,-0.994342,-0.218366,0
0.936401,0.270945,0,0.061891,-0.0570533,0,-0.998292,-0.213891,0
0.930835,0.274993,0,0.0712971,-0.0655955,0,-1.00213,-0.209398,0
0.925136,0.278993,0,0.0807274,-0.0741059,0,-1.00586,-0.204887,0
0.919302,0.28294,0,0.090185,-0.0825803,0,-1.00949,-0.20036,0
0.913332,0.286832,0,0.0996727,-0.0910142,0,-1.013,-0.195818,0
0.907225,0.290665,0,0.109193,-0.0994032,0,-1.01642,-0.191262,0
0.900979,0.294437,0,0.11875,-0.107743,0,-1.01973,-0.186694,0
0.894594,0.298143,0,0.128345,-0.116029,0,-1.02294,-0.182114,0
0.888068,0.30178,0,0.13798,-0.124257,0,-1.02605,-0.177524,0
0.8814,0.305345,0,0.147659,-0.132421,0,-1.02906,-0.172924,0
0.874589,0.308833,0,0.157383,-0.140518,0,-1.03197,-0.168315,0
0.867636,0.312241,0,0.167156,-0.148543,0,-1.03479,-0.163698,0
0.860538,0.315564,0,0.176977,-0.15649,0,-1.03751,-0.159074,0
0.853295,0.318799,0,0.18685,-0.164355,0,-1.04015,-0.154444,0
0.845908,0.32194,0,0.196777,-0.172132,0,-1.04268,-0.149808,0
0.838375,0.324985,0,0.206757,-0.179818,0,-1.04513,-0.145167,0
0.830697,0.327927,0,0.216794,-0.187406,0,-1.04749,-0.140521,0
0.822874,0.330763,0,0.226887,-0.194892,0,-1.04976,-0.135871,0
0.814906,0.333487,0,0.237038,-0.20227,0,-1.05194,-0.131217,0
0.806794,0.336096,0,0.247247,-0.209536,0,-1.05404,-0.12656,0
0.798539,0.338583,0,0.257514,-0.216683,0,-1.05605,-0.1219,0
0.79014,0.340945,0,0.26784,-0.223708,0,-1.05798,-0.117237,0
0.7816,0.343176,0,0.278224,-0.230603,0,-1.05982,-0.112573,0
0.77292,0.345272,0,0.288667,-0.237365,0,-1.06159,-0.107907,0
0.764102,0.347226,0,0.299166,-0.243987,0,-1.06327,-0.103239,0
0.755147,0.349035,0,0.309722,-0.250465,0,-1.06487,-0.0985699,0
0.746057,0.350694,0,0.320333,-0.256794,0,-1.06639,-0.0938997,0
0.736835,0.352196,0,0.330997,-0.262967,0,-1.06783,-0.0892288,0
0.727484,0.353538,0,0.341713,-0.268981,0,-1.0692,-0.0845571,0
0.718006,0.354715,0,0.352477,-0.27483,0,-1.07048,-0.0798849,0
0.708404,0.355721,0,0.363289,-0.280509,0,-1.07169,-0.0752123,0
0.698683,0.356553,0,0.374144,-0.286014,0,-1.07283,-0.0705394,0
0.688845,0.357206,0,0.38504,-0.291339,0,-1.07389,-0.0658664,0
0.678895,0.357674,0,0.395974,-0.296481,0,-1.07487,-0.0611933,0
0.668837,0.357955,0,0.406941,-0.301435,0,-1.07578,-0.0565201,0
0.658676,0.358045,0,0.417937,-0.306198,0,-1.07661,-0.051847,0
0.648415,0.357938,0,0.428959,-0.310764,0,-1.07737,-0.0471739,0
0.638061,0.357633,0,0.440002,-0.315132,0,-1.07806,-0.0425009,0
0.627618,0.357125,0,0.451061,-0.319297,0,-1.07868,-0.0378281,0
0.617092,0.356412,0,0.462131,-0.323257,0,-1.07922,-0.0331554,0
0.606487,0.355491,0,0.473206,-0.327008,0,-1.07969,-0.0284828,0
0.595811,0.35436,0,0.484282,-0.330549,0,-1.08009,-0.0238103,0
0.585068,0.353016,0,0.495353,-0.333878,0,-1.08042,-0.0191379,0
0.574264,0.351458,0,0.506413,-0.336992,0,-1.08068,-0.0144657,0
0.563406,0.349684,0,0.517455,-0.339891,0,-1.08086,-0.00979349,0
0.5525,0.347695,0,0.528475,-0.342573,0,-1.08098,-0.00512136,0
0.541551,0.345488,0,0.539466,-0.345039,0,-1.08102,-0.000449264,0
0.530566,0.343064,0,0.550422,-0.347287,0,-1.08099,0.00422283,0
0.519551,0.340423,0,0.561337,-0.349318,0,-1.08089,0.00889496,0
0.508512,0.337565,0,0.572205,-0.351132,0,-1.08072,0.0135671,0
0.497455,0.334491,0,0.583019,-0.352731,0,-1.08047,0.0182394,0
0.486386,0.331203,0,0.593774,-0.354115,0,-1.08016,0.0229117,0
0.475311,0.327703,0,0.604464,-0.355287,0,-1.07978,0.0275842,0
0.464235,0.323991,0,0.615083,-0.356248,0,-1.07932,0.0322567,0
0.453164,0.320071,0,0.625624,-0.357,0,-1.07879,0.0369294,0
0.442102,0.315944,0,0.636084,-0.357546,0,-1.07819,0.0416023,0
0.431056,0.311615,0,0.646455,-0.35789,0,-1.07751,0.0462752,0
0.42003,0.307086,0,0.656734,-0.358034,0,-1.07676,0.0509483,0
0.409028,0.30236,0,0.666915,-0.357982,0,-1.07594,0.0556214,0
0.398055,0.297442,0,0.676993,-0.357737,0,-1.07505,0.0602946,0
0.387115,0.292336,0,0.686963,-0.357303,0,-1.07408,0.0649677,0
0.376212,0.287045,0,0.696823,-0.356685,0,-1.07303,0.0696408,0
0.365349,0.281574,0,0.706567,-0.355887,0,-1.07192,0.0743137,0
0.354529,0.275927,0,0.716191,-0.354914,0,-1.07072,0.0789864,0
0.343755,0.27011,0,0.725693,-0.353769,0,-1.06945,0.0836587,0
0.33303,0.264127,0,0.735068,-0.352458,0,-1.0681,0.0883305,0
0.322356,0.257984,0,0.744315,-0.350985,0,-1.06667,0.0930016,0
0.311735,0.251684,0,0.75343,-0.349356,0,-1.06517,0.0976719,0
0.301169,0.245234,0,0.762411,-0.347576,0,-1.06358,0.102341,0
0.290658,0.238639,0,0.771256,-0.345648,0,-1.06191,0.107009,0
0.280205,0.231903,0,0.779962,-0.343579,0,-1.06017,0.111676,0
0.26981,0.225033,0,0.788529,-0.341373,0,-1.05834,0.116341,0
0.259472,0.218032,0,0.796954,-0.339036,0,-1.05643,0.121003,0
0.249194,0.210908,0,0.805237,-0.336572,0,-1.05443,0.125664,0
0.238974,0.203664,0,0.813377,-0.333986,0,-1.05235,0.130322,0
0.228812,0.196307,0,0.821372,-0.331283,0,-1.05018,0.134976,0
0.218708,0.188841,0,0.829222,-0.328468,0,-1.04793,0.139627,0
0.208661,0.181272,0,0.836928,-0.325546,0,-1.04559,0.144274,0
0.19867,0.173604,0,0.844488,-0.32252,0,-1.04316,0.148916,0
0.188734,0.165844,0,0.851903,-0.319397,0,-1.04064,0.153553,0
0.178851,0.157995,0,0.859173,-0.31618,0,-1.03802,0.158185,0
0.169019,0.150063,0,0.866299,-0.312873,0,-1.03532,0.16281,0
0.159238,0.142053,0,0.87328,-0.309481,0,-1.03252,0.167428,0
0.149505,0.133969,0,0.880118,-0.306008,0,-1.02962,0.172038,0
0.139817,0.125817,0,0.886813,-0.302457,0,-1.02663,0.17664,0
0.130174,0.117601,0,0.893366,-0.298833,0,-1.02354,0.181232,0
0.120571,0.109326,0,0.899778,-0.29514,0,-1.02035,0.185814,0
0.111008,0.100996,0,0.90605,-0.29138,0,-1.01706,0.190385,0
0.101481,0.0926157,0,0.912183,-0.287559,0,-1.01366,0.194943,0
0.091987,0.0841899,0,0.918179,-0.283678,0,-1.01017,0.199488,0
0.082524,0.0757229,0,0.924039,-0.279741,0,-1.00656,0.204018,0
0.0730888,0.067219,0,0.929763,-0.275751,0,-1.00285,0.208532,0
0.0636784,0.0586824,0,0.935355,-0.271711,0,-0.999033,0.213029,0
0.0542898,0.0501176,0,0.940814,-0.267625,0,-0.995104,0.217508,0
0.0449199,0.0415286,0,0.946143,-0.263495,0,-0.991063,0.221966,0
0.0355655,0.0329198,0,0.951343,-0.259323,0,-0.986908,0.226403,0
0.0262235,0.0242952,0,0.956415,-0.255111,0,-0.982639,0.230816,0
0.0168906,0.015659,0,0.961362,-0.250864,0,-0.978252,0.235205,0
0.00756363,0.00701536,0,0.966184,-0.246582,0,-0.973748,0.239567,0
-0.0017607,-0.00163161,0,0.970884,-0.242268,0,-0.969123,0.2439,0
-0.0110857,-0.0102778,0,0.975463,-0.237924,0,-0.964377,0.248202,0
-0.0204145,-0.0189191,0,0.979923,-0.233552,0,-0.959508,0.252471,0
-0.0297504,-0.0275514,0,0.984265,-0.229154,0,-0.954514,0.256705,0
-0.0390967,-0.0361705,0,0.988491,-0.224731,0,-0.949394,0.260902,0
-0.0484566,-0.0447724,0,0.992602,-0.220286,0,-0.944146,0.265058,0
-0.0578332,-0.0533527,0,0.996601,-0.21582,0,-0.938768,0.269173,0
-0.0672297,-0.0619074,0,1.00049,-0.211334,0,-0.933259,0.273242,0
-0.0766491,-0.0704321,0,1.00427,-0.20683,0,-0.927617,0.277263,0
-0.0860945,-0.0789227,0,1.00794,-0.20231,0,-0.921842,0.281233,0
-0.0955688,-0.0873746,0,1.0115,-0.197774,0,-0.915931,0.285149,0
-0.105075,-0.0957837,0,1.01496,-0.193224,0,-0.909883,0.289008,0
-0.114615,-0.104145,0,1.01831,-0.188661,0,-0.903697,0.292807,0
-0.124193,-0.112455,0,1.02157,-0.184086,0,-0.897373,0.296542,0
-0.133811,-0.120709,0,1.02472,-0.179501,0,-0.890907,0.300209,0
-0.143471,-0.128901,0,1.02777,-0.174905,0,-0.884301,0.303806,0
-0.153175,-0.137028,0,1.03073,-0.1703,0,-0.877552,0.307328,0
-0.162926,-0.145084,0,1.03359,-0.165686,0,-0.87066,0.310771,0
-0.172726,-0.153066,0,1.03635,-0.161066,0,-0.863625,0.314131,0
-0.182577,-0.160967,0,1.03902,-0.156438,0,-0.856445,0.317405,0
-0.19248,-0.168783,0,1.0416,-0.151804,0,-0.84912,0.320587,0
-0.202437,-0.176509,0,1.04409,-0.147165,0,-0.84165,0.323674,0
-0.212449,-0.18414,0,1.04648,-0.142521,0,-0.834035,0.326661,0
-0.222518,-0.191671,0,1.04879,-0.137873,0,-0.826274,0.329543,0
-0.232643,-0.199096,0,1.05101,-0.13322,0,-0.818369,0.332317,0
-0.242827,-0.206411,0,1.05315,-0.128565,0,-0.810319,0.334976,0
-0.253069,-0.21361,0,1.05519,-0.123906,0,-0.802126,0.337516,0
-0.26337,-0.220689,0,1.05716,-0.119244,0,-0.793789,0.339933,0
-0.273729,-0.227641,0,1.05904,-0.114581,0,-0.78531,0.342221,0
-0.284146,-0.234461,0,1.06084,-0.109915,0,-0.77669,0.344376,0
-0.294621,-0.241144,0,1.06255,-0.105248,0,-0.767931,0.346392,0
-0.305153,-0.247685,0,1.06419,-0.10058,0,-0.759035,0.348265,0
-0.31574,-0.254079,0,1.06574,-0.09591,0,-0.750003,0.349989,0
-0.326381,-0.26032,0,1.06722,-0.0912393,0,-0.740838,0.35156,0
-0.337075,-0.266404,0,1.06862,-0.0865679,0,-0.731542,0.352972,0
-0.347819,-0.272325,0,1.06994,-0.0818959,0,-0.722119,0.354221,0
-0.35861,-0.278078,0,1.07118,-0.0772235,0,-0.71257,0.355301,0
-0.369447,-0.283658,0,1.07235,-0.0725508,0,-0.7029,0.356209,0
-0.380326,-0.289062,0,1.07344,-0.0678778,0,-0.693112,0.35694,0
-0.391244,-0.294284,0,1.07445,-0.0632047,0,-0.68321,0.357488,0
-0.402196,-0.29932,0,1.07539,-0.0585315,0,-0.673198,0.357851,0
-0.413181,-0.304165,0,1.07626,-0.0538584,0,-0.663081,0.358024,0
-0.424192,-0.308817,0,1.07706,-0.0491853,0,-0.652863,0.358002,0
-0.435227,-0.313271,0,1.07778,-0.0445123,0,-0.642548,0.357783,0
-0.446279,-0.317524,0,1.07842,-0.0398394,0,-0.632143,0.357364,0
-0.457345,-0.321573,0,1.079,-0.0351666,0,-0.621652,0.35674,0
-0.468419,-0.325415,0,1.0795,-0.0304939,0,-0.61108,0.355909,0
-0.479495,-0.329047,0,1.07993,-0.0258214,0,-0.600434,0.354869,0
-0.490569,-0.332468,0,1.08029,-0.021149,0,-0.589719,0.353617,0
-0.501634,-0.335675,0,1.08058,-0.0164767,0,-0.578941,0.352152,0
-0.512685,-0.338667,0,1.08079,-0.0118045,0,-0.568106,0.350472,0
-0.523715,-0.341443,0,1.08093,-0.00713238,0,-0.55722,0.348576,0
-0.53472,-0.344002,0,1.08101,-0.00246028,0,-0.546288,0.346463,0
-0.545692,-0.346344,0,1.08101,0.00221181,0,-0.535318,0.344133,0
-0.556625,-0.348469,0,1.08094,0.0068839,0,-0.524316,0.341585,0
-0.567514,-0.350377,0,1.0808,0.011556,0,-0.513286,0.338821,0
-0.578352,-0.352069,0,1.08059,0.0162282,0,-0.502236,0.335841,0
-0.589134,-0.353546,0,1.08031,0.0209005,0,-0.491172,0.332645,0
-0.599852,-0.354809,0,1.07995,0.0255729,0,-0.480098,0.329236,0
-0.610502,-0.355861,0,1.07952,0.0302454,0,-0.469022,0.325615,0
-0.621078,-0.356703,0,1.07903,0.0349181,0,-0.457948,0.321785,0
-0.631574,-0.357338,0,1.07846,0.0395908,0,-0.446882,0.317747,0
-0.641984,-0.357769,0,1.07781,0.0442637,0,-0.435828,0.313505,0
-0.652303,-0.357999,0,1.0771,0.0489367,0,-0.424793,0.309062,0
-0.662527,-0.358031,0,1.07631,0.0536098,0,-0.41378,0.304421,0
-0.67265,-0.357869,0,1.07544,0.058283,0,-0.402794,0.299586,0
-0.682667,-0.357516,0,1.07451,0.0629561,0,-0.391839,0.29456,0
-0.692575,-0.356978,0,1.07349,0.0676292,0,-0.380919,0.289348,0
-0.70237,-0.356257,0,1.07241,0.0723022,0,-0.370038,0.283955,0
-0.712046,-0.355359,0,1.07125,0.076975,0,-0.359199,0.278384,0
-0.721601,-0.354287,0,1.07001,0.0816474,0,-0.348405,0.27264,0
-0.731032,-0.353047,0,1.06869,0.0863194,0,-0.337659,0.266728,0
-0.740335,-0.351644,0,1.0673,0.0909908,0,-0.326962,0.260653,0
-0.749507,-0.350082,0,1.06583,0.0956615,0,-0.316318,0.25442,0
-0.758546,-0.348366,0,1.06427,0.100331,0,-0.305728,0.248035,0
-0.76745,-0.346501,0,1.06264,0.105,0,-0.295193,0.241502,0
-0.776216,-0.344493,0,1.06093,0.109667,0,-0.284715,0.234826,0
-0.784844,-0.342346,0,1.05914,0.114333,0,-0.274294,0.228013,0
-0.79333,-0.340065,0,1.05726,0.118996,0,-0.263932,0.221068,0
-0.801675,-0.337655,0,1.0553,0.123658,0,-0.253628,0.213997,0
-0.809876,-0.335121,0,1.05326,0.128317,0,-0.243383,0.206804,0
-0.817934,-0.332468,0,1.05113,0.132973,0,-0.233196,0.199495,0
-0.825847,-0.329701,0,1.04891,0.137625,0,-0.223067,0.192076,0
-0.833615,-0.326824,0,1.04661,0.142274,0,-0.212995,0.18455,0
-0.841238,-0.323843,0,1.04422,0.146918,0,-0.20298,0.176925,0
-0.848716,-0.320761,0,1.04174,0.151557,0,-0.19302,0.169204,0
-0.856049,-0.317584,0,1.03916,0.156191,0,-0.183114,0.161393,0
-0.863237,-0.314315,0,1.0365,0.160819,0,-0.173261,0.153496,0
-0.87028,-0.31096,0,1.03374,0.165441,0,-0.163458,0.145519,0
-0.87718,-0.307521,0,1.03088,0.170054,0,-0.153704,0.137467,0
-0.883936,-0.304003,0,1.02793,0.17466,0,-0.143997,0.129344,0
-0.890551,-0.300411,0,1.02489,0.179256,0,-0.134335,0.121155,0
-0.897023,-0.296747,0,1.02174,0.183843,0,-0.124715,0.112904,0
-0.903356,-0.293016,0,1.01849,0.188418,0,-0.115135,0.104597,0
-0.909549,-0.28922,0,1.01514,0.192982,0,-0.105593,0.0962385,0
-0.915604,-0.285364,0,1.01169,0.197532,0,-0.0960847,0.087832,0
-0.921522,-0.281451,0,1.00813,0.202069,0,-0.0866087,0.0793823,0
-0.927305,-0.277484,0,1.00447,0.20659,0,-0.0771618,0.0708938,0
-0.932954,-0.273466,0,1.0007,0.211095,0,-0.067741,0.0623708,0
-0.93847,-0.269399,0,0.996814,0.215582,0,-0.0583433,0.0538177,0
-0.943855,-0.265287,0,0.992821,0.220049,0,-0.0489656,0.0452387,0
-0.949111,-0.261133,0,0.988716,0.224495,0,-0.0396049,0.036638,0
-0.954238,-0.256939,0,0.984496,0.228919,0,-0.0302579,0.0280197,0
-0.959239,-0.252706,0,0.98016,0.233318,0,-0.0209214,0.0193881,0
-0.964115,-0.248439,0,0.975707,0.237692,0,-0.0115922,0.0107472,0
-0.968867,-0.244139,0,0.971134,0.242037,0,-0.00226709,0.00210119,0
-0.973498,-0.239807,0,0.966441,0.246353,0,0.00705723,-0.0065458,0
-0.978009,-0.235447,0,0.961625,0.250637,0,0.016384,-0.0151897,0
-0.982402,-0.23106,0,0.956685,0.254886,0,0.0257165,-0.0238263,0
-0.986678,-0.226648,0,0.95162,0.259099,0,0.035058,-0.0324516,0
-0.990839,-0.222212,0,0.946427,0.263274,0,0.0444117,-0.0410614,0
-0.994886,-0.217755,0,0.941105,0.267406,0,0.0537807,-0.0496515,0
-0.998821,-0.213278,0,0.935653,0.271495,0,0.0631683,-0.0582177,0
-1.00265,-0.208781,0,0.930069,0.275537,0,0.0725775,-0.0667559,0
-1.00636,-0.204268,0,0.924351,0.27953,0,0.0820113,-0.0752616,0
-1.00997,-0.199739,0,0.918499,0.28347,0,0.0914728,-0.0837307,0
-1.01348,-0.195195,0,0.912511,0.287354,0,0.100965,-0.0921588,0
-1.01687,-0.190637,0,0.906385,0.291179,0,0.11049,-0.100541,0
-1.02017,-0.186067,0,0.90012,0.294942,0,0.120052,-0.108874,0
-1.02337,-0.181486,0,0.893716,0.298639,0,0.129652,-0.117153,0
-1.02646,-0.176894,0,0.88717,0.302266,0,0.139293,-0.125372,0
-1.02946,-0.172293,0,0.880483,0.305821,0,0.148978,-0.133528,0
-1.03236,-0.167683,0,0.873653,0.309298,0,0.158709,-0.141615,0
-1.03517,-0.163066,0,0.86668,0.312695,0,0.168488,-0.149629,0
-1.03788,-0.158441,0,0.859562,0.316007,0,0.178316,-0.157565,0
-1.0405,-0.15381,0,0.8523,0.319229,0,0.188196,-0.165419,0
-1.04302,-0.149173,0,0.844893,0.322357,0,0.19813,-0.173184,0
-1.04546,-0.144531,0,0.83734,0.325388,0,0.208118,-0.180857,0
-1.0478,-0.139884,0,0.829643,0.328316,0,0.218162,-0.188432,0
-1.05006,-0.135234,0,0.8218,0.331137,0,0.228263,-0.195903,0
-1.05223,-0.130579,0,0.813813,0.333846,0,0.238422,-0.203267,0
-1.05432,-0.125922,0,0.805681,0.336438,0,0.248639,-0.210516,0
-1.05632,-0.121262,0,0.797406,0.338909,0,0.258914,-0.217647,0
-1.05824,-0.116599,0,0.788988,0.341254,0,0.269248,-0.224654,0
-1.06007,-0.111934,0,0.780429,0.343466,0,0.27964,-0.231532,0
-1.06182,-0.107268,0,0.77173,0.345543,0,0.29009,-0.238275,0
-1.06349,-0.1026,0,0.762893,0.347478,0,0.300598,-0.244878,0
-1.06508,-0.0979306,0,0.753919,0.349267,0,0.311161,-0.251336,0
-1.06659,-0.0932603,0,0.744811,0.350905,0,0.321779,-0.257644,0
-1.06802,-0.0885892,0,0.735572,0.352386,0,0.33245,-0.263796,0
-1.06938,-0.0839175,0,0.726203,0.353705,0,0.343173,-0.269788,0
-1.07065,-0.0792452,0,0.716708,0.354859,0,0.353944,-0.275614,0
-1.07185,-0.0745726,0,0.70709,0.355842,0,0.364761,-0.28127,0
-1.07298,-0.0698997,0,0.697353,0.35665,0,0.375622,-0.28675,0
-1.07402,-0.0652266,0,0.6875,0.357278,0,0.386524,-0.292051,0
-1.075,-0.0605535,0,0.677535,0.357721,0,0.397462,-0.297168,0
-1.0759,-0.0558803,0,0.667462,0.357976,0,0.408433,-0.302096,0
-1.07672,-0.0512072,0,0.657287,0.358039,0,0.419434,-0.306832,0
-1.07747,-0.0465341,0,0.647014,0.357906,0,0.430459,-0.311372,0
-1.07815,-0.0418612,0,0.636647,0.357573,0,0.441504,-0.315712,0
-1.07876,-0.0371883,0,0.626192,0.357038,0,0.452564,-0.31985,0
-1.07929,-0.0325156,0,0.615655,0.356297,0,0.463635,-0.323781,0
-1.07975,-0.027843,0,0.60504,0.355347,0,0.474711,-0.327504,0
-1.08014,-0.0231706,0,0.594354,0.354187,0,0.485787,-0.331016,0
-1.08046,-0.0184982,0,0.583603,0.352814,0,0.496856,-0.334316,0
-1.08071,-0.013826,0,0.572791,0.351227,0,0.507914,-0.337401,0
-1.08088,-0.00915379,0,0.561927,0.349424,0,0.518954,-0.34027,0
-1.08098,-0.00448167,0,0.551014,0.347405,0,0.529971,-0.342923,0
-1.08102,0.000190433,0,0.54006,0.345169,0,0.540957,-0.345359,0
-1.08098,0.00486253,0,0.529071,0.342715,0,0.551908,-0.347578,0
-1.08087,0.00953466,0,0.518052,0.340045,0,0.562817,-0.349579,0
-1.08069,0.0142068,0,0.50701,0.337157,0,0.573678,-0.351364,0
-1.08044,0.0188791,0,0.495952,0.334055,0,0.584484,-0.352934,0
-1.08011,0.0235515,0,0.484881,0.330738,0,0.595231,-0.354289,0
-1.07972,0.0282239,0,0.473806,0.327208,0,0.605911,-0.355432,0
-1.07925,0.0328965,0,0.46273,0.323468,0,0.61652,-0.356364,0
-1.07871,0.0375692,0,0.45166,0.319519,0,0.62705,-0.357089,0
-1.0781,0.0422421,0,0.4406,0.315365,0,0.637498,-0.357607,0
-1.07741,0.0469151,0,0.429556,0.311009,0,0.647857,-0.357924,0
-1.07666,0.0515881,0,0.418533,0.306453,0,0.658123,-0.358041,0
-1.07582,0.0562613,0,0.407535,0.301701,0,0.66829,-0.357962,0
-1.07492,0.0609344,0,0.396566,0.296757,0,0.678354,-0.357691,0
-1.07394,0.0656076,0,0.385631,0.291625,0,0.68831,-0.357232,0
-1.07289,0.0702806,0,0.374733,0.286309,0,0.698153,-0.35659,0
-1.07176,0.0749535,0,0.363875,0.280814,0,0.707881,-0.355768,0
-1.07055,0.0796261,0,0.353061,0.275144,0,0.717489,-0.35477,0
-1.06927,0.0842984,0,0.342294,0.269304,0,0.726974,-0.353603,0
-1.06791,0.0889701,0,0.331576,0.263299,0,0.736332,-0.35227,0
-1.06647,0.0936411,0,0.320909,0.257134,0,0.745561,-0.350775,0
-1.06495,0.0983113,0,0.310295,0.250814,0,0.754658,-0.349125,0
-1.06336,0.10298,0,0.299736,0.244344,0,0.763621,-0.347324,0
-1.06168,0.107648,0,0.289234,0.237729,0,0.772447,-0.345377,0
-1.05992,0.112315,0,0.278788,0.230975,0,0.781134,-0.34329,0
-1.05808,0.116979,0,0.268401,0.224086,0,0.789682,-0.341066,0
-1.05616,0.121642,0,0.258072,0.217069,0,0.798088,-0.338711,0
-1.05415,0.126302,0,0.247801,0.209928,0,0.806351,-0.33623,0
-1.05206,0.130959,0,0.237589,0.202669,0,0.814471,-0.333628,0
-1.04988,0.135613,0,0.227435,0.195296,0,0.822447,-0.330909,0
-1.04762,0.140263,0,0.217339,0.187816,0,0.830278,-0.328079,0
-1.04526,0.14491,0,0.207299,0.180233,0,0.837963,-0.325143,0
-1.04282,0.149551,0,0.197316,0.172553,0,0.845504,-0.322104,0
-1.04029,0.154188,0,0.187387,0.16478,0,0.852899,-0.318968,0
-1.03766,0.158818,0,0.177511,0.156919,0,0.86015,-0.315738,0
-1.03494,0.163443,0,0.167686,0.148977,0,0.867255,-0.312419,0
-1.03213,0.16806,0,0.157911,0.140956,0,0.874217,-0.309016,0
-1.02922,0.172669,0,0.148185,0.132863,0,0.881035,-0.305532,0
-1.02621,0.177269,0,0.138503,0.124702,0,0.887711,-0.301971,0
-1.02311,0.18186,0,0.128865,0.116478,0,0.894245,-0.298338,0
-1.01991,0.18644,0,0.119269,0.108195,0,0.900638,-0.294635,0
-1.0166,0.191009,0,0.10971,0.0998576,0,0.906891,-0.290867,0
-1.01319,0.195566,0,0.100188,0.091471,0,0.913005,-0.287037,0
-1.00968,0.200109,0,0.0906982,0.0830394,0,0.918983,-0.283148,0
-1.00606,0.204637,0,0.0812391,0.0745671,0,0.924824,-0.279204,0
-1.00234,0.209149,0,0.0718074,0.0660585,0,0.93053,-0.275207,0
-0.998504,0.213643,0,0.0624001,0.0575179,0,0.936104,-0.271161,0
-0.994559,0.218119,0,0.0530142,0.0489495,0,0.941545,-0.267069,0
-0.990503,0.222575,0,0.0436466,0.0403576,0,0.946856,-0.262932,0
-0.986333,0.227008,0,0.034294,0.0317464,0,0.952039,-0.258755,0
-0.982047,0.231419,0,0.0249534,0.02312,0,0.957094,-0.254539,0
-0.977645,0.235804,0,0.0156215,0.0144826,0,0.962024,-0.250286,0
-0.973124,0.240162,0,0.00629504,0.00583826,0,0.966829,-0.246,0
-0.968483,0.24449,0,-0.00302922,-0.00280883,0,0.971513,-0.241682,0
-0.963721,0.248788,0,-0.0123545,-0.0114546,0,0.976075,-0.237334,0
-0.958835,0.253053,0,-0.0216842,-0.0200949,0,0.980519,-0.232958,0
-0.953824,0.257282,0,-0.0310214,-0.0287256,0,0.984845,-0.228556,0
-0.948686,0.261473,0,-0.0403694,-0.0373426,0,0.989055,-0.224131,0
-0.94342,0.265624,0,-0.0497314,-0.0459417,0,0.993151,-0.219683,0
-0.938024,0.269732,0,-0.0591105,-0.0545188,0,0.997135,-0.215214,0
-0.932497,0.273795,0,-0.06851,-0.0630697,0,1.00101,-0.210725,0
-0.926838,0.277809,0,-0.0779328,-0.07159,0,1.00477,-0.206219,0
-0.921044,0.281772,0,-0.0873819,-0.0800755,0,1.00843,-0.201697,0
-0.915114,0.285681,0,-0.0968604,-0.0885218,0,1.01197,-0.197159,0
-0.909048,0.289532,0,-0.106371,-0.0969247,0,1.01542,-0.192607,0
-0.902843,0.293322,0,-0.115917,-0.10528,0,1.01876,-0.188043,0
-0.8965,0.297048,0,-0.1255,-0.113582,0,1.022,-0.183466,0
-0.890015,0.300706,0,-0.135123,-0.121827,0,1.02514,-0.178879,0
-0.883389,0.304293,0,-0.144789,-0.130011,0,1.02818,-0.174282,0
-0.876621,0.307804,0,-0.154499,-0.138129,0,1.03112,-0.169675,0
-0.86971,0.311236,0,-0.164257,-0.146175,0,1.03397,-0.165061,0
-0.862655,0.314585,0,-0.174064,-0.154146,0,1.03672,-0.160439,0
-0.855455,0.317846,0,-0.183922,-0.162036,0,1.03938,-0.155811,0
-0.84811,0.321016,0,-0.193832,-0.16984,0,1.04194,-0.151176,0
-0.840621,0.32409,0,-0.203796,-0.177553,0,1.04442,-0.146536,0
-0.832986,0.327062,0,-0.213816,-0.185171,0,1.0468,-0.141892,0
-0.825206,0.32993,0,-0.223892,-0.192688,0,1.0491,-0.137243,0
-0.817281,0.332688,0,-0.234026,-0.200098,0,1.05131,-0.13259,0
-0.809211,0.335332,0,-0.244218,-0.207398,0,1.05343,-0.127934,0
-0.800998,0.337856,0,-0.254468,-0.214581,0,1.05547,-0.123275,0
-0.792642,0.340255,0,-0.264776,-0.221642,0,1.05742,-0.118613,0
-0.784144,0.342526,0,-0.275144,-0.228576,0,1.05929,-0.113949,0
-0.775505,0.344662,0,-0.285569,-0.235378,0,1.06107,-0.109283,0
-0.766727,0.346659,0,-0.296052,-0.242043,0,1.06278,-0.104616,0
-0.757812,0.348511,0,-0.306591,-0.248564,0,1.0644,-0.0999473,0
-0.748762,0.350215,0,-0.317186,-0.254937,0,1.06595,-0.0952775,0
-0.739579,0.351764,0,-0.327834,-0.261157,0,1.06741,-0.0906067,0
-0.730266,0.353154,0,-0.338535,-0.267219,0,1.0688,-0.0859352,0
-0.720825,0.35438,0,-0.349285,-0.273117,0,1.07011,-0.0812632,0
-0.71126,0.355438,0,-0.360083,-0.278847,0,1.07134,-0.0765907,0
-0.701573,0.356322,0,-0.370925,-0.284404,0,1.0725,-0.0719179,0
-0.69177,0.357028,0,-0.38181,-0.289783,0,1.07358,-0.0672449,0
-0.681853,0.357551,0,-0.392732,-0.29498,0,1.07458,-0.0625718,0
-0.671826,0.357888,0,-0.40369,-0.29999,0,1.07552,-0.0578986,0
-0.661695,0.358035,0,-0.414678,-0.304809,0,1.07637,-0.0532255,0
-0.651463,0.357987,0,-0.425693,-0.309434,0,1.07716,-0.0485524,0
-0.641136,0.357741,0,-0.43673,-0.313861,0,1.07787,-0.0438793,0
-0.630719,0.357293,0,-0.447785,-0.318087,0,1.0785,-0.0392065,0
-0.620216,0.356641,0,-0.458852,-0.322108,0,1.07907,-0.0345337,0
-0.609634,0.355782,0,-0.469926,-0.325921,0,1.07956,-0.0298611,0
-0.598979,0.354713,0,-0.481003,-0.329525,0,1.07998,-0.0251885,0
-0.588255,0.353432,0,-0.492076,-0.332916,0,1.08033,-0.0205162,0
-0.577468,0.351938,0,-0.503139,-0.336094,0,1.08061,-0.0158439,0
-0.566626,0.350229,0,-0.514188,-0.339057,0,1.08081,-0.0111717,0
-0.555733,0.348303,0,-0.525215,-0.341803,0,1.08095,-0.00649951,0
-0.544796,0.346161,0,-0.536215,-0.344333,0,1.08101,-0.0018274,0
-0.533821,0.343801,0,-0.547182,-0.346645,0,1.081,0.00284469,0
-0.522815,0.341224,0,-0.55811,-0.348741,0,1.08092,0.00751681,0
-0.511782,0.33843,0,-0.568992,-0.350619,0,1.08077,0.012189,0
-0.50073,0.33542,0,-0.579823,-0.352282,0,1.08055,0.0168612,0
-0.489664,0.332196,0,-0.590596,-0.353729,0,1.08026,0.0215335,0
-0.47859,0.328758,0,-0.601306,-0.354964,0,1.0799,0.0262059,0
-0.467513,0.325108,0,-0.611946,-0.355987,0,1.07946,0.0308784,0
-0.45644,0.32125,0,-0.622511,-0.356801,0,1.07895,0.0355511,0
-0.445375,0.317184,0,-0.632996,-0.357408,0,1.07837,0.0402239,0
-0.434324,0.312914,0,-0.643394,-0.357811,0,1.07772,0.0448968,0
-0.423291,0.308444,0,-0.6537,-0.358014,0,1.07699,0.0495699,0
-0.412282,0.303776,0,-0.663911,-0.358019,0,1.07619,0.054243,0
-0.4013,0.298915,0,-0.674019,-0.357831,0,1.07532,0.0589161,0
-0.39035,0.293864,0,-0.684022,-0.357453,0,1.07437,0.0635893,0
-0.379435,0.288627,0,-0.693915,-0.356889,0,1.07335,0.0682624,0
-0.36856,0.283209,0,-0.703694,-0.356144,0,1.07225,0.0729354,0
-0.357726,0.277614,0,-0.713354,-0.355222,0,1.07108,0.0776081,0
-0.346939,0.271847,0,-0.722892,-0.354127,0,1.06983,0.0822805,0
-0.336199,0.265913,0,-0.732306,-0.352865,0,1.0685,0.0869525,0
-0.32551,0.259816,0,-0.741591,-0.35144,0,1.0671,0.0916238,0
-0.314873,0.253562,0,-0.750745,-0.349857,0,1.06562,0.0962944,0
-0.30429,0.247156,0,-0.759766,-0.34812,0,1.06406,0.100964,0
-0.293763,0.240603,0,-0.768651,-0.346236,0,1.06241,0.105632,0
-0.283293,0.233909,0,-0.777399,-0.344208,0,1.06069,0.110299,0
-0.27288,0.227077,0,-0.786007,-0.342042,0,1.05889,0.114965,0
-0.262525,0.220115,0,-0.794474,-0.339743,0,1.057,0.119628,0
-0.25223,0.213027,0,-0.802799,-0.337316,0,1.05503,0.124289,0
-0.241992,0.205818,0,-0.810981,-0.334766,0,1.05297,0.128948,0
-0.231813,0.198494,0,-0.819019,-0.332097,0,1.05083,0.133603,0
-0.221692,0.19106,0,-0.826913,-0.329315,0,1.0486,0.138255,0
-0.211628,0.18352,0,-0.834661,-0.326424,0,1.04629,0.142903,0
-0.201621,0.175881,0,-0.842264,-0.323429,0,1.04389,0.147547,0
-0.191668,0.168148,0,-0.849722,-0.320334,0,1.04139,0.152186,0
-0.181769,0.160325,0,-0.857035,-0.317144,0,1.0388,0.156819,0
-0.171923,0.152417,0,-0.864204,-0.313863,0,1.03613,0.161446,0
-0.162127,0.144429,0,-0.871228,-0.310496,0,1.03335,0.166066,0
-0.15238,0.136367,0,-0.878108,-0.307046,0,1.03049,0.170679,0
-0.142679,0.128235,0,-0.884845,-0.303518,0,1.02752,0.175283,0
-0.133023,0.120037,0,-0.89144,-0.299916,0,1.02446,0.179878,0
-0.123408,0.111779,0,-0.897893,-0.296242,0,1.0213,0.184464,0
-0.113833,0.103465,0,-0.904207,-0.292502,0,1.01804,0.189038,0
-0.104296,0.0950989,0,-0.910381,-0.288698,0,1.01468,0.1936,0
-0.0947924,0.0866862,0,-0.916418,-0.284835,0,1.01121,0.198148,0
-0.0853206,0.078231,0,-0.922317,-0.280914,0,1.00764,0.202683,0
-0.0758774,0.0697375,0,-0.928082,-0.27694,0,1.00396,0.207202,0
-0.0664599,0.0612102,0,-0.933713,-0.272915,0,1.00017,0.211704,0
-0.0570651,0.0526533,0,-0.939211,-0.268842,0,0.996276,0.216188,0
-0.0476899,0.0440711,0,-0.944578,-0.264724,0,0.992268,0.220653,0
-0.0383312,0.0354677,0,-0.949816,-0.260564,0,0.988147,0.225096,0
-0.0289858,0.0268474,0,-0.954926,-0.256364,0,0.983912,0.229517,0
-0.0196505,0.0182142,0,-0.95991,-0.252127,0,0.97956,0.233913,0
-0.0103221,0.00957241,0,-0.964769,-0.247855,0,0.975091,0.238283,0
-0.000997287,0.000926033,0,-0.969505,-0.24355,0,0.970502,0.242624,0
0.00832719,-0.00772079,0,-0.974119,-0.239215,0,0.965792,0.246936,0
0.0176546,-0.0163639,0,-0.978614,-0.234851,0,0.960959,0.251215,0
0.0269881,-0.0249993,0,-0.982991,-0.230461,0,0.956003,0.25546,0
0.0363311,-0.0336227,0,-0.987251,-0.226045,0,0.95092,0.259668,0
0.0456867,-0.0422301,0,-0.991396,-0.221606,0,0.945709,0.263837,0
0.0550581,-0.0508172,0,-0.995428,-0.217146,0,0.94037,0.267964,0
0.0644484,-0.0593798,0,-0.999348,-0.212666,0,0.9349,0.272046,0
0.0738608,-0.0679138,0,-1.00316,-0.208168,0,0.929298,0.276082,0
0.0832982,-0.0764149,0,-1.00686,-0.203652,0,0.923562,0.280067,0
0.0927637,-0.0848787,0,-1.01045,-0.199121,0,0.917691,0.284,0
0.10226,-0.0933009,0,-1.01394,-0.194575,0,0.911684,0.287876,0
0.11179,-0.101677,0,-1.01733,-0.190016,0,0.905539,0.291693,0
0.121357,-0.110003,0,-1.02061,-0.185444,0,0.899256,0.295447,0
0.130962,-0.118273,0,-1.02379,-0.180862,0,0.892832,0.299135,0
0.14061,-0.126484,0,-1.02688,-0.176269,0,0.886268,0.302753,0
0.150301,-0.134631,0,-1.02986,-0.171666,0,0.879561,0.306297,0
0.160038,-0.142709,0,-1.03275,-0.167055,0,0.872711,0.309764,0
0.169823,-0.150712,0,-1.03554,-0.162437,0,0.865718,0.313149,0
0.179659,-0.158638,0,-1.03824,-0.157811,0,0.858581,0.316449,0
0.189546,-0.166479,0,-1.04085,-0.153179,0,0.851299,0.319658,0
0.199487,-0.174233,0,-1.04336,-0.148541,0,0.843872,0.322774,0
0.209483,-0.181892,0,-1.04578,-0.143899,0,0.8363,0.325791,0
0.219535,-0.189453,0,-1.04812,-0.139252,0,0.828582,0.328705,0
0.229643,-0.19691,0,-1.05036,-0.1346,0,0.82072,0.331511,0
0.23981,-0.204259,0,-1.05252,-0.129946,0,0.812713,0.334204,0
0.250035,-0.211493,0,-1.0546,-0.125288,0,0.804562,0.33678,0
0.260318,-0.218607,0,-1.05659,-0.120627,0,0.796267,0.339234,0
0.27066,-0.225597,0,-1.05849,-0.115964,0,0.78783,0.341561,0
0.28106,-0.232456,0,-1.06031,-0.111299,0,0.779252,0.343756,0
0.291519,-0.239181,0,-1.06205,-0.106632,0,0.770534,0.345813,0
0.302034,-0.245765,0,-1.06371,-0.101964,0,0.761678,0.347729,0
0.312605,-0.252202,0,-1.06529,-0.097295,0,0.752686,0.349497,0
0.32323,-0.258489,0,-1.06679,-0.0926246,0,0.74356,0.351114,0
0.333908,-0.26462,0,-1.06821,-0.0879534,0,0.734303,0.352573,0
0.344637,-0.270589,0,-1.06955,-0.0832816,0,0.724916,0.353871,0
0.355415,-0.276392,0,-1.07082,-0.0786093,0,0.715404,0.355002,0
0.366239,-0.282025,0,-1.07201,-0.0739366,0,0.70577,0.355961,0
0.377106,-0.287481,0,-1.07312,-0.0692637,0,0.696017,0.356745,0
0.388012,-0.292757,0,-1.07416,-0.0645906,0,0.686148,0.357347,0
0.398955,-0.297848,0,-1.07512,-0.0599175,0,0.676168,0.357766,0
0.409931,-0.30275,0,-1.07601,-0.0552443,0,0.666081,0.357995,0
0.420935,-0.30746,0,-1.07683,-0.0505712,0,0.655893,0.358031,0
0.431963,-0.311973,0,-1.07757,-0.0458982,0,0.645606,0.357871,0
0.44301,-0.316286,0,-1.07824,-0.0412252,0,0.635227,0.357511,0
0.454073,-0.320395,0,-1.07883,-0.0365524,0,0.624761,0.356947,0
0.465145,-0.324298,0,-1.07936,-0.0318797,0,0.614212,0.356178,0
0.476221,-0.327993,0,-1.07981,-0.0272072,0,0.603588,0.3552,0
0.487296,-0.331476,0,-1.08019,-0.0225347,0,0.592892,0.354011,0
0.498364,-0.334747,0,-1.0805,-0.0178624,0,0.582132,0.352609,0
0.50942,-0.337802,0,-1.08073,-0.0131902,0,0.571313,0.350993,0
0.520457,-0.340642,0,-1.0809,-0.00851802,0,0.560442,0.34916,0
0.53147,-0.343266,0,-1.08099,-0.00384591,0,0.549523,0.347112,0
0.542452,-0.345672,0,-1.08102,0.000826178,0,0.538564,0.344846,0
0.553398,-0.347861,0,-1.08097,0.00549827,0,0.52757,0.342362,0
0.564301,-0.349833,0,-1.08085,0.0101704,0,0.516548,0.339662,0
0.575154,-0.351588,0,-1.08066,0.0148426,0,0.505504,0.336746,0
0.585953,-0.353128,0,-1.0804,0.0195148,0,0.494443,0.333614,0
0.596691,-0.354455,0,-1.08006,0.0241872,0,0.483371,0.330268,0
0.607362,-0.355569,0,-1.07966,0.0288597,0,0.472295,0.326709,0
0.61796,-0.356473,0,-1.07918,0.0335323,0,0.46122,0.32294,0
0.62848,-0.357169,0,-1.07863,0.038205,0,0.450151,0.318964,0
0.638916,-0.35766,0,-1.07801,0.0428779,0,0.439093,0.314782,0
0.649263,-0.357949,0,-1.07731,0.0475508,0,0.428052,0.310398,0
0.659515,-0.358039,0,-1.07655,0.0522239,0,0.417032,0.305815,0
0.669669,-0.357933,0,-1.07571,0.0568971,0,0.406037,0.301036,0
0.679718,-0.357637,0,-1.07479,0.0615702,0,0.395073,0.296067,0
0.689659,-0.357153,0,-1.0738,0.0662433,0,0.384143,0.290909,0
0.699487,-0.356485,0,-1.07274,0.0709164,0,0.37325,0.285569,0
0.709199,-0.355639,0,-1.0716,0.0755892,0,0.362398,0.28005,0
0.71879,-0.354618,0,-1.07038,0.0802618,0,0.35159,0.274356,0
0.728258,-0.353428,0,-1.06909,0.0849339,0,0.340829,0.268494,0
0.737599,-0.352072,0,-1.06772,0.0896056,0,0.330118,0.262467,0
0.74681,-0.350557,0,-1.06627,0.0942765,0,0.319458,0.25628,0
0.755889,-0.348886,0,-1.06474,0.0989465,0,0.308852,0.249939,0
0.764833,-0.347064,0,-1.06313,0.103616,0,0.298301,0.243449,0
0.77364,-0.345098,0,-1.06145,0.108283,0,0.287806,0.236815,0
0.782309,-0.342991,0,-1.05968,0.112949,0,0.277368,0.230042,0
0.790837,-0.340749,0,-1.05783,0.117614,0,0.266989,0.223135,0
0.799224,-0.338377,0,-1.05589,0.122276,0,0.256667,0.216101,0
0.807468,-0.335879,0,-1.05387,0.126935,0,0.246405,0.208943,0
0.815568,-0.33326,0,-1.05177,0.131592,0,0.236201,0.201668,0
0.823524,-0.330527,0,-1.04958,0.136246,0,0.226055,0.194281,0
0.831335,-0.327682,0,-1.0473,0.140896,0,0.215966,0.186786,0
0.839001,-0.324731,0,-1.04494,0.145541,0,0.205934,0.17919,0
0.846522,-0.321679,0,-1.04248,0.150182,0,0.195958,0.171496,0
0.853897,-0.318529,0,-1.03993,0.154818,0,0.186037,0.163711,0
0.861128,-0.315287,0,-1.0373,0.159448,0,0.176168,0.155839,0
0.868214,-0.311956,0,-1.03456,0.164071,0,0.16635,0.147885,0
0.875156,-0.308542,0,-1.03174,0.168687,0,0.156582,0.139855,0
0.881955,-0.305047,0,-1.02882,0.173295,0,0.146862,0.131752,0
0.888611,-0.301476,0,-1.0258,0.177894,0,0.137186,0.123582,0
0.895126,-0.297833,0,-1.02268,0.182484,0,0.127554,0.115349,0
0.901499,-0.294121,0,-1.01946,0.187063,0,0.117963,0.107059,0
0.907734,-0.290345,0,-1.01614,0.19163,0,0.10841,0.0987147,0
0.91383,-0.286506,0,-1.01272,0.196184,0,0.0988917,0.0903217,0
0.919788,-0.28261,0,-1.00919,0.200725,0,0.0894066,0.0818843,0
0.925611,-0.278658,0,-1.00556,0.205251,0,0.0799514,0.0734068,0
0.931299,-0.274654,0,-1.00182,0.209761,0,0.0705232,0.0648935,0
0.936854,-0.270602,0,-0.997973,0.214253,0,0.0611191,0.0563488,0
0.942278,-0.266503,0,-0.994014,0.218726,0,0.0517359,0.047777,0
0.947572,-0.262361,0,-0.989942,0.223179,0,0.0423705,0.0391822,0
0.952737,-0.258178,0,-0.985756,0.22761,0,0.0330198,0.0305686,0
0.957775,-0.253957,0,-0.981455,0.232016,0,0.0236806,0.0219405,0
0.962687,-0.2497,0,-0.977037,0.236398,0,0.0143496,0.0133019,0
0.967476,-0.245409,0,-0.9725,0.240752,0,0.00502366,0.00465693,0
0.972143,-0.241086,0,-0.967842,0.245077,0,-0.00430052,-0.00399024,0
0.976689,-0.236735,0,-0.963063,0.24937,0,-0.0136262,-0.0126355,0
0.981117,-0.232355,0,-0.95816,0.25363,0,-0.0229567,-0.0212748,0
0.985427,-0.22795,0,-0.953132,0.257854,0,-0.0322951,-0.0299039,0
0.989622,-0.223521,0,-0.947977,0.26204,0,-0.0416448,-0.0385187,0
0.993702,-0.21907,0,-0.942693,0.266185,0,-0.0510089,-0.0471151,0
0.99767,-0.214599,0,-0.93728,0.270287,0,-0.0603907,-0.0556889,0
1.00153,-0.210108,0,-0.931735,0.274344,0,-0.0697931,-0.0642358,0
1.00528,-0.205599,0,-0.926057,0.278351,0,-0.0792193,-0.0727516,0
1.00892,-0.201075,0,-0.920245,0.282307,0,-0.0886723,-0.0812321,0
1.01245,-0.196535,0,-0.914297,0.286208,0,-0.0981549,-0.0896728,0
1.01588,-0.191981,0,-0.908212,0.290051,0,-0.10767,-0.0980694,0
1.01921,-0.187415,0,-0.901988,0.293832,0,-0.117221,-0.106417,0
1.02243,-0.182837,0,-0.895625,0.297549,0,-0.126809,-0.114712,0
1.02556,-0.178248,0,-0.889122,0.301198,0,-0.136438,-0.12295,0
1.02859,-0.17365,0,-0.882477,0.304774,0,-0.14611,-0.131125,0
1.03152,-0.169042,0,-0.875689,0.308275,0,-0.155827,-0.139233,0
1.03435,-0.164427,0,-0.868758,0.311696,0,-0.165591,-0.147269,0
1.03709,-0.159804,0,-0.861683,0.315033,0,-0.175404,-0.155229,0
1.03973,-0.155175,0,-0.854464,0.318282,0,-0.185269,-0.163107,0
1.04229,-0.15054,0,-0.847099,0.321439,0,-0.195187,-0.170899,0
1.04475,-0.145899,0,-0.83959,0.324499,0,-0.205159,-0.1786,0
1.04712,-0.141254,0,-0.831935,0.327458,0,-0.215186,-0.186204,0
1.04941,-0.136604,0,-0.824135,0.330311,0,-0.22527,-0.193707,0
1.0516,-0.131951,0,-0.816191,0.333054,0,-0.235411,-0.201103,0
1.05371,-0.127294,0,-0.808102,0.335681,0,-0.245611,-0.208387,0
1.05574,-0.122635,0,-0.799869,0.338188,0,-0.255869,-0.215554,0
1.05768,-0.117973,0,-0.791493,0.340571,0,-0.266186,-0.222598,0
1.05954,-0.113309,0,-0.782976,0.342823,0,-0.276561,-0.229514,0
1.06131,-0.108643,0,-0.774318,0.344941,0,-0.286994,-0.236298,0
1.06301,-0.103975,0,-0.765522,0.346918,0,-0.297484,-0.242943,0
1.06462,-0.0993062,0,-0.756588,0.348751,0,-0.308031,-0.249445,0
1.06615,-0.0946362,0,-0.74752,0.350433,0,-0.318633,-0.255797,0
1.06761,-0.0899653,0,-0.738319,0.351961,0,-0.329289,-0.261996,0
1.06898,-0.0852937,0,-0.728988,0.353329,0,-0.339996,-0.268036,0
1.07028,-0.0806216,0,-0.71953,0.354533,0,-0.350753,-0.273911,0
1.07151,-0.075949,0,-0.709948,0.355567,0,-0.361557,-0.279618,0
1.07265,-0.0712762,0,-0.700246,0.356427,0,-0.372406,-0.285151,0
1.07372,-0.0666032,0,-0.690426,0.357108,0,-0.383296,-0.290505,0
1.07472,-0.06193,0,-0.680494,0.357607,0,-0.394223,-0.295677,0
1.07564,-0.0572569,0,-0.670453,0.357918,0,-0.405185,-0.300661,0
1.07649,-0.0525837,0,-0.660308,0.358038,0,-0.416177,-0.305455,0
1.07726,-0.0479106,0,-0.650063,0.357964,0,-0.427195,-0.310053,0
1.07796,-0.0432376,0,-0.639723,0.35769,0,-0.438235,-0.314453,0
1.07859,-0.0385647,0,-0.629294,0.357215,0,-0.449292,-0.31865,0
1.07914,-0.033892,0,-0.618781,0.356535,0,-0.46036,-0.322643,0
1.07962,-0.0292194,0,-0.608188,0.355647,0,-0.471435,-0.326428,0
1.08003,-0.0245469,0,-0.597523,0.35455,0,-0.482511,-0.330003,0
1.08037,-0.0198745,0,-0.58679,0.35324,0,-0.493583,-0.333366,0
1.08064,-0.0152022,0,-0.575996,0.351716,0,-0.504645,-0.336514,0
1.08084,-0.01053,0,-0.565146,0.349978,0,-0.515691,-0.339448,0
1.08096,-0.00585789,0,-0.554247,0.348023,0,-0.526715,-0.342165,0
1.08102,-0.00118579,0,-0.543305,0.345851,0,-0.537711,-0.344665,0
1.081,0.00348631,0,-0.532325,0.343461,0,-0.548673,-0.346948,0
1.08091,0.00815843,0,-0.521315,0.340855,0,-0.559595,-0.349013,0
1.08075,0.0128306,0,-0.510279,0.338032,0,-0.57047,-0.350862,0
1.08052,0.0175028,0,-0.499225,0.334993,0,-0.581294,-0.352495,0
1.08022,0.0221751,0,-0.488157,0.331739,0,-0.592058,-0.353914,0
1.07984,0.0268476,0,-0.477083,0.328272,0,-0.602759,-0.35512,0
1.0794,0.0315201,0,-0.466006,0.324594,0,-0.613389,-0.356114,0
1.07888,0.0361928,0,-0.454934,0.320707,0,-0.623944,-0.3569,0
1.07829,0.0408656,0,-0.443871,0.316613,0,-0.634416,-0.357479,0
1.07762,0.0455385,0,-0.432822,0.312316,0,-0.644802,-0.357855,0
1.07689,0.0502116,0,-0.421792,0.307819,0,-0.655096,-0.35803,0
1.07608,0.0548847,0,-0.410786,0.303125,0,-0.665293,-0.358009,0
1.0752,0.0595579,0,-0.399808,0.298237,0,-0.675388,-0.357795,0
1.07424,0.064231,0,-0.388863,0.29316,0,-0.685376,-0.357391,0
1.07321,0.0689041,0,-0.377953,0.287899,0,-0.695253,-0.356803,0
1.0721,0.073577,0,-0.367083,0.282456,0,-0.705016,-0.356033,0
1.07092,0.0782497,0,-0.356256,0.276838,0,-0.714659,-0.355087,0
1.06966,0.0829221,0,-0.345475,0.271048,0,-0.724181,-0.35397,0
1.06832,0.0875939,0,-0.334742,0.265091,0,-0.733577,-0.352685,0
1.0669,0.0922652,0,-0.324059,0.258973,0,-0.742845,-0.351238,0
1.06541,0.0969356,0,-0.31343,0.252698,0,-0.751981,-0.349634,0
1.06384,0.101605,0,-0.302855,0.246272,0,-0.760983,-0.347877,0
1.06219,0.106273,0,-0.292335,0.239699,0,-0.76985,-0.345972,0
1.06045,0.11094,0,-0.281873,0.232986,0,-0.778579,-0.343926,0
1.05864,0.115605,0,-0.271468,0.226136,0,-0.787168,-0.341742,0
1.05674,0.120268,0,-0.261121,0.219157,0,-0.795616,-0.339425,0
1.05475,0.124929,0,-0.250833,0.212052,0,-0.803921,-0.336981,0
1.05269,0.129587,0,-0.240604,0.204827,0,-0.812084,-0.334414,0
1.05054,0.134242,0,-0.230433,0.197487,0,-0.820102,-0.33173,0
1.0483,0.138894,0,-0.22032,0.190038,0,-0.827976,-0.328932,0
1.04597,0.143541,0,-0.210264,0.182485,0,-0.835705,-0.326027,0
1.04355,0.148184,0,-0.200264,0.174833,0,-0.843288,-0.323018,0
1.04104,0.152822,0,-0.190318,0.167087,0,-0.850726,-0.31991,0
1.03845,0.157455,0,-0.180427,0.159252,0,-0.85802,-0.316707,0
1.03576,0.162081,0,-0.170587,0.151333,0,-0.865168,-0.313414,0
1.03297,0.1667,0,-0.160798,0.143336,0,-0.872172,-0.310036,0
1.03009,0.171312,0,-0.151057,0.135263,0,-0.879033,-0.306575,0
1.02711,0.175915,0,-0.141363,0.127122,0,-0.885751,-0.303037,0
1.02404,0.180509,0,-0.131712,0.118916,0,-0.892326,-0.299425,0
1.02086,0.185092,0,-0.122103,0.11065,0,-0.898761,-0.295742,0
1.01759,0.189665,0,-0.112534,0.102328,0,-0.905055,-0.291993,0
1.01421,0.194225,0,-0.103001,0.093956,0,-0.911211,-0.288181,0
1.01073,0.198772,0,-0.0935021,0.0855373,0,-0.917229,-0.284309,0
1.00714,0.203304,0,-0.0840344,0.0770767,0,-0.92311,-0.280381,0
1.00345,0.207821,0,-0.0745948,0.0685784,0,-0.928856,-0.2764,0
0.999649,0.212321,0,-0.0651806,0.0600469,0,-0.934469,-0.272368,0
0.995738,0.216803,0,-0.0557887,0.0514863,0,-0.939949,-0.268289,0
0.991714,0.221264,0,-0.0464159,0.042901,0,-0.945298,-0.264165,0
0.987578,0.225705,0,-0.0370592,0.0342951,0,-0.950519,-0.26,0
0.983327,0.230122,0,-0.0277154,0.0256728,0,-0.955612,-0.255795,0
0.978959,0.234515,0,-0.0183812,0.0170383,0,-0.960578,-0.251553,0
0.974474,0.238881,0,-0.00905346,0.00839561,0,-0.96542,-0.247276,0
0.969869,0.243218,0,0.000271125,-0.000251031,0,-0.97014,-0.242967,0
0.965142,0.247525,0,0.00959581,-0.00889756,0,-0.974738,-0.238628,0
0.960293,0.2518,0,0.0189239,-0.0175398,0,-0.979217,-0.23426,0
0.955319,0.25604,0,0.0282585,-0.0261738,0,-0.983577,-0.229866,0
0.950219,0.260243,0,0.037603,-0.0347952,0,-0.987822,-0.225447,0
0.944991,0.264406,0,0.0469605,-0.0434,0,-0.991951,-0.221006,0
0.939634,0.268527,0,0.0563343,-0.051984,0,-0.995968,-0.216543,0
0.934146,0.272603,0,0.0657275,-0.060543,0,-0.999873,-0.21206,0
0.928525,0.276632,0,0.0751431,-0.0690728,0,-1.00367,-0.207559,0
0.922771,0.280611,0,0.0845842,-0.077569,0,-1.00736,-0.203042,0
0.916882,0.284536,0,0.0940537,-0.0860273,0,-1.01094,-0.198508,0
0.910857,0.288404,0,0.103555,-0.0944434,0,-1.01441,-0.19396,0
0.904693,0.292212,0,0.113089,-0.102813,0,-1.01778,-0.189399,0
0.89839,0.295958,0,0.122661,-0.111131,0,-1.02105,-0.184826,0
0.891948,0.299636,0,0.132272,-0.119394,0,-1.02422,-0.180242,0
0.885364,0.303244,0,0.141925,-0.127596,0,-1.02729,-0.175648,0
0.878638,0.306778,0,0.151623,-0.135734,0,-1.03026,-0.171044,0
0.871769,0.310234,0,0.161366,-0.143802,0,-1.03314,-0.166432,0
0.864756,0.313608,0,0.171158,-0.151795,0,-1.03591,-0.161813,0
0.857599,0.316896,0,0.181001,-0.15971,0,-1.0386,-0.157186,0
0.850298,0.320093,0,0.190895,-0.167539,0,-1.04119,-0.152553,0
0.842851,0.323195,0,0.200844,-0.17528,0,-1.04369,-0.147915,0
0.835259,0.326198,0,0.210847,-0.182927,0,-1.04611,-0.143272,0
0.827522,0.329098,0,0.220906,-0.190474,0,-1.04843,-0.138624,0
0.81964,0.331889,0,0.231023,-0.197916,0,-1.05066,-0.133972,0
0.811613,0.334566,0,0.241197,-0.205249,0,-1.05281,-0.129317,0
0.803442,0.337126,0,0.25143,-0.212467,0,-1.05487,-0.124659,0
0.795128,0.339563,0,0.261722,-0.219565,0,-1.05685,-0.119998,0
0.786672,0.341872,0,0.272071,-0.226537,0,-1.05874,-0.115335,0
0.778075,0.344048,0,0.28248,-0.233379,0,-1.06055,-0.110669,0
0.769338,0.346087,0,0.292945,-0.240084,0,-1.06228,-0.106002,0
0.760463,0.347983,0,0.303468,-0.246649,0,-1.06393,-0.101334,0
0.751453,0.349731,0,0.314047,-0.253066,0,-1.0655,-0.0966646,0
0.742309,0.351326,0,0.324679,-0.259332,0,-1.06699,-0.0919941,0
0.733034,0.352764,0,0.335365,-0.265441,0,-1.0684,-0.0873228,0
0.72363,0.354039,0,0.346101,-0.271388,0,-1.06973,-0.0826509,0
0.714102,0.355147,0,0.356885,-0.277168,0,-1.07099,-0.0779785,0
0.704451,0.356083,0,0.367714,-0.282777,0,-1.07217,-0.0733058,0
0.694682,0.356842,0,0.378587,-0.288209,0,-1.07327,-0.0686329,0
0.684798,0.35742,0,0.389498,-0.29346,0,-1.0743,-0.0639598,0
0.674803,0.357812,0,0.400446,-0.298526,0,-1.07525,-0.0592866,0
0.664702,0.358016,0,0.411425,-0.303402,0,-1.07613,-0.0546135,0
0.6545,0.358025,0,0.422433,-0.308085,0,-1.07693,-0.0499404,0
0.644201,0.357838,0,0.433464,-0.312571,0,-1.07766,-0.0452673,0
0.633809,0.357451,0,0.444514,-0.316856,0,-1.07832,-0.0405944,0
0.623332,0.356859,0,0.455578,-0.320938,0,-1.07891,-0.0359216,0
0.612773,0.356062,0,0.466651,-0.324813,0,-1.07942,-0.0312489,0
0.602138,0.355055,0,0.477727,-0.328479,0,-1.07987,-0.0265764,0
0.591434,0.353837,0,0.488802,-0.331933,0,-1.08024,-0.021904,0
0.580665,0.352406,0,0.499868,-0.335174,0,-1.08053,-0.0172317,0
0.569839,0.35076,0,0.510922,-0.338201,0,-1.08076,-0.0125594,0
0.55896,0.348899,0,0.521956,-0.341012,0,-1.08092,-0.00788728,0
0.548036,0.346821,0,0.532965,-0.343605,0,-1.081,-0.00321516,0
0.537072,0.344525,0,0.543943,-0.345982,0,-1.08101,0.00145693,0
0.526074,0.342012,0,0.554883,-0.348141,0,-1.08096,0.00612904,0
0.515048,0.339283,0,0.565779,-0.350084,0,-1.08083,0.0108012,0
0.504001,0.336337,0,0.576626,-0.35181,0,-1.08063,0.0154734,0
0.492939,0.333175,0,0.587416,-0.353321,0,-1.08036,0.0201457,0
0.481867,0.3298,0,0.598146,-0.354618,0,-1.08001,0.024818,0
0.47079,0.326213,0,0.608807,-0.355704,0,-1.0796,0.0294905,0
0.459715,0.322416,0,0.619395,-0.356579,0,-1.07911,0.0341632,0
0.448648,0.318411,0,0.629904,-0.357247,0,-1.07855,0.0388359,0
0.437592,0.314202,0,0.640328,-0.357711,0,-1.07792,0.0435088,0
0.426553,0.309791,0,0.650662,-0.357972,0,-1.07722,0.0481818,0
0.415536,0.305181,0,0.660901,-0.358036,0,-1.07644,0.0528549,0
0.404546,0.300376,0,0.671041,-0.357904,0,-1.07559,0.0575281,0
0.393586,0.295381,0,0.681075,-0.357582,0,-1.07466,0.0622012,0
0.38266,0.290198,0,0.691001,-0.357073,0,-1.07366,0.0668743,0
0.371773,0.284833,0,0.700814,-0.356381,0,-1.07259,0.0715474,0
0.360927,0.27929,0,0.710509,-0.355511,0,-1.07144,0.0762202,0
0.350126,0.273574,0,0.720084,-0.354466,0,-1.07021,0.0808927,0
0.339371,0.267688,0,0.729535,-0.353253,0,-1.06891,0.0855648,0
0.328667,0.261639,0,0.738858,-0.351876,0,-1.06753,0.0902364,0
0.318014,0.255431,0,0.748051,-0.350339,0,-1.06607,0.0949072,0
0.307416,0.24907,0,0.757112,-0.348647,0,-1.06453,0.0995771,0
0.296872,0.24256,0,0.766038,-0.346806,0,-1.06291,0.104246,0
0.286385,0.235907,0,0.774826,-0.34482,0,-1.06121,0.108913,0
0.275955,0.229115,0,0.783476,-0.342695,0,-1.05943,0.113579,0
0.265583,0.222191,0,0.791985,-0.340434,0,-1.05757,0.118243,0
0.25527,0.21514,0,0.800352,-0.338045,0,-1.05562,0.122905,0
0.245016,0.207966,0,0.808576,-0.33553,0,-1.05359,0.127565,0
0.234819,0.200675,0,0.816657,-0.332896,0,-1.05148,0.132221,0
0.224681,0.193273,0,0.824593,-0.330147,0,-1.04927,0.136874,0
0.214601,0.185764,0,0.832385,-0.327288,0,-1.04699,0.141523,0
0.204576,0.178154,0,0.840031,-0.324323,0,-1.04461,0.146168,0
0.194608,0.170448,0,0.847532,-0.321257,0,-1.04214,0.150809,0
0.184693,0.162651,0,0.854888,-0.318094,0,-1.03958,0.155444,0
0.174832,0.154767,0,0.862099,-0.31484,0,-1.03693,0.160073,0
0.165021,0.146803,0,0.869165,-0.311498,0,-1.03419,0.164695,0
0.155259,0.138762,0,0.876088,-0.308072,0,-1.03135,0.16931,0
0.145545,0.13065,0,0.882867,-0.304567,0,-1.02841,0.173917,0
0.135876,0.122471,0,0.889504,-0.300986,0,-1.02538,0.178515,0
0.126249,0.114231,0,0.895999,-0.297333,0,-1.02225,0.183103,0
0.116663,0.105932,0,0.902354,-0.293613,0,-1.01902,0.18768,0
0.107115,0.0975815,0,0.90857,-0.289827,0,-1.01568,0.192246,0
0.0976018,0.0891822,0,0.914647,-0.285981,0,-1.01225,0.196799,0
0.088121,0.080739,0,0.920587,-0.282077,0,-1.00871,0.201338,0
0.0786696,0.0722564,0,0.926391,-0.278118,0,-1.00506,0.205862,0
0.0692449,0.0637386,0,0.932061,-0.274108,0,-1.00131,0.210369,0
0.0598438,0.05519,0,0.937598,-0.270049,0,-0.997442,0.214859,0
0.0504631,0.0466148,0,0.943004,-0.265944,0,-0.993467,0.219329,0
0.0410999,0.0380172,0,0.94828,-0.261796,0,-0.98938,0.223779,0
0.031751,0.0294014,0,0.953428,-0.257608,0,-0.985179,0.228206,0
0.0224131,0.0207716,0,0.958449,-0.253382,0,-0.980862,0.23261,0
0.013083,0.0121319,0,0.963345,-0.24912,0,-0.976428,0.236988,0
0.0037575,0.00348637,0,0.968117,-0.244824,0,-0.971874,0.241338,0
-0.0055667,-0.00516078,0,0.972767,-0.240498,0,-0.9672,0.245659,0
-0.0148928,-0.0138055,0,0.977297,-0.236142,0,-0.962404,0.249948,0
-0.0242242,-0.0224436,0,0.981709,-0.231759,0,-0.957484,0.254203,0
-0.033564,-0.031071,0,0.986003,-0.227351,0,-0.952439,0.258422,0
-0.0429155,-0.0396836,0,0.990182,-0.222919,0,-0.947267,0.262603,0
-0.0522818,-0.0482772,0,0.994247,-0.218465,0,-0.941966,0.266742,0
-0.0616662,-0.0568476,0,0.9982,-0.213991,0,-0.936534,0.270838,0
-0.0710716,-0.0653906,0,1.00204,-0.209498,0,-0.930971,0.274888,0
-0.0805013,-0.0739018,0,1.00578,-0.204987,0,-0.925275,0.278889,0
-0.0899581,-0.0823772,0,1.0094,-0.20046,0,-0.919445,0.282837,0
-0.0994451,-0.0908122,0,1.01292,-0.195918,0,-0.913478,0.28673,0
-0.108965,-0.0992024,0,1.01634,-0.191363,0,-0.907374,0.290565,0
-0.11852,-0.107544,0,1.01965,-0.186795,0,-0.901132,0.294338,0
-0.128114,-0.115831,0,1.02286,-0.182215,0,-0.89475,0.298046,0
-0.137749,-0.12406,0,1.02598,-0.177625,0,-0.888227,0.301685,0
-0.147426,-0.132226,0,1.02899,-0.173026,0,-0.881563,0.305252,0
-0.15715,-0.140325,0,1.03191,-0.168417,0,-0.874756,0.308742,0
-0.166921,-0.148351,0,1.03473,-0.163801,0,-0.867805,0.312152,0
-0.176741,-0.1563,0,1.03745,-0.159177,0,-0.860711,0.315477,0
-0.186613,-0.164167,0,1.04008,-0.154547,0,-0.853471,0.318714,0
-0.196538,-0.171947,0,1.04263,-0.149911,0,-0.846087,0.321858,0
-0.206517,-0.179635,0,1.04508,-0.14527,0,-0.838558,0.324905,0
-0.216552,-0.187226,0,1.04744,-0.140624,0,-0.830884,0.32785,0
-0.226644,-0.194714,0,1.04971,-0.135974,0,-0.823064,0.330688,0
-0.236793,-0.202096,0,1.05189,-0.13132,0,-0.8151,0.333415,0
-0.247001,-0.209364,0,1.05399,-0.126663,0,-0.806991,0.336027,0
-0.257267,-0.216514,0,1.05601,-0.122003,0,-0.798739,0.338517,0
-0.267591,-0.223542,0,1.05794,-0.117341,0,-0.790344,0.340882,0
-0.277974,-0.23044,0,1.05978,-0.112676,0,-0.781808,0.343117,0
-0.288415,-0.237205,0,1.06155,-0.10801,0,-0.773131,0.345215,0
-0.298914,-0.243831,0,1.06323,-0.103342,0,-0.764316,0.347174,0
-0.309468,-0.250313,0,1.06483,-0.0986732,0,-0.755364,0.348986,0
-0.320078,-0.256645,0,1.06635,-0.0940031,0,-0.746277,0.350648,0
-0.330741,-0.262823,0,1.0678,-0.0893321,0,-0.737058,0.352155,0
-0.341455,-0.26884,0,1.06916,-0.0846605,0,-0.72771,0.353501,0
-0.352218,-0.274693,0,1.07045,-0.0799883,0,-0.718235,0.354681,0
-0.363029,-0.280376,0,1.07167,-0.0753157,0,-0.708636,0.355692,0
-0.373883,-0.285885,0,1.0728,-0.0706429,0,-0.698918,0.356528,0
-0.384778,-0.291215,0,1.07386,-0.0659698,0,-0.689083,0.357185,0
-0.395711,-0.296362,0,1.07485,-0.0612967,0,-0.679135,0.357658,0
-0.406677,-0.30132,0,1.07576,-0.0566235,0,-0.66908,0.357944,0
-0.417673,-0.306087,0,1.07659,-0.0519504,0,-0.658921,0.358038,0
-0.428694,-0.310659,0,1.07736,-0.0472773,0,-0.648663,0.357936,0
-0.439737,-0.315031,0,1.07805,-0.0426043,0,-0.63831,0.357636,0
-0.450795,-0.319201,0,1.07866,-0.0379315,0,-0.627869,0.357133,0
-0.461865,-0.323166,0,1.07921,-0.0332588,0,-0.617345,0.356425,0
-0.47294,-0.326923,0,1.07968,-0.0285862,0,-0.606742,0.355509,0
-0.484016,-0.330469,0,1.08008,-0.0239137,0,-0.596067,0.354382,0
-0.495087,-0.333802,0,1.08041,-0.0192413,0,-0.585326,0.353044,0
-0.506147,-0.336922,0,1.08067,-0.0145691,0,-0.574523,0.351491,0
-0.517191,-0.339826,0,1.08086,-0.00989691,0,-0.563667,0.349723,0
-0.528211,-0.342514,0,1.08097,-0.00522479,0,-0.552761,0.347738,0
-0.539203,-0.344984,0,1.08102,-0.000552695,0,-0.541813,0.345537,0
-0.55016,-0.347237,0,1.08099,0.0041194,0,-0.530829,0.343118,0
-0.561076,-0.349273,0,1.08089,0.00879151,0,-0.519815,0.340482,0
-0.571945,-0.351093,0,1.08072,0.0134637,0,-0.508776,0.337629,0
-0.582761,-0.352697,0,1.08048,0.0181359,0,-0.49772,0.334561,0
-0.593517,-0.354086,0,1.08017,0.0228082,0,-0.486651,0.331278,0
-0.604209,-0.355263,0,1.07978,0.0274807,0,-0.475576,0.327782,0
-0.614829,-0.356229,0,1.07933,0.0321532,0,-0.464499,0.324076,0
-0.625373,-0.356986,0,1.0788,0.0368259,0,-0.453428,0.32016,0
-0.635834,-0.357538,0,1.0782,0.0414988,0,-0.442366,0.316039,0
-0.646208,-0.357886,0,1.07753,0.0461717,0,-0.43132,0.311714,0
-0.656489,-0.358035,0,1.07678,0.0508447,0,-0.420293,0.30719,0
-0.666672,-0.357987,0,1.07596,0.0555179,0,-0.40929,0.302469,0
-0.676752,-0.357747,0,1.07507,0.060191,0,-0.398316,0.297556,0
-0.686726,-0.357318,0,1.0741,0.0648642,0,-0.387376,0.292454,0
-0.696588,-0.356704,0,1.07306,0.0695372,0,-0.376471,0.287167,0
-0.706335,-0.35591,0,1.07194,0.0742101,0,-0.365607,0.2817,0
-0.715962,-0.354941,0,1.07075,0.0788828,0,-0.354786,0.276058,0
-0.725467,-0.3538,0,1.06948,0.0835551,0,-0.344011,0.270245,0
-0.734845,-0.352493,0,1.06813,0.0882268,0,-0.333285,0.264266,0
-0.744095,-0.351024,0,1.0667,0.092898,0,-0.322609,0.258126,0
-0.753214,-0.349399,0,1.0652,0.0975683,0,-0.311987,0.251831,0
-0.762198,-0.347622,0,1.06362,0.102238,0,-0.301419,0.245384,0
-0.771046,-0.345698,0,1.06195,0.106906,0,-0.290907,0.238792,0
-0.779756,-0.343632,0,1.06021,0.111572,0,-0.280453,0.23206,0
-0.788325,-0.341429,0,1.05838,0.116237,0,-0.270056,0.225192,0
-0.796754,-0.339095,0,1.05647,0.1209,0,-0.259717,0.218195,0
-0.80504,-0.336634,0,1.05448,0.12556,0,-0.249437,0.211073,0
-0.813183,-0.334051,0,1.0524,0.130218,0,-0.239216,0.203833,0
-0.821182,-0.331351,0,1.05023,0.134873,0,-0.229053,0.196478,0
-0.829036,-0.328538,0,1.04798,0.139524,0,-0.218947,0.189015,0
-0.836745,-0.325618,0,1.04564,0.144171,0,-0.208899,0.181448,0
-0.844309,-0.322596,0,1.04321,0.148813,0,-0.198906,0.173783,0
-0.851727,-0.319474,0,1.0407,0.15345,0,-0.188968,0.166024,0
-0.859001,-0.316259,0,1.03808,0.158082,0,-0.179084,0.158177,0
-0.86613,-0.312954,0,1.03538,0.162707,0,-0.169251,0.150247,0
-0.873114,-0.309564,0,1.03258,0.167325,0,-0.159469,0.142239,0
-0.879956,-0.306093,0,1.02969,0.171936,0,-0.149734,0.134157,0
-0.886654,-0.302544,0,1.0267,0.176538,0,-0.140046,0.126007,0
-0.89321,-0.298922,0,1.02361,0.18113,0,-0.130401,0.117792,0
-0.899626,-0.29523,0,1.02042,0.185712,0,-0.120798,0.109518,0
-0.905901,-0.291472,0,1.01713,0.190283,0,-0.111234,0.101189,0
-0.912038,-0.287652,0,1.01374,0.194842,0,-0.101706,0.0928105,0
-0.918037,-0.283772,0,1.01025,0.199387,0,-0.092211,0.0843858,0
-0.9239,-0.279837,0,1.00665,0.203917,0,-0.0827473,0.0759197,0
-0.929628,-0.275848,0,1.00294,0.208432,0,-0.0733114,0.0674166,0
-0.935222,-0.27181,0,0.999122,0.212929,0,-0.0639003,0.0588808,0
-0.940684,-0.267725,0,0.995196,0.217408,0,-0.0545112,0.0503166,0
-0.946016,-0.263595,0,0.991157,0.221867,0,-0.0451408,0.0417282,0
-0.951219,-0.259424,0,0.987005,0.226304,0,-0.035786,0.0331198,0
-0.956295,-0.255214,0,0.982738,0.230718,0,-0.0264437,0.0244956,0
-0.961244,-0.250967,0,0.978355,0.235107,0,-0.0171106,0.0158597,0
-0.96607,-0.246686,0,0.973853,0.23947,0,-0.00778347,0.0072162,0
-0.970773,-0.242373,0,0.969232,0.243803,0,0.00154095,-0.0014307,0
-0.975354,-0.238029,0,0.964488,0.248106,0,0.0108659,-0.0100769,0
-0.979817,-0.233658,0,0.959622,0.252376,0,0.0201946,-0.0187183,0
-0.984162,-0.22926,0,0.954631,0.256611,0,0.0295304,-0.0273509,0
-0.98839,-0.224838,0,0.949514,0.260809,0,0.0388765,-0.0359703,0
-0.992504,-0.220394,0,0.944268,0.264966,0,0.0482361,-0.0445726,0
-0.996506,-0.215928,0,0.938894,0.269081,0,0.0576123,-0.0531534,0
-1.0004,-0.211443,0,0.933388,0.273151,0,0.0670084,-0.0617087,0
-1.00418,-0.206939,0,0.927749,0.277174,0,0.0764273,-0.0702342,0
-1.00785,-0.202419,0,0.921977,0.281145,0,0.0858721,-0.0787255,0
-1.01141,-0.197884,0,0.916069,0.285062,0,0.0953457,-0.0871784,0
-1.01488,-0.193334,0,0.910025,0.288923,0,0.104851,-0.0955884,0
-1.01823,-0.188772,0,0.903842,0.292723,0,0.114391,-0.103951,0
-1.02149,-0.184197,0,0.897521,0.296459,0,0.123968,-0.112262,0
-1.02464,-0.179611,0,0.891059,0.300128,0,0.133584,-0.120517,0
-1.0277,-0.175016,0,0.884456,0.303727,0,0.143243,-0.128711,0
-1.03066,-0.170411,0,0.87771,0.30725,0,0.152947,-0.136839,0
-1.03352,-0.165798,0,0.870822,0.310695,0,0.162697,-0.144897,0
-1.03629,-0.161177,0,0.863789,0.314058,0,0.172496,-0.15288,0
-1.03896,-0.15655,0,0.856613,0.317333,0,0.182345,-0.160783,0
-1.04154,-0.151916,0,0.849291,0.320518,0,0.192247,-0.168602,0
-1.04403,-0.147277,0,0.841825,0.323607,0,0.202203,-0.17633,0
-1.04643,-0.142633,0,0.834213,0.326596,0,0.212214,-0.183963,0
-1.04874,-0.137985,0,0.826456,0.329481,0,0.222281,-0.191496,0
-1.05096,-0.133332,0,0.818554,0.332257,0,0.232405,-0.198924,0
-1.0531,-0.128677,0,0.810508,0.334919,0,0.242588,-0.206242,0
-1.05515,-0.124018,0,0.802318,0.337462,0,0.252828,-0.213444,0
-1.05711,-0.119357,0,0.793984,0.339882,0,0.263128,-0.220525,0
-1.05899,-0.114693,0,0.785509,0.342173,0,0.273485,-0.22748,0
-1.06079,-0.110028,0,0.776892,0.344331,0,0.283901,-0.234303,0
-1.06251,-0.105361,0,0.768137,0.34635,0,0.294375,-0.24099,0
-1.06415,-0.100692,0,0.759244,0.348226,0,0.304906,-0.247534,0
-1.06571,-0.0960226,0,0.750215,0.349954,0,0.315491,-0.253931,0
-1.06718,-0.0913519,0,0.741053,0.351528,0,0.326131,-0.260176,0
-1.06858,-0.0866805,0,0.73176,0.352944,0,0.336824,-0.266263,0
-1.06991,-0.0820086,0,0.722339,0.354197,0,0.347566,-0.272188,0
-1.07115,-0.0773361,0,0.712794,0.355281,0,0.358357,-0.277945,0
-1.07232,-0.0726634,0,0.703127,0.356193,0,0.369193,-0.28353,0
-1.07341,-0.0679904,0,0.693341,0.356928,0,0.38007,-0.288937,0
-1.07443,-0.0633173,0,0.683442,0.357481,0,0.390987,-0.294164,0
-1.07537,-0.0586441,0,0.673433,0.357848,0,0.401939,-0.299204,0
-1.07624,-0.053971,0,0.663318,0.358025,0,0.412923,-0.304054,0
-1.07704,-0.0492978,0,0.653102,0.358008,0,0.423934,-0.30871,0
-1.07776,-0.0446248,0,0.64279,0.357794,0,0.434968,-0.313169,0
-1.07841,-0.0399519,0,0.632387,0.357379,0,0.44602,-0.317427,0
-1.07898,-0.0352791,0,0.621897,0.35676,0,0.457085,-0.32148,0
-1.07949,-0.0306065,0,0.611328,0.355934,0,0.468159,-0.325327,0
-1.07992,-0.0259339,0,0.600683,0.354898,0,0.479236,-0.328964,0
-1.08028,-0.0212615,0,0.58997,0.353651,0,0.490309,-0.33239,0
-1.08057,-0.0165892,0,0.579193,0.352191,0,0.501375,-0.335602,0
-1.08079,-0.011917,0,0.568359,0.350516,0,0.512426,-0.338599,0
-1.08093,-0.00724484,0,0.557474,0.348625,0,0.523457,-0.34138,0
-1.08101,-0.00257273,0,0.546544,0.346517,0,0.534462,-0.343945,0
-1.08101,0.00209937,0,0.535575,0.344192,0,0.545435,-0.346292,0
-1.08094,0.00677148,0,0.524573,0.34165,0,0.556369,-0.348421,0
-1.0808,0.0114436,0,0.513544,0.338891,0,0.567259,-0.350334,0
-1.08059,0.0161158,0,0.502495,0.335915,0,0.578099,-0.352031,0
-1.08031,0.0207881,0,0.49143,0.332725,0,0.588882,-0.353513,0
-1.07996,0.0254605,0,0.480357,0.329321,0,0.599602,-0.354781,0
-1.07953,0.0301331,0,0.469281,0.325705,0,0.610253,-0.355838,0
-1.07904,0.0348057,0,0.458207,0.321879,0,0.620831,-0.356685,0
-1.07847,0.0394785,0,0.44714,0.317847,0,0.631328,-0.357325,0
-1.07783,0.0441514,0,0.436086,0.313609,0,0.641741,-0.357761,0
-1.07711,0.0488244,0,0.42505,0.309171,0,0.652062,-0.357995,0
-1.07633,0.0534975,0,0.414037,0.304534,0,0.662288,-0.358032,0
-1.07546,0.0581707,0,0.40305,0.299704,0,0.672414,-0.357874,0
-1.07453,0.0628438,0,0.392095,0.294682,0,0.682434,-0.357526,0
-1.07352,0.0675169,0,0.381174,0.289475,0,0.692344,-0.356992,0
-1.07243,0.0721899,0,0.370292,0.284085,0,0.702141,-0.356275,0
-1.07127,0.0768627,0,0.359452,0.278518,0,0.711821,-0.355381,0
-1.07004,0.0815352,0,0.348657,0.272779,0,0.721379,-0.354314,0
-1.06872,0.0862072,0,0.33791,0.266871,0,0.730812,-0.353078,0
-1.06733,0.0908787,0,0.327212,0.2608,0,0.740118,-0.351678,0
-1.06586,0.0955494,0,0.316567,0.254571,0,0.749293,-0.35012,0
-1.06431,0.100219,0,0.305975,0.248188,0,0.758336,-0.348408,0
-1.06268,0.104888,0,0.295439,0.241659,0,0.767243,-0.346546,0
-1.06097,0.109555,0,0.28496,0.234986,0,0.776012,-0.344541,0
-1.05918,0.114221,0,0.274538,0.228176,0,0.784643,-0.342397,0
-1.05731,0.118885,0,0.264174,0.221235,0,0.793133,-0.340119,0
-1.05535,0.123546,0,0.253869,0.214166,0,0.801481,-0.337712,0
-1.05331,0.128205,0,0.243622,0.206976,0,0.809686,-0.335181,0
-1.05118,0.132861,0,0.233434,0.19967,0,0.817747,-0.332531,0
-1.04897,0.137514,0,0.223304,0.192253,0,0.825663,-0.329767,0
-1.04667,0.142162,0,0.213231,0.18473,0,0.833435,-0.326892,0
-1.04428,0.146807,0,0.203214,0.177107,0,0.841061,-0.323914,0
-1.0418,0.151446,0,0.193253,0.169388,0,0.848542,-0.320834,0
-1.03922,0.15608,0,0.183346,0.161579,0,0.855878,-0.317659,0
-1.03656,0.160709,0,0.173491,0.153684,0,0.86307,-0.314393,0
-1.0338,0.16533,0,0.163687,0.145709,0,0.870117,-0.311039,0
-1.03095,0.169944,0,0.153932,0.137658,0,0.87702,-0.307602,0
-1.028,0.17455,0,0.144224,0.129537,0,0.88378,-0.304086,0
-1.02496,0.179146,0,0.134561,0.121349,0,0.890397,-0.300495,0
-1.02181,0.183733,0,0.12494,0.1131,0,0.896873,-0.296833,0
-1.01857,0.188309,0,0.115359,0.104795,0,0.903209,-0.293103,0
-1.01522,0.192873,0,0.105816,0.096437,0,0.909405,-0.28931,0
-1.01177,0.197424,0,0.0963073,0.0880315,0,0.915464,-0.285455,0
-1.00822,0.201961,0,0.0868307,0.0795827,0,0.921385,-0.281543,0
-1.00455,0.206482,0,0.0773831,0.071095,0,0.927171,-0.277577,0
-1.00078,0.210987,0,0.0679618,0.0625728,0,0.932823,-0.27356,0
-0.996906,0.215474,0,0.0585636,0.0540204,0,0.938342,-0.269495,0
-0.992916,0.219942,0,0.0491855,0.0454419,0,0.943731,-0.265384,0
-0.988813,0.224389,0,0.0398244,0.0368416,0,0.948989,-0.261231,0
-0.984596,0.228813,0,0.0304771,0.0282237,0,0.954119,-0.257037,0
-0.980263,0.233213,0,0.0211405,0.0195923,0,0.959123,-0.252806,0
-0.975813,0.237588,0,0.0118112,0.0109516,0,0.964002,-0.248539,0
-0.971243,0.241934,0,0.00248603,0.00230563,0,0.968757,-0.24424,0
-0.966553,0.24625,0,-0.00683825,-0.00634141,0,0.973391,-0.239909,0
-0.96174,0.250535,0,-0.0161649,-0.0149854,0,0.977905,-0.235549,0
-0.956803,0.254785,0,-0.0254973,-0.0236223,0,0.9823,-0.231163,0
-0.951741,0.258999,0,-0.0348385,-0.0322479,0,0.986579,-0.226751,0
-0.946551,0.263174,0,-0.0441918,-0.0408581,0,0.990742,-0.222316,0
-0.941232,0.267308,0,-0.0535604,-0.0494488,0,0.994792,-0.217859,0
-0.935783,0.271398,0,-0.0629475,-0.0580156,0,0.99873,-0.213382,0
-0.930202,0.275441,0,-0.0723561,-0.0665545,0,1.00256,-0.208887,0
-0.924488,0.279435,0,-0.0817893,-0.0750611,0,1.00628,-0.204374,0
-0.918638,0.283376,0,-0.0912501,-0.0835312,0,1.00989,-0.199845,0
-0.912653,0.287262,0,-0.100741,-0.0919603,0,1.01339,-0.195301,0
-0.906531,0.291088,0,-0.110266,-0.100344,0,1.0168,-0.190744,0
-0.900269,0.294853,0,-0.119826,-0.108678,0,1.0201,-0.186174,0
-0.893868,0.298551,0,-0.129426,-0.116958,0,1.02329,-0.181593,0
-0.887326,0.302181,0,-0.139066,-0.125179,0,1.02639,-0.177002,0
-0.880642,0.305737,0,-0.14875,-0.133336,0,1.02939,-0.172401,0
-0.873816,0.309216,0,-0.15848,-0.141425,0,1.0323,-0.167791,0
-0.866846,0.312615,0,-0.168257,-0.149441,0,1.0351,-0.163174,0
-0.859731,0.315928,0,-0.178084,-0.157379,0,1.03782,-0.158549,0
-0.852473,0.319153,0,-0.187963,-0.165234,0,1.04044,-0.153918,0
-0.845069,0.322284,0,-0.197896,-0.173002,0,1.04296,-0.149282,0
-0.83752,0.325317,0,-0.207883,-0.180677,0,1.0454,-0.14464,0
-0.829826,0.328247,0,-0.217925,-0.188254,0,1.04775,-0.139993,0
-0.821986,0.331071,0,-0.228025,-0.195728,0,1.05001,-0.135343,0
-0.814002,0.333783,0,-0.238182,-0.203094,0,1.05218,-0.130688,0
-0.805874,0.336378,0,-0.248398,-0.210347,0,1.05427,-0.126031,0
-0.797602,0.338851,0,-0.258672,-0.217481,0,1.05627,-0.121371,0
-0.789188,0.341199,0,-0.269004,-0.224491,0,1.05819,-0.116708,0
-0.780632,0.343415,0,-0.279395,-0.231372,0,1.06003,-0.112043,0
-0.771937,0.345495,0,-0.289844,-0.238118,0,1.06178,-0.107377,0
-0.763103,0.347433,0,-0.30035,-0.244724,0,1.06345,-0.102709,0
-0.754132,0.349226,0,-0.310912,-0.251186,0,1.06504,-0.0980398,0
-0.745028,0.350867,0,-0.321529,-0.257497,0,1.06656,-0.0933696,0
-0.735791,0.352352,0,-0.332199,-0.263653,0,1.06799,-0.0886985,0
-0.726425,0.353676,0,-0.34292,-0.269649,0,1.06935,-0.0840268,0
-0.716933,0.354833,0,-0.35369,-0.275479,0,1.07062,-0.0793545,0
-0.707318,0.35582,0,-0.364506,-0.281139,0,1.07182,-0.0746819,0
-0.697583,0.356632,0,-0.375367,-0.286623,0,1.07295,-0.070009,0
-0.687733,0.357264,0,-0.386267,-0.291928,0,1.074,-0.065336,0
-0.677771,0.357712,0,-0.397204,-0.297049,0,1.07497,-0.0606628,0
-0.667701,0.357972,0,-0.408175,-0.301982,0,1.07588,-0.0559896,0
-0.657528,0.358039,0,-0.419174,-0.306723,0,1.0767,-0.0513165,0
-0.647257,0.357911,0,-0.430199,-0.311267,0,1.07746,-0.0466435,0
-0.636892,0.357583,0,-0.441244,-0.315612,0,1.07814,-0.0419705,0
-0.626439,0.357052,0,-0.452304,-0.319755,0,1.07874,-0.0372977,0
-0.615904,0.356316,0,-0.463375,-0.323691,0,1.07928,-0.0326249,0
-0.605291,0.355371,0,-0.474451,-0.327419,0,1.07974,-0.0279524,0
-0.594607,0.354216,0,-0.485526,-0.330936,0,1.08013,-0.0232799,0
-0.583857,0.352848,0,-0.496596,-0.334241,0,1.08045,-0.0186076,0
-0.573047,0.351266,0,-0.507654,-0.337331,0,1.0807,-0.0139353,0
-0.562183,0.349469,0,-0.518695,-0.340206,0,1.08088,-0.00926313,0
-0.551271,0.347455,0,-0.529712,-0.342864,0,1.08098,-0.004591,0
-0.540318,0.345223,0,-0.540699,-0.345305,0,1.08102,8.10948e-05,0
-0.52933,0.342775,0,-0.551651,-0.347528,0,1.08098,0.00475319,0
-0.518312,0.340109,0,-0.562561,-0.349535,0,1.08087,0.00942532,0
-0.507271,0.337227,0,-0.573423,-0.351325,0,1.08069,0.0140975,0
-0.496212,0.33413,0,-0.584231,-0.352899,0,1.08044,0.0187698,0
-0.485142,0.330818,0,-0.594979,-0.35426,0,1.08012,0.0234421,0
-0.474066,0.327293,0,-0.605661,-0.355408,0,1.07973,0.0281146,0
-0.462991,0.323558,0,-0.616271,-0.356345,0,1.07926,0.0327872,0
-0.45192,0.319614,0,-0.626804,-0.357074,0,1.07872,0.0374599,0
-0.44086,0.315465,0,-0.637253,-0.357598,0,1.07811,0.0421327,0
-0.429816,0.311113,0,-0.647615,-0.357919,0,1.07743,0.0468057,0
-0.418792,0.306562,0,-0.657883,-0.358041,0,1.07667,0.0514787,0
-0.407794,0.301814,0,-0.668052,-0.357966,0,1.07585,0.0561519,0
-0.396824,0.296875,0,-0.678118,-0.3577,0,1.07494,0.060825,0
-0.385888,0.291748,0,-0.688077,-0.357246,0,1.07396,0.0654982,0
-0.374989,0.286436,0,-0.697923,-0.356607,0,1.07291,0.0701712,0
-0.36413,0.280945,0,-0.707654,-0.355789,0,1.07178,0.0748441,0
-0.353315,0.27528,0,-0.717265,-0.354796,0,1.07058,0.0795167,0
-0.342547,0.269444,0,-0.726752,-0.353633,0,1.0693,0.084189,0
-0.331828,0.263443,0,-0.736114,-0.352303,0,1.06794,0.0888607,0
-0.321159,0.257281,0,-0.745346,-0.350813,0,1.06651,0.0935317,0
-0.310544,0.250965,0,-0.754446,-0.349167,0,1.06499,0.098202,0
-0.299984,0.244498,0,-0.763412,-0.347369,0,1.0634,0.102871,0
-0.28948,0.237886,0,-0.772241,-0.345425,0,1.06172,0.107539,0
-0.279033,0.231135,0,-0.780932,-0.343341,0,1.05997,0.112205,0
-0.268645,0.22425,0,-0.789482,-0.34112,0,1.05813,0.11687,0
-0.258314,0.217236,0,-0.797892,-0.338768,0,1.05621,0.121533,0
-0.248042,0.210097,0,-0.806159,-0.33629,0,1.0542,0.126193,0
-0.237829,0.202841,0,-0.814282,-0.333691,0,1.05211,0.13085,0
-0.227673,0.195471,0,-0.822261,-0.330975,0,1.04993,0.135504,0
-0.217576,0.187993,0,-0.830095,-0.328148,0,1.04767,0.140155,0
-0.207535,0.180413,0,-0.837784,-0.325214,0,1.04532,0.144801,0
-0.19755,0.172735,0,-0.845328,-0.322177,0,1.04288,0.149443,0
-0.18762,0.164964,0,-0.852727,-0.319043,0,1.04035,0.154079,0
-0.177742,0.157106,0,-0.859981,-0.315816,0,1.03772,0.15871,0
-0.167917,0.149165,0,-0.86709,-0.312499,0,1.03501,0.163334,0
-0.158141,0.141146,0,-0.874055,-0.309098,0,1.0322,0.167952,0
-0.148413,0.133055,0,-0.880877,-0.305615,0,1.02929,0.172561,0
-0.138731,0.124895,0,-0.887556,-0.302057,0,1.02629,0.177162,0
-0.129092,0.116672,0,-0.894093,-0.298425,0,1.02318,0.181753,0
-0.119494,0.10839,0,-0.900489,-0.294724,0,1.01998,0.186333,0
-0.109935,0.100055,0,-0.906746,-0.290957,0,1.01668,0.190903,0
-0.100411,0.0916693,0,-0.912863,-0.287129,0,1.01327,0.195459,0
-0.0909212,0.0832387,0,-0.918844,-0.283241,0,1.00977,0.200002,0
-0.0814614,0.0747673,0,-0.924688,-0.279298,0,1.00615,0.204531,0
-0.0720291,0.0662595,0,-0.930398,-0.275303,0,1.00243,0.209043,0
-0.0626212,0.0577196,0,-0.935974,-0.271258,0,0.998596,0.213538,0
-0.0532349,0.0491519,0,-0.941419,-0.267166,0,0.994654,0.218014,0
-0.0438668,0.0405605,0,-0.946733,-0.263031,0,0.9906,0.222471,0
-0.0345139,0.0319497,0,-0.951919,-0.258855,0,0.986432,0.226905,0
-0.0251731,0.0233236,0,-0.956977,-0.254639,0,0.98215,0.231316,0
-0.015841,0.0146865,0,-0.961909,-0.250388,0,0.97775,0.235701,0
-0.00651443,0.00604229,0,-0.966718,-0.246102,0,0.973232,0.24006,0
0.00280985,-0.00260476,0,-0.971404,-0.241785,0,0.968594,0.244389,0
0.0121351,-0.0112506,0,-0.97597,-0.237437,0,0.963835,0.248688,0
0.0214646,-0.019891,0,-0.980416,-0.233062,0,0.958951,0.252953,0
0.0308016,-0.028522,0,-0.984745,-0.228661,0,0.953943,0.257183,0
0.0401493,-0.0371394,0,-0.988958,-0.224236,0,0.948809,0.261375,0
0.049511,-0.0457389,0,-0.993057,-0.219789,0,0.943546,0.265528,0
0.0588897,-0.0543166,0,-0.997043,-0.21532,0,0.938153,0.269637,0
0.0682886,-0.0628681,0,-1.00092,-0.210832,0,0.932629,0.2737,0
0.0777109,-0.0713891,0,-1.00468,-0.206327,0,0.926973,0.277716,0
0.0871594,-0.0798755,0,-1.00834,-0.201805,0,0.921182,0.28168,0
0.0966372,-0.0883228,0,-1.01189,-0.197267,0,0.915256,0.28559,0
0.106147,-0.0967267,0,-1.01534,-0.192716,0,0.909193,0.289442,0
0.115692,-0.105083,0,-1.01868,-0.188151,0,0.902991,0.293234,0
0.125274,-0.113386,0,-1.02192,-0.183575,0,0.896651,0.296962,0
0.134896,-0.121633,0,-1.02507,-0.178988,0,0.89017,0.300621,0
0.144561,-0.129819,0,-1.02811,-0.174391,0,0.883547,0.30421,0
0.154271,-0.137938,0,-1.03105,-0.169785,0,0.876782,0.307723,0
0.164027,-0.145986,0,-1.0339,-0.165171,0,0.869874,0.311157,0
0.173833,-0.153958,0,-1.03666,-0.160549,0,0.862823,0.314508,0
0.183689,-0.16185,0,-1.03932,-0.155921,0,0.855626,0.317771,0
0.193598,-0.169656,0,-1.04188,-0.151287,0,0.848285,0.320943,0
0.203562,-0.177372,0,-1.04436,-0.146647,0,0.840799,0.324019,0
0.21358,-0.184992,0,-1.04675,-0.142002,0,0.833167,0.326994,0
0.223655,-0.192511,0,-1.04905,-0.137354,0,0.825391,0.329864,0
0.233787,-0.199924,0,-1.05126,-0.132701,0,0.817469,0.332625,0
0.243978,-0.207226,0,-1.05338,-0.128045,0,0.809403,0.335271,0
0.254226,-0.214412,0,-1.05542,-0.123386,0,0.801193,0.337798,0
0.264534,-0.221476,0,-1.05737,-0.118724,0,0.79284,0.3402,0
0.274899,-0.228414,0,-1.05924,-0.11406,0,0.784346,0.342474,0
0.285323,-0.235219,0,-1.06103,-0.109395,0,0.77571,0.344613,0
0.295805,-0.241886,0,-1.06274,-0.104727,0,0.766936,0.346614,0
0.306343,-0.248411,0,-1.06437,-0.100059,0,0.758024,0.34847,0
0.316936,-0.254788,0,-1.06591,-0.0953889,0,0.748977,0.350177,0
0.327583,-0.261012,0,-1.06738,-0.0907181,0,0.739797,0.35173,0
0.338283,-0.267077,0,-1.06877,-0.0860467,0,0.730487,0.353124,0
0.349032,-0.272979,0,-1.07008,-0.0813746,0,0.721049,0.354354,0
0.359829,-0.278713,0,-1.07132,-0.0767022,0,0.711486,0.355415,0
0.37067,-0.284274,0,-1.07247,-0.0720294,0,0.701803,0.356303,0
0.381554,-0.289657,0,-1.07356,-0.0673564,0,0.692002,0.357014,0
0.392476,-0.294858,0,-1.07456,-0.0626833,0,0.682088,0.357542,0
0.403432,-0.299873,0,-1.0755,-0.0580101,0,0.672064,0.357883,0
0.41442,-0.304697,0,-1.07635,-0.053337,0,0.661935,0.358034,0
0.425434,-0.309327,0,-1.07714,-0.0486639,0,0.651705,0.35799,0
0.436471,-0.313758,0,-1.07785,-0.0439909,0,0.641381,0.357749,0
0.447525,-0.317988,0,-1.07849,-0.039318,0,0.630965,0.357306,0
0.458592,-0.322014,0,-1.07906,-0.0346452,0,0.620465,0.356659,0
0.469666,-0.325832,0,-1.07955,-0.0299726,0,0.609885,0.355805,0
0.480743,-0.329441,0,-1.07997,-0.0253001,0,0.59923,0.354741,0
0.491816,-0.332837,0,-1.08032,-0.0206277,0,0.588508,0.353465,0
0.50288,-0.33602,0,-1.0806,-0.0159555,0,0.577723,0.351976,0
0.513929,-0.338988,0,-1.08081,-0.0112833,0,0.566882,0.350271,0
0.524957,-0.34174,0,-1.08095,-0.00661112,0,0.55599,0.348351,0
0.535958,-0.344275,0,-1.08101,-0.00193902,0,0.545054,0.346214,0
0.546925,-0.346592,0,-1.08101,0.00273307,0,0.53408,0.343859,0
0.557854,-0.348692,0,-1.08093,0.00740517,0,0.523074,0.341287,0
0.568738,-0.350576,0,-1.08078,0.0120773,0,0.512042,0.338499,0
0.57957,-0.352243,0,-1.08056,0.0167495,0,0.500991,0.335494,0
0.590344,-0.353696,0,-1.08027,0.0214218,0,0.489925,0.332274,0
0.601056,-0.354935,0,-1.07991,0.0260942,0,0.478851,0.328841,0
0.611698,-0.355963,0,-1.07947,0.0307668,0,0.467774,0.325197,0
0.622264,-0.356782,0,-1.07897,0.0354394,0,0.456701,0.321343,0
0.632751,-0.357394,0,-1.07839,0.0401122,0,0.445636,0.317282,0
0.643151,-0.357802,0,-1.07774,0.0447851,0,0.434584,0.313017,0
0.65346,-0.35801,0,-1.07701,0.0494581,0,0.423551,0.308551,0
0.663672,-0.35802,0,-1.07621,0.0541312,0,0.412541,0.303888,0
0.673784,-0.357836,0,-1.07534,0.0588044,0,0.401558,0.299031,0
0.683789,-0.357462,0,-1.0744,0.0634775,0,0.390607,0.293985,0
0.693685,-0.356903,0,-1.07338,0.0681506,0,0.379692,0.288752,0
0.703466,-0.356162,0,-1.07228,0.0728236,0,0.368815,0.283338,0
0.713129,-0.355244,0,-1.07111,0.0774963,0,0.357981,0.277747,0
0.72267,-0.354153,0,-1.06986,0.0821687,0,0.347192,0.271984,0
0.732087,-0.352895,0,-1.06854,0.0868407,0,0.336451,0.266054,0
0.741375,-0.351473,0,-1.06714,0.091512,0,0.325761,0.259961,0
0.750532,-0.349893,0,-1.06566,0.0961826,0,0.315123,0.253711,0
0.759556,-0.348161,0,-1.0641,0.100852,0,0.304539,0.247308,0
0.768445,-0.346279,0,-1.06246,0.105521,0,0.29401,0.240759,0
0.777196,-0.344255,0,-1.06073,0.110188,0,0.283539,0.234067,0
0.785807,-0.342092,0,-1.05893,0.114853,0,0.273125,0.227239,0
0.794278,-0.339797,0,-1.05705,0.119517,0,0.262769,0.22028,0
0.802606,-0.337372,0,-1.05508,0.124178,0,0.252472,0.213195,0
0.810792,-0.334825,0,-1.05302,0.128836,0,0.242233,0.205988,0
0.818833,-0.332159,0,-1.05089,0.133492,0,0.232053,0.198667,0
0.82673,-0.329379,0,-1.04866,0.138144,0,0.22193,0.191235,0
0.834482,-0.326491,0,-1.04635,0.142792,0,0.211865,0.183698,0
0.842088,-0.323498,0,-1.04394,0.147436,0,0.201856,0.176062,0
0.84955,-0.320405,0,-1.04145,0.152075,0,0.191902,0.16833,0
0.856866,-0.317217,0,-1.03887,0.156708,0,0.182002,0.160509,0
0.864038,-0.313939,0,-1.03619,0.161335,0,0.172155,0.152603,0
0.871065,-0.310573,0,-1.03342,0.165956,0,0.162358,0.144617,0
0.877949,-0.307125,0,-1.03056,0.170569,0,0.152609,0.136557,0
0.884689,-0.303599,0,-1.0276,0.175173,0,0.142907,0.128426,0
0.891287,-0.299998,0,-1.02454,0.179769,0,0.13325,0.12023,0
0.897744,-0.296327,0,-1.02138,0.184354,0,0.123635,0.111973,0
0.904061,-0.292588,0,-1.01812,0.188928,0,0.114059,0.10366,0
0.910239,-0.288786,0,-1.01476,0.19349,0,0.104521,0.0952954,0
0.916278,-0.284923,0,-1.01129,0.198039,0,0.0950166,0.0868837,0
0.922181,-0.281004,0,-1.00773,0.202574,0,0.0855441,0.0784294,0
0.927949,-0.277031,0,-1.00405,0.207094,0,0.0761003,0.0699368,0
0.933583,-0.273007,0,-1.00026,0.211597,0,0.0666823,0.0614102,0
0.939084,-0.268935,0,-0.996371,0.216081,0,0.0572871,0.0528539,0
0.944454,-0.264818,0,-0.992366,0.220546,0,0.0479115,0.0442722,0
0.949695,-0.260659,0,-0.988248,0.22499,0,0.0385525,0.0356692,0
0.954808,-0.25646,0,-0.984015,0.229411,0,0.0292069,0.0270492,0
0.959795,-0.252224,0,-0.979666,0.233808,0,0.0198714,0.0184163,0
0.964657,-0.247953,0,-0.9752,0.238178,0,0.0105429,0.00977459,0
0.969396,-0.243649,0,-0.970614,0.242521,0,0.00121809,0.00112824,0
0.974013,-0.239314,0,-0.965907,0.246833,0,-0.00810631,-0.00751864,0
0.978511,-0.234951,0,-0.961077,0.251113,0,-0.0174335,-0.0161619,0
0.98289,-0.230561,0,-0.956123,0.255358,0,-0.0267669,-0.0247976,0
0.987153,-0.226146,0,-0.951043,0.259567,0,-0.0361095,-0.0334213,0
0.991301,-0.221708,0,-0.945836,0.263737,0,-0.0454647,-0.0420292,0
0.995335,-0.217248,0,-0.9405,0.267865,0,-0.0548357,-0.0506168,0
0.999258,-0.212768,0,-0.935033,0.271949,0,-0.0642255,-0.0591801,0
1.00307,-0.20827,0,-0.929434,0.275985,0,-0.0736372,-0.0677149,0
1.00678,-0.203755,0,-0.923701,0.279972,0,-0.083074,-0.0762168,0
1.01037,-0.199224,0,-0.917834,0.283906,0,-0.0925387,-0.0846816,0
1.01386,-0.194679,0,-0.91183,0.287783,0,-0.102034,-0.0931048,0
1.01725,-0.19012,0,-0.905688,0.291602,0,-0.111564,-0.101482,0
1.02054,-0.185548,0,-0.899408,0.295357,0,-0.121129,-0.109809,0
1.02372,-0.180966,0,-0.892988,0.299047,0,-0.130734,-0.118081,0
1.02681,-0.176373,0,-0.886427,0.302666,0,-0.14038,-0.126293,0
1.02979,-0.171771,0,-0.879723,0.306213,0,-0.15007,-0.134442,0
1.03268,-0.16716,0,-0.872877,0.309681,0,-0.159806,-0.142521,0
1.03548,-0.162542,0,-0.865888,0.313068,0,-0.16959,-0.150527,0
1.03818,-0.157916,0,-0.858754,0.31637,0,-0.179424,-0.158454,0
1.04079,-0.153284,0,-0.851475,0.319582,0,-0.18931,-0.166298,0
1.0433,-0.148647,0,-0.844052,0.3227,0,-0.19925,-0.174053,0
1.04573,-0.144004,0,-0.836483,0.325719,0,-0.209244,-0.181715,0
1.04806,-0.139357,0,-0.828769,0.328636,0,-0.219295,-0.189279,0
1.05031,-0.134706,0,-0.82091,0.331444,0,-0.229402,-0.196738,0
1.05247,-0.130051,0,-0.812907,0.33414,0,-0.239567,-0.204089,0
1.05455,-0.125393,0,-0.804759,0.336719,0,-0.249791,-0.211326,0
1.05654,-0.120733,0,-0.796468,0.339176,0,-0.260073,-0.218443,0
1.05845,-0.11607,0,-0.788034,0.341506,0,-0.270413,-0.225436,0
1.06027,-0.111405,0,-0.779459,0.343704,0,-0.280812,-0.232299,0
1.06201,-0.106738,0,-0.770745,0.345765,0,-0.291269,-0.239027,0
1.06367,-0.10207,0,-0.761892,0.347684,0,-0.301782,-0.245614,0
1.06525,-0.0974008,0,-0.752903,0.349456,0,-0.312352,-0.252055,0
1.06676,-0.0927304,0,-0.74378,0.351076,0,-0.322976,-0.258346,0
1.06818,-0.0880592,0,-0.734526,0.352539,0,-0.333653,-0.26448,0
1.06952,-0.0833874,0,-0.725143,0.353841,0,-0.344381,-0.270453,0
1.07079,-0.0787151,0,-0.715634,0.354976,0,-0.355157,-0.276261,0
1.07198,-0.0740424,0,-0.706002,0.355939,0,-0.36598,-0.281897,0
1.0731,-0.0693695,0,-0.696252,0.356727,0,-0.376846,-0.287357,0
1.07414,-0.0646964,0,-0.686386,0.357334,0,-0.387751,-0.292638,0
1.0751,-0.0600233,0,-0.676409,0.357757,0,-0.398693,-0.297734,0
1.07599,-0.0553501,0,-0.666325,0.357991,0,-0.409668,-0.30264,0
1.07681,-0.050677,0,-0.656138,0.358032,0,-0.420671,-0.307355,0
1.07755,-0.0460039,0,-0.645854,0.357876,0,-0.431699,-0.311872,0
1.07822,-0.041331,0,-0.635477,0.357521,0,-0.442746,-0.31619,0
1.07882,-0.0366581,0,-0.625013,0.356962,0,-0.453808,-0.320304,0
1.07935,-0.0319854,0,-0.614466,0.356198,0,-0.46488,-0.324212,0
1.0798,-0.0273129,0,-0.603843,0.355225,0,-0.475956,-0.327912,0
1.08018,-0.0226404,0,-0.59315,0.354041,0,-0.487031,-0.3314,0
1.08049,-0.0179681,0,-0.582391,0.352644,0,-0.498099,-0.334676,0
1.08073,-0.0132958,0,-0.571574,0.351033,0,-0.509155,-0.337737,0
1.0809,-0.00862367,0,-0.560703,0.349206,0,-0.520193,-0.340582,0
1.08099,-0.00395154,0,-0.549786,0.347162,0,-0.531206,-0.343211,0
1.08102,0.000720556,0,-0.538827,0.344902,0,-0.542189,-0.345622,0
1.08097,0.00539266,0,-0.527834,0.342424,0,-0.553136,-0.347816,0
1.08085,0.0100648,0,-0.516813,0.339729,0,-0.56404,-0.349793,0
1.08066,0.014737,0,-0.505769,0.336817,0,-0.574894,-0.351554,0
1.0804,0.0194092,0,-0.494708,0.33369,0,-0.585695,-0.3531,0
1.08007,0.0240816,0,-0.483637,0.330349,0,-0.596434,-0.354431,0
1.07967,0.0287541,0,-0.472561,0.326796,0,-0.607107,-0.35555,0
1.07919,0.0334267,0,-0.461486,0.323032,0,-0.617706,-0.356459,0
1.07864,0.0380994,0,-0.450416,0.319061,0,-0.628228,-0.35716,0
1.07802,0.0427723,0,-0.439358,0.314884,0,-0.638666,-0.357656,0
1.07733,0.0474453,0,-0.428317,0.310504,0,-0.649015,-0.35795,0
1.07657,0.0521183,0,-0.417296,0.305926,0,-0.65927,-0.358045,0
1.07573,0.0567915,0,-0.406301,0.301153,0,-0.669426,-0.357944,0
1.07481,0.0614647,0,-0.395336,0.296187,0,-0.679477,-0.357652,0
1.07383,0.0661378,0,-0.384405,0.291035,0,-0.689421,-0.357172,0
1.07276,0.0708108,0,-0.373511,0.285699,0,-0.699252,-0.356509,0
1.07162,0.0754837,0,-0.362658,0.280184,0,-0.708966,-0.355667,0
1.07041,0.0801562,0,-0.351849,0.274495,0,-0.718561,-0.354651,0
1.06912,0.0848284,0,-0.341087,0.268636,0,-0.728031,-0.353464,0
1.06775,0.0895001,0,-0.330375,0.262613,0,-0.737375,-0.352113,0
1.0663,0.094171,0,-0.319714,0.25643,0,-0.74659,-0.350601,0
1.06478,0.0988411,0,-0.309106,0.250093,0,-0.755672,-0.348934,0
1.06317,0.10351,0,-0.298554,0.243606,0,-0.764619,-0.347116,0
1.06149,0.108178,0,-0.288057,0.236975,0,-0.773429,-0.345153,0
1.05972,0.112844,0,-0.277618,0.230206,0,-0.782101,-0.34305,0
1.05787,0.117508,0,-0.267237,0.223303,0,-0.790633,-0.340811,0
1.05594,0.12217,0,-0.256915,0.216271,0,-0.799023,-0.338442,0
1.05392,0.12683,0,-0.246651,0.209117,0,-0.80727,-0.335947,0
1.05182,0.131487,0,-0.236445,0.201844,0,-0.815374,-0.333331,0
1.04963,0.136141,0,-0.226298,0.19446,0,-0.823333,-0.3306,0
1.04736,0.140791,0,-0.216208,0.186968,0,-0.831148,-0.327758,0
1.04499,0.145436,0,-0.206175,0.179374,0,-0.838817,-0.32481,0
1.04254,0.150078,0,-0.196197,0.171682,0,-0.846341,-0.32176,0
1.03999,0.154713,0,-0.186274,0.1639,0,-0.85372,-0.318613,0
1.03736,0.159343,0,-0.176404,0.15603,0,-0.860955,-0.315373,0
1.03463,0.163967,0,-0.166585,0.148078,0,-0.868044,-0.312045,0
1.03181,0.168583,0,-0.156816,0.140049,0,-0.87499,-0.308632,0
1.02889,0.173191,0,-0.147094,0.131948,0,-0.881792,-0.305139,0
1.02587,0.17779,0,-0.137418,0.12378,0,-0.888452,-0.30157,0
1.02275,0.18238,0,-0.127785,0.115549,0,-0.894969,-0.297929,0
1.01954,0.186959,0,-0.118192,0.107259,0,-0.901347,-0.294219,0
1.01622,0.191527,0,-0.108638,0.0989166,0,-0.907584,-0.290443,0
1.0128,0.196082,0,-0.0991193,0.0905248,0,-0.913683,-0.286607,0
1.00928,0.200623,0,-0.0896334,0.0820884,0,-0.919645,-0.282711,0
1.00565,0.205149,0,-0.0801775,0.0736119,0,-0.925471,-0.278761,0
1.00191,0.209659,0,-0.0707487,0.0650995,0,-0.931163,-0.274759,0
0.998065,0.214152,0,-0.0613439,0.0565556,0,-0.936721,-0.270708,0
0.994108,0.218626,0,-0.0519602,0.0479844,0,-0.942148,-0.26661,0
0.990039,0.223079,0,-0.0425943,0.0393902,0,-0.947444,-0.262469,0
0.985856,0.22751,0,-0.0332433,0.0307771,0,-0.952612,-0.258287,0
0.981557,0.231917,0,-0.0239038,0.0221493,0,-0.957654,-0.254067,0
0.977142,0.236299,0,-0.0145726,0.0135109,0,-0.962569,-0.24981,0
0.972608,0.240654,0,-0.0052465,0.00486615,0,-0.967361,-0.24552,0
0.967953,0.24498,0,0.00407775,-0.00378095,0,-0.972031,-0.241199,0
0.963177,0.249274,0,0.0134034,-0.0124263,0,-0.97658,-0.236847,0
0.958276,0.253534,0,0.0227338,-0.0210656,0,-0.98101,-0.232469,0
0.953251,0.257759,0,0.0320721,-0.029695,0,-0.985323,-0.228064,0
0.948099,0.261946,0,0.0414215,-0.0383101,0,-0.989521,-0.223636,0
0.942819,0.266093,0,0.0507853,-0.046907,0,-0.993604,-0.219186,0
0.937408,0.270196,0,0.0601667,-0.0554813,0,-0.997575,-0.214715,0
0.931866,0.274253,0,0.0695686,-0.0640288,0,-1.00144,-0.210224,0
0.926192,0.278262,0,0.0789943,-0.0725454,0,-1.00519,-0.205716,0
0.920383,0.282219,0,0.0884466,-0.0810267,0,-1.00883,-0.201192,0
0.914438,0.286121,0,0.0979286,-0.0894683,0,-1.01237,-0.196653,0
0.908356,0.289965,0,0.107443,-0.097866,0,-1.0158,-0.192099,0
0.902136,0.293748,0,0.116993,-0.106215,0,-1.01913,-0.187533,0
0.895776,0.297467,0,0.12658,-0.114511,0,-1.02236,-0.182956,0
0.889276,0.301117,0,0.136208,-0.12275,0,-1.02548,-0.178367,0
0.882634,0.304695,0,0.145879,-0.130927,0,-1.02851,-0.173769,0
0.87585,0.308198,0,0.155595,-0.139036,0,-1.03144,-0.169162,0
0.868922,0.311621,0,0.165358,-0.147074,0,-1.03428,-0.164546,0
0.861851,0.31496,0,0.175171,-0.155036,0,-1.03702,-0.159924,0
0.854635,0.318211,0,0.185034,-0.162916,0,-1.03967,-0.155295,0
0.847274,0.32137,0,0.19495,-0.170711,0,-1.04222,-0.15066,0
0.839768,0.324433,0,0.204921,-0.178413,0,-1.04469,-0.146019,0
0.832117,0.327394,0,0.214947,-0.18602,0,-1.04706,-0.141374,0
0.82432,0.33025,0,0.22503,-0.193525,0,-1.04935,-0.136725,0
0.816379,0.332995,0,0.23517,-0.200923,0,-1.05155,-0.132071,0
0.808293,0.335625,0,0.245368,-0.20821,0,-1.05366,-0.127415,0
0.800064,0.338135,0,0.255625,-0.21538,0,-1.05569,-0.122756,0
0.791692,0.340521,0,0.26594,-0.222427,0,-1.05763,-0.118094,0
0.783178,0.342776,0,0.276314,-0.229346,0,-1.05949,-0.11343,0
0.774523,0.344897,0,0.286746,-0.236133,0,-1.06127,-0.108764,0
0.76573,0.346878,0,0.297235,-0.242782,0,-1.06297,-0.104096,0
0.7568,0.348714,0,0.307781,-0.249287,0,-1.06458,-0.0994272,0
0.747735,0.3504,0,0.318381,-0.255643,0,-1.06612,-0.0947573,0
0.738537,0.351932,0,0.329036,-0.261845,0,-1.06757,-0.0900864,0
0.729209,0.353304,0,0.339742,-0.267889,0,-1.06895,-0.0854149,0
0.719754,0.354511,0,0.350498,-0.273768,0,-1.07025,-0.0807427,0
0.710175,0.355549,0,0.361301,-0.279479,0,-1.07148,-0.0760702,0
0.700475,0.356413,0,0.372149,-0.285016,0,-1.07262,-0.0713974,0
0.690659,0.357099,0,0.383037,-0.290375,0,-1.0737,-0.0667244,0
0.680729,0.357602,0,0.393964,-0.29555,0,-1.07469,-0.0620513,0
0.67069,0.357918,0,0.404925,-0.300539,0,-1.07562,-0.0573781,0
0.660548,0.358042,0,0.415917,-0.305337,0,-1.07646,-0.052705,0
0.650305,0.357972,0,0.426935,-0.30994,0,-1.07724,-0.0480319,0
0.639968,0.357703,0,0.437974,-0.314344,0,-1.07794,-0.0433589,0
0.62954,0.357233,0,0.44903,-0.318547,0,-1.07857,-0.038686,0
0.619029,0.356558,0,0.460098,-0.322544,0,-1.07913,-0.0340133,0
0.608438,0.355675,0,0.471173,-0.326334,0,-1.07961,-0.0293406,0
0.597774,0.354582,0,0.48225,-0.329914,0,-1.08002,-0.0246681,0
0.587043,0.353278,0,0.493322,-0.333282,0,-1.08036,-0.0199958,0
0.57625,0.351759,0,0.504384,-0.336436,0,-1.08063,-0.0153235,0
0.565402,0.350025,0,0.51543,-0.339374,0,-1.08083,-0.0106513,0
0.554504,0.348075,0,0.526455,-0.342096,0,-1.08096,-0.00597916,0
0.543562,0.345908,0,0.537452,-0.344601,0,-1.08101,-0.00130705,0
0.532584,0.343524,0,0.548415,-0.346889,0,-1.081,0.00336505,0
0.521574,0.340923,0,0.559338,-0.34896,0,-1.08091,0.00803716,0
0.510539,0.338105,0,0.570214,-0.350814,0,-1.08075,0.0127093,0
0.499485,0.335071,0,0.581039,-0.352452,0,-1.08052,0.0173816,0
0.488417,0.331822,0,0.591805,-0.353876,0,-1.08022,0.0220539,0
0.477343,0.32836,0,0.602508,-0.355086,0,-1.07985,0.0267263,0
0.466266,0.324687,0,0.61314,-0.356086,0,-1.07941,0.0313989,0
0.455194,0.320805,0,0.623696,-0.356876,0,-1.07889,0.0360715,0
0.44413,0.316716,0,0.634171,-0.35746,0,-1.0783,0.0407444,0
0.433081,0.312424,0,0.644559,-0.357841,0,-1.07764,0.0454173,0
0.422051,0.307931,0,0.654855,-0.358021,0,-1.07691,0.0500903,0
0.411044,0.303241,0,0.665054,-0.358005,0,-1.0761,0.0547635,0
0.400066,0.298358,0,0.675151,-0.357795,0,-1.07522,0.0594366,0
0.389119,0.293286,0,0.685142,-0.357396,0,-1.07426,0.0641098,0
0.378209,0.288028,0,0.695022,-0.356811,0,-1.07323,0.0687829,0
0.367338,0.28259,0,0.704787,-0.356046,0,-1.07213,0.0734558,0
0.35651,0.276975,0,0.714434,-0.355104,0,-1.07094,0.0781285,0
0.345727,0.271189,0,0.723959,-0.35399,0,-1.06969,0.0828009,0
0.334993,0.265237,0,0.733358,-0.352709,0,-1.06835,0.0874728,0
0.32431,0.259122,0,0.742628,-0.351266,0,-1.06694,0.0921441,0
0.313679,0.252851,0,0.751768,-0.349665,0,-1.06545,0.0968146,0
0.303102,0.246428,0,0.760773,-0.347912,0,-1.06388,0.101484,0
0.292582,0.239859,0,0.769643,-0.346011,0,-1.06222,0.106152,0
0.282118,0.233148,0,0.778375,-0.343968,0,-1.06049,0.110819,0
0.271712,0.226302,0,0.786968,-0.341787,0,-1.05868,0.115484,0
0.261364,0.219325,0,0.795419,-0.339473,0,-1.05678,0.120148,0
0.251074,0.212223,0,0.803728,-0.337032,0,-1.0548,0.124808,0
0.240844,0.205001,0,0.811894,-0.334468,0,-1.05274,0.129467,0
0.230671,0.197664,0,0.819916,-0.331786,0,-1.05059,0.134122,0
0.220557,0.190218,0,0.827793,-0.328991,0,-1.04835,0.138773,0
0.210499,0.182667,0,0.835525,-0.326088,0,-1.04602,0.143421,0
0.200498,0.175017,0,0.843112,-0.323081,0,-1.04361,0.148064,0
0.190552,0.167273,0,0.850553,-0.319976,0,-1.04111,0.152702,0
0.180659,0.15944,0,0.85785,-0.316775,0,-1.03851,0.157335,0
0.170818,0.151523,0,0.865002,-0.313485,0,-1.03582,0.161961,0
0.161028,0.143527,0,0.87201,-0.310108,0,-1.03304,0.166581,0
0.151286,0.135457,0,0.878874,-0.306649,0,-1.03016,0.171192,0
0.14159,0.127317,0,0.885595,-0.303112,0,-1.02719,0.175796,0
0.131939,0.119112,0,0.892174,-0.299502,0,-1.02411,0.18039,0
0.122329,0.110847,0,0.898612,-0.295821,0,-1.02094,0.184974,0
0.112759,0.102527,0,0.904909,-0.292073,0,-1.01767,0.189546,0
0.103225,0.0941556,0,0.911068,-0.288263,0,-1.01429,0.194107,0
0.0937254,0.0857379,0,0.917089,-0.284392,0,-1.01081,0.198654,0
0.084257,0.0772781,0,0.922973,-0.280465,0,-1.00723,0.203187,0
0.0748168,0.0687806,0,0.928723,-0.276485,0,-1.00354,0.207704,0
0.0654021,0.0602497,0,0.934339,-0.272454,0,-0.999741,0.212205,0
0.0560097,0.0516897,0,0.939822,-0.268376,0,-0.995832,0.216687,0
0.0466366,0.0431048,0,0.945175,-0.264254,0,-0.991811,0.221149,0
0.0372796,0.0344993,0,0.950398,-0.260089,0,-0.987677,0.22559,0
0.0279355,0.0258773,0,0.955494,-0.255885,0,-0.983429,0.230008,0
0.0186012,0.0172429,0,0.960463,-0.251644,0,-0.979064,0.234401,0
0.00927338,0.00860032,0,0.965308,-0.247368,0,-0.974582,0.238768,0
-5.12075e-05,-4.6353e-05,0,0.970031,-0.24306,0,-0.969979,0.243106,0
-0.00937581,-0.00869301,0,0.974632,-0.238721,0,-0.965256,0.247414,0
-0.0187037,-0.0173355,0,0.979113,-0.234354,0,-0.960409,0.25169,0
-0.0280381,-0.0259698,0,0.983476,-0.229961,0,-0.955438,0.25593,0
-0.0373823,-0.0345917,0,0.987724,-0.225542,0,-0.950341,0.260134,0
-0.0467395,-0.043197,0,0.991856,-0.221101,0,-0.945116,0.264298,0
-0.0561128,-0.0517816,0,0.995875,-0.216639,0,-0.939762,0.268421,0
-0.0655054,-0.0603413,0,0.999783,-0.212157,0,-0.934278,0.272498,0
-0.0749204,-0.0688719,0,1.00358,-0.207656,0,-0.92866,0.276528,0
-0.0843608,-0.077369,0,1.00727,-0.203139,0,-0.92291,0.280508,0
-0.0938296,-0.0858284,0,1.01085,-0.198606,0,-0.917024,0.284434,0
-0.10333,-0.0942456,0,1.01433,-0.194058,0,-0.911001,0.288304,0
-0.112864,-0.102616,0,1.0177,-0.189498,0,-0.904841,0.292114,0
-0.122435,-0.110936,0,1.02098,-0.184925,0,-0.898542,0.295861,0
-0.132045,-0.1192,0,1.02415,-0.180341,0,-0.892102,0.299541,0
-0.141697,-0.127404,0,1.02722,-0.175747,0,-0.885522,0.303151,0
-0.151393,-0.135543,0,1.03019,-0.171143,0,-0.878799,0.306687,0
-0.161135,-0.143613,0,1.03307,-0.166531,0,-0.871934,0.310144,0
-0.170926,-0.151608,0,1.03585,-0.161912,0,-0.864924,0.31352,0
-0.180767,-0.159525,0,1.03854,-0.157286,0,-0.857771,0.31681,0
-0.190661,-0.167357,0,1.04113,-0.152653,0,-0.850472,0.32001,0
-0.200608,-0.1751,0,1.04364,-0.148015,0,-0.843029,0.323114,0
-0.21061,-0.182748,0,1.04605,-0.143371,0,-0.835441,0.32612,0
-0.220668,-0.190298,0,1.04837,-0.138724,0,-0.827707,0.329022,0
-0.230783,-0.197743,0,1.05061,-0.134072,0,-0.819828,0.331815,0
-0.240956,-0.205079,0,1.05276,-0.129417,0,-0.811805,0.334496,0
-0.251187,-0.2123,0,1.05482,-0.124759,0,-0.803637,0.337059,0
-0.261477,-0.219401,0,1.0568,-0.120098,0,-0.795327,0.339498,0
-0.271826,-0.226376,0,1.0587,-0.115435,0,-0.786874,0.341811,0
-0.282233,-0.233221,0,1.06051,-0.11077,0,-0.77828,0.34399,0
-0.292697,-0.23993,0,1.06224,-0.106103,0,-0.769546,0.346032,0
-0.303218,-0.246497,0,1.06389,-0.101434,0,-0.760675,0.347932,0
-0.313796,-0.252918,0,1.06546,-0.0967648,0,-0.751668,0.349683,0
-0.324427,-0.259188,0,1.06695,-0.0920943,0,-0.742527,0.351282,0
-0.335111,-0.265301,0,1.06837,-0.0874231,0,-0.733255,0.352724,0
-0.345846,-0.271252,0,1.0697,-0.0827512,0,-0.723854,0.354003,0
-0.356629,-0.277036,0,1.07096,-0.0780788,0,-0.714328,0.355115,0
-0.367458,-0.282649,0,1.07214,-0.0734061,0,-0.70468,0.356055,0
-0.378329,-0.288085,0,1.07324,-0.0687332,0,-0.694914,0.356818,0
-0.38924,-0.29334,0,1.07427,-0.0640601,0,-0.685033,0.357401,0
-0.400187,-0.298411,0,1.07523,-0.0593869,0,-0.675041,0.357798,0
-0.411165,-0.303292,0,1.07611,-0.0547138,0,-0.664942,0.358005,0
-0.422172,-0.307979,0,1.07691,-0.0500407,0,-0.654742,0.35802,0
-0.433203,-0.31247,0,1.07765,-0.0453676,0,-0.644445,0.357837,0
-0.444252,-0.31676,0,1.07831,-0.0406947,0,-0.634056,0.357455,0
-0.455316,-0.320846,0,1.0789,-0.0360219,0,-0.62358,0.356868,0
-0.466389,-0.324726,0,1.07941,-0.0313492,0,-0.613023,0.356076,0
-0.477465,-0.328397,0,1.07986,-0.0266767,0,-0.60239,0.355074,0
-0.48854,-0.331857,0,1.08023,-0.0220043,0,-0.591687,0.353861,0
-0.499607,-0.335103,0,1.08053,-0.017332,0,-0.58092,0.352435,0
-0.510661,-0.338135,0,1.08076,-0.0126597,0,-0.570095,0.350795,0
-0.521696,-0.34095,0,1.08091,-0.00798758,0,-0.559217,0.348938,0
-0.532705,-0.343549,0,1.081,-0.00331547,0,-0.548294,0.346865,0
-0.543684,-0.345931,0,1.08101,0.00135662,0,-0.53733,0.344575,0
-0.554625,-0.348096,0,1.08096,0.00602872,0,-0.526333,0.342067,0
-0.565522,-0.350043,0,1.08083,0.0107009,0,-0.515308,0.339343,0
-0.57637,-0.351775,0,1.08063,0.015373,0,-0.504262,0.336402,0
-0.587162,-0.353291,0,1.08036,0.0200453,0,-0.493199,0.333246,0
-0.597893,-0.354593,0,1.08002,0.0247177,0,-0.482127,0.329876,0
-0.608556,-0.355684,0,1.07961,0.0293902,0,-0.471051,0.326293,0
-0.619146,-0.356564,0,1.07912,0.0340628,0,-0.459976,0.322501,0
-0.629656,-0.357237,0,1.07856,0.0387355,0,-0.448908,0.318501,0
-0.640083,-0.357705,0,1.07793,0.0434084,0,-0.437852,0.314297,0
-0.650419,-0.357971,0,1.07723,0.0480814,0,-0.426813,0.30989,0
-0.660661,-0.358039,0,1.07646,0.0527545,0,-0.415795,0.305285,0
-0.670803,-0.357913,0,1.07561,0.0574276,0,-0.404804,0.300485,0
-0.68084,-0.357595,0,1.07468,0.0621008,0,-0.393843,0.295494,0
-0.690768,-0.35709,0,1.07368,0.0667739,0,-0.382917,0.290316,0
-0.700584,-0.356402,0,1.07261,0.0714469,0,-0.372028,0.284955,0
-0.710282,-0.355536,0,1.07146,0.0761197,0,-0.361181,0.279416,0
-0.71986,-0.354496,0,1.07024,0.0807922,0,-0.350379,0.273704,0
-0.729313,-0.353287,0,1.06894,0.0854643,0,-0.339623,0.267822,0
-0.73864,-0.351913,0,1.06756,0.0901359,0,-0.328918,0.261777,0
-0.747836,-0.35038,0,1.0661,0.0948067,0,-0.318264,0.255573,0
-0.7569,-0.348691,0,1.06456,0.0994766,0,-0.307664,0.249215,0
-0.765829,-0.346854,0,1.06295,0.104145,0,-0.297118,0.242708,0
-0.774621,-0.344871,0,1.06125,0.108813,0,-0.28663,0.236058,0
-0.783273,-0.342749,0,1.05947,0.113479,0,-0.276199,0.22927,0
-0.791786,-0.340492,0,1.05761,0.118143,0,-0.265826,0.222349,0
-0.800157,-0.338105,0,1.05567,0.122805,0,-0.255511,0.2153,0
-0.808384,-0.335594,0,1.05364,0.127464,0,-0.245255,0.20813,0
-0.816468,-0.332962,0,1.05153,0.132121,0,-0.235057,0.200842,0
-0.824408,-0.330216,0,1.04933,0.136774,0,-0.224918,0.193442,0
-0.832203,-0.327359,0,1.04704,0.141423,0,-0.214836,0.185936,0
-0.839853,-0.324396,0,1.04466,0.146068,0,-0.20481,0.178328,0
-0.847357,-0.321333,0,1.0422,0.150709,0,-0.19484,0.170624,0
-0.854716,-0.318173,0,1.03964,0.155344,0,-0.184925,0.162829,0
-0.861931,-0.31492,0,1.03699,0.159973,0,-0.175062,0.154948,0
-0.869001,-0.31158,0,1.03425,0.164595,0,-0.16525,0.146985,0
-0.875927,-0.308156,0,1.03141,0.16921,0,-0.155487,0.138946,0
-0.882709,-0.304653,0,1.02848,0.173817,0,-0.145772,0.130836,0
-0.889349,-0.301074,0,1.02545,0.178416,0,-0.136101,0.122658,0
-0.895848,-0.297423,0,1.02232,0.183004,0,-0.126474,0.114419,0
-0.902206,-0.293704,0,1.01909,0.187582,0,-0.116887,0.106122,0
-0.908425,-0.28992,0,1.01576,0.192147,0,-0.107338,0.0977724,0
-0.914505,-0.286075,0,1.01233,0.196701,0,-0.0978235,0.0893742,0
-0.920448,-0.282172,0,1.00879,0.20124,0,-0.0883419,0.0809321,0
-0.926256,-0.278214,0,1.00515,0.205764,0,-0.0788899,0.0724504,0
-0.931929,-0.274205,0,1.00139,0.210272,0,-0.0694645,0.0639334,0
-0.93747,-0.270147,0,0.997532,0.214762,0,-0.0600628,0.0553855,0
-0.942879,-0.266044,0,0.99356,0.219233,0,-0.0506817,0.0468109,0
-0.948158,-0.261897,0,0.989476,0.223683,0,-0.0413181,0.0382138,0
-0.953308,-0.257709,0,0.985277,0.228111,0,-0.0319688,0.0295985,0
-0.958332,-0.253484,0,0.980963,0.232515,0,-0.0226306,0.020969,0
-0.963231,-0.249223,0,0.976531,0.236893,0,-0.0133004,0.0123295,0
-0.968006,-0.244928,0,0.971981,0.241244,0,-0.00397474,0.00368412,0
-0.972659,-0.240603,0,0.96731,0.245566,0,0.00534949,-0.004963,0
-0.977192,-0.236248,0,0.962516,0.249855,0,0.0146756,-0.0136077,0
-0.981606,-0.231865,0,0.957599,0.254111,0,0.0240068,-0.022246,0
-0.985903,-0.227457,0,0.952557,0.258331,0,0.0333464,-0.0308737,0
-0.990085,-0.223026,0,0.947387,0.262513,0,0.0426976,-0.0394866,0
-0.994153,-0.218573,0,0.942089,0.266653,0,0.0520636,-0.0480806,0
-0.998109,-0.214099,0,0.936661,0.27075,0,0.0614476,-0.0566516,0
-1.00195,-0.209606,0,0.931101,0.274801,0,0.0708525,-0.0651952,0
-1.00569,-0.205096,0,0.925408,0.278803,0,0.0802816,-0.0737072,0
-1.00932,-0.200569,0,0.919581,0.282753,0,0.0897378,-0.0821833,0
-1.01284,-0.196028,0,0.913618,0.286647,0,0.0992241,-0.0906193,0
-1.01626,-0.191473,0,0.907517,0.290483,0,0.108743,-0.0990106,0
-1.01958,-0.186905,0,0.901278,0.294258,0,0.118298,-0.107353,0
-1.02279,-0.182326,0,0.894899,0.297967,0,0.127891,-0.115641,0
-1.0259,-0.177736,0,0.88838,0.301608,0,0.137524,-0.123872,0
-1.02892,-0.173136,0,0.881719,0.305176,0,0.147201,-0.13204,0
-1.03184,-0.168528,0,0.874915,0.308668,0,0.156923,-0.14014,0
-1.03466,-0.163912,0,0.867968,0.31208,0,0.166693,-0.148168,0
-1.03739,-0.159288,0,0.860876,0.315407,0,0.176512,-0.156119,0
-1.04002,-0.154658,0,0.853641,0.318646,0,0.186383,-0.163988,0
-1.04257,-0.150022,0,0.84626,0.321792,0,0.196307,-0.17177,0
-1.04502,-0.145381,0,0.838734,0.324841,0,0.206285,-0.17946,0
-1.04738,-0.140735,0,0.831063,0.327788,0,0.216318,-0.187053,0
-1.04966,-0.136085,0,0.823247,0.330629,0,0.226409,-0.194544,0
-1.05184,-0.131432,0,0.815286,0.333359,0,0.236557,-0.201927,0
-1.05394,-0.126775,0,0.807181,0.335973,0,0.246763,-0.209198,0
-1.05596,-0.122115,0,0.798932,0.338466,0,0.257028,-0.216351,0
-1.05789,-0.117453,0,0.790541,0.340834,0,0.267351,-0.223381,0
-1.05974,-0.112789,0,0.782007,0.343072,0,0.277733,-0.230283,0
-1.06151,-0.108122,0,0.773334,0.345174,0,0.288172,-0.237051,0
-1.06319,-0.103455,0,0.764522,0.347135,0,0.298669,-0.24368,0
-1.0648,-0.0987856,0,0.755573,0.348951,0,0.309222,-0.250165,0
-1.06632,-0.0941155,0,0.74649,0.350617,0,0.319831,-0.256501,0
-1.06777,-0.0894445,0,0.737274,0.352127,0,0.330492,-0.262682,0
-1.06913,-0.0847729,0,0.727929,0.353476,0,0.341205,-0.268704,0
-1.07042,-0.0801007,0,0.718457,0.354661,0,0.351968,-0.27456,0
-1.07164,-0.0754281,0,0.708861,0.355676,0,0.362777,-0.280248,0
-1.07278,-0.0707553,0,0.699145,0.356516,0,0.37363,-0.285761,0
-1.07384,-0.0660822,0,0.689313,0.357177,0,0.384524,-0.291095,0
-1.07482,-0.0614091,0,0.679368,0.357654,0,0.395456,-0.296245,0
-1.07574,-0.0567359,0,0.669315,0.357944,0,0.406422,-0.301208,0
-1.07658,-0.0520628,0,0.659159,0.358043,0,0.417417,-0.30598,0
-1.07734,-0.0473897,0,0.648903,0.357946,0,0.428438,-0.310556,0
-1.07803,-0.0427167,0,0.638553,0.35765,0,0.43948,-0.314933,0
-1.07865,-0.0380439,0,0.628114,0.357152,0,0.450538,-0.319108,0
-1.0792,-0.0333711,0,0.617591,0.356448,0,0.461607,-0.323077,0
-1.07967,-0.0286985,0,0.60699,0.355537,0,0.472683,-0.326839,0
-1.08008,-0.024026,0,0.596317,0.354416,0,0.483759,-0.33039,0
-1.08041,-0.0193537,0,0.585577,0.353082,0,0.49483,-0.333728,0
-1.08067,-0.0146814,0,0.574776,0.351534,0,0.50589,-0.336853,0
-1.08085,-0.0100092,0,0.563921,0.349771,0,0.516934,-0.339762,0
-1.08097,-0.00533708,0,0.553016,0.347792,0,0.527955,-0.342454,0
-1.08102,-0.000664977,0,0.54207,0.345595,0,0.538947,-0.34493,0
-1.08099,0.00400712,0,0.531086,0.343181,0,0.549905,-0.347188,0
-1.0809,0.00867924,0,0.520073,0.34055,0,0.560822,-0.34923,0
-1.08073,0.0133514,0,0.509035,0.337703,0,0.571692,-0.351054,0
-1.08049,0.0180237,0,0.497979,0.334639,0,0.582509,-0.352663,0
-1.08018,0.022696,0,0.48691,0.331362,0,0.593267,-0.354058,0
-1.0798,0.0273684,0,0.475835,0.327871,0,0.60396,-0.355239,0
-1.07934,0.032041,0,0.464759,0.324169,0,0.614582,-0.35621,0
-1.07881,0.0367137,0,0.453687,0.320258,0,0.625128,-0.356972,0
-1.07822,0.0413865,0,0.442625,0.316142,0,0.635591,-0.357528,0
-1.07755,0.0460595,0,0.431578,0.311822,0,0.645967,-0.357882,0
-1.0768,0.0507325,0,0.420551,0.307302,0,0.65625,-0.358035,0
-1.07598,0.0554057,0,0.409548,0.302586,0,0.666435,-0.357992,0
-1.07509,0.0600788,0,0.398574,0.297677,0,0.676518,-0.357756,0
-1.07413,0.064752,0,0.387632,0.292579,0,0.686494,-0.357331,0
-1.07309,0.069425,0,0.376727,0.287297,0,0.696359,-0.356722,0
-1.07197,0.074098,0,0.365861,0.281834,0,0.706108,-0.355932,0
-1.07078,0.0787706,0,0.355039,0.276196,0,0.715738,-0.354967,0
-1.06951,0.0834429,0,0.344263,0.270387,0,0.725246,-0.35383,0
-1.06816,0.0881148,0,0.333536,0.264412,0,0.734628,-0.352527,0
-1.06674,0.0927859,0,0.32286,0.258276,0,0.743881,-0.351062,0
-1.06524,0.0974563,0,0.312236,0.251984,0,0.753002,-0.34944,0
-1.06366,0.102126,0,0.301667,0.245541,0,0.761989,-0.347666,0
-1.06199,0.106794,0,0.291154,0.238952,0,0.770841,-0.345746,0
-1.06025,0.11146,0,0.280698,0.232223,0,0.779554,-0.343683,0
-1.05843,0.116125,0,0.2703,0.225359,0,0.788127,-0.341484,0
-1.05652,0.120788,0,0.25996,0.218364,0,0.796559,-0.339153,0
-1.05453,0.125449,0,0.249679,0.211246,0,0.804848,-0.336694,0
-1.05245,0.130106,0,0.239456,0.204008,0,0.812995,-0.334114,0
-1.05029,0.134761,0,0.229291,0.196656,0,0.820997,-0.331417,0
-1.04804,0.139412,0,0.219185,0.189195,0,0.828854,-0.328607,0
-1.0457,0.144059,0,0.209135,0.18163,0,0.836566,-0.32569,0
-1.04327,0.148702,0,0.199141,0.173967,0,0.844134,-0.322669,0
-1.04076,0.153339,0,0.189202,0.166211,0,0.851556,-0.31955,0
-1.03815,0.157971,0,0.179317,0.158366,0,0.858832,-0.316337,0
-1.03545,0.162596,0,0.169483,0.150438,0,0.865965,-0.313035,0
-1.03265,0.167215,0,0.159699,0.142432,0,0.872953,-0.309646,0
-1.02976,0.171825,0,0.149964,0.134352,0,0.879797,-0.306177,0
-1.02677,0.176428,0,0.140274,0.126203,0,0.886499,-0.30263,0
-1.02369,0.18102,0,0.130629,0.117989,0,0.893059,-0.29901,0
-1.0205,0.185603,0,0.121024,0.109717,0,0.899477,-0.295319,0
-1.01722,0.190174,0,0.111459,0.101389,0,0.905756,-0.291563,0
-1.01383,0.194733,0,0.10193,0.0930115,0,0.911896,-0.287744,0
-1.01033,0.199278,0,0.092435,0.0845879,0,0.917898,-0.283866,0
-1.00673,0.203809,0,0.0829706,0.0761227,0,0.923764,-0.279931,0
-1.00303,0.208324,0,0.0735341,0.0676204,0,0.929495,-0.275944,0
-0.999216,0.212822,0,0.0641226,0.0590854,0,0.935093,-0.271907,0
-0.995291,0.217301,0,0.054733,0.0505218,0,0.940558,-0.267823,0
-0.991256,0.22176,0,0.0453622,0.0419339,0,0.945893,-0.263694,0
-0.987107,0.226198,0,0.0360072,0.0333259,0,0.951099,-0.259524,0
-0.982842,0.230613,0,0.0266646,0.024702,0,0.956178,-0.255315,0
-0.978462,0.235003,0,0.0173314,0.0160663,0,0.96113,-0.251069,0
-0.973963,0.239366,0,0.00800419,0.00742293,0,0.965959,-0.246789,0
-0.969344,0.2437,0,-0.00132021,-0.00122394,0,0.970664,-0.242476,0
-0.964604,0.248004,0,-0.0106451,-0.00987024,0,0.975249,-0.238134,0
-0.959741,0.252275,0,-0.0199737,-0.0185118,0,0.979714,-0.233763,0
-0.954752,0.25651,0,-0.0293092,-0.0271446,0,0.984062,-0.229366,0
-0.949638,0.260709,0,-0.038655,-0.0357644,0,0.988293,-0.224944,0
-0.944396,0.264867,0,-0.0480142,-0.0443672,0,0.99241,-0.2205,0
-0.939024,0.268984,0,-0.0573899,-0.0529486,0,0.996414,-0.216035,0
-0.933521,0.273055,0,-0.0667854,-0.0615045,0,1.00031,-0.21155,0
-0.927886,0.277078,0,-0.0762037,-0.0700308,0,1.00409,-0.207047,0
-0.922117,0.281051,0,-0.0856478,-0.078523,0,1.00776,-0.202528,0
-0.916212,0.28497,0,-0.0951207,-0.0869768,0,1.01133,-0.197993,0
-0.910171,0.288831,0,-0.104625,-0.095388,0,1.0148,-0.193443,0
-0.903992,0.292633,0,-0.114164,-0.103752,0,1.01816,-0.188881,0
-0.897674,0.296371,0,-0.12374,-0.112064,0,1.02141,-0.184307,0
-0.891215,0.300042,0,-0.133356,-0.120321,0,1.02457,-0.179721,0
-0.884616,0.303642,0,-0.143014,-0.128516,0,1.02763,-0.175126,0
-0.877874,0.307167,0,-0.152716,-0.136646,0,1.03059,-0.170521,0
-0.870989,0.310614,0,-0.162465,-0.144706,0,1.03345,-0.165908,0
-0.86396,0.313978,0,-0.172262,-0.152691,0,1.03622,-0.161288,0
-0.856786,0.317256,0,-0.182111,-0.160596,0,1.0389,-0.156661,0
-0.849468,0.320443,0,-0.192011,-0.168416,0,1.04148,-0.152027,0
-0.842005,0.323534,0,-0.201966,-0.176146,0,1.04397,-0.147388,0
-0.834397,0.326526,0,-0.211975,-0.183782,0,1.04637,-0.142744,0
-0.826644,0.329414,0,-0.222041,-0.191317,0,1.04868,-0.138096,0
-0.818745,0.332192,0,-0.232164,-0.198748,0,1.05091,-0.133444,0
-0.810702,0.334857,0,-0.242345,-0.206068,0,1.05305,-0.128788,0
-0.802515,0.337403,0,-0.252584,-0.213273,0,1.0551,-0.12413,0
-0.794185,0.339826,0,-0.262882,-0.220357,0,1.05707,-0.119469,0
-0.785713,0.34212,0,-0.273239,-0.227315,0,1.05895,-0.114805,0
-0.7771,0.344281,0,-0.283653,-0.234142,0,1.06075,-0.11014,0
-0.768348,0.346304,0,-0.294125,-0.240831,0,1.06247,-0.105473,0
-0.759458,0.348184,0,-0.304654,-0.247379,0,1.06411,-0.100804,0
-0.750432,0.349915,0,-0.315239,-0.25378,0,1.06567,-0.0961344,0
-0.741274,0.351493,0,-0.325878,-0.260029,0,1.06715,-0.0914638,0
-0.731984,0.352912,0,-0.336569,-0.26612,0,1.06855,-0.0867924,0
-0.722566,0.354169,0,-0.34731,-0.272048,0,1.06988,-0.0821205,0
-0.713024,0.355258,0,-0.3581,-0.27781,0,1.07112,-0.0774481,0
-0.703359,0.356174,0,-0.368934,-0.283398,0,1.07229,-0.0727753,0
-0.693577,0.356913,0,-0.379811,-0.28881,0,1.07339,-0.0681023,0
-0.68368,0.35747,0,-0.390727,-0.294041,0,1.07441,-0.0634292,0
-0.673674,0.357842,0,-0.401678,-0.299086,0,1.07535,-0.0587561,0
-0.663561,0.358023,0,-0.412661,-0.303941,0,1.07622,-0.0540829,0
-0.653347,0.358011,0,-0.423672,-0.308601,0,1.07702,-0.0494098,0
-0.643038,0.357802,0,-0.434705,-0.313065,0,1.07774,-0.0447368,0
-0.632636,0.357391,0,-0.445757,-0.317328,0,1.07839,-0.0400639,0
-0.622149,0.356777,0,-0.456822,-0.321386,0,1.07897,-0.0353911,0
-0.611582,0.355956,0,-0.467895,-0.325238,0,1.07948,-0.0307184,0
-0.600939,0.354926,0,-0.478972,-0.32888,0,1.07991,-0.0260459,0
-0.590227,0.353684,0,-0.490046,-0.332311,0,1.08027,-0.0213735,0
-0.579452,0.352229,0,-0.501111,-0.335528,0,1.08056,-0.0167012,0
-0.568619,0.350559,0,-0.512163,-0.33853,0,1.08078,-0.012029,0
-0.557735,0.348673,0,-0.523195,-0.341317,0,1.08093,-0.00735683,0
-0.546806,0.346571,0,-0.5342,-0.343886,0,1.08101,-0.00268472,0
-0.535838,0.344251,0,-0.545174,-0.346238,0,1.08101,0.00198737,0
-0.524836,0.341714,0,-0.556109,-0.348373,0,1.08095,0.00665948,0
-0.513808,0.33896,0,-0.567,-0.350291,0,1.08081,0.0113316,0
-0.502759,0.33599,0,-0.577841,-0.351993,0,1.0806,0.0160038,0
-0.491695,0.332804,0,-0.588625,-0.35348,0,1.08032,0.0206761,0
-0.480622,0.329405,0,-0.599347,-0.354754,0,1.07997,0.0253485,0
-0.469546,0.325794,0,-0.61,-0.355815,0,1.07955,0.030021,0
-0.458471,0.321974,0,-0.62058,-0.356667,0,1.07905,0.0346937,0
-0.447405,0.317946,0,-0.631079,-0.357312,0,1.07848,0.0393664,0
-0.436351,0.313714,0,-0.641493,-0.357753,0,1.07784,0.0440393,0
-0.425314,0.30928,0,-0.651817,-0.357992,0,1.07713,0.0487123,0
-0.4143,0.304648,0,-0.662045,-0.358034,0,1.07635,0.0533854,0
-0.403313,0.299822,0,-0.672173,-0.357881,0,1.07549,0.0580586,0
-0.392356,0.294805,0,-0.682196,-0.357537,0,1.07455,0.0627317,0
-0.381435,0.289602,0,-0.692109,-0.357007,0,1.07354,0.0674049,0
-0.370552,0.284217,0,-0.701909,-0.356295,0,1.07246,0.0720779,0
-0.359711,0.278654,0,-0.711591,-0.355405,0,1.0713,0.0767506,0
-0.348915,0.272918,0,-0.721152,-0.354342,0,1.07007,0.0814231,0
-0.338166,0.267014,0,-0.730589,-0.35311,0,1.06875,0.0860952,0
-0.327467,0.260947,0,-0.739897,-0.351714,0,1.06736,0.0907666,0
-0.316821,0.254722,0,-0.749076,-0.350159,0,1.0659,0.0954374,0
-0.306228,0.248344,0,-0.758122,-0.348451,0,1.06435,0.100107,0
-0.29569,0.241817,0,-0.767032,-0.346593,0,1.06272,0.104776,0
-0.28521,0.235148,0,-0.775805,-0.344591,0,1.06101,0.109443,0
-0.274786,0.228342,0,-0.784439,-0.34245,0,1.05922,0.114109,0
-0.264421,0.221403,0,-0.792932,-0.340176,0,1.05735,0.118773,0
-0.254115,0.214337,0,-0.801283,-0.337772,0,1.0554,0.123434,0
-0.243867,0.20715,0,-0.809491,-0.335243,0,1.05336,0.128093,0
-0.233677,0.199847,0,-0.817556,-0.332596,0,1.05123,0.132749,0
-0.223545,0.192432,0,-0.825476,-0.329834,0,1.04902,0.137402,0
-0.213471,0.184912,0,-0.833251,-0.326963,0,1.04672,0.142051,0
-0.203453,0.177291,0,-0.840881,-0.323986,0,1.04433,0.146695,0
-0.193491,0.169574,0,-0.848365,-0.320909,0,1.04186,0.151335,0
-0.183582,0.161767,0,-0.855705,-0.317737,0,1.03929,0.155969,0
-0.173726,0.153875,0,-0.8629,-0.314472,0,1.03663,0.160598,0
-0.163921,0.145901,0,-0.86995,-0.311121,0,1.03387,0.165219,0
-0.154165,0.137853,0,-0.876856,-0.307686,0,1.03102,0.169833,0
-0.144456,0.129733,0,-0.88362,-0.304172,0,1.02808,0.174439,0
-0.134791,0.121547,0,-0.890241,-0.300583,0,1.02503,0.179036,0
-0.12517,0.113299,0,-0.89672,-0.296922,0,1.02189,0.183623,0
-0.115588,0.104995,0,-0.903059,-0.293194,0,1.01865,0.188199,0
-0.106044,0.0966384,0,-0.909259,-0.289402,0,1.0153,0.192763,0
-0.0965341,0.088234,0,-0.915321,-0.285549,0,1.01185,0.197315,0
-0.0870567,0.0797862,0,-0.921245,-0.281638,0,1.0083,0.201852,0
-0.0776085,0.0712995,0,-0.927035,-0.277673,0,1.00464,0.206374,0
-0.0681865,0.0627781,0,-0.93269,-0.273657,0,1.00088,0.210879,0
-0.0587878,0.0542263,0,-0.938212,-0.269593,0,0.997,0.215367,0
-0.0494093,0.0456484,0,-0.943603,-0.265484,0,0.993013,0.219835,0
-0.0400478,0.0370486,0,-0.948865,-0.261331,0,0.988913,0.224282,0
-0.0307002,0.0284311,0,-0.953998,-0.257138,0,0.984698,0.228707,0
-0.0213633,0.0198,0,-0.959005,-0.252908,0,0.980368,0.233108,0
-0.0120339,0.0111594,0,-0.963887,-0.248642,0,0.975921,0.237483,0
-0.00270865,0.00251357,0,-0.968645,-0.244343,0,0.971354,0.24183,0
0.00661564,-0.00613347,0,-0.973282,-0.240014,0,0.966666,0.246147,0
0.0159422,-0.0147776,0,-0.977798,-0.235655,0,0.961856,0.250432,0
0.0252744,-0.0234147,0,-0.982197,-0.231269,0,0.956922,0.254684,0
0.0346154,-0.0320406,0,-0.986478,-0.226858,0,0.951863,0.258898,0
0.0439684,-0.0406512,0,-0.990644,-0.222423,0,0.946676,0.263075,0
0.0533367,-0.0492424,0,-0.994697,-0.217967,0,0.94136,0.267209,0
0.0627233,-0.0578098,0,-0.998637,-0.213491,0,0.935914,0.2713,0
0.0721314,-0.0663494,0,-1.00247,-0.208995,0,0.930336,0.275345,0
0.081564,-0.0748568,0,-1.00619,-0.204483,0,0.924625,0.27934,0
0.0910241,-0.0833278,0,-1.0098,-0.199954,0,0.918779,0.283282,0
0.100515,-0.0917579,0,-1.01331,-0.195411,0,0.912797,0.287169,0
0.110038,-0.100143,0,-1.01672,-0.190854,0,0.906678,0.290997,0
0.119598,-0.108478,0,-1.02002,-0.186285,0,0.90042,0.294763,0
0.129196,-0.116759,0,-1.02322,-0.181704,0,0.894022,0.298463,0
0.138836,-0.124981,0,-1.02632,-0.177113,0,0.887484,0.302094,0
0.148518,-0.13314,0,-1.02932,-0.172512,0,0.880803,0.305652,0
0.158247,-0.141231,0,-1.03223,-0.167903,0,0.87398,0.309134,0
0.168023,-0.149249,0,-1.03504,-0.163285,0,0.867013,0.312534,0
0.17785,-0.157189,0,-1.03775,-0.158661,0,0.859902,0.31585,0
0.187727,-0.165046,0,-1.04037,-0.15403,0,0.852647,0.319076,0
0.197658,-0.172816,0,-1.0429,-0.149394,0,0.845247,0.32221,0
0.207644,-0.180493,0,-1.04534,-0.144752,0,0.837701,0.325245,0
0.217685,-0.188073,0,-1.0477,-0.140105,0,0.83001,0.328178,0
0.227784,-0.195549,0,-1.04996,-0.135455,0,0.822174,0.331004,0
0.237939,-0.202918,0,-1.05213,-0.130801,0,0.814194,0.333719,0
0.248154,-0.210173,0,-1.05422,-0.126143,0,0.806069,0.336317,0
0.258426,-0.21731,0,-1.05623,-0.121483,0,0.797801,0.338793,0
0.268757,-0.224323,0,-1.05815,-0.116821,0,0.78939,0.341144,0
0.279147,-0.231207,0,-1.05998,-0.112156,0,0.780837,0.343363,0
0.289594,-0.237957,0,-1.06174,-0.10749,0,0.772145,0.345446,0
0.300099,-0.244566,0,-1.06341,-0.102822,0,0.763314,0.347388,0
0.31066,-0.251032,0,-1.06501,-0.0981526,0,0.754347,0.349184,0
0.321276,-0.257346,0,-1.06652,-0.0934824,0,0.745245,0.350829,0
0.331944,-0.263506,0,-1.06796,-0.0888114,0,0.736012,0.352318,0
0.342664,-0.269506,0,-1.06931,-0.0841396,0,0.726649,0.353645,0
0.353433,-0.27534,0,-1.07059,-0.0794674,0,0.71716,0.354807,0
0.364249,-0.281003,0,-1.0718,-0.0747948,0,0.707548,0.355798,0
0.375108,-0.286492,0,-1.07292,-0.0701219,0,0.697816,0.356614,0
0.386007,-0.291802,0,-1.07398,-0.0654489,0,0.687968,0.357251,0
0.396944,-0.296927,0,-1.07495,-0.0607757,0,0.678008,0.357703,0
0.407914,-0.301865,0,-1.07585,-0.0561026,0,0.667941,0.357967,0
0.418913,-0.30661,0,-1.07668,-0.0514294,0,0.65777,0.358039,0
0.429937,-0.311159,0,-1.07744,-0.0467564,0,0.647501,0.357915,0
0.440981,-0.315509,0,-1.07812,-0.0420834,0,0.637139,0.357592,0
0.452041,-0.319656,0,-1.07873,-0.0374106,0,0.626688,0.357066,0
0.463112,-0.323597,0,-1.07927,-0.0327379,0,0.616155,0.356335,0
0.474188,-0.32733,0,-1.07973,-0.0280653,0,0.605544,0.355395,0
0.485263,-0.330852,0,-1.08012,-0.0233929,0,0.594861,0.354245,0
0.496333,-0.334162,0,-1.08045,-0.0187205,0,0.584112,0.352882,0
0.507392,-0.337257,0,-1.0807,-0.0140483,0,0.573304,0.351306,0
0.518433,-0.340137,0,-1.08087,-0.0093761,0,0.562441,0.349513,0
0.529451,-0.3428,0,-1.08098,-0.00470398,0,0.551531,0.347504,0
0.540439,-0.345246,0,-1.08102,-3.18859e-05,0,0.540578,0.345278,0
0.551392,-0.347475,0,-1.08098,0.00464021,0,0.52959,0.342835,0
0.562303,-0.349487,0,-1.08088,0.00931233,0,0.518573,0.340174,0
0.573166,-0.351282,0,-1.0807,0.0139845,0,0.507532,0.337297,0
0.583975,-0.352862,0,-1.08045,0.0186567,0,0.496474,0.334205,0
0.594725,-0.354227,0,-1.08013,0.0233291,0,0.485404,0.330898,0
0.605408,-0.35538,0,-1.07974,0.0280015,0,0.474328,0.327378,0
0.61602,-0.356322,0,-1.07927,0.0326741,0,0.463253,0.323648,0
0.626555,-0.357056,0,-1.07874,0.0373468,0,0.452182,0.319709,0
0.637007,-0.357584,0,-1.07813,0.0420197,0,0.441122,0.315565,0
0.64737,-0.35791,0,-1.07745,0.0466926,0,0.430077,0.311218,0
0.657641,-0.358037,0,-1.07669,0.0513657,0,0.419053,0.306671,0
0.667812,-0.357967,0,-1.07587,0.0560388,0,0.408053,0.301928,0
0.677881,-0.357705,0,-1.07496,0.060712,0,0.397083,0.296993,0
0.687842,-0.357255,0,-1.07399,0.0653851,0,0.386146,0.29187,0
0.697691,-0.356621,0,-1.07294,0.0700582,0,0.375246,0.286563,0
0.707425,-0.355807,0,-1.07181,0.074731,0,0.364387,0.281076,0
0.717039,-0.354818,0,-1.07061,0.0794037,0,0.353571,0.275414,0
0.726529,-0.353658,0,-1.06933,0.0840759,0,0.342801,0.269583,0
0.735894,-0.352333,0,-1.06797,0.0887476,0,0.33208,0.263585,0
0.745129,-0.350846,0,-1.06654,0.0934187,0,0.321411,0.257428,0
0.754232,-0.349203,0,-1.06503,0.0980889,0,0.310795,0.251114,0
0.763201,-0.347409,0,-1.06343,0.102758,0,0.300233,0.244651,0
0.772034,-0.345469,0,-1.06176,0.107426,0,0.289728,0.238043,0
0.780728,-0.343388,0,-1.06001,0.112092,0,0.27928,0.231295,0
0.789282,-0.34117,0,-1.05817,0.116757,0,0.268889,0.224413,0
0.797695,-0.338821,0,-1.05625,0.12142,0,0.258557,0.217402,0
0.805965,-0.336346,0,-1.05425,0.12608,0,0.248284,0.210266,0
0.814092,-0.33375,0,-1.05216,0.130737,0,0.238069,0.203012,0
0.822074,-0.331037,0,-1.04999,0.135391,0,0.227913,0.195645,0
0.829912,-0.328212,0,-1.04773,0.140042,0,0.217814,0.18817,0
0.837604,-0.32528,0,-1.04538,0.144688,0,0.207771,0.180592,0
0.845152,-0.322246,0,-1.04294,0.14933,0,0.197785,0.172916,0
0.852554,-0.319114,0,-1.04041,0.153967,0,0.187854,0.165147,0
0.859811,-0.315888,0,-1.03779,0.158598,0,0.177975,0.157291,0
0.866924,-0.312574,0,-1.03507,0.163222,0,0.168148,0.149351,0
0.873892,-0.309174,0,-1.03226,0.16784,0,0.158371,0.141335,0
0.880717,-0.305694,0,-1.02936,0.172449,0,0.148642,0.133245,0
0.8874,-0.302137,0,-1.02636,0.17705,0,0.138959,0.125087,0
0.89394,-0.298507,0,-1.02326,0.181642,0,0.129319,0.116865,0
0.90034,-0.294807,0,-1.02006,0.186222,0,0.11972,0.108585,0
0.906599,-0.291042,0,-1.01676,0.190792,0,0.11016,0.10025,0
0.91272,-0.287215,0,-1.01336,0.195349,0,0.100636,0.0918659,0
0.918704,-0.283329,0,-1.00985,0.199892,0,0.091145,0.0834362,0
0.924552,-0.279387,0,-1.00624,0.204421,0,0.0816846,0.0749657,0
0.930265,-0.275393,0,-1.00252,0.208934,0,0.0722516,0.0664587,0
0.935844,-0.271349,0,-0.998687,0.213429,0,0.0628433,0.0579195,0
0.941292,-0.267259,0,-0.994748,0.217906,0,0.0534564,0.0493523,0
0.946609,-0.263124,0,-0.990697,0.222363,0,0.044088,0.0407614,0
0.951797,-0.258949,0,-0.986532,0.226798,0,0.0347348,0.032151,0
0.956859,-0.254734,0,-0.982252,0.231209,0,0.0253937,0.0235252,0
0.961794,-0.250483,0,-0.977856,0.235595,0,0.0160615,0.0148882,0
0.966606,-0.246198,0,-0.973341,0.239954,0,0.00673488,0.00624409,0
0.971295,-0.241882,0,-0.968705,0.244285,0,-0.00258939,-0.00240298,0
0.975863,-0.237535,0,-0.963949,0.248584,0,-0.0119146,-0.0110489,0
0.980312,-0.233161,0,-0.959068,0.25285,0,-0.0212439,-0.0196896,0
0.984644,-0.22876,0,-0.954063,0.257081,0,-0.0305807,-0.0283209,0
0.98886,-0.224336,0,-0.948932,0.261274,0,-0.0399281,-0.0369386,0
0.992961,-0.219888,0,-0.943672,0.265427,0,-0.0492893,-0.0455387,0
0.99695,-0.21542,0,-0.938282,0.269537,0,-0.0586676,-0.054117,0
1.00083,-0.210933,0,-0.932761,0.273602,0,-0.068066,-0.0626691,0
1.0046,-0.206428,0,-0.927108,0.277619,0,-0.0774876,-0.071191,0
1.00826,-0.201906,0,-0.921321,0.281584,0,-0.0869355,-0.0796783,0
1.01181,-0.197369,0,-0.915398,0.285496,0,-0.0964125,-0.0881266,0
1.01526,-0.192818,0,-0.909338,0.289349,0,-0.105921,-0.0965316,0
1.01861,-0.188254,0,-0.90314,0.293143,0,-0.115465,-0.104889,0
1.02185,-0.183678,0,-0.896802,0.296872,0,-0.125047,-0.113194,0
1.02499,-0.179091,0,-0.890325,0.300533,0,-0.134668,-0.121442,0
1.02804,-0.174494,0,-0.883706,0.304123,0,-0.144332,-0.129629,0
1.03098,-0.169888,0,-0.876944,0.307638,0,-0.15404,-0.13775,0
1.03384,-0.165274,0,-0.87004,0.311074,0,-0.163796,-0.1458,0
1.03659,-0.160653,0,-0.862991,0.314427,0,-0.1736,-0.153774,0
1.03925,-0.156025,0,-0.855798,0.317692,0,-0.183455,-0.161668,0
1.04182,-0.15139,0,-0.84846,0.320866,0,-0.193363,-0.169476,0
1.0443,-0.146751,0,-0.840978,0.323944,0,-0.203325,-0.177194,0
1.04669,-0.142106,0,-0.83335,0.326922,0,-0.213342,-0.184816,0
1.04899,-0.137457,0,-0.825576,0.329795,0,-0.223415,-0.192338,0
1.0512,-0.132805,0,-0.817658,0.332558,0,-0.233546,-0.199754,0
1.05333,-0.128149,0,-0.809596,0.335207,0,-0.243735,-0.207058,0
1.05537,-0.12349,0,-0.801389,0.337737,0,-0.253983,-0.214247,0
1.05733,-0.118828,0,-0.79304,0.340143,0,-0.264288,-0.221314,0
1.0592,-0.114164,0,-0.784548,0.342419,0,-0.274653,-0.228255,0
1.06099,-0.109499,0,-0.775916,0.344562,0,-0.285075,-0.235063,0
1.0627,-0.104831,0,-0.767145,0.346565,0,-0.295555,-0.241734,0
1.06433,-0.100163,0,-0.758237,0.348425,0,-0.306092,-0.248262,0
1.06588,-0.095493,0,-0.749193,0.350136,0,-0.316684,-0.254643,0
1.06735,-0.0908223,0,-0.740016,0.351692,0,-0.32733,-0.26087,0
1.06874,-0.0861508,0,-0.730709,0.35309,0,-0.338028,-0.266939,0
1.07005,-0.0814787,0,-0.721274,0.354324,0,-0.348776,-0.272845,0
1.07129,-0.0768063,0,-0.711714,0.35539,0,-0.359572,-0.278583,0
1.07245,-0.0721335,0,-0.702034,0.356282,0,-0.370412,-0.284148,0
1.07353,-0.0674605,0,-0.692235,0.356996,0,-0.381295,-0.289536,0
1.07454,-0.0627873,0,-0.682324,0.357529,0,-0.392216,-0.294741,0
1.07547,-0.0581142,0,-0.672302,0.357875,0,-0.403172,-0.29976,0
1.07633,-0.053441,0,-0.662176,0.35803,0,-0.414159,-0.304589,0
1.07712,-0.0487679,0,-0.651949,0.357991,0,-0.425172,-0.309223,0
1.07783,-0.0440949,0,-0.641626,0.357755,0,-0.436208,-0.31366,0
1.07848,-0.039422,0,-0.631213,0.357317,0,-0.447262,-0.317895,0
1.07904,-0.0347492,0,-0.620714,0.356674,0,-0.458329,-0.321925,0
1.07954,-0.0300766,0,-0.610136,0.355825,0,-0.469403,-0.325749,0
1.07996,-0.025404,0,-0.599484,0.354766,0,-0.48048,-0.329362,0
1.08032,-0.0207316,0,-0.588763,0.353495,0,-0.491553,-0.332764,0
1.0806,-0.0160593,0,-0.577979,0.352011,0,-0.502617,-0.335952,0
1.08081,-0.0113871,0,-0.567139,0.350312,0,-0.513666,-0.338925,0
1.08094,-0.00671499,0,-0.556249,0.348397,0,-0.524695,-0.341682,0
1.08101,-0.00204287,0,-0.545314,0.346264,0,-0.535696,-0.344222,0
1.08101,0.00262922,0,-0.534341,0.343915,0,-0.546665,-0.346544,0
1.08093,0.00730134,0,-0.523335,0.341348,0,-0.557595,-0.34865,0
1.08078,0.0119735,0,-0.512304,0.338565,0,-0.568479,-0.350538,0
1.08057,0.0166457,0,-0.501253,0.335565,0,-0.579313,-0.352211,0
1.08028,0.021318,0,-0.490187,0.332351,0,-0.590089,-0.353669,0
1.07991,0.0259904,0,-0.479113,0.328923,0,-0.600801,-0.354913,0
1.07948,0.030663,0,-0.468037,0.325283,0,-0.611445,-0.355946,0
1.07898,0.0353356,0,-0.456963,0.321434,0,-0.622014,-0.35677,0
1.0784,0.0400084,0,-0.445898,0.317379,0,-0.632502,-0.357387,0
1.07775,0.0446813,0,-0.434846,0.313119,0,-0.642904,-0.3578,0
1.07703,0.0493543,0,-0.423812,0.308658,0,-0.653215,-0.358012,0
1.07623,0.0540275,0,-0.412801,0.303999,0,-0.66343,-0.358027,0
1.07536,0.0587006,0,-0.401818,0.299147,0,-0.673544,-0.357847,0
1.07442,0.0633738,0,-0.390866,0.294105,0,-0.683552,-0.357478,0
1.0734,0.0680469,0,-0.37995,0.288876,0,-0.69345,-0.356923,0
1.07231,0.0727198,0,-0.369072,0.283467,0,-0.703234,-0.356187,0
1.07114,0.0773926,0,-0.358237,0.27788,0,-0.7129,-0.355273,0
1.06989,0.082065,0,-0.347447,0.272121,0,-0.722444,-0.354186,0
1.06857,0.086737,0,-0.336705,0.266195,0,-0.731863,-0.352932,0
1.06717,0.0914084,0,-0.326013,0.260106,0,-0.741155,-0.351514,0
1.06569,0.096079,0,-0.315374,0.253859,0,-0.750315,-0.349938,0
1.06413,0.100749,0,-0.304789,0.24746,0,-0.759342,-0.348209,0
1.06249,0.105417,0,-0.294259,0.240914,0,-0.768234,-0.346331,0
1.06077,0.110084,0,-0.283786,0.234226,0,-0.776988,-0.34431,0
1.05897,0.11475,0,-0.273371,0.227401,0,-0.785603,-0.342151,0
1.05709,0.119413,0,-0.263013,0.220445,0,-0.794077,-0.339858,0
1.05512,0.124074,0,-0.252715,0.213363,0,-0.802409,-0.337437,0
1.05307,0.128733,0,-0.242475,0.206159,0,-0.810598,-0.334892,0
1.05094,0.133389,0,-0.232293,0.198841,0,-0.818642,-0.332229,0
1.04871,0.138041,0,-0.222169,0.191411,0,-0.826543,-0.329452,0
1.0464,0.142689,0,-0.212102,0.183877,0,-0.834298,-0.326566,0
1.044,0.147333,0,-0.202092,0.176243,0,-0.841908,-0.323576,0
1.04151,0.151972,0,-0.192137,0.168514,0,-0.849373,-0.320486,0
1.03893,0.156606,0,-0.182236,0.160694,0,-0.856693,-0.3173,0
1.03625,0.161233,0,-0.172387,0.152791,0,-0.863868,-0.314023,0
1.03349,0.165853,0,-0.162589,0.144807,0,-0.870899,-0.31066,0
1.03062,0.170466,0,-0.152839,0.136748,0,-0.877785,-0.307214,0
1.02767,0.175071,0,-0.143136,0.128619,0,-0.884529,-0.30369,0
1.02461,0.179667,0,-0.133478,0.120424,0,-0.891131,-0.300091,0
1.02145,0.184252,0,-0.123861,0.112169,0,-0.897591,-0.296421,0
1.0182,0.188827,0,-0.114285,0.103857,0,-0.903911,-0.292684,0
1.01484,0.193389,0,-0.104745,0.0954938,0,-0.910092,-0.288883,0
1.01138,0.197939,0,-0.0952405,0.0870832,0,-0.916135,-0.285022,0
1.00781,0.202474,0,-0.0857672,0.0786299,0,-0.922041,-0.281104,0
1.00413,0.206994,0,-0.0763227,0.0701382,0,-0.927812,-0.277132,0
1.00035,0.211497,0,-0.0669041,0.0616124,0,-0.933449,-0.273109,0
0.996462,0.215982,0,-0.0575083,0.0530568,0,-0.938954,-0.269039,0
0.992459,0.220447,0,-0.0481322,0.0444757,0,-0.944327,-0.264923,0
0.988344,0.224892,0,-0.0387728,0.0358733,0,-0.949571,-0.260765,0
0.984114,0.229313,0,-0.0294268,0.0272537,0,-0.954687,-0.256567,0
0.979768,0.233711,0,-0.0200911,0.0186211,0,-0.959677,-0.252332,0
0.975304,0.238082,0,-0.0107624,0.00997961,0,-0.964542,-0.248061,0
0.970721,0.242425,0,-0.00143748,0.00133338,0,-0.969283,-0.243758,0
0.966017,0.246738,0,0.00788695,-0.00731348,0,-0.973904,-0.239424,0
0.96119,0.251019,0,0.0172141,-0.0159569,0,-0.978404,-0.235062,0
0.956239,0.255265,0,0.0265474,-0.0245926,0,-0.982786,-0.230672,0
0.951162,0.259475,0,0.0358898,-0.0332167,0,-0.987052,-0.226258,0
0.945958,0.263645,0,0.0452447,-0.0418249,0,-0.991202,-0.22182,0
0.940624,0.267774,0,0.0546153,-0.050413,0,-0.99524,-0.217361,0
0.93516,0.271859,0,0.0640047,-0.0589769,0,-0.999165,-0.212882,0
0.929565,0.275897,0,0.073416,-0.0675123,0,-1.00298,-0.208384,0
0.923835,0.279885,0,0.0828522,-0.076015,0,-1.00669,-0.20387,0
0.917971,0.28382,0,0.0923163,-0.0844806,0,-1.01029,-0.199339,0
0.91197,0.287699,0,0.101811,-0.0929048,0,-1.01378,-0.194794,0
0.905832,0.291518,0,0.11134,-0.101283,0,-1.01717,-0.190235,0
0.899555,0.295276,0,0.120905,-0.109611,0,-1.02046,-0.185664,0
0.893138,0.298967,0,0.130508,-0.117885,0,-1.02365,-0.181082,0
0.88658,0.302588,0,0.140153,-0.126098,0,-1.02673,-0.176489,0
0.87988,0.306136,0,0.149842,-0.134248,0,-1.02972,-0.171888,0
0.873037,0.309606,0,0.159577,-0.142329,0,-1.03261,-0.167277,0
0.866051,0.312995,0,0.16936,-0.150337,0,-1.03541,-0.162659,0
0.858921,0.316299,0,0.179194,-0.158266,0,-1.03811,-0.158033,0
0.851646,0.319513,0,0.189078,-0.166111,0,-1.04072,-0.153402,0
0.844225,0.322633,0,0.199017,-0.173869,0,-1.04324,-0.148764,0
0.83666,0.325655,0,0.20901,-0.181533,0,-1.04567,-0.144122,0
0.82895,0.328574,0,0.219059,-0.189099,0,-1.04801,-0.139475,0
0.821094,0.331385,0,0.229165,-0.196561,0,-1.05026,-0.134824,0
0.813094,0.334084,0,0.239329,-0.203914,0,-1.05242,-0.130169,0
0.804949,0.336665,0,0.249551,-0.211154,0,-1.0545,-0.125512,0
0.796661,0.339125,0,0.259832,-0.218274,0,-1.05649,-0.120851,0
0.788231,0.341458,0,0.270171,-0.22527,0,-1.0584,-0.116188,0
0.77966,0.343659,0,0.280568,-0.232136,0,-1.06023,-0.111523,0
0.770948,0.345723,0,0.291024,-0.238866,0,-1.06197,-0.106857,0
0.762099,0.347646,0,0.301536,-0.245457,0,-1.06363,-0.102189,0
0.753113,0.349421,0,0.312104,-0.251902,0,-1.06522,-0.0975193,0
0.743994,0.351045,0,0.322727,-0.258196,0,-1.06672,-0.092849,0
0.734742,0.352512,0,0.333403,-0.264334,0,-1.06815,-0.0881778,0
0.725362,0.353817,0,0.34413,-0.270311,0,-1.06949,-0.083506,0
0.715856,0.354956,0,0.354905,-0.276122,0,-1.07076,-0.0788337,0
0.706227,0.355923,0,0.365727,-0.281762,0,-1.07195,-0.0741611,0
0.696479,0.356715,0,0.376592,-0.287227,0,-1.07307,-0.0694882,0
0.686616,0.357327,0,0.387497,-0.292512,0,-1.07411,-0.0648151,0
0.676642,0.357754,0,0.398438,-0.297612,0,-1.07508,-0.060142,0
0.66656,0.357992,0,0.409412,-0.302523,0,-1.07597,-0.0554688,0
0.656376,0.358037,0,0.420415,-0.307242,0,-1.07679,-0.0507957,0
0.646094,0.357887,0,0.431442,-0.311764,0,-1.07754,-0.0461226,0
0.635719,0.357536,0,0.442489,-0.316086,0,-1.07821,-0.0414497,0
0.625257,0.356982,0,0.45355,-0.320205,0,-1.07881,-0.0367769,0
0.614712,0.356223,0,0.464622,-0.324118,0,-1.07933,-0.0321042,0
0.604091,0.355254,0,0.475698,-0.327823,0,-1.07979,-0.0274316,0
0.593399,0.354075,0,0.486773,-0.331316,0,-1.08017,-0.0227592,0
0.582642,0.352683,0,0.497842,-0.334597,0,-1.08048,-0.0180868,0
0.571826,0.351077,0,0.508898,-0.337663,0,-1.08072,-0.0134146,0
0.560956,0.349255,0,0.519937,-0.340513,0,-1.08089,-0.00874242,0
0.55004,0.347217,0,0.530951,-0.343146,0,-1.08099,-0.0040703,0
0.539082,0.344961,0,0.541934,-0.345563,0,-1.08102,0.000601801,0
0.52809,0.342488,0,0.552882,-0.347762,0,-1.08097,0.0052739,0
0.517069,0.339798,0,0.563787,-0.349744,0,-1.08086,0.00994603,0
0.506026,0.336892,0,0.574643,-0.35151,0,-1.08067,0.0146182,0
0.494966,0.33377,0,0.585444,-0.35306,0,-1.08041,0.0192905,0
0.483895,0.330434,0,0.596185,-0.354397,0,-1.08008,0.0239628,0
0.472819,0.326885,0,0.606859,-0.355521,0,-1.07968,0.0286353,0
0.461743,0.323126,0,0.617461,-0.356434,0,-1.0792,0.0333079,0
0.450674,0.31916,0,0.627985,-0.35714,0,-1.07866,0.0379807,0
0.439616,0.314987,0,0.638425,-0.357641,0,-1.07804,0.0426535,0
0.428573,0.310613,0,0.648776,-0.357939,0,-1.07735,0.0473265,0
0.417552,0.306039,0,0.659033,-0.358039,0,-1.07659,0.0519996,0
0.406557,0.30127,0,0.669191,-0.357943,0,-1.07575,0.0566727,0
0.395591,0.296309,0,0.679245,-0.357655,0,-1.07484,0.0613459,0
0.384659,0.291161,0,0.689191,-0.35718,0,-1.07385,0.066019,0
0.373764,0.285829,0,0.699025,-0.356521,0,-1.07279,0.0706921,0
0.36291,0.280318,0,0.708742,-0.355683,0,-1.07165,0.0753649,0
0.3521,0.274633,0,0.71834,-0.35467,0,-1.07044,0.0800375,0
0.341337,0.268778,0,0.727813,-0.353488,0,-1.06915,0.0847097,0
0.330624,0.262759,0,0.73716,-0.35214,0,-1.06778,0.0893814,0
0.319961,0.256579,0,0.746378,-0.350632,0,-1.06634,0.0940523,0
0.309353,0.250246,0,0.755463,-0.348968,0,-1.06482,0.0987225,0
0.298799,0.243762,0,0.764413,-0.347154,0,-1.06321,0.103392,0
0.288301,0.237135,0,0.773227,-0.345194,0,-1.06153,0.108059,0
0.277861,0.230368,0,0.781902,-0.343094,0,-1.05976,0.112725,0
0.267478,0.223468,0,0.790437,-0.340858,0,-1.05792,0.11739,0
0.257154,0.21644,0,0.79883,-0.338492,0,-1.05598,0.122052,0
0.246889,0.209288,0,0.807081,-0.336,0,-1.05397,0.126712,0
0.236682,0.202018,0,0.815188,-0.333387,0,-1.05187,0.131369,0
0.226534,0.194636,0,0.823151,-0.330659,0,-1.04968,0.136023,0
0.216442,0.187146,0,0.830969,-0.327819,0,-1.04741,0.140673,0
0.206408,0.179555,0,0.838642,-0.324873,0,-1.04505,0.145319,0
0.196429,0.171866,0,0.846169,-0.321825,0,-1.0426,0.14996,0
0.186505,0.164085,0,0.853552,-0.31868,0,-1.04006,0.154596,0
0.176634,0.156217,0,0.860789,-0.315443,0,-1.03742,0.159226,0
0.166814,0.148267,0,0.867882,-0.312116,0,-1.0347,0.163849,0
0.157044,0.14024,0,0.874831,-0.308706,0,-1.03187,0.168466,0
0.147321,0.13214,0,0.881637,-0.305215,0,-1.02896,0.173074,0
0.137644,0.123973,0,0.888299,-0.301647,0,-1.02594,0.177674,0
0.128009,0.115744,0,0.894821,-0.298007,0,-1.02283,0.182264,0
0.118416,0.107456,0,0.901201,-0.294299,0,-1.01962,0.186843,0
0.108861,0.0991139,0,0.907442,-0.290525,0,-1.0163,0.191411,0
0.0993416,0.0907232,0,0.913544,-0.28669,0,-1.01289,0.195966,0
0.089855,0.0822877,0,0.919509,-0.282796,0,-1.00936,0.200508,0
0.0803985,0.073812,0,0.925338,-0.278847,0,-1.00574,0.205035,0
0.0709691,0.0653003,0,0.931033,-0.274846,0,-1.002,0.209545,0
0.0615639,0.0567571,0,0.936595,-0.270795,0,-0.998158,0.214038,0
0.0521798,0.0481864,0,0.942024,-0.266699,0,-0.994204,0.218512,0
0.0428136,0.0395926,0,0.947324,-0.262559,0,-0.990138,0.222966,0
0.0334623,0.0309798,0,0.952495,-0.258378,0,-0.985957,0.227398,0
0.0241226,0.0223523,0,0.957539,-0.254158,0,-0.981662,0.231806,0
0.0147914,0.0137141,0,0.962458,-0.249903,0,-0.977249,0.236188,0
0.00546526,0.00506931,0,0.967252,-0.245613,0,-0.972718,0.240544,0
-0.00385892,-0.00357785,0,0.971925,-0.241292,0,-0.968066,0.24487,0
-0.0131845,-0.0122233,0,0.976477,-0.236942,0,-0.963292,0.249165,0
-0.0225146,-0.0208629,0,0.98091,-0.232564,0,-0.958395,0.253427,0
-0.0318526,-0.0294926,0,0.985226,-0.22816,0,-0.953373,0.257652,0
-0.0412017,-0.0381082,0,0.989426,-0.223732,0,-0.948224,0.26184,0
-0.0505651,-0.0467056,0,0.993512,-0.219282,0,-0.942947,0.265988,0
-0.0599459,-0.0552806,0,0.997485,-0.214811,0,-0.937539,0.270092,0
-0.0693473,-0.0638289,0,1.00135,-0.210322,0,-0.932001,0.27415,0
-0.0787723,-0.0723463,0,1.0051,-0.205814,0,-0.926329,0.27816,0
-0.0882239,-0.0808285,0,1.00875,-0.20129,0,-0.920523,0.282119,0
-0.0977051,-0.0892712,0,1.01229,-0.196751,0,-0.914582,0.286022,0
-0.107219,-0.09767,0,1.01572,-0.192198,0,-0.908503,0.289868,0
-0.116767,-0.10602,0,1.01905,-0.187632,0,-0.902286,0.293653,0
-0.126354,-0.114318,0,1.02228,-0.183055,0,-0.89593,0.297373,0
-0.135981,-0.122558,0,1.02541,-0.178466,0,-0.889433,0.301025,0
-0.145651,-0.130736,0,1.02845,-0.173868,0,-0.882795,0.304605,0
-0.155365,-0.138848,0,1.03138,-0.169261,0,-0.876014,0.308109,0
-0.165127,-0.146888,0,1.03422,-0.164646,0,-0.86909,0.311534,0
-0.174939,-0.154851,0,1.03696,-0.160024,0,-0.862021,0.314875,0
-0.184801,-0.162734,0,1.03961,-0.155395,0,-0.854809,0.318129,0
-0.194716,-0.17053,0,1.04217,-0.15076,0,-0.847451,0.32129,0
-0.204685,-0.178235,0,1.04463,-0.14612,0,-0.839949,0.324355,0
-0.21471,-0.185844,0,1.04701,-0.141475,0,-0.832301,0.327318,0
-0.224791,-0.193352,0,1.0493,-0.136825,0,-0.824508,0.330177,0
-0.23493,-0.200753,0,1.0515,-0.132172,0,-0.81657,0.332925,0
-0.245127,-0.208042,0,1.05361,-0.127516,0,-0.808488,0.335558,0
-0.255382,-0.215214,0,1.05564,-0.122856,0,-0.800262,0.338071,0
-0.265696,-0.222265,0,1.05759,-0.118194,0,-0.791893,0.340459,0
-0.276068,-0.229187,0,1.05945,-0.11353,0,-0.783383,0.342718,0
-0.286499,-0.235977,0,1.06123,-0.108865,0,-0.774731,0.344842,0
-0.296986,-0.242629,0,1.06293,-0.104197,0,-0.765941,0.346826,0
-0.307531,-0.249138,0,1.06455,-0.0995282,0,-0.757014,0.348666,0
-0.31813,-0.255497,0,1.06608,-0.0948583,0,-0.747952,0.350356,0
-0.328783,-0.261704,0,1.06754,-0.0901874,0,-0.738757,0.351891,0
-0.339488,-0.267751,0,1.06892,-0.0855159,0,-0.729433,0.353267,0
-0.350243,-0.273634,0,1.07022,-0.0808438,0,-0.719981,0.354478,0
-0.361045,-0.279349,0,1.07145,-0.0761713,0,-0.710404,0.35552,0
-0.371892,-0.28489,0,1.0726,-0.0714985,0,-0.700708,0.356389,0
-0.382779,-0.290253,0,1.07367,-0.0668255,0,-0.690894,0.357079,0
-0.393705,-0.295434,0,1.07467,-0.0621523,0,-0.680967,0.357586,0
-0.404666,-0.300427,0,1.0756,-0.0574792,0,-0.670931,0.357906,0
-0.415657,-0.30523,0,1.07645,-0.052806,0,-0.66079,0.358036,0
-0.426674,-0.309837,0,1.07722,-0.048133,0,-0.65055,0.35797,0
-0.437712,-0.314246,0,1.07793,-0.04346,0,-0.640215,0.357706,0
-0.448768,-0.318454,0,1.07856,-0.0387871,0,-0.629789,0.357241,0
-0.459836,-0.322456,0,1.07912,-0.0341143,0,-0.61928,0.356571,0
-0.470911,-0.326251,0,1.0796,-0.0294417,0,-0.608691,0.355693,0
-0.481988,-0.329836,0,1.08002,-0.0247692,0,-0.598029,0.354605,0
-0.49306,-0.333209,0,1.08036,-0.0200969,0,-0.587299,0.353306,0
-0.504122,-0.336368,0,1.08063,-0.0154246,0,-0.576508,0.351792,0
-0.515169,-0.339311,0,1.08083,-0.0107524,0,-0.56566,0.350064,0
-0.526194,-0.342038,0,1.08096,-0.00608027,0,-0.554763,0.348119,0
-0.537192,-0.344549,0,1.08101,-0.00140818,0,-0.543823,0.345957,0
-0.548156,-0.346842,0,1.081,0.00326391,0,-0.532845,0.343578,0
-0.55908,-0.348918,0,1.08092,0.00793602,0,-0.521836,0.340982,0
-0.569958,-0.350777,0,1.08076,0.0126082,0,-0.510801,0.338169,0
-0.580783,-0.35242,0,1.08053,0.0172804,0,-0.499748,0.33514,0
-0.591551,-0.353849,0,1.08023,0.0219527,0,-0.488681,0.331896,0
-0.602255,-0.355065,0,1.07986,0.0266251,0,-0.477606,0.328439,0
-0.612889,-0.356069,0,1.07942,0.0312977,0,-0.46653,0.324771,0
-0.623447,-0.356864,0,1.0789,0.0359703,0,-0.455457,0.320894,0
-0.633924,-0.357453,0,1.07832,0.0406431,0,-0.444393,0.31681,0
-0.644314,-0.357839,0,1.07766,0.045316,0,-0.433343,0.312523,0
-0.654612,-0.358024,0,1.07692,0.0499891,0,-0.422312,0.308035,0
-0.664814,-0.358012,0,1.07612,0.0546622,0,-0.411305,0.303349,0
-0.674913,-0.357806,0,1.07524,0.0593353,0,-0.400326,0.298471,0
-0.684907,-0.357412,0,1.07429,0.0640085,0,-0.389379,0.293403,0
-0.694789,-0.356832,0,1.07326,0.0686815,0,-0.378467,0.28815,0
-0.704557,-0.356071,0,1.07215,0.0733545,0,-0.367595,0.282716,0
-0.714207,-0.355133,0,1.07097,0.0780272,0,-0.356766,0.277106,0
-0.723734,-0.354023,0,1.06972,0.0826995,0,-0.345983,0.271324,0
-0.733137,-0.352746,0,1.06838,0.0873714,0,-0.335247,0.265375,0
-0.74241,-0.351307,0,1.06697,0.0920427,0,-0.324562,0.259264,0
-0.751553,-0.34971,0,1.06548,0.0967132,0,-0.31393,0.252996,0
-0.760562,-0.34796,0,1.06391,0.101383,0,-0.303352,0.246577,0
-0.769435,-0.346062,0,1.06227,0.106051,0,-0.29283,0.240011,0
-0.77817,-0.344022,0,1.06054,0.110718,0,-0.282365,0.233304,0
-0.786766,-0.341844,0,1.05872,0.115383,0,-0.271958,0.226461,0
-0.79522,-0.339534,0,1.05683,0.120046,0,-0.261608,0.219488,0
-0.803533,-0.337096,0,1.05485,0.124707,0,-0.251318,0.212388,0
-0.811702,-0.334535,0,1.05279,0.129365,0,-0.241086,0.205169,0
-0.819727,-0.331856,0,1.05064,0.134021,0,-0.230912,0.197835,0
-0.827608,-0.329063,0,1.0484,0.138672,0,-0.220796,0.190391,0
-0.835343,-0.326163,0,1.04608,0.14332,0,-0.210737,0.182843,0
-0.842934,-0.323159,0,1.04367,0.147963,0,-0.200734,0.175195,0
-0.850379,-0.320055,0,1.04117,0.152601,0,-0.190787,0.167454,0
-0.857679,-0.316857,0,1.03857,0.157234,0,-0.180893,0.159623,0
-0.864834,-0.313568,0,1.03588,0.161861,0,-0.171051,0.151708,0
-0.871845,-0.310193,0,1.0331,0.16648,0,-0.161259,0.143713,0
-0.878713,-0.306737,0,1.03023,0.171092,0,-0.151516,0.135645,0
-0.885437,-0.303202,0,1.02726,0.175696,0,-0.141819,0.127506,0
-0.89202,-0.299593,0,1.02419,0.18029,0,-0.132167,0.119303,0
-0.898461,-0.295914,0,1.02102,0.184874,0,-0.122556,0.11104,0
-0.904762,-0.292168,0,1.01775,0.189447,0,-0.112985,0.102721,0
-0.910924,-0.288358,0,1.01437,0.194008,0,-0.10345,0.0943506,0
-0.916948,-0.284489,0,1.0109,0.198555,0,-0.0939497,0.085934,0
-0.922836,-0.280564,0,1.00732,0.203089,0,-0.0844805,0.0774752,0
-0.928588,-0.276585,0,1.00363,0.207606,0,-0.0750398,0.0689785,0
-0.934207,-0.272555,0,0.999831,0.212107,0,-0.0656244,0.0604485,0
-0.939694,-0.268478,0,0.995925,0.216589,0,-0.0562315,0.0518891,0
-0.945049,-0.264357,0,0.991907,0.221052,0,-0.0468579,0.0433049,0
-0.950276,-0.260193,0,0.987776,0.225493,0,-0.0375006,0.0346998,0
-0.955374,-0.25599,0,0.983531,0.229912,0,-0.0281562,0.0260782,0
-0.960347,-0.25175,0,0.979169,0.234306,0,-0.0188216,0.0174441,0
-0.965195,-0.247475,0,0.974689,0.238673,0,-0.00949367,0.00880176,0
-0.96992,-0.243167,0,0.970089,0.243012,0,-0.000169019,0.000155186,0
-0.974524,-0.238829,0,0.965368,0.247321,0,0.00915558,-0.00849146,0
-0.979008,-0.234463,0,0.960525,0.251597,0,0.0184834,-0.0171341,0
-0.983374,-0.23007,0,0.955557,0.255838,0,0.0278176,-0.0257685,0
-0.987624,-0.225652,0,0.950463,0.260043,0,0.0371616,-0.0343907,0
-0.991759,-0.221212,0,0.945241,0.264208,0,0.0465184,-0.0429964,0
-0.995781,-0.21675,0,0.93989,0.268331,0,0.0558913,-0.0515815,0
-0.999692,-0.212268,0,0.934408,0.27241,0,0.0652835,-0.0601417,0
-1.00349,-0.207768,0,0.928794,0.276441,0,0.074698,-0.068673,0
-1.00718,-0.203251,0,0.923047,0.280422,0,0.0841378,-0.0771709,0
-1.01077,-0.198718,0,0.917164,0.284349,0,0.0936059,-0.0856311,0
-1.01425,-0.194171,0,0.911145,0.28822,0,0.103105,-0.0940494,0
-1.01763,-0.189611,0,0.904988,0.292032,0,0.112638,-0.102421,0
-1.0209,-0.185038,0,0.898692,0.29578,0,0.122208,-0.110742,0
-1.02407,-0.180454,0,0.892256,0.299462,0,0.131818,-0.119008,0
-1.02715,-0.17586,0,0.885678,0.303073,0,0.141468,-0.127213,0
-1.03012,-0.171257,0,0.878959,0.306611,0,0.151164,-0.135354,0
-1.033,-0.166646,0,0.872097,0.310071,0,0.160905,-0.143425,0
-1.03579,-0.162026,0,0.865091,0.313448,0,0.170695,-0.151422,0
-1.03848,-0.1574,0,0.857941,0.31674,0,0.180535,-0.15934,0
-1.04107,-0.152768,0,0.850646,0.319942,0,0.190427,-0.167174,0
-1.04358,-0.148129,0,0.843206,0.323049,0,0.200372,-0.174919,0
-1.04599,-0.143486,0,0.835621,0.326057,0,0.210373,-0.18257,0
-1.04832,-0.138839,0,0.827891,0.328961,0,0.22043,-0.190122,0
-1.05056,-0.134187,0,0.820016,0.331757,0,0.230544,-0.19757,0
-1.05271,-0.129532,0,0.811996,0.33444,0,0.240715,-0.204908,0
-1.05478,-0.124874,0,0.803832,0.337006,0,0.250945,-0.212132,0
-1.05676,-0.120213,0,0.795524,0.339449,0,0.261234,-0.219235,0
-1.05866,-0.11555,0,0.787075,0.341764,0,0.271581,-0.226214,0
-1.06047,-0.110885,0,0.778484,0.343946,0,0.281986,-0.233061,0
-1.0622,-0.106218,0,0.769754,0.345992,0,0.29245,-0.239774,0
-1.06386,-0.10155,0,0.760886,0.347894,0,0.30297,-0.246345,0
-1.06543,-0.0968803,0,0.751882,0.34965,0,0.313545,-0.252769,0
-1.06692,-0.0922099,0,0.742744,0.351252,0,0.324176,-0.259042,0
-1.06833,-0.0875386,0,0.733475,0.352697,0,0.334859,-0.265159,0
-1.06967,-0.0828667,0,0.724078,0.35398,0,0.345592,-0.271114,0
-1.07093,-0.0781944,0,0.714555,0.355096,0,0.356374,-0.276902,0
-1.07211,-0.0735217,0,0.70491,0.35604,0,0.367201,-0.282519,0
-1.07322,-0.0688487,0,0.695146,0.356808,0,0.378072,-0.287959,0
-1.07425,-0.0641756,0,0.685267,0.357394,0,0.388982,-0.293219,0
-1.07521,-0.0595025,0,0.675278,0.357796,0,0.399928,-0.298293,0
-1.07609,-0.0548293,0,0.665182,0.358008,0,0.410906,-0.303179,0
-1.0769,-0.0501562,0,0.654984,0.358027,0,0.421912,-0.307871,0
-1.07763,-0.0454832,0,0.64469,0.357849,0,0.432942,-0.312366,0
-1.07829,-0.0408102,0,0.634303,0.357471,0,0.443991,-0.316661,0
-1.07888,-0.0361374,0,0.623829,0.35689,0,0.455055,-0.320752,0
-1.0794,-0.0314647,0,0.613274,0.356102,0,0.466127,-0.324637,0
-1.07985,-0.0267922,0,0.602642,0.355105,0,0.477203,-0.328313,0
-1.08022,-0.0221197,0,0.591941,0.353897,0,0.488278,-0.331778,0
-1.08052,-0.0174474,0,0.581176,0.352476,0,0.499345,-0.335029,0
-1.08075,-0.0127752,0,0.570352,0.350841,0,0.5104,-0.338066,0
-1.08091,-0.00810303,0,0.559476,0.34899,0,0.521435,-0.340887,0
-1.081,-0.00343091,0,0.548553,0.346922,0,0.532445,-0.343491,0
-1.08102,0.00124118,0,0.537591,0.344636,0,0.543424,-0.345878,0
-1.08096,0.00591329,0,0.526594,0.342134,0,0.554366,-0.348047,0
-1.08083,0.0105854,0,0.51557,0.339414,0,0.565265,-0.35,0
-1.08064,0.0152576,0,0.504524,0.336479,0,0.576114,-0.351736,0
-1.08037,0.0199299,0,0.493462,0.333328,0,0.586907,-0.353258,0
-1.08003,0.0246023,0,0.48239,0.329963,0,0.59764,-0.354565,0
-1.07962,0.0292748,0,0.471314,0.326385,0,0.608304,-0.35566,0
-1.07913,0.0339474,0,0.460239,0.322598,0,0.618896,-0.356546,0
-1.07858,0.0386202,0,0.449171,0.318603,0,0.629408,-0.357223,0
-1.07795,0.043293,0,0.438114,0.314403,0,0.639837,-0.357696,0
-1.07725,0.047966,0,0.427075,0.310002,0,0.650175,-0.357968,0
-1.07648,0.0526391,0,0.416057,0.305401,0,0.660419,-0.35804,0
-1.07563,0.0573123,0,0.405065,0.300606,0,0.670563,-0.357918,0
-1.07471,0.0619854,0,0.394103,0.295619,0,0.680603,-0.357605,0
-1.07371,0.0666586,0,0.383176,0.290446,0,0.690534,-0.357104,0
-1.07264,0.0713316,0,0.372287,0.285089,0,0.700352,-0.356421,0
-1.07149,0.0760044,0,0.361439,0.279554,0,0.710053,-0.355559,0
-1.07027,0.080677,0,0.350635,0.273846,0,0.719634,-0.354523,0
-1.06897,0.0853491,0,0.339879,0.267968,0,0.72909,-0.353318,0
-1.06759,0.0900206,0,0.329172,0.261927,0,0.73842,-0.351948,0
-1.06614,0.0946915,0,0.318517,0.255727,0,0.747619,-0.350418,0
-1.0646,0.0993615,0,0.307915,0.249372,0,0.756686,-0.348734,0
-1.06299,0.10403,0,0.297369,0.242869,0,0.765618,-0.346899,0
-1.06129,0.108698,0,0.286879,0.236222,0,0.774413,-0.34492,0
-1.05952,0.113364,0,0.276447,0.229437,0,0.783069,-0.342801,0
-1.05766,0.118028,0,0.266072,0.222519,0,0.791585,-0.340548,0
-1.05572,0.12269,0,0.255756,0.215474,0,0.799959,-0.338164,0
-1.05369,0.127349,0,0.245499,0.208306,0,0.80819,-0.335655,0
-1.05158,0.132006,0,0.2353,0.201021,0,0.816278,-0.333027,0
-1.04938,0.136659,0,0.225159,0.193623,0,0.824221,-0.330283,0
-1.04709,0.141309,0,0.215076,0.18612,0,0.832019,-0.327428,0
-1.04472,0.145954,0,0.205049,0.178514,0,0.839672,-0.324468,0
-1.04226,0.150595,0,0.195078,0.170813,0,0.84718,-0.321407,0
-1.0397,0.15523,0,0.185161,0.16302,0,0.854543,-0.318249,0
-1.03706,0.159859,0,0.175296,0.15514,0,0.861761,-0.314999,0
-1.03432,0.164482,0,0.165483,0.14718,0,0.868834,-0.311661,0
-1.03148,0.169097,0,0.15572,0.139142,0,0.875763,-0.308239,0
-1.02855,0.173704,0,0.146003,0.131034,0,0.88255,-0.304738,0
-1.02552,0.178303,0,0.136332,0.122858,0,0.889193,-0.30116,0
-1.0224,0.182891,0,0.126703,0.11462,0,0.895695,-0.297511,0
-1.01917,0.187469,0,0.117115,0.106324,0,0.902057,-0.293793,0
-1.01584,0.192035,0,0.107565,0.0979759,0,0.908278,-0.290011,0
-1.01241,0.196589,0,0.0980505,0.0895788,0,0.914362,-0.286168,0
-1.00888,0.201128,0,0.0885682,0.0811376,0,0.920309,-0.282266,0
-1.00523,0.205653,0,0.0791155,0.0726568,0,0.926119,-0.27831,0
-1.00149,0.210161,0,0.0696896,0.0641406,0,0.931796,-0.274302,0
-0.997627,0.214652,0,0.0602874,0.0555934,0,0.937339,-0.270245,0
-0.993657,0.219123,0,0.0509058,0.0470194,0,0.942751,-0.266142,0
-0.989575,0.223574,0,0.0415419,0.0384228,0,0.948033,-0.261997,0
-0.985379,0.228002,0,0.0321923,0.0298078,0,0.953187,-0.25781,0
-0.981068,0.232407,0,0.0228539,0.0211785,0,0.958214,-0.253586,0
-0.976639,0.236786,0,0.0135235,0.0125392,0,0.963116,-0.249325,0
-0.972091,0.241138,0,0.00419784,0.00389393,0,0.967894,-0.245032,0
-0.967423,0.24546,0,-0.00512636,-0.00475321,0,0.97255,-0.240707,0
-0.962633,0.24975,0,-0.0144524,-0.0133981,0,0.977085,-0.236352,0
-0.957719,0.254007,0,-0.0237834,-0.0220366,0,0.981502,-0.231971,0
-0.952679,0.258228,0,-0.0331227,-0.0306646,0,0.985802,-0.227563,0
-0.947513,0.26241,0,-0.0424736,-0.0392779,0,0.989987,-0.223133,0
-0.942218,0.266552,0,-0.0518392,-0.0478725,0,0.994057,-0.21868,0
-0.936793,0.27065,0,-0.0612226,-0.056444,0,0.998016,-0.214206,0
-0.931236,0.274702,0,-0.0706271,-0.0649884,0,1.00186,-0.209714,0
-0.925547,0.278705,0,-0.0800556,-0.0735012,0,1.0056,-0.205204,0
-0.919722,0.282656,0,-0.0895111,-0.0819783,0,1.00923,-0.200678,0
-0.913762,0.286552,0,-0.0989965,-0.0904153,0,1.01276,-0.196137,0
-0.907665,0.29039,0,-0.108515,-0.0988077,0,1.01618,-0.191582,0
-0.901429,0.294166,0,-0.118068,-0.107151,0,1.0195,-0.187015,0
-0.895054,0.297877,0,-0.12766,-0.115441,0,1.02271,-0.182436,0
-0.888538,0.301519,0,-0.137293,-0.123673,0,1.02583,-0.177846,0
-0.88188,0.305089,0,-0.146969,-0.131842,0,1.02885,-0.173247,0
-0.87508,0.308583,0,-0.15669,-0.139944,0,1.03177,-0.168639,0
-0.868136,0.311997,0,-0.166458,-0.147974,0,1.03459,-0.164023,0
-0.861048,0.315326,0,-0.176276,-0.155927,0,1.03732,-0.159399,0
-0.853816,0.318567,0,-0.186146,-0.163798,0,1.03996,-0.154769,0
-0.846439,0.321716,0,-0.196068,-0.171582,0,1.04251,-0.150134,0
-0.838916,0.324767,0,-0.206045,-0.179274,0,1.04496,-0.145493,0
-0.831249,0.327717,0,-0.216077,-0.18687,0,1.04733,-0.140847,0
-0.823436,0.33056,0,-0.226166,-0.194363,0,1.0496,-0.136197,0
-0.815479,0.333293,0,-0.236313,-0.201749,0,1.05179,-0.131543,0
-0.807377,0.33591,0,-0.246518,-0.209023,0,1.05389,-0.126887,0
-0.799131,0.338406,0,-0.256781,-0.216179,0,1.05591,-0.122227,0
-0.790743,0.340777,0,-0.267103,-0.223213,0,1.05785,-0.117565,0
-0.782213,0.343018,0,-0.277483,-0.230117,0,1.0597,-0.1129,0
-0.773543,0.345123,0,-0.287921,-0.236889,0,1.06146,-0.108234,0
-0.764734,0.347088,0,-0.298417,-0.243521,0,1.06315,-0.103567,0
-0.755789,0.348908,0,-0.308969,-0.25001,0,1.06476,-0.0988976,0
-0.746709,0.350577,0,-0.319576,-0.256349,0,1.06628,-0.0942275,0
-0.737496,0.352091,0,-0.330236,-0.262534,0,1.06773,-0.0895566,0
-0.728154,0.353444,0,-0.340948,-0.26856,0,1.0691,-0.0848849,0
-0.718685,0.354633,0,-0.351709,-0.27442,0,1.07039,-0.0802128,0
-0.709092,0.355652,0,-0.362517,-0.280112,0,1.07161,-0.0755402,0
-0.699379,0.356496,0,-0.37337,-0.285629,0,1.07275,-0.0708673,0
-0.689549,0.357162,0,-0.384263,-0.290967,0,1.07381,-0.0661943,0
-0.679607,0.357644,0,-0.395194,-0.296123,0,1.0748,-0.0615212,0
-0.669557,0.357938,0,-0.406159,-0.30109,0,1.07572,-0.056848,0
-0.659402,0.358041,0,-0.417153,-0.305866,0,1.07656,-0.0521749,0
-0.649149,0.357949,0,-0.428174,-0.310447,0,1.07732,-0.0475018,0
-0.638801,0.357658,0,-0.439215,-0.314829,0,1.07802,-0.0428288,0
-0.628364,0.357165,0,-0.450273,-0.319009,0,1.07864,-0.038156,0
-0.617843,0.356466,0,-0.461342,-0.322983,0,1.07919,-0.0334832,0
-0.607244,0.35556,0,-0.472417,-0.326749,0,1.07966,-0.0288106,0
-0.596573,0.354444,0,-0.483494,-0.330306,0,1.08007,-0.0241381,0
-0.585834,0.353115,0,-0.494565,-0.333649,0,1.0804,-0.0194658,0
-0.575035,0.351572,0,-0.505625,-0.336779,0,1.08066,-0.0147935,0
-0.56418,0.349815,0,-0.51667,-0.339693,0,1.08085,-0.0101213,0
-0.553277,0.34784,0,-0.527691,-0.342391,0,1.08097,-0.00544917,0
-0.542331,0.345649,0,-0.538685,-0.344872,0,1.08102,-0.00077707,0
-0.531349,0.34324,0,-0.549644,-0.347135,0,1.08099,0.00389503,0
-0.520336,0.340615,0,-0.560562,-0.349182,0,1.0809,0.00856715,0
-0.509298,0.337772,0,-0.571433,-0.351012,0,1.08073,0.0132393,0
-0.498242,0.334714,0,-0.582251,-0.352626,0,1.08049,0.0179116,0
-0.487174,0.331441,0,-0.593011,-0.354025,0,1.08018,0.0225839,0
-0.476099,0.327956,0,-0.603705,-0.355212,0,1.0798,0.0272563,0
-0.465023,0.324259,0,-0.614329,-0.356188,0,1.07935,0.0319289,0
-0.453951,0.320353,0,-0.624876,-0.356955,0,1.07883,0.0366016,0
-0.442889,0.316241,0,-0.635342,-0.357516,0,1.07823,0.0412744,0
-0.431841,0.311927,0,-0.64572,-0.357874,0,1.07756,0.0459474,0
-0.420813,0.307411,0,-0.656005,-0.358032,0,1.07682,0.0506204,0
-0.40981,0.3027,0,-0.666193,-0.357993,0,1.076,0.0552935,0
-0.398834,0.297795,0,-0.676278,-0.357762,0,1.07511,0.0599667,0
-0.387892,0.292702,0,-0.686257,-0.357342,0,1.07415,0.0646398,0
-0.376986,0.287424,0,-0.696124,-0.356737,0,1.07311,0.0693129,0
-0.366119,0.281966,0,-0.705877,-0.355952,0,1.072,0.0739858,0
-0.355296,0.276332,0,-0.71551,-0.35499,0,1.07081,0.0786585,0
-0.344519,0.270527,0,-0.72502,-0.353858,0,1.06954,0.0833308,0
-0.33379,0.264556,0,-0.734405,-0.352558,0,1.0682,0.0880027,0
-0.323113,0.258423,0,-0.743661,-0.351097,0,1.06677,0.0926739,0
-0.312488,0.252135,0,-0.752785,-0.349479,0,1.06527,0.0973442,0
-0.301918,0.245695,0,-0.761776,-0.347709,0,1.06369,0.102014,0
-0.291403,0.23911,0,-0.770631,-0.345792,0,1.06203,0.106682,0
-0.280946,0.232384,0,-0.779347,-0.343732,0,1.06029,0.111348,0
-0.270546,0.225523,0,-0.787923,-0.341536,0,1.05847,0.116013,0
-0.260205,0.218532,0,-0.796359,-0.339208,0,1.05656,0.120676,0
-0.249922,0.211416,0,-0.804652,-0.336753,0,1.05457,0.125337,0
-0.239698,0.204181,0,-0.812802,-0.334175,0,1.0525,0.129995,0
-0.229532,0.196831,0,-0.820807,-0.331481,0,1.05034,0.134649,0
-0.219424,0.189373,0,-0.828668,-0.328674,0,1.04809,0.139301,0
-0.209373,0.181811,0,-0.836384,-0.325759,0,1.04576,0.143948,0
-0.199378,0.17415,0,-0.843954,-0.322741,0,1.04333,0.14859,0
-0.189437,0.166396,0,-0.85138,-0.319624,0,1.04082,0.153228,0
-0.17955,0.158553,0,-0.85866,-0.316413,0,1.03821,0.15786,0
-0.169715,0.150627,0,-0.865796,-0.313113,0,1.03551,0.162485,0
-0.159931,0.142623,0,-0.872787,-0.309727,0,1.03272,0.167104,0
-0.150194,0.134544,0,-0.879635,-0.306259,0,1.02983,0.171715,0
-0.140503,0.126397,0,-0.88634,-0.302714,0,1.02684,0.176317,0
-0.130857,0.118185,0,-0.892903,-0.299095,0,1.02376,0.18091,0
-0.121252,0.109914,0,-0.899325,-0.295407,0,1.02058,0.185493,0
-0.111685,0.101588,0,-0.905607,-0.291652,0,1.01729,0.190064,0
-0.102156,0.0932109,0,-0.911751,-0.287834,0,1.01391,0.194623,0
-0.0926596,0.0847883,0,-0.917756,-0.283957,0,1.01042,0.199169,0
-0.0831944,0.076324,0,-0.923625,-0.280024,0,1.00682,0.2037,0
-0.0737573,0.0678226,0,-0.92936,-0.276038,0,1.00312,0.208216,0
-0.0643452,0.0592883,0,-0.93496,-0.272002,0,0.999306,0.212714,0
-0.0549551,0.0507253,0,-0.940429,-0.267919,0,0.995384,0.217194,0
-0.0455839,0.0421379,0,-0.945767,-0.263792,0,0.991351,0.221654,0
-0.0362284,0.0335304,0,-0.950976,-0.259622,0,0.987205,0.226092,0
-0.0268856,0.0249068,0,-0.956058,-0.255414,0,0.982943,0.230507,0
-0.0175521,0.0162714,0,-0.961013,-0.251169,0,0.978565,0.234898,0
-0.0082248,0.00762814,0,-0.965844,-0.246889,0,0.974069,0.239261,0
0.00109966,-0.0010187,0,-0.970553,-0.242578,0,0.969453,0.243596,0
0.0104245,-0.00966505,0,-0.97514,-0.238236,0,0.964716,0.247901,0
0.019753,-0.0183068,0,-0.979608,-0.233866,0,0.959855,0.252172,0
0.0290884,-0.0269398,0,-0.983959,-0.229469,0,0.95487,0.256409,0
0.0384339,-0.03556,0,-0.988193,-0.225048,0,0.949759,0.260608,0
0.0477928,-0.0441632,0,-0.992312,-0.220605,0,0.94452,0.264768,0
0.0571682,-0.0527452,0,-0.996319,-0.21614,0,0.939151,0.268885,0
0.0665632,-0.0613018,0,-1.00021,-0.211656,0,0.933651,0.272958,0
0.0759809,-0.0698287,0,-1.004,-0.207153,0,0.928019,0.276982,0
0.0854244,-0.0783218,0,-1.00768,-0.202634,0,0.922253,0.280956,0
0.0948966,-0.0867766,0,-1.01125,-0.198099,0,0.916352,0.284876,0
0.1044,-0.0951888,0,-1.01471,-0.19355,0,0.910314,0.288739,0
0.113938,-0.103554,0,-1.01808,-0.188988,0,0.904138,0.292542,0
0.123514,-0.111868,0,-1.02134,-0.184414,0,0.897823,0.296282,0
0.133128,-0.120125,0,-1.0245,-0.179829,0,0.891368,0.299954,0
0.142785,-0.128322,0,-1.02756,-0.175234,0,0.884772,0.303556,0
0.152486,-0.136454,0,-1.03052,-0.170629,0,0.878033,0.307083,0
0.162234,-0.144515,0,-1.03339,-0.166017,0,0.871151,0.310532,0
0.172031,-0.152502,0,-1.03616,-0.161396,0,0.864126,0.313898,0
0.181878,-0.160409,0,-1.03883,-0.156769,0,0.856956,0.317178,0
0.191777,-0.168231,0,-1.04142,-0.152136,0,0.849641,0.320367,0
0.20173,-0.175964,0,-1.04391,-0.147497,0,0.842182,0.323461,0
0.211739,-0.183602,0,-1.04632,-0.142853,0,0.834577,0.326455,0
0.221803,-0.19114,0,-1.04863,-0.138205,0,0.826827,0.329345,0
0.231925,-0.198573,0,-1.05086,-0.133553,0,0.818932,0.332126,0
0.242104,-0.205896,0,-1.053,-0.128898,0,0.810892,0.334793,0
0.252342,-0.213103,0,-1.05505,-0.124239,0,0.802709,0.337343,0
0.262639,-0.22019,0,-1.05702,-0.119578,0,0.794382,0.339768,0
0.272994,-0.227151,0,-1.05891,-0.114915,0,0.785913,0.342066,0
0.283407,-0.233981,0,-1.06071,-0.110249,0,0.777303,0.34423,0
0.293878,-0.240674,0,-1.06243,-0.105582,0,0.768554,0.346256,0
0.304406,-0.247225,0,-1.06407,-0.100914,0,0.759667,0.348139,0
0.31499,-0.25363,0,-1.06563,-0.0962442,0,0.750645,0.349874,0
0.325627,-0.259882,0,-1.06712,-0.0915736,0,0.741489,0.351456,0
0.336317,-0.265977,0,-1.06852,-0.0869023,0,0.732202,0.352879,0
0.347057,-0.271909,0,-1.06984,-0.0822304,0,0.722788,0.354139,0
0.357846,-0.277674,0,-1.07109,-0.077558,0,0.713248,0.355232,0
0.368679,-0.283267,0,-1.07227,-0.0728852,0,0.703586,0.356152,0
0.379555,-0.288683,0,-1.07336,-0.0682123,0,0.693807,0.356896,0
0.39047,-0.293918,0,-1.07438,-0.0635392,0,0.683913,0.357457,0
0.401421,-0.298967,0,-1.07533,-0.058866,0,0.673909,0.357833,0
0.412403,-0.303827,0,-1.0762,-0.0541929,0,0.663798,0.35802,0
0.423413,-0.308492,0,-1.077,-0.0495198,0,0.653587,0.358012,0
0.434446,-0.31296,0,-1.07773,-0.0448467,0,0.643279,0.357807,0
0.445497,-0.317228,0,-1.07838,-0.0401738,0,0.63288,0.357401,0
0.456562,-0.321291,0,-1.07896,-0.035501,0,0.622395,0.356792,0
0.467636,-0.325148,0,-1.07946,-0.0308284,0,0.611829,0.355976,0
0.478712,-0.328795,0,-1.0799,-0.0261559,0,0.601188,0.354951,0
0.489786,-0.33223,0,-1.08026,-0.0214835,0,0.590478,0.353714,0
0.500852,-0.335453,0,-1.08056,-0.0168112,0,0.579704,0.352264,0
0.511904,-0.33846,0,-1.08078,-0.0121389,0,0.568872,0.350599,0
0.522937,-0.341251,0,-1.08093,-0.0074668,0,0.557989,0.348718,0
0.533943,-0.343826,0,-1.081,-0.00279469,0,0.547061,0.34662,0
0.544918,-0.346183,0,-1.08101,0.0018774,0,0.536094,0.344306,0
0.555854,-0.348323,0,-1.08095,0.0065495,0,0.525093,0.341774,0
0.566746,-0.350246,0,-1.08081,0.0112216,0,0.514065,0.339025,0
0.577588,-0.351953,0,-1.0806,0.0158938,0,0.503017,0.33606,0
0.588374,-0.353445,0,-1.08033,0.0205661,0,0.491953,0.332879,0
0.599097,-0.354724,0,-1.07998,0.0252385,0,0.48088,0.329485,0
0.609752,-0.35579,0,-1.07956,0.029911,0,0.469804,0.325879,0
0.620333,-0.356647,0,-1.07906,0.0345836,0,0.458729,0.322063,0
0.630835,-0.357297,0,-1.0785,0.0392564,0,0.447662,0.31804,0
0.641251,-0.357742,0,-1.07786,0.0439293,0,0.436608,0.313813,0
0.651577,-0.357986,0,-1.07715,0.0486023,0,0.425571,0.309384,0
0.661808,-0.358032,0,-1.07636,0.0532754,0,0.414556,0.304756,0
0.671938,-0.357883,0,-1.07551,0.0579485,0,0.403568,0.299935,0
0.681963,-0.357544,0,-1.07457,0.0626217,0,0.392611,0.294922,0
0.691879,-0.357018,0,-1.07357,0.0672948,0,0.381689,0.289724,0
0.701682,-0.35631,0,-1.07249,0.0719678,0,0.370805,0.284343,0
0.711367,-0.355424,0,-1.07133,0.0766406,0,0.359963,0.278784,0
0.720931,-0.354365,0,-1.0701,0.0813131,0,0.349165,0.273052,0
0.73037,-0.353137,0,-1.06879,0.0859851,0,0.338416,0.267152,0
0.739682,-0.351745,0,-1.0674,0.0906566,0,0.327716,0.261088,0
0.748864,-0.350194,0,-1.06593,0.0953273,0,0.317068,0.254867,0
0.757912,-0.348489,0,-1.06439,0.0999972,0,0.306474,0.248492,0
0.766826,-0.346634,0,-1.06276,0.104666,0,0.295935,0.241969,0
0.775602,-0.344636,0,-1.06105,0.109333,0,0.285453,0.235303,0
0.784239,-0.342498,0,-1.05927,0.113999,0,0.275028,0.228499,0
0.792736,-0.340226,0,-1.0574,0.118663,0,0.264662,0.221564,0
0.80109,-0.337825,0,-1.05544,0.123324,0,0.254354,0.214501,0
0.809302,-0.3353,0,-1.05341,0.127983,0,0.244104,0.207317,0
0.81737,-0.332655,0,-1.05128,0.13264,0,0.233913,0.200016,0
0.825293,-0.329896,0,-1.04907,0.137292,0,0.22378,0.192604,0
0.833072,-0.327027,0,-1.04678,0.141941,0,0.213705,0.185086,0
0.840705,-0.324053,0,-1.04439,0.146586,0,0.203685,0.177467,0
0.848193,-0.320978,0,-1.04191,0.151226,0,0.193722,0.169753,0
0.855536,-0.317808,0,-1.03935,0.15586,0,0.183812,0.161947,0
0.862734,-0.314545,0,-1.03669,0.160489,0,0.173955,0.154057,0
0.869788,-0.311195,0,-1.03394,0.16511,0,0.164149,0.146085,0
0.876698,-0.307762,0,-1.03109,0.169725,0,0.154391,0.138038,0
0.883464,-0.30425,0,-1.02815,0.174331,0,0.144681,0.12992,0
0.890089,-0.300663,0,-1.0251,0.178928,0,0.135016,0.121735,0
0.896571,-0.297004,0,-1.02196,0.183515,0,0.125393,0.113489,0
0.902914,-0.293277,0,-1.01872,0.188091,0,0.11581,0.105186,0
0.909117,-0.289486,0,-1.01538,0.192656,0,0.106265,0.0968305,0
0.915182,-0.285635,0,-1.01194,0.197207,0,0.0967551,0.0884272,0
0.921109,-0.281725,0,-1.00839,0.201745,0,0.087277,0.0799803,0
0.926902,-0.277762,0,-1.00473,0.206267,0,0.0778281,0.0714944,0
0.93256,-0.273747,0,-1.00097,0.210773,0,0.0684056,0.0629737,0
0.938086,-0.269684,0,-0.997092,0.215261,0,0.0590064,0.0544225,0
0.94348,-0.265575,0,-0.993107,0.21973,0,0.0496275,0.0458451,0
0.948744,-0.261424,0,-0.98901,0.224178,0,0.0402657,0.0372458,0
0.953881,-0.257232,0,-0.984798,0.228603,0,0.0309178,0.0286286,0
0.95889,-0.253002,0,-0.980471,0.233005,0,0.0215807,0.0199977,0
0.963775,-0.248737,0,-0.976026,0.23738,0,0.0122512,0.0113573,0
0.968536,-0.244439,0,-0.971462,0.241728,0,0.00292593,0.00271148,0
0.973176,-0.24011,0,-0.966778,0.246045,0,-0.00639831,-0.00593561,0
0.977695,-0.235752,0,-0.96197,0.250332,0,-0.0157248,-0.0145799,0
0.982096,-0.231366,0,-0.957039,0.254584,0,-0.0250568,-0.0232172,0
0.98638,-0.226956,0,-0.951983,0.258799,0,-0.0343975,-0.0318435,0
0.990549,-0.222522,0,-0.946799,0.262976,0,-0.0437502,-0.0404545,0
0.994604,-0.218066,0,-0.941486,0.267112,0,-0.053118,-0.0490462,0
0.998548,-0.21359,0,-0.936043,0.271204,0,-0.0625041,-0.0576143,0
1.00238,-0.209095,0,-0.930469,0.27525,0,-0.0719116,-0.0661546,0
1.0061,-0.204583,0,-0.924761,0.279246,0,-0.0813436,-0.0746628,0
1.00972,-0.200055,0,-0.918918,0.283189,0,-0.090803,-0.0831347,0
1.01323,-0.195512,0,-0.912939,0.287078,0,-0.100293,-0.0915659,0
1.01664,-0.190955,0,-0.906823,0.290907,0,-0.109816,-0.0999519,0
1.01994,-0.186386,0,-0.900568,0.294674,0,-0.119374,-0.108288,0
1.02315,-0.181805,0,-0.894174,0.298376,0,-0.128972,-0.116571,0
1.02625,-0.177214,0,-0.887639,0.302009,0,-0.13861,-0.124794,0
1.02925,-0.172614,0,-0.880961,0.305569,0,-0.148292,-0.132955,0
1.03216,-0.168005,0,-0.874142,0.309052,0,-0.158019,-0.141047,0
1.03497,-0.163388,0,-0.867178,0.312454,0,-0.167794,-0.149067,0
1.03769,-0.158763,0,-0.860071,0.315772,0,-0.177619,-0.157009,0
1.04031,-0.154133,0,-0.852819,0.319001,0,-0.187496,-0.164868,0
1.04285,-0.149496,0,-0.845422,0.322136,0,-0.197426,-0.17264,0
1.04529,-0.144854,0,-0.83788,0.325174,0,-0.20741,-0.18032,0
1.04764,-0.140208,0,-0.830193,0.328109,0,-0.21745,-0.187901,0
1.04991,-0.135558,0,-0.82236,0.330938,0,-0.227547,-0.19538,0
1.05208,-0.130903,0,-0.814383,0.333655,0,-0.237701,-0.202752,0
1.05418,-0.126246,0,-0.806262,0.336256,0,-0.247914,-0.21001,0
1.05618,-0.121586,0,-0.797997,0.338736,0,-0.258185,-0.217149,0
1.0581,-0.116924,0,-0.789589,0.341089,0,-0.268515,-0.224165,0
1.05994,-0.112259,0,-0.78104,0.343311,0,-0.278903,-0.231052,0
1.0617,-0.107593,0,-0.772351,0.345398,0,-0.289349,-0.237805,0
1.06338,-0.102925,0,-0.763523,0.347343,0,-0.299852,-0.244418,0
1.06497,-0.0982556,0,-0.754559,0.349143,0,-0.310412,-0.250887,0
1.06649,-0.0935854,0,-0.745461,0.350791,0,-0.321026,-0.257206,0
1.06792,-0.0889144,0,-0.736231,0.352283,0,-0.331694,-0.263369,0
1.06928,-0.0842426,0,-0.726871,0.353615,0,-0.342412,-0.269372,0
1.07056,-0.0795704,0,-0.717385,0.354781,0,-0.35318,-0.27521,0
1.07177,-0.0748978,0,-0.707775,0.355776,0,-0.363994,-0.280878,0
1.0729,-0.0702249,0,-0.698046,0.356596,0,-0.374852,-0.286371,0
1.07395,-0.0655518,0,-0.688201,0.357237,0,-0.385751,-0.291685,0
1.07493,-0.0608787,0,-0.678244,0.357693,0,-0.396687,-0.296815,0
1.07583,-0.0562055,0,-0.668179,0.357962,0,-0.407656,-0.301757,0
1.07667,-0.0515324,0,-0.658011,0.358039,0,-0.418654,-0.306506,0
1.07742,-0.0468593,0,-0.647744,0.357919,0,-0.429678,-0.31106,0
1.07811,-0.0421863,0,-0.637384,0.357601,0,-0.440721,-0.315415,0
1.07872,-0.0375135,0,-0.626936,0.35708,0,-0.451781,-0.319566,0
1.07926,-0.0328408,0,-0.616404,0.356353,0,-0.462851,-0.323513,0
1.07972,-0.0281682,0,-0.605795,0.355419,0,-0.473927,-0.327251,0
1.08012,-0.0234957,0,-0.595113,0.354274,0,-0.485003,-0.330778,0
1.08044,-0.0188233,0,-0.584366,0.352916,0,-0.496073,-0.334093,0
1.08069,-0.0141511,0,-0.573559,0.351344,0,-0.507132,-0.337193,0
1.08087,-0.0094789,0,-0.562698,0.349557,0,-0.518173,-0.340078,0
1.08098,-0.00480677,0,-0.551788,0.347553,0,-0.529192,-0.342746,0
1.08102,-0.000134671,0,-0.540837,0.345332,0,-0.54018,-0.345197,0
1.08098,0.00453743,0,-0.52985,0.342894,0,-0.551134,-0.347431,0
1.08088,0.00920955,0,-0.518833,0.340238,0,-0.562046,-0.349448,0
1.0807,0.0138817,0,-0.507793,0.337367,0,-0.57291,-0.351248,0
1.08046,0.018554,0,-0.496735,0.334279,0,-0.583721,-0.352833,0
1.08014,0.0232263,0,-0.485666,0.330977,0,-0.594472,-0.354204,0
1.07975,0.0278988,0,-0.47459,0.327463,0,-0.605157,-0.355361,0
1.07929,0.0325714,0,-0.463514,0.323737,0,-0.615771,-0.356309,0
1.07875,0.0372441,0,-0.452443,0.319804,0,-0.626307,-0.357048,0
1.07814,0.0419169,0,-0.441383,0.315664,0,-0.636761,-0.357581,0
1.07746,0.0465899,0,-0.430338,0.311322,0,-0.647127,-0.357911,0
1.07671,0.0512629,0,-0.419313,0.30678,0,-0.657399,-0.358042,0
1.07589,0.0559361,0,-0.408313,0.302041,0,-0.667573,-0.357978,0
1.07499,0.0606092,0,-0.397342,0.297111,0,-0.677644,-0.35772,0
1.07401,0.0652824,0,-0.386404,0.291992,0,-0.687608,-0.357275,0
1.07296,0.0699554,0,-0.375503,0.28669,0,-0.69746,-0.356645,0
1.07184,0.0746283,0,-0.364643,0.281207,0,-0.707196,-0.355835,0
1.07064,0.079301,0,-0.353826,0.27555,0,-0.716813,-0.354851,0
1.06936,0.0839732,0,-0.343055,0.269722,0,-0.726306,-0.353695,0
1.06801,0.088645,0,-0.332333,0.263728,0,-0.735674,-0.352373,0
1.06657,0.093316,0,-0.321663,0.257574,0,-0.744912,-0.35089,0
1.06506,0.0979863,0,-0.311045,0.251265,0,-0.754018,-0.349251,0
1.06347,0.102655,0,-0.300482,0.244805,0,-0.76299,-0.347461,0
1.0618,0.107323,0,-0.289976,0.238201,0,-0.771826,-0.345524,0
1.06005,0.11199,0,-0.279526,0.231456,0,-0.780524,-0.343446,0
1.05822,0.116655,0,-0.269135,0.224577,0,-0.789081,-0.341232,0
1.0563,0.121317,0,-0.258801,0.217569,0,-0.797497,-0.338886,0
1.0543,0.125977,0,-0.248526,0.210436,0,-0.805771,-0.336414,0
1.05221,0.130635,0,-0.23831,0.203185,0,-0.813901,-0.33382,0
1.05004,0.135289,0,-0.228152,0.195821,0,-0.821886,-0.33111,0
1.04778,0.13994,0,-0.218052,0.188348,0,-0.829728,-0.328288,0
1.04543,0.144586,0,-0.208008,0.180772,0,-0.837424,-0.325358,0
1.043,0.149228,0,-0.198021,0.173098,0,-0.844974,-0.322327,0
1.04047,0.153865,0,-0.188088,0.165332,0,-0.85238,-0.319197,0
1.03785,0.158496,0,-0.178208,0.157478,0,-0.859641,-0.315974,0
1.03514,0.163121,0,-0.16838,0.14954,0,-0.866757,-0.312661,0
1.03233,0.167738,0,-0.158602,0.141525,0,-0.873729,-0.309264,0
1.02943,0.172348,0,-0.148872,0.133437,0,-0.880557,-0.305785,0
1.02643,0.176949,0,-0.139187,0.125281,0,-0.887243,-0.30223,0
1.02333,0.181541,0,-0.129546,0.117061,0,-0.893786,-0.298602,0
1.02014,0.186122,0,-0.119947,0.108782,0,-0.900189,-0.294904,0
1.01684,0.190692,0,-0.110386,0.100449,0,-0.906452,-0.29114,0
1.01344,0.195249,0,-0.100861,0.0920656,0,-0.912577,-0.287315,0
1.00993,0.199793,0,-0.091369,0.083637,0,-0.918564,-0.28343,0
1.00632,0.204322,0,-0.0819079,0.0751675,0,-0.924415,-0.279489,0
1.0026,0.208835,0,-0.0724743,0.0666614,0,-0.930131,-0.275496,0
0.998779,0.213331,0,-0.0630654,0.0581229,0,-0.935713,-0.271454,0
0.994842,0.217808,0,-0.053678,0.0495564,0,-0.941164,-0.267365,0
0.990793,0.222265,0,-0.0443091,0.0409661,0,-0.946484,-0.263231,0
0.986631,0.2267,0,-0.0349556,0.0323562,0,-0.951676,-0.259057,0
0.982354,0.231112,0,-0.0256142,0.0237308,0,-0.95674,-0.254843,0
0.97796,0.235499,0,-0.0162818,0.0150941,0,-0.961679,-0.250593,0
0.973448,0.239859,0,-0.00695503,0.00645014,0,-0.966493,-0.246309,0
0.968816,0.24419,0,0.0023693,-0.00219683,0,-0.971185,-0.241993,0
0.964062,0.24849,0,0.0116945,-0.0108428,0,-0.975756,-0.237647,0
0.959184,0.252757,0,0.0210237,-0.0194835,0,-0.980208,-0.233274,0
0.954182,0.256989,0,0.0303603,-0.028115,0,-0.984543,-0.228874,0
0.949054,0.261183,0,0.0397074,-0.0367331,0,-0.988761,-0.22445,0
0.943797,0.265337,0,0.0490684,-0.0453336,0,-0.992865,-0.220003,0
0.93841,0.269448,0,0.0584462,-0.0539123,0,-0.996857,-0.215536,0
0.932893,0.273514,0,0.0678442,-0.0624651,0,-1.00074,-0.211049,0
0.927242,0.277532,0,0.0772653,-0.0709877,0,-1.00451,-0.206544,0
0.921458,0.281498,0,0.0867125,-0.0794757,0,-1.00817,-0.202023,0
0.915538,0.285411,0,0.0961888,-0.087925,0,-1.01173,-0.197486,0
0.909482,0.289266,0,0.105697,-0.096331,0,-1.01518,-0.192935,0
0.903287,0.293061,0,0.11524,-0.104689,0,-1.01853,-0.188371,0
0.896953,0.296791,0,0.12482,-0.112996,0,-1.02177,-0.183796,0
0.890479,0.300454,0,0.134441,-0.121245,0,-1.02492,-0.179209,0
0.883863,0.304046,0,0.144104,-0.129433,0,-1.02797,-0.174613,0
0.877105,0.307563,0,0.153811,-0.137556,0,-1.03092,-0.170007,0
0.870203,0.311001,0,0.163565,-0.145607,0,-1.03377,-0.165393,0
0.863158,0.314355,0,0.173369,-0.153583,0,-1.03653,-0.160772,0
0.855969,0.317623,0,0.183223,-0.161479,0,-1.03919,-0.156144,0
0.848635,0.320799,0,0.193129,-0.169289,0,-1.04176,-0.15151,0
0.841155,0.32388,0,0.20309,-0.177009,0,-1.04425,-0.14687,0
0.833531,0.32686,0,0.213106,-0.184634,0,-1.04664,-0.142226,0
0.825761,0.329735,0,0.223178,-0.192158,0,-1.04894,-0.137577,0
0.817846,0.332501,0,0.233307,-0.199576,0,-1.05115,-0.132925,0
0.809787,0.335153,0,0.243495,-0.206884,0,-1.05328,-0.128269,0
0.801584,0.337685,0,0.253741,-0.214075,0,-1.05532,-0.12361,0
0.793238,0.340094,0,0.264045,-0.221145,0,-1.05728,-0.118949,0
0.78475,0.342373,0,0.274408,-0.228089,0,-1.05916,-0.114285,0
0.776121,0.344519,0,0.28483,-0.2349,0,-1.06095,-0.109619,0
0.767353,0.346526,0,0.295308,-0.241574,0,-1.06266,-0.104952,0
0.758448,0.348389,0,0.305844,-0.248106,0,-1.06429,-0.100283,0
0.749407,0.350103,0,0.316435,-0.25449,0,-1.06584,-0.0956136,0
0.740233,0.351664,0,0.327079,-0.260721,0,-1.06731,-0.0909429,0
0.730929,0.353065,0,0.337776,-0.266794,0,-1.06871,-0.0862715,0
0.721497,0.354303,0,0.348523,-0.272704,0,-1.07002,-0.0815995,0
0.711941,0.355373,0,0.359318,-0.278446,0,-1.07126,-0.076927,0
0.702263,0.356269,0,0.370157,-0.284015,0,-1.07242,-0.0722542,0
0.692467,0.356988,0,0.381039,-0.289406,0,-1.07351,-0.0675813,0
0.682558,0.357524,0,0.391959,-0.294616,0,-1.07452,-0.0629081,0
0.672539,0.357875,0,0.402914,-0.29964,0,-1.07545,-0.058235,0
0.662415,0.358035,0,0.4139,-0.304473,0,-1.07632,-0.0535618,0
0.652191,0.358,0,0.424913,-0.309112,0,-1.0771,-0.0488887,0
0.64187,0.357768,0,0.435949,-0.313553,0,-1.07782,-0.0442157,0
0.631459,0.357335,0,0.447003,-0.317792,0,-1.07846,-0.0395428,0
0.620963,0.356698,0,0.458069,-0.321828,0,-1.07903,-0.0348701,0
0.610386,0.355853,0,0.469143,-0.325656,0,-1.07953,-0.0301974,0
0.599735,0.354799,0,0.480219,-0.329274,0,-1.07995,-0.0255249,0
0.589016,0.353534,0,0.491293,-0.332681,0,-1.08031,-0.0208525,0
0.578234,0.352054,0,0.502357,-0.335874,0,-1.08059,-0.0161802,0
0.567395,0.35036,0,0.513407,-0.338852,0,-1.0808,-0.011508,0
0.556506,0.34845,0,0.524436,-0.341614,0,-1.08094,-0.00683588,0
0.545572,0.346323,0,0.535438,-0.344159,0,-1.08101,-0.00216378,0
0.5346,0.343979,0,0.546408,-0.346487,0,-1.08101,0.00250832,0
0.523595,0.341417,0,0.557339,-0.348597,0,-1.08093,0.00718043,0
0.512564,0.338639,0,0.568224,-0.350491,0,-1.08079,0.0118526,0
0.501513,0.335644,0,0.579059,-0.352169,0,-1.08057,0.0165248,0
0.490448,0.332435,0,0.589836,-0.353632,0,-1.08028,0.0211971,0
0.479374,0.329012,0,0.600551,-0.354881,0,-1.07993,0.0258695,0
0.468298,0.325377,0,0.611196,-0.355919,0,-1.07949,0.030542,0
0.457224,0.321533,0,0.621767,-0.356748,0,-1.07899,0.0352147,0
0.446159,0.317482,0,0.632257,-0.357369,0,-1.07842,0.0398875,0
0.435106,0.313227,0,0.642661,-0.357787,0,-1.07777,0.0445604,0
0.424072,0.30877,0,0.652975,-0.358004,0,-1.07705,0.0492334,0
0.413061,0.304117,0,0.663192,-0.358023,0,-1.07625,0.0539065,0
0.402077,0.299269,0,0.673308,-0.357848,0,-1.07539,0.0585797,0
0.391125,0.294231,0,0.683319,-0.357484,0,-1.07444,0.0632528,0
0.380207,0.289007,0,0.693219,-0.356933,0,-1.07343,0.0679259,0
0.369329,0.283601,0,0.703006,-0.3562,0,-1.07233,0.0725989,0
0.358493,0.278019,0,0.712675,-0.355291,0,-1.07117,0.0772717,0
0.347702,0.272264,0,0.722222,-0.354208,0,-1.06992,0.0819441,0
0.336959,0.266341,0,0.731644,-0.352957,0,-1.0686,0.0866161,0
0.326266,0.260256,0,0.740938,-0.351544,0,-1.0672,0.0912875,0
0.315625,0.254013,0,0.750102,-0.349971,0,-1.06573,0.0959581,0
0.305038,0.247618,0,0.759132,-0.348246,0,-1.06417,0.100628,0
0.294507,0.241075,0,0.768027,-0.346371,0,-1.06253,0.105296,0
0.284033,0.23439,0,0.776785,-0.344354,0,-1.06082,0.109964,0
0.273616,0.227568,0,0.785403,-0.342198,0,-1.05902,0.114629,0
0.263258,0.220615,0,0.79388,-0.339908,0,-1.05714,0.119293,0
0.252958,0.213536,0,0.802215,-0.33749,0,-1.05517,0.123954,0
0.242716,0.206335,0,0.810408,-0.334948,0,-1.05312,0.128613,0
0.232533,0.199019,0,0.818456,-0.332287,0,-1.05099,0.133268,0
0.222408,0.191592,0,0.826359,-0.329513,0,-1.04877,0.137921,0
0.21234,0.18406,0,0.834118,-0.326629,0,-1.04646,0.142569,0
0.202329,0.176428,0,0.841732,-0.323641,0,-1.04406,0.147213,0
0.192372,0.168701,0,0.8492,-0.320553,0,-1.04157,0.151852,0
0.18247,0.160884,0,0.856523,-0.31737,0,-1.03899,0.156486,0
0.17262,0.152982,0,0.863702,-0.314096,0,-1.03632,0.161113,0
0.16282,0.145,0,0.870736,-0.310734,0,-1.03356,0.165734,0
0.15307,0.136943,0,0.877626,-0.30729,0,-1.0307,0.170347,0
0.143366,0.128815,0,0.884373,-0.303768,0,-1.02774,0.174952,0
0.133706,0.120622,0,0.890978,-0.30017,0,-1.02468,0.179548,0
0.124089,0.112368,0,0.897442,-0.296502,0,-1.02153,0.184134,0
0.114512,0.104058,0,0.903765,-0.292766,0,-1.01828,0.188709,0
0.104972,0.0956955,0,0.909949,-0.288967,0,-1.01492,0.193272,0
0.095466,0.087286,0,0.915995,-0.285107,0,-1.01146,0.197821,0
0.085992,0.0788336,0,0.921905,-0.281191,0,-1.0079,0.202357,0
0.0765469,0.0703427,0,0.927679,-0.27722,0,-1.00423,0.206877,0
0.0671278,0.0618176,0,0.933319,-0.273198,0,-1.00045,0.211381,0
0.0577315,0.0532626,0,0.938826,-0.269129,0,-0.996558,0.215866,0
0.0483551,0.044682,0,0.944203,-0.265014,0,-0.992558,0.220332,0
0.0389954,0.0360799,0,0.94945,-0.260857,0,-0.988445,0.224777,0
0.0296492,0.0274606,0,0.954569,-0.25666,0,-0.984218,0.229199,0
0.0203134,0.0188282,0,0.959562,-0.252426,0,-0.979875,0.233597,0
0.0109846,0.0101868,0,0.964429,-0.248156,0,-0.975414,0.237969,0
0.00165968,0.00154062,0,0.969174,-0.243853,0,-0.970834,0.242313,0
-0.00766466,-0.00710634,0,0.973797,-0.23952,0,-0.966133,0.246627,0
-0.0169917,-0.0157499,0,0.9783,-0.235158,0,-0.961309,0.250908,0
-0.0263247,-0.024386,0,0.982685,-0.230769,0,-0.956361,0.255155,0
-0.0356668,-0.0330104,0,0.986954,-0.226356,0,-0.951287,0.259366,0
-0.0450213,-0.0416191,0,0.991107,-0.221919,0,-0.946086,0.263538,0
-0.0543914,-0.0502078,0,0.995147,-0.21746,0,-0.940755,0.267668,0
-0.0637803,-0.0587724,0,0.999075,-0.212981,0,-0.935295,0.271754,0
-0.0731909,-0.0673086,0,1.00289,-0.208484,0,-0.929702,0.275793,0
-0.0826264,-0.0758122,0,1.0066,-0.20397,0,-0.923976,0.279782,0
-0.0920898,-0.0842788,0,1.0102,-0.199439,0,-0.918115,0.283718,0
-0.101584,-0.0927042,0,1.0137,-0.194894,0,-0.912117,0.287599,0
-0.111111,-0.101084,0,1.01709,-0.190336,0,-0.905982,0.29142,0
-0.120675,-0.109413,0,1.02038,-0.185765,0,-0.899709,0.295179,0
-0.130278,-0.117688,0,1.02357,-0.181183,0,-0.893295,0.298871,0
-0.139922,-0.125903,0,1.02666,-0.176591,0,-0.886741,0.302494,0
-0.14961,-0.134055,0,1.02965,-0.171989,0,-0.880044,0.306044,0
-0.159344,-0.142137,0,1.03255,-0.167379,0,-0.873205,0.309516,0
-0.169126,-0.150147,0,1.03535,-0.162761,0,-0.866222,0.312908,0
-0.178957,-0.158078,0,1.03805,-0.158136,0,-0.859095,0.316214,0
-0.188841,-0.165926,0,1.04066,-0.153504,0,-0.851823,0.31943,0
-0.198778,-0.173685,0,1.04318,-0.148867,0,-0.844407,0.322552,0
-0.20877,-0.181352,0,1.04561,-0.144225,0,-0.836845,0.325576,0
-0.218818,-0.18892,0,1.04796,-0.139578,0,-0.829138,0.328498,0
-0.228922,-0.196385,0,1.05021,-0.134927,0,-0.821286,0.331312,0
-0.239085,-0.203741,0,1.05237,-0.130272,0,-0.813289,0.334013,0
-0.249305,-0.210983,0,1.05445,-0.125614,0,-0.805148,0.336598,0
-0.259584,-0.218107,0,1.05645,-0.120954,0,-0.796863,0.339061,0
-0.269922,-0.225105,0,1.05836,-0.116291,0,-0.788436,0.341397,0
-0.280318,-0.231974,0,1.06019,-0.111626,0,-0.779868,0.343601,0
-0.290772,-0.238709,0,1.06193,-0.10696,0,-0.77116,0.345669,0
-0.301283,-0.245303,0,1.0636,-0.102292,0,-0.762314,0.347594,0
-0.31185,-0.251751,0,1.06518,-0.0976225,0,-0.753332,0.349374,0
-0.322472,-0.258049,0,1.06669,-0.0929521,0,-0.744215,0.351001,0
-0.333146,-0.264191,0,1.06811,-0.088281,0,-0.734967,0.352472,0
-0.343872,-0.270172,0,1.06946,-0.0836092,0,-0.72559,0.353781,0
-0.354646,-0.275987,0,1.07073,-0.0789369,0,-0.716087,0.354924,0
-0.365467,-0.281632,0,1.07193,-0.0742643,0,-0.706461,0.355896,0
-0.376331,-0.287101,0,1.07305,-0.0695914,0,-0.696716,0.356692,0
-0.387234,-0.29239,0,1.07409,-0.0649183,0,-0.686855,0.357308,0
-0.398175,-0.297494,0,1.07506,-0.0602452,0,-0.676883,0.357739,0
-0.409148,-0.30241,0,1.07595,-0.055572,0,-0.666804,0.357982,0
-0.42015,-0.307133,0,1.07677,-0.0508989,0,-0.656622,0.358032,0
-0.431177,-0.31166,0,1.07752,-0.0462258,0,-0.646342,0.357886,0
-0.442223,-0.315988,0,1.07819,-0.0415529,0,-0.63597,0.357541,0
-0.453285,-0.320112,0,1.07879,-0.0368801,0,-0.625509,0.356992,0
-0.464356,-0.32403,0,1.07932,-0.0322074,0,-0.614967,0.356237,0
-0.475432,-0.327739,0,1.07978,-0.0275348,0,-0.604347,0.355274,0
-0.486508,-0.331238,0,1.08016,-0.0228624,0,-0.593657,0.3541,0
-0.497576,-0.334523,0,1.08048,-0.01819,0,-0.582901,0.352713,0
-0.508633,-0.337594,0,1.08072,-0.0135178,0,-0.572086,0.351112,0
-0.519672,-0.34045,0,1.08089,-0.00884562,0,-0.561218,0.349296,0
-0.530687,-0.343089,0,1.08099,-0.00417351,0,-0.550302,0.347262,0
-0.541671,-0.34551,0,1.08102,0.000498586,0,-0.539346,0.345012,0
-0.552619,-0.347715,0,1.08097,0.00517068,0,-0.528354,0.342544,0
-0.563525,-0.349702,0,1.08086,0.0098428,0,-0.517334,0.339859,0
-0.574383,-0.351473,0,1.08067,0.014515,0,-0.506291,0.336958,0
-0.585186,-0.353029,0,1.08042,0.0191872,0,-0.495231,0.333841,0
-0.595928,-0.35437,0,1.08009,0.0238596,0,-0.48416,0.330511,0
-0.606604,-0.355499,0,1.07969,0.0285321,0,-0.473084,0.326967,0
-0.617208,-0.356418,0,1.07922,0.0332046,0,-0.462009,0.323213,0
-0.627733,-0.357129,0,1.07867,0.0378774,0,-0.450939,0.319251,0
-0.638175,-0.357634,0,1.07806,0.0425502,0,-0.43988,0.315084,0
-0.648529,-0.357937,0,1.07737,0.0472232,0,-0.428838,0.310714,0
-0.658788,-0.358042,0,1.0766,0.0518962,0,-0.417816,0.306145,0
-0.668949,-0.35795,0,1.07577,0.0565694,0,-0.406819,0.301381,0
-0.679005,-0.357667,0,1.07486,0.0612425,0,-0.395853,0.296425,0
-0.688954,-0.357196,0,1.07387,0.0659157,0,-0.38492,0.291281,0
-0.69879,-0.356542,0,1.07281,0.0705887,0,-0.374024,0.285953,0
-0.708511,-0.355708,0,1.07168,0.0752615,0,-0.363169,0.280447,0
-0.718111,-0.3547,0,1.07047,0.0799341,0,-0.352358,0.274766,0
-0.727587,-0.353521,0,1.06918,0.0846063,0,-0.341594,0.268915,0
-0.736937,-0.352177,0,1.06782,0.089278,0,-0.330879,0.262899,0
-0.746158,-0.350673,0,1.06637,0.0939489,0,-0.320216,0.256724,0
-0.755246,-0.349013,0,1.06485,0.098619,0,-0.309605,0.250394,0
-0.7642,-0.347202,0,1.06325,0.103288,0,-0.29905,0.243914,0
-0.773017,-0.345246,0,1.06157,0.107956,0,-0.288551,0.23729,0
-0.781695,-0.343149,0,1.0598,0.112622,0,-0.278109,0.230527,0
-0.790234,-0.340916,0,1.05796,0.117287,0,-0.267726,0.22363,0
-0.79863,-0.338553,0,1.05603,0.121949,0,-0.2574,0.216604,0
-0.806885,-0.336064,0,1.05402,0.126609,0,-0.247133,0.209455,0
-0.814995,-0.333454,0,1.05192,0.131266,0,-0.236925,0.202188,0
-0.822961,-0.330728,0,1.04974,0.135919,0,-0.226775,0.194809,0
-0.830783,-0.327891,0,1.04746,0.14057,0,-0.216682,0.187322,0
-0.838459,-0.324948,0,1.04511,0.145216,0,-0.206647,0.179732,0
-0.84599,-0.321903,0,1.04266,0.149857,0,-0.196666,0.172046,0
-0.853376,-0.31876,0,1.04012,0.154493,0,-0.186741,0.164267,0
-0.860617,-0.315524,0,1.03749,0.159123,0,-0.176868,0.156401,0
-0.867713,-0.3122,0,1.03476,0.163747,0,-0.167047,0.148453,0
-0.874666,-0.308791,0,1.03194,0.168363,0,-0.157276,0.140428,0
-0.881475,-0.305302,0,1.02903,0.172972,0,-0.147552,0.13233,0
-0.888141,-0.301736,0,1.02601,0.177572,0,-0.137873,0.124165,0
-0.894665,-0.298098,0,1.0229,0.182162,0,-0.128238,0.115936,0
-0.901049,-0.294391,0,1.01969,0.186742,0,-0.118644,0.10765,0
-0.907293,-0.290619,0,1.01638,0.19131,0,-0.109088,0.0993093,0
-0.913399,-0.286785,0,1.01297,0.195865,0,-0.0995674,0.0909197,0
-0.919367,-0.282893,0,1.00945,0.200407,0,-0.0900801,0.0824853,0
-0.9252,-0.278945,0,1.00582,0.204934,0,-0.0806228,0.0740106,0
-0.930898,-0.274945,0,1.00209,0.209445,0,-0.0711928,0.0654997,0
-0.936462,-0.270896,0,0.998249,0.213939,0,-0.061787,0.0569572,0
-0.941895,-0.2668,0,0.994297,0.218413,0,-0.0524023,0.0483872,0
-0.947198,-0.262661,0,0.990234,0.222867,0,-0.0430357,0.0397939,0
-0.952372,-0.258481,0,0.986056,0.227299,0,-0.033684,0.0311816,0
-0.957419,-0.254262,0,0.981763,0.231708,0,-0.0243441,0.0225544,0
-0.96234,-0.250008,0,0.977353,0.236091,0,-0.0150126,0.0139164,0
-0.967138,-0.245719,0,0.972824,0.240447,0,-0.00568633,0.00527183,0
-0.971814,-0.241399,0,0.968176,0.244774,0,0.00363792,-0.00337527,0
-0.976368,-0.237049,0,0.963405,0.24907,0,0.0129634,-0.0120208,0
-0.980804,-0.232672,0,0.958511,0.253332,0,0.0222935,-0.0206605,0
-0.985123,-0.228268,0,0.953491,0.257559,0,0.0316313,-0.0292905,0
-0.989326,-0.223841,0,0.948345,0.261748,0,0.0409802,-0.0379064,0
-0.993414,-0.219392,0,0.943071,0.265896,0,0.0503432,-0.0465042,0
-0.99739,-0.214922,0,0.937667,0.270001,0,0.0597236,-0.0550797,0
-1.00126,-0.210432,0,0.932131,0.274061,0,0.0691245,-0.0636286,0
-1.00501,-0.205925,0,0.926463,0.278072,0,0.078549,-0.0721468,0
-1.00866,-0.201401,0,0.92066,0.282031,0,0.088,-0.0806298,0
-1.0122,-0.196863,0,0.914722,0.285936,0,0.0974805,-0.0890735,0
-1.01564,-0.19231,0,0.908646,0.289783,0,0.106993,-0.0974733,0
-1.01897,-0.187744,0,0.902433,0.293569,0,0.116541,-0.105825,0
-1.02221,-0.183167,0,0.89608,0.297291,0,0.126127,-0.114124,0
-1.02534,-0.178579,0,0.889586,0.300944,0,0.135753,-0.122365,0
-1.02837,-0.173981,0,0.882951,0.304526,0,0.145422,-0.130545,0
-1.03131,-0.169375,0,0.876174,0.308032,0,0.155135,-0.138658,0
-1.03415,-0.16476,0,0.869253,0.311459,0,0.164896,-0.146699,0
-1.03689,-0.160138,0,0.862188,0.314802,0,0.174706,-0.154665,0
-1.03955,-0.155509,0,0.854979,0.318058,0,0.184567,-0.162549,0
-1.04211,-0.150874,0,0.847625,0.321221,0,0.194481,-0.170347,0
-1.04457,-0.146234,0,0.840126,0.324288,0,0.204449,-0.178055,0
-1.04695,-0.141589,0,0.832481,0.327255,0,0.214473,-0.185666,0
-1.04924,-0.136939,0,0.824692,0.330115,0,0.224553,-0.193176,0
-1.05145,-0.132286,0,0.816757,0.332866,0,0.23469,-0.20058,0
-1.05356,-0.12763,0,0.808679,0.335502,0,0.244886,-0.207872,0
-1.0556,-0.122971,0,0.800456,0.338018,0,0.255139,-0.215047,0
-1.05754,-0.118309,0,0.79209,0.340409,0,0.265452,-0.2221,0
-1.05941,-0.113645,0,0.783583,0.342671,0,0.275823,-0.229026,0
-1.06119,-0.108979,0,0.774935,0.344798,0,0.286252,-0.235819,0
-1.06289,-0.104312,0,0.766149,0.346785,0,0.296738,-0.242474,0
-1.06451,-0.0996428,0,0.757225,0.348628,0,0.307281,-0.248986,0
-1.06605,-0.0949729,0,0.748166,0.350322,0,0.31788,-0.255349,0
-1.06751,-0.0903021,0,0.738974,0.351861,0,0.328532,-0.261559,0
-1.06889,-0.0856305,0,0.729652,0.35324,0,0.339235,-0.26761,0
-1.07019,-0.0809584,0,0.720203,0.354456,0,0.349989,-0.273497,0
-1.07142,-0.0762859,0,0.71063,0.355502,0,0.36079,-0.279216,0
-1.07257,-0.0716131,0,0.700936,0.356374,0,0.371635,-0.284761,0
-1.07365,-0.0669401,0,0.691125,0.357069,0,0.382522,-0.290129,0
-1.07465,-0.062267,0,0.681201,0.35758,0,0.393447,-0.295313,0
-1.07557,-0.0575938,0,0.671167,0.357905,0,0.404407,-0.300311,0
-1.07643,-0.0529206,0,0.661029,0.358039,0,0.415397,-0.305118,0
-1.0772,-0.0482475,0,0.650791,0.357978,0,0.426414,-0.30973,0
-1.07791,-0.0435745,0,0.640458,0.357719,0,0.437452,-0.314144,0
-1.07854,-0.0389017,0,0.630035,0.357258,0,0.448508,-0.318356,0
-1.0791,-0.0342289,0,0.619527,0.356592,0,0.459575,-0.322363,0
-1.07959,-0.0295563,0,0.60894,0.355719,0,0.47065,-0.326163,0
-1.08001,-0.0248838,0,0.59828,0.354637,0,0.481726,-0.329753,0
-1.08035,-0.0202114,0,0.587552,0.353342,0,0.492799,-0.333131,0
-1.08062,-0.0155391,0,0.576761,0.351834,0,0.503862,-0.336295,0
-1.08082,-0.0108669,0,0.565916,0.35011,0,0.514909,-0.339243,0
-1.08095,-0.00619474,0,0.55502,0.34817,0,0.525935,-0.341976,0
-1.08101,-0.00152263,0,0.54408,0.346014,0,0.536933,-0.344491,0
-1.081,0.00314947,0,0.533103,0.34364,0,0.547897,-0.346789,0
-1.08092,0.00782158,0,0.522095,0.341049,0,0.558822,-0.34887,0
-1.08076,0.0124937,0,0.511061,0.338241,0,0.569702,-0.350735,0
-1.08054,0.017166,0,0.500007,0.335217,0,0.580529,-0.352383,0
-1.08024,0.0218383,0,0.488941,0.331978,0,0.591298,-0.353817,0
-1.07987,0.0265107,0,0.477866,0.328527,0,0.602003,-0.355037,0
-1.07943,0.0311833,0,0.46679,0.324863,0,0.612639,-0.356047,0
-1.07892,0.0358559,0,0.455717,0.320991,0,0.623199,-0.356847,0
-1.07833,0.0405288,0,0.444653,0.316912,0,0.633678,-0.357441,0
-1.07767,0.0452017,0,0.433603,0.312629,0,0.64407,-0.357831,0
-1.07694,0.0498747,0,0.422571,0.308146,0,0.65437,-0.35802,0
-1.07614,0.0545478,0,0.411564,0.303465,0,0.664574,-0.358013,0
-1.07526,0.059221,0,0.400584,0.298591,0,0.674676,-0.357812,0
-1.07431,0.0638942,0,0.389636,0.293528,0,0.684672,-0.357422,0
-1.07328,0.0685673,0,0.378724,0.288279,0,0.694558,-0.356846,0
-1.07218,0.0732402,0,0.367851,0.282849,0,0.704328,-0.356089,0
-1.071,0.0779129,0,0.35702,0.277243,0,0.713981,-0.355156,0
-1.06975,0.0825853,0,0.346236,0.271465,0,0.723511,-0.35405,0
-1.06842,0.0872572,0,0.335499,0.26552,0,0.732916,-0.352777,0
-1.06701,0.0919286,0,0.324813,0.259413,0,0.742193,-0.351341,0
-1.06552,0.0965991,0,0.31418,0.253149,0,0.751338,-0.349748,0
-1.06395,0.101269,0,0.303601,0.246733,0,0.760351,-0.348002,0
-1.0623,0.105937,0,0.293077,0.240171,0,0.769227,-0.346108,0
-1.06058,0.110604,0,0.282611,0.233467,0,0.777965,-0.344071,0
-1.05877,0.115269,0,0.272202,0.226627,0,0.786564,-0.341896,0
-1.05687,0.119932,0,0.261851,0.219656,0,0.795022,-0.339589,0
-1.0549,0.124593,0,0.251559,0.21256,0,0.803338,-0.337153,0
-1.05284,0.129252,0,0.241326,0.205343,0,0.811511,-0.334595,0
-1.05069,0.133907,0,0.231151,0.198012,0,0.819539,-0.331919,0
-1.04846,0.138559,0,0.221033,0.190571,0,0.827423,-0.329129,0
-1.04614,0.143207,0,0.210973,0.183025,0,0.835162,-0.326231,0
-1.04373,0.14785,0,0.200969,0.175379,0,0.842756,-0.323229,0
-1.04122,0.152488,0,0.19102,0.16764,0,0.850205,-0.320128,0
-1.03863,0.157121,0,0.181125,0.159811,0,0.857508,-0.316932,0
-1.03595,0.161748,0,0.171282,0.151898,0,0.864667,-0.313646,0
-1.03317,0.166368,0,0.161489,0.143905,0,0.871681,-0.310273,0
-1.0303,0.17098,0,0.151745,0.135838,0,0.878552,-0.306818,0
-1.02733,0.175584,0,0.142047,0.127701,0,0.88528,-0.303285,0
-1.02426,0.180178,0,0.132394,0.1195,0,0.891866,-0.299678,0
-1.02109,0.184762,0,0.122782,0.111238,0,0.89831,-0.296,0
-1.01782,0.189336,0,0.11321,0.10292,0,0.904614,-0.292256,0
-1.01445,0.193897,0,0.103675,0.094551,0,0.91078,-0.288448,0
-1.01098,0.198445,0,0.0941734,0.0861354,0,0.916807,-0.28458,0
-1.0074,0.202978,0,0.0847035,0.0776775,0,0.922698,-0.280656,0
-1.00372,0.207496,0,0.0752621,0.0691817,0,0.928454,-0.276678,0
-0.999922,0.211997,0,0.0658462,0.0606523,0,0.934076,-0.27265,0
-0.996018,0.21648,0,0.0564528,0.0520936,0,0.939565,-0.268574,0
-0.992003,0.220944,0,0.0470788,0.0435098,0,0.944924,-0.264453,0
-0.987875,0.225385,0,0.0377211,0.0349052,0,0.950154,-0.260291,0
-0.983632,0.229805,0,0.0283765,0.0262839,0,0.955255,-0.256088,0
-0.979273,0.234199,0,0.0190418,0.01765,0,0.960231,-0.251849,0
-0.974796,0.238567,0,0.0097137,0.00900779,0,0.965082,-0.247575,0
-0.970199,0.242907,0,0.000389017,0.000361242,0,0.96981,-0.243268,0
-0.965481,0.247216,0,-0.00893553,-0.00828548,0,0.974417,-0.238931,0
-0.96064,0.251493,0,-0.0182632,-0.0169283,0,0.978904,-0.234565,0
-0.955675,0.255736,0,-0.0275972,-0.025563,0,0.983273,-0.230173,0
-0.950584,0.259941,0,-0.0369409,-0.0341855,0,0.987525,-0.225756,0
-0.945365,0.264107,0,-0.0462974,-0.0427917,0,0.991663,-0.221316,0
-0.940018,0.268231,0,-0.0556699,-0.0513773,0,0.995687,-0.216854,0
-0.934539,0.272311,0,-0.0650616,-0.0599383,0,0.9996,-0.212373,0
-0.928928,0.276343,0,-0.0744755,-0.0684703,0,1.0034,-0.207873,0
-0.923184,0.280325,0,-0.0839146,-0.076969,0,1.0071,-0.203356,0
-0.917304,0.284254,0,-0.093382,-0.0854303,0,1.01069,-0.198824,0
-0.911288,0.288127,0,-0.102881,-0.0938496,0,1.01417,-0.194277,0
-0.905134,0.29194,0,-0.112413,-0.102223,0,1.01755,-0.189717,0
-0.898842,0.29569,0,-0.121982,-0.110545,0,1.02082,-0.185145,0
-0.892409,0.299373,0,-0.13159,-0.118812,0,1.024,-0.180562,0
-0.885835,0.302986,0,-0.14124,-0.127019,0,1.02708,-0.175968,0
-0.879119,0.306526,0,-0.150934,-0.135161,0,1.03005,-0.171365,0
-0.87226,0.309987,0,-0.160674,-0.143234,0,1.03293,-0.166753,0
-0.865258,0.313367,0,-0.170463,-0.151233,0,1.03572,-0.162134,0
-0.858111,0.316661,0,-0.180302,-0.159153,0,1.03841,-0.157508,0
-0.85082,0.319865,0,-0.190193,-0.166989,0,1.04101,-0.152876,0
-0.843383,0.322974,0,-0.200137,-0.174736,0,1.04352,-0.148238,0
-0.835802,0.325984,0,-0.210136,-0.18239,0,1.04594,-0.143595,0
-0.828075,0.328891,0,-0.220192,-0.189944,0,1.04827,-0.138947,0
-0.820203,0.33169,0,-0.230304,-0.197394,0,1.05051,-0.134296,0
-0.812186,0.334376,0,-0.240475,-0.204735,0,1.05266,-0.129641,0
-0.804026,0.336944,0,-0.250703,-0.211961,0,1.05473,-0.124983,0
-0.795722,0.33939,0,-0.26099,-0.219068,0,1.05671,-0.120322,0
-0.787276,0.341708,0,-0.271336,-0.226049,0,1.05861,-0.115659,0
-0.778688,0.343894,0,-0.28174,-0.2329,0,1.06043,-0.110994,0
-0.769961,0.345943,0,-0.292202,-0.239616,0,1.06216,-0.106327,0
-0.761097,0.347849,0,-0.302721,-0.24619,0,1.06382,-0.101659,0
-0.752096,0.349608,0,-0.313295,-0.252618,0,1.06539,-0.0969894,0
-0.742961,0.351214,0,-0.323924,-0.258895,0,1.06689,-0.092319,0
-0.733695,0.352663,0,-0.334606,-0.265015,0,1.0683,-0.0876477,0
-0.724301,0.35395,0,-0.345338,-0.270974,0,1.06964,-0.0829759,0
-0.714781,0.35507,0,-0.356119,-0.276766,0,1.0709,-0.0783035,0
-0.705138,0.356018,0,-0.366945,-0.282387,0,1.07208,-0.0736308,0
-0.695377,0.35679,0,-0.377815,-0.287832,0,1.07319,-0.0689579,0
-0.685501,0.357381,0,-0.388724,-0.293096,0,1.07423,-0.0642848,0
-0.675514,0.357787,0,-0.399669,-0.298175,0,1.07518,-0.0596117,0
-0.665421,0.358004,0,-0.410647,-0.303065,0,1.07607,-0.0549385,0
-0.655226,0.358027,0,-0.421652,-0.307762,0,1.07688,-0.0502654,0
-0.644933,0.357854,0,-0.432682,-0.312262,0,1.07761,-0.0455923,0
-0.634548,0.357481,0,-0.44373,-0.316561,0,1.07828,-0.0409194,0
-0.624076,0.356904,0,-0.454794,-0.320658,0,1.07887,-0.0362466,0
-0.613523,0.356121,0,-0.465866,-0.324547,0,1.07939,-0.0315739,0
-0.602894,0.355129,0,-0.476942,-0.328228,0,1.07984,-0.0269014,0
-0.592194,0.353927,0,-0.488017,-0.331698,0,1.08021,-0.0222289,0
-0.58143,0.352511,0,-0.499085,-0.334954,0,1.08051,-0.0175566,0
-0.570607,0.35088,0,-0.510139,-0.337996,0,1.08075,-0.0128844,0
-0.559732,0.349034,0,-0.521175,-0.340822,0,1.08091,-0.00821221,0
-0.548811,0.346971,0,-0.532186,-0.343431,0,1.081,-0.00354009,0
-0.537849,0.344691,0,-0.543166,-0.345823,0,1.08102,0.00113201,0
-0.526853,0.342194,0,-0.554109,-0.347998,0,1.08096,0.00580411,0
-0.51583,0.33948,0,-0.565009,-0.349956,0,1.08084,0.0104762,0
-0.504784,0.336549,0,-0.575859,-0.351697,0,1.08064,0.0151484,0
-0.493722,0.333403,0,-0.586654,-0.353224,0,1.08038,0.0198207,0
-0.482651,0.330043,0,-0.597388,-0.354536,0,1.08004,0.0244931,0
-0.471574,0.326471,0,-0.608054,-0.355636,0,1.07963,0.0291656,0
-0.460499,0.322688,0,-0.618647,-0.356527,0,1.07915,0.0338382,0
-0.449431,0.318698,0,-0.629162,-0.357209,0,1.07859,0.0385109,0
-0.438374,0.314503,0,-0.639592,-0.357687,0,1.07797,0.0431838,0
-0.427334,0.310106,0,-0.649933,-0.357963,0,1.07727,0.0478568,0
-0.416315,0.30551,0,-0.660179,-0.35804,0,1.07649,0.0525299,0
-0.405323,0.300719,0,-0.670326,-0.357922,0,1.07565,0.057203,0
-0.394361,0.295737,0,-0.680368,-0.357614,0,1.07473,0.0618762,0
-0.383432,0.290568,0,-0.690302,-0.357117,0,1.07373,0.0665493,0
-0.372542,0.285216,0,-0.700122,-0.356438,0,1.07266,0.0712223,0
-0.361693,0.279685,0,-0.709826,-0.35558,0,1.07152,0.0758952,0
-0.350888,0.273981,0,-0.71941,-0.354549,0,1.0703,0.0805677,0
-0.340131,0.268107,0,-0.728869,-0.353347,0,1.069,0.0852399,0
-0.329423,0.26207,0,-0.738202,-0.351981,0,1.06762,0.0899114,0
-0.318766,0.255873,0,-0.747404,-0.350455,0,1.06617,0.0945823,0
-0.308164,0.249522,0,-0.756475,-0.348774,0,1.06464,0.0992523,0
-0.297616,0.243022,0,-0.76541,-0.346944,0,1.06303,0.103921,0
-0.287125,0.236379,0,-0.774208,-0.344968,0,1.06133,0.108589,0
-0.276691,0.229597,0,-0.782868,-0.342852,0,1.05956,0.113255,0
-0.266315,0.222683,0,-0.791387,-0.340601,0,1.0577,0.117919,0
-0.255998,0.21564,0,-0.799764,-0.338221,0,1.05576,0.122581,0
-0.245739,0.208475,0,-0.807999,-0.335715,0,1.05374,0.12724,0
-0.235539,0.201192,0,-0.816089,-0.333089,0,1.05163,0.131897,0
-0.225396,0.193798,0,-0.824036,-0.330348,0,1.04943,0.13655,0
-0.215312,0.186296,0,-0.831838,-0.327496,0,1.04715,0.1412,0
-0.205284,0.178693,0,-0.839494,-0.324539,0,1.04478,0.145845,0
-0.195311,0.170994,0,-0.847005,-0.32148,0,1.04232,0.150486,0
-0.185393,0.163203,0,-0.854371,-0.318324,0,1.03976,0.155121,0
-0.175527,0.155326,0,-0.861593,-0.315076,0,1.03712,0.159751,0
-0.165713,0.147367,0,-0.868669,-0.31174,0,1.03438,0.164374,0
-0.155948,0.139331,0,-0.875602,-0.30832,0,1.03155,0.168989,0
-0.14623,0.131224,0,-0.882392,-0.304821,0,1.02862,0.173596,0
-0.136558,0.12305,0,-0.889039,-0.301245,0,1.0256,0.178195,0
-0.126929,0.114813,0,-0.895544,-0.297597,0,1.02247,0.182784,0
-0.11734,0.106519,0,-0.901909,-0.293881,0,1.01925,0.187362,0
-0.107789,0.0981717,0,-0.908134,-0.2901,0,1.01592,0.191929,0
-0.0982732,0.0897757,0,-0.914221,-0.286258,0,1.01249,0.196482,0
-0.0887901,0.0813356,0,-0.92017,-0.282358,0,1.00896,0.201022,0
-0.0793367,0.0728556,0,-0.925984,-0.278403,0,1.00532,0.205547,0
-0.0699102,0.0643403,0,-0.931664,-0.274396,0,1.00157,0.210056,0
-0.0605074,0.0557937,0,-0.937211,-0.27034,0,0.997718,0.214547,0
-0.0511255,0.0472203,0,-0.942626,-0.266239,0,0.993751,0.219019,0
-0.0417611,0.0386242,0,-0.947911,-0.262094,0,0.989672,0.22347,0
-0.0324112,0.0300096,0,-0.953068,-0.257909,0,0.985479,0.227899,0
-0.0230726,0.0213807,0,-0.958097,-0.253685,0,0.98117,0.232304,0
-0.013742,0.0127415,0,-0.963002,-0.249426,0,0.976744,0.236684,0
-0.00441626,0.00409635,0,-0.967783,-0.245133,0,0.972199,0.241036,0
0.00490795,-0.00455078,0,-0.972442,-0.240808,0,0.967534,0.245359,0
0.0142339,-0.0131957,0,-0.97698,-0.236455,0,0.962746,0.24965,0
0.0235648,-0.0218344,0,-0.9814,-0.232073,0,0.957835,0.253908,0
0.0329039,-0.0304627,0,-0.985703,-0.227667,0,0.952799,0.25813,0
0.0422545,-0.0390764,0,-0.98989,-0.223237,0,0.947635,0.262313,0
0.0516197,-0.0476715,0,-0.993963,-0.218784,0,0.942343,0.266456,0
0.0610027,-0.0562436,0,-0.997924,-0.214311,0,0.936921,0.270555,0
0.0704067,-0.0647886,0,-1.00177,-0.209819,0,0.931368,0.274608,0
0.0798345,-0.0733022,0,-1.00552,-0.20531,0,0.925681,0.278612,0
0.0892894,-0.0817802,0,-1.00915,-0.200784,0,0.91986,0.282564,0
0.0987741,-0.0902181,0,-1.01268,-0.196243,0,0.913903,0.286462,0
0.108292,-0.0986116,0,-1.0161,-0.191689,0,0.907809,0.290301,0
0.117844,-0.106956,0,-1.01942,-0.187122,0,0.901577,0.294078,0
0.127435,-0.115248,0,-1.02264,-0.182543,0,0.895205,0.297791,0
0.137067,-0.123481,0,-1.02576,-0.177954,0,0.888692,0.301435,0
0.146742,-0.131652,0,-1.02878,-0.173355,0,0.882037,0.305006,0
0.156462,-0.139755,0,-1.0317,-0.168747,0,0.87524,0.308502,0
0.166229,-0.147787,0,-1.03453,-0.164131,0,0.8683,0.311918,0
0.176046,-0.155741,0,-1.03726,-0.159508,0,0.861216,0.315249,0
0.185914,-0.163614,0,-1.0399,-0.154878,0,0.853987,0.318492,0
0.195836,-0.171401,0,-1.04245,-0.150242,0,0.846613,0.321643,0
0.205811,-0.179095,0,-1.04491,-0.145602,0,0.839094,0.324697,0
0.215842,-0.186693,0,-1.04727,-0.140956,0,0.83143,0.327649,0
0.22593,-0.194189,0,-1.04955,-0.136306,0,0.823621,0.330495,0
0.236075,-0.201578,0,-1.05174,-0.131653,0,0.815667,0.33323,0
0.246279,-0.208854,0,-1.05385,-0.126996,0,0.807568,0.33585,0
0.25654,-0.216013,0,-1.05587,-0.122336,0,0.799326,0.338349,0
0.266861,-0.223049,0,-1.0578,-0.117674,0,0.790941,0.340723,0
0.27724,-0.229957,0,-1.05965,-0.11301,0,0.782415,0.342967,0
0.287677,-0.236732,0,-1.06142,-0.108344,0,0.773748,0.345075,0
0.298171,-0.243367,0,-1.06311,-0.103676,0,0.764942,0.347044,0
0.308722,-0.249859,0,-1.06472,-0.0990072,0,0.756,0.348867,0
0.319327,-0.256202,0,-1.06625,-0.0943372,0,0.746923,0.350539,0
0.329986,-0.262391,0,-1.0677,-0.0896663,0,0.737713,0.352057,0
0.340697,-0.26842,0,-1.06907,-0.0849946,0,0.728374,0.353414,0
0.351457,-0.274285,0,-1.07037,-0.0803225,0,0.718908,0.354607,0
0.362264,-0.27998,0,-1.07158,-0.0756499,0,0.709318,0.35563,0
0.373116,-0.285501,0,-1.07272,-0.0709771,0,0.699608,0.356478,0
0.384008,-0.290844,0,-1.07379,-0.0663041,0,0.689781,0.357148,0
0.394938,-0.296003,0,-1.07478,-0.061631,0,0.679841,0.357634,0
0.405902,-0.300976,0,-1.0757,-0.0569578,0,0.669793,0.357933,0
0.416896,-0.305756,0,-1.07654,-0.0522847,0,0.659641,0.358041,0
0.427916,-0.310342,0,-1.07731,-0.0476116,0,0.64939,0.357953,0
0.438957,-0.314728,0,-1.078,-0.0429386,0,0.639044,0.357667,0
0.450015,-0.318912,0,-1.07862,-0.0382658,0,0.62861,0.357178,0
0.461084,-0.322892,0,-1.07917,-0.033593,0,0.618091,0.356485,0
0.472159,-0.326663,0,-1.07965,-0.0289204,0,0.607493,0.355583,0
0.483235,-0.330224,0,-1.08006,-0.024248,0,0.596823,0.354472,0
0.494306,-0.333573,0,-1.08039,-0.0195756,0,0.586086,0.353148,0
0.505367,-0.336707,0,-1.08066,-0.0149033,0,0.575288,0.351611,0
0.516412,-0.339627,0,-1.08085,-0.0102312,0,0.564435,0.349858,0
0.527435,-0.34233,0,-1.08097,-0.00555903,0,0.553533,0.347889,0
0.538429,-0.344815,0,-1.08102,-0.000886937,0,0.542588,0.345702,0
0.549388,-0.347084,0,-1.08099,0.00378515,0,0.531606,0.343299,0
0.560307,-0.349135,0,-1.0809,0.00845726,0,0.520594,0.340678,0
0.57118,-0.35097,0,-1.08074,0.0131294,0,0.509557,0.337841,0
0.582,-0.352589,0,-1.0805,0.0178017,0,0.498501,0.334788,0
0.59276,-0.353994,0,-1.08019,0.022474,0,0.487433,0.33152,0
0.603457,-0.355186,0,-1.07981,0.0271464,0,0.476358,0.328039,0
0.614082,-0.356166,0,-1.07936,0.031819,0,0.465282,0.324347,0
0.624631,-0.356938,0,-1.07884,0.0364916,0,0.45421,0.320447,0
0.635099,-0.357504,0,-1.07825,0.0411645,0,0.443148,0.31634,0
0.645479,-0.357867,0,-1.07758,0.0458374,0,0.4321,0.312029,0
0.655767,-0.358029,0,-1.07684,0.0505104,0,0.421071,0.307519,0
0.665957,-0.357995,0,-1.07602,0.0551835,0,0.410067,0.302812,0
0.676045,-0.357768,0,-1.07514,0.0598567,0,0.399091,0.297912,0
0.686026,-0.357353,0,-1.07417,0.0645298,0,0.388148,0.292823,0
0.695896,-0.356752,0,-1.07314,0.0692029,0,0.377241,0.287549,0
0.705651,-0.355971,0,-1.07202,0.0738758,0,0.366374,0.282095,0
0.715287,-0.355013,0,-1.07084,0.0785485,0,0.355549,0.276465,0
0.7248,-0.353885,0,-1.06957,0.0832208,0,0.344771,0.270664,0
0.734188,-0.352589,0,-1.06823,0.0878927,0,0.334041,0.264696,0
0.743447,-0.351132,0,-1.06681,0.0925639,0,0.323362,0.258568,0
0.752575,-0.349517,0,-1.06531,0.0972343,0,0.312736,0.252283,0
0.761568,-0.34775,0,-1.06373,0.101904,0,0.302165,0.245847,0
0.770426,-0.345837,0,-1.06207,0.106572,0,0.291649,0.239265,0
0.779146,-0.343781,0,-1.06034,0.111239,0,0.28119,0.232542,0
0.787726,-0.341588,0,-1.05851,0.115904,0,0.270789,0.225684,0
0.796164,-0.339262,0,-1.05661,0.120567,0,0.260447,0.218696,0
0.804461,-0.33681,0,-1.05462,0.125227,0,0.250163,0.211583,0
0.812614,-0.334235,0,-1.05255,0.129885,0,0.239937,0.20435,0
0.820623,-0.331543,0,-1.05039,0.13454,0,0.22977,0.197004,0
0.828487,-0.328739,0,-1.04815,0.139191,0,0.21966,0.189548,0
0.836206,-0.325826,0,-1.04581,0.143838,0,0.209608,0.181988,0
0.84378,-0.322811,0,-1.04339,0.148481,0,0.199611,0.17433,0
0.851209,-0.319696,0,-1.04088,0.153119,0,0.18967,0.166577,0
0.858493,-0.316488,0,-1.03827,0.157751,0,0.179782,0.158737,0
0.865632,-0.313189,0,-1.03558,0.162377,0,0.169946,0.150813,0
0.872627,-0.309805,0,-1.03279,0.166995,0,0.16016,0.14281,0
0.879478,-0.306339,0,-1.0299,0.171606,0,0.150422,0.134733,0
0.886186,-0.302796,0,-1.02692,0.176209,0,0.14073,0.126587,0
0.892753,-0.299179,0,-1.02384,0.180802,0,0.131083,0.118377,0
0.899178,-0.295492,0,-1.02065,0.185385,0,0.121477,0.110107,0
0.905463,-0.291738,0,-1.01737,0.189957,0,0.11191,0.101782,0
0.91161,-0.287922,0,-1.01399,0.194516,0,0.102379,0.0934062,0
0.917618,-0.284046,0,-1.0105,0.199062,0,0.0928824,0.0849845,0
0.923491,-0.280115,0,-1.00691,0.203594,0,0.0834166,0.0765212,0
0.929228,-0.27613,0,-1.00321,0.208109,0,0.0739789,0.0680205,0
0.934832,-0.272095,0,-0.999398,0.212608,0,0.0645662,0.0594869,0
0.940304,-0.268013,0,-0.99548,0.217088,0,0.0551757,0.0509245,0
0.945645,-0.263886,0,-0.991449,0.221549,0,0.0458041,0.0423377,0
0.950857,-0.259718,0,-0.987305,0.225988,0,0.0364484,0.0337305,0
0.955941,-0.255511,0,-0.983047,0.230403,0,0.0271054,0.0251073,0
0.9609,-0.251266,0,-0.978672,0.234794,0,0.0177717,0.016472,0
0.965734,-0.246988,0,-0.974178,0.239159,0,0.00844435,0.0078289,0
0.970445,-0.242676,0,-0.969565,0.243494,0,-0.000880098,-0.000817918,0
0.975036,-0.238335,0,-0.964831,0.247799,0,-0.0102049,-0.00946435,0
0.979506,-0.233966,0,-0.959973,0.252072,0,-0.0195332,-0.0181063,0
0.983859,-0.22957,0,-0.954991,0.256309,0,-0.0288683,-0.0267396,0
0.988096,-0.22515,0,-0.949883,0.26051,0,-0.0382135,-0.0353601,0
0.992219,-0.220706,0,-0.944647,0.26467,0,-0.047572,-0.0439638,0
0.996228,-0.216242,0,-0.939281,0.268788,0,-0.0569469,-0.0525463,0
1.00013,-0.211758,0,-0.933784,0.272862,0,-0.0663414,-0.0611036,0
1.00391,-0.207256,0,-0.928155,0.276888,0,-0.0757585,-0.0696313,0
1.00759,-0.202737,0,-0.922393,0.280863,0,-0.0852013,-0.0781252,0
1.01117,-0.198203,0,-0.916495,0.284784,0,-0.0946727,-0.086581,0
1.01464,-0.193654,0,-0.91046,0.288649,0,-0.104176,-0.0949943,0
1.018,-0.189092,0,-0.904287,0.292453,0,-0.113713,-0.103361,0
1.02126,-0.184519,0,-0.897976,0.296194,0,-0.123287,-0.111676,0
1.02442,-0.179934,0,-0.891524,0.299868,0,-0.132901,-0.119935,0
1.02749,-0.175339,0,-0.884931,0.303472,0,-0.142557,-0.128133,0
1.03045,-0.170734,0,-0.878196,0.307001,0,-0.152257,-0.136266,0
1.03332,-0.166122,0,-0.871317,0.310451,0,-0.162003,-0.144329,0
1.03609,-0.161502,0,-0.864295,0.31382,0,-0.171799,-0.152318,0
1.03877,-0.156875,0,-0.857129,0.317101,0,-0.181644,-0.160227,0
1.04136,-0.152242,0,-0.849818,0.320293,0,-0.191542,-0.168051,0
1.04386,-0.147603,0,-0.842362,0.323389,0,-0.201494,-0.175786,0
1.04626,-0.142959,0,-0.83476,0.326385,0,-0.211501,-0.183426,0
1.04858,-0.138311,0,-0.827014,0.329278,0,-0.221564,-0.190967,0
1.05081,-0.133659,0,-0.819122,0.332061,0,-0.231684,-0.198402,0
1.05295,-0.129004,0,-0.811086,0.334732,0,-0.241863,-0.205728,0
1.055,-0.124345,0,-0.802906,0.337284,0,-0.252099,-0.212938,0
1.05698,-0.119684,0,-0.794582,0.339712,0,-0.262394,-0.220028,0
1.05886,-0.115021,0,-0.786117,0.342013,0,-0.272748,-0.226992,0
1.06067,-0.110355,0,-0.777511,0.34418,0,-0.28316,-0.233825,0
1.06239,-0.105688,0,-0.768765,0.34621,0,-0.293629,-0.240521,0
1.06404,-0.10102,0,-0.759881,0.348096,0,-0.304156,-0.247076,0
1.0656,-0.0963504,0,-0.750862,0.349835,0,-0.314738,-0.253484,0
1.06708,-0.0916798,0,-0.74171,0.35142,0,-0.325374,-0.25974,0
1.06849,-0.0870084,0,-0.732426,0.352847,0,-0.336063,-0.265839,0
1.06982,-0.0823365,0,-0.723014,0.354111,0,-0.346802,-0.271775,0
1.07107,-0.0776641,0,-0.713477,0.355208,0,-0.357589,-0.277544,0
1.07224,-0.0729913,0,-0.703819,0.356133,0,-0.368421,-0.283141,0
1.07334,-0.0683184,0,-0.694042,0.35688,0,-0.379296,-0.288562,0
1.07436,-0.0636453,0,-0.684151,0.357446,0,-0.39021,-0.293801,0
1.07531,-0.0589721,0,-0.674149,0.357827,0,-0.40116,-0.298854,0
1.07618,-0.0542989,0,-0.664041,0.358017,0,-0.412142,-0.303718,0
1.07698,-0.0496258,0,-0.653833,0.358014,0,-0.423151,-0.308389,0
1.07771,-0.0449528,0,-0.643527,0.357814,0,-0.434183,-0.312862,0
1.07836,-0.0402799,0,-0.63313,0.357414,0,-0.445234,-0.317134,0
1.07895,-0.0356071,0,-0.622647,0.356809,0,-0.456299,-0.321202,0
1.07945,-0.0309344,0,-0.612083,0.355998,0,-0.467372,-0.325063,0
1.07989,-0.0262619,0,-0.601444,0.354977,0,-0.478448,-0.328716,0
1.08026,-0.0215894,0,-0.590735,0.353746,0,-0.489522,-0.332156,0
1.08055,-0.0169171,0,-0.579962,0.352301,0,-0.500588,-0.335384,0
1.08077,-0.0122449,0,-0.569132,0.350641,0,-0.511641,-0.338396,0
1.08092,-0.00757275,0,-0.558251,0.348766,0,-0.522674,-0.341193,0
1.081,-0.00290063,0,-0.547323,0.346673,0,-0.533681,-0.343772,0
1.08101,0.00177147,0,-0.536357,0.344364,0,-0.544656,-0.346135,0
1.08095,0.00644357,0,-0.525357,0.341837,0,-0.555593,-0.34828,0
1.08082,0.0111157,0,-0.51433,0.339093,0,-0.566486,-0.350209,0
1.08061,0.0157879,0,-0.503282,0.336133,0,-0.57733,-0.351921,0
1.08034,0.0204602,0,-0.492218,0.332958,0,-0.588117,-0.353418,0
1.07999,0.0251326,0,-0.481146,0.329569,0,-0.598841,-0.354702,0
1.07957,0.0298051,0,-0.470069,0.325968,0,-0.609498,-0.355773,0
1.07908,0.0344777,0,-0.458995,0.322157,0,-0.620081,-0.356635,0
1.07851,0.0391505,0,-0.447928,0.318139,0,-0.630584,-0.35729,0
1.07788,0.0438234,0,-0.436873,0.313916,0,-0.641003,-0.35774,0
1.07717,0.0484964,0,-0.425836,0.309492,0,-0.651331,-0.357989,0
1.07638,0.0531695,0,-0.41482,0.30487,0,-0.661564,-0.358039,0
1.07553,0.0578426,0,-0.403832,0.300053,0,-0.671696,-0.357895,0
1.0746,0.0625158,0,-0.392874,0.295045,0,-0.681724,-0.357561,0
1.07359,0.0671889,0,-0.381951,0.289851,0,-0.691643,-0.357039,0
1.07251,0.0718619,0,-0.371066,0.284474,0,-0.701448,-0.356336,0
1.07136,0.0765347,0,-0.360223,0.278919,0,-0.711136,-0.355454,0
1.07013,0.0812072,0,-0.349424,0.273192,0,-0.720702,-0.354399,0
1.06882,0.0858793,0,-0.338673,0.267296,0,-0.730145,-0.353175,0
1.06743,0.0905508,0,-0.327972,0.261236,0,-0.73946,-0.351787,0
1.06597,0.0952215,0,-0.317323,0.255018,0,-0.748645,-0.35024,0
1.06442,0.0998914,0,-0.306727,0.248647,0,-0.757696,-0.348538,0
1.0628,0.10456,0,-0.296187,0.242127,0,-0.766613,-0.346687,0
1.0611,0.109228,0,-0.285704,0.235465,0,-0.775393,-0.344692,0
1.05931,0.113893,0,-0.275278,0.228665,0,-0.784033,-0.342558,0
1.05744,0.118557,0,-0.26491,0.221732,0,-0.792533,-0.340289,0
1.05549,0.123219,0,-0.254601,0.214673,0,-0.800891,-0.337891,0
1.05346,0.127878,0,-0.24435,0.207491,0,-0.809106,-0.335369,0
1.05133,0.132534,0,-0.234157,0.200193,0,-0.817177,-0.332727,0
1.04913,0.137187,0,-0.224023,0.192784,0,-0.825104,-0.329971,0
1.04683,0.141836,0,-0.213946,0.185268,0,-0.832886,-0.327105,0
1.04445,0.146481,0,-0.203925,0.177652,0,-0.840523,-0.324133,0
1.04197,0.151121,0,-0.19396,0.16994,0,-0.848014,-0.321061,0
1.03941,0.155755,0,-0.184049,0.162137,0,-0.855361,-0.317892,0
1.03675,0.160384,0,-0.174191,0.154248,0,-0.862562,-0.314632,0
1.034,0.165006,0,-0.164383,0.146279,0,-0.869619,-0.311284,0
1.03116,0.16962,0,-0.154625,0.138233,0,-0.876533,-0.307853,0
1.02822,0.174226,0,-0.144914,0.130117,0,-0.883303,-0.304343,0
1.02518,0.178824,0,-0.135247,0.121934,0,-0.88993,-0.300758,0
1.02204,0.183411,0,-0.125624,0.113689,0,-0.896416,-0.2971,0
1.0188,0.187988,0,-0.11604,0.105388,0,-0.902762,-0.293375,0
1.01546,0.192553,0,-0.106494,0.0970334,0,-0.908968,-0.289586,0
1.01202,0.197105,0,-0.0969828,0.0886312,0,-0.915037,-0.285736,0
1.00847,0.201643,0,-0.0875039,0.0801854,0,-0.920968,-0.281828,0
1.00482,0.206165,0,-0.0780544,0.0717004,0,-0.926763,-0.277866,0
1.00106,0.210672,0,-0.0686312,0.0631806,0,-0.932425,-0.273852,0
0.997185,0.21516,0,-0.0592314,0.0546302,0,-0.937953,-0.26979,0
0.993203,0.219629,0,-0.049852,0.0460534,0,-0.943351,-0.265683,0
0.989108,0.224077,0,-0.0404898,0.0374546,0,-0.948618,-0.261532,0
0.984899,0.228503,0,-0.0311416,0.0288378,0,-0.953758,-0.257341,0
0.980575,0.232905,0,-0.0218042,0.0202073,0,-0.95877,-0.253113,0
0.976133,0.237281,0,-0.0124745,0.0115672,0,-0.963658,-0.248849,0
0.971572,0.24163,0,-0.00314913,0.0029215,0,-0.968422,-0.244551,0
0.96689,0.245948,0,0.00617515,-0.00572555,0,-0.973065,-0.240223,0
0.962086,0.250235,0,0.0155016,-0.0143699,0,-0.977587,-0.235865,0
0.957157,0.254488,0,0.0248334,-0.0230074,0,-0.981991,-0.231481,0
0.952104,0.258705,0,0.034174,-0.0316339,0,-0.986278,-0.227071,0
0.946923,0.262883,0,0.0435264,-0.0402453,0,-0.990449,-0.222637,0
0.941613,0.267019,0,0.0528938,-0.0488374,0,-0.994507,-0.218182,0
0.936174,0.271113,0,0.0622795,-0.0574061,0,-0.998453,-0.213706,0
0.930602,0.275159,0,0.0716865,-0.065947,0,-1.00229,-0.209212,0
0.924897,0.279156,0,0.0811179,-0.074456,0,-1.00602,-0.2047,0
0.919058,0.283101,0,0.0905767,-0.0829288,0,-1.00963,-0.200173,0
0.913082,0.286991,0,0.100066,-0.0913609,0,-1.01315,-0.19563,0
0.906969,0.290822,0,0.109588,-0.099748,0,-1.01656,-0.191074,0
0.900718,0.294591,0,0.119146,-0.108086,0,-1.01986,-0.186505,0
0.894327,0.298294,0,0.128742,-0.116369,0,-1.02307,-0.181925,0
0.887795,0.301928,0,0.13838,-0.124594,0,-1.02617,-0.177334,0
0.881121,0.30549,0,0.14806,-0.132756,0,-1.02918,-0.172734,0
0.874305,0.308975,0,0.157787,-0.14085,0,-1.03209,-0.168125,0
0.867345,0.312379,0,0.167561,-0.148872,0,-1.03491,-0.163508,0
0.860241,0.315699,0,0.177385,-0.156816,0,-1.03763,-0.158884,0
0.852992,0.31893,0,0.18726,-0.164677,0,-1.04025,-0.154253,0
0.845599,0.322068,0,0.197188,-0.172451,0,-1.04279,-0.149617,0
0.83806,0.325108,0,0.207171,-0.180133,0,-1.04523,-0.144975,0
0.830376,0.328046,0,0.21721,-0.187717,0,-1.04759,-0.140329,0
0.822547,0.330877,0,0.227306,-0.195198,0,-1.04985,-0.135679,0
0.814573,0.333597,0,0.237459,-0.202572,0,-1.05203,-0.131025,0
0.806455,0.3362,0,0.24767,-0.209833,0,-1.05413,-0.126368,0
0.798194,0.338683,0,0.25794,-0.216975,0,-1.05613,-0.121708,0
0.789789,0.341039,0,0.268268,-0.223994,0,-1.05806,-0.117045,0
0.781244,0.343265,0,0.278655,-0.230884,0,-1.0599,-0.112381,0
0.772558,0.345355,0,0.2891,-0.23764,0,-1.06166,-0.107714,0
0.763734,0.347303,0,0.299602,-0.244257,0,-1.06334,-0.103046,0
0.754773,0.349106,0,0.31016,-0.250729,0,-1.06493,-0.0983773,0
0.745678,0.350758,0,0.320773,-0.257051,0,-1.06645,-0.0937071,0
0.73645,0.352254,0,0.331439,-0.263218,0,-1.06789,-0.0890361,0
0.727094,0.35359,0,0.342157,-0.269225,0,-1.06925,-0.0843644,0
0.71761,0.35476,0,0.352924,-0.275067,0,-1.07053,-0.0796922,0
0.708004,0.355759,0,0.363737,-0.280739,0,-1.07174,-0.0750196,0
0.698278,0.356583,0,0.374594,-0.286237,0,-1.07287,-0.0703467,0
0.688435,0.357228,0,0.385492,-0.291555,0,-1.07393,-0.0656737,0
0.678481,0.357689,0,0.396427,-0.296689,0,-1.07491,-0.0610005,0
0.668418,0.357962,0,0.407395,-0.301635,0,-1.07581,-0.0563274,0
0.658253,0.358044,0,0.418393,-0.306389,0,-1.07665,-0.0516542,0
0.647988,0.357929,0,0.429416,-0.310948,0,-1.0774,-0.0469812,0
0.63763,0.357615,0,0.440459,-0.315307,0,-1.07809,-0.0423082,0
0.627184,0.357099,0,0.451519,-0.319464,0,-1.0787,-0.0376354,0
0.616654,0.356378,0,0.462589,-0.323415,0,-1.07924,-0.0329627,0
0.606046,0.355448,0,0.473665,-0.327158,0,-1.07971,-0.0282901,0
0.595367,0.354308,0,0.48474,-0.33069,0,-1.08011,-0.0236176,0
0.584621,0.352955,0,0.495811,-0.33401,0,-1.08043,-0.0189452,0
0.573815,0.351388,0,0.50687,-0.337115,0,-1.08069,-0.014273,0
0.562955,0.349606,0,0.517912,-0.340005,0,-1.08087,-0.00960081,0
0.552047,0.347607,0,0.528931,-0.342678,0,-1.08098,-0.00492869,0
0.541096,0.345391,0,0.539921,-0.345135,0,-1.08102,-0.000256587,0
0.53011,0.342958,0,0.550875,-0.347374,0,-1.08099,0.00441551,0
0.519094,0.340308,0,0.561788,-0.349396,0,-1.08088,0.00908763,0
0.508054,0.337441,0,0.572654,-0.351201,0,-1.08071,0.0137598,0
0.496997,0.334359,0,0.583466,-0.352791,0,-1.08046,0.0184321,0
0.485927,0.331062,0,0.594218,-0.354167,0,-1.08015,0.0231044,0
0.474852,0.327553,0,0.604905,-0.355329,0,-1.07976,0.0277769,0
0.463776,0.323832,0,0.615521,-0.356282,0,-1.0793,0.0324494,0
0.452705,0.319903,0,0.626059,-0.357025,0,-1.07876,0.0371221,0
0.441644,0.315768,0,0.636515,-0.357563,0,-1.07816,0.041795,0
0.430599,0.311431,0,0.646883,-0.357899,0,-1.07748,0.0464679,0
0.419573,0.306893,0,0.657157,-0.358034,0,-1.07673,0.051141,0
0.408573,0.30216,0,0.667334,-0.357974,0,-1.07591,0.0558141,0
0.397601,0.297234,0,0.677408,-0.357721,0,-1.07501,0.0604873,0
0.386662,0.29212,0,0.687374,-0.35728,0,-1.07404,0.0651605,0
0.37576,0.286821,0,0.697229,-0.356654,0,-1.07299,0.0698335,0
0.364899,0.281343,0,0.706967,-0.355849,0,-1.07187,0.0745064,0
0.354081,0.275689,0,0.716587,-0.354868,0,-1.07067,0.0791791,0
0.343309,0.269865,0,0.726084,-0.353716,0,-1.06939,0.0838514,0
0.332586,0.263876,0,0.735454,-0.352399,0,-1.06804,0.0885231,0
0.321914,0.257725,0,0.744695,-0.350919,0,-1.06661,0.0931942,0
0.311295,0.251419,0,0.753805,-0.349284,0,-1.0651,0.0978645,0
0.300731,0.244963,0,0.76278,-0.347497,0,-1.06351,0.102534,0
0.290223,0.238362,0,0.771619,-0.345564,0,-1.06184,0.107202,0
0.279772,0.23162,0,0.78032,-0.343489,0,-1.06009,0.111868,0
0.269379,0.224744,0,0.788881,-0.341277,0,-1.05826,0.116533,0
0.259045,0.217739,0,0.7973,-0.338935,0,-1.05634,0.121196,0
0.248769,0.210609,0,0.805577,-0.336465,0,-1.05435,0.125856,0
0.238551,0.203361,0,0.813711,-0.333875,0,-1.05226,0.130514,0
0.228392,0.195999,0,0.8217,-0.331167,0,-1.05009,0.135168,0
0.21829,0.188529,0,0.829544,-0.328347,0,-1.04783,0.139819,0
0.208245,0.180955,0,0.837244,-0.325421,0,-1.04549,0.144465,0
0.198256,0.173284,0,0.844798,-0.322391,0,-1.04305,0.149107,0
0.188322,0.165519,0,0.852207,-0.319264,0,-1.04053,0.153744,0
0.178441,0.157667,0,0.859471,-0.316043,0,-1.03791,0.158376,0
0.168612,0.149732,0,0.866591,-0.312732,0,-1.0352,0.163,0
0.158833,0.141718,0,0.873566,-0.309337,0,-1.0324,0.167618,0
0.149101,0.133632,0,0.880398,-0.30586,0,-1.0295,0.172228,0
0.139416,0.125477,0,0.887087,-0.302307,0,-1.0265,0.176829,0
0.129774,0.117258,0,0.893634,-0.29868,0,-1.02341,0.181421,0
0.120173,0.108981,0,0.90004,-0.294984,0,-1.02021,0.186003,0
0.110612,0.100649,0,0.906306,-0.291221,0,-1.01692,0.190573,0
0.101086,0.0922665,0,0.912434,-0.287397,0,-1.01352,0.195131,0
0.0915934,0.0838389,0,0.918424,-0.283514,0,-1.01002,0.199675,0
0.0821316,0.0753702,0,0.924278,-0.279574,0,-1.00641,0.204204,0
0.0726974,0.0668648,0,0.929997,-0.275583,0,-1.00269,0.208718,0
0.063288,0.058327,0,0.935583,-0.271541,0,-0.998871,0.213214,0
0.0539002,0.0497611,0,0.941037,-0.267453,0,-0.994937,0.217692,0
0.044531,0.0411712,0,0.94636,-0.263321,0,-0.990891,0.222149,0
0.0351772,0.0325616,0,0.951555,-0.259147,0,-0.986732,0.226585,0
0.0258356,0.0239364,0,0.956622,-0.254934,0,-0.982458,0.230998,0
0.016503,0.0152998,0,0.961564,-0.250685,0,-0.978067,0.235385,0
0.00717619,0.00665598,0,0.966381,-0.246402,0,-0.973557,0.239746,0
-0.00214811,-0.00199105,0,0.971076,-0.242086,0,-0.968928,0.244078,0
-0.0114732,-0.0106371,0,0.97565,-0.237741,0,-0.964177,0.248378,0
-0.0208022,-0.0192782,0,0.980105,-0.233368,0,-0.959302,0.252646,0
-0.0301386,-0.02791,0,0.984442,-0.228969,0,-0.954303,0.256879,0
-0.0394854,-0.0365285,0,0.988663,-0.224545,0,-0.949177,0.261074,0
-0.0488459,-0.0451295,0,0.99277,-0.220099,0,-0.943924,0.265229,0
-0.0582233,-0.0537089,0,0.996764,-0.215632,0,-0.93854,0.269341,0
-0.0676207,-0.0622624,0,1.00065,-0.211146,0,-0.933026,0.273408,0
-0.0770411,-0.0707859,0,1.00442,-0.206641,0,-0.927379,0.277427,0
-0.0864877,-0.0792749,0,1.00809,-0.20212,0,-0.921598,0.281395,0
-0.0959632,-0.0877252,0,1.01164,-0.197584,0,-0.915681,0.285309,0
-0.105471,-0.0961323,0,1.0151,-0.193033,0,-0.909628,0.289166,0
-0.115013,-0.104492,0,1.01845,-0.18847,0,-0.903436,0.292962,0
-0.124592,-0.1128,0,1.0217,-0.183894,0,-0.897106,0.296694,0
-0.134212,-0.121051,0,1.02485,-0.179308,0,-0.890635,0.300359,0
-0.143873,-0.12924,0,1.0279,-0.174712,0,-0.884022,0.303952,0
-0.15358,-0.137364,0,1.03085,-0.170106,0,-0.877268,0.307471,0
-0.163333,-0.145418,0,1.0337,-0.165493,0,-0.87037,0.310911,0
-0.173135,-0.153396,0,1.03646,-0.160872,0,-0.863328,0.314268,0
-0.182988,-0.161294,0,1.03913,-0.156244,0,-0.856142,0.317537,0
-0.192893,-0.169106,0,1.0417,-0.15161,0,-0.848811,0.320716,0
-0.202852,-0.176828,0,1.04419,-0.146971,0,-0.841335,0.323799,0
-0.212867,-0.184455,0,1.04658,-0.142326,0,-0.833714,0.326781,0
-0.222938,-0.191982,0,1.04889,-0.137678,0,-0.825948,0.329659,0
-0.233066,-0.199403,0,1.0511,-0.133025,0,-0.818036,0.332428,0
-0.243252,-0.206713,0,1.05323,-0.128369,0,-0.809981,0.335082,0
-0.253496,-0.213907,0,1.05528,-0.123711,0,-0.801781,0.337618,0
-0.2638,-0.22098,0,1.05724,-0.119049,0,-0.793438,0.340029,0
-0.274161,-0.227927,0,1.05911,-0.114385,0,-0.784953,0.342312,0
-0.284581,-0.234742,0,1.06091,-0.10972,0,-0.776328,0.344461,0
-0.295058,-0.241419,0,1.06262,-0.105053,0,-0.767563,0.346472,0
-0.305592,-0.247954,0,1.06425,-0.100384,0,-0.758661,0.348338,0
-0.316182,-0.254342,0,1.06581,-0.0957142,0,-0.749624,0.350056,0
-0.326825,-0.260577,0,1.06728,-0.0910436,0,-0.740453,0.35162,0
-0.337521,-0.266653,0,1.06867,-0.0863721,0,-0.731152,0.353026,0
-0.348267,-0.272567,0,1.06999,-0.0817001,0,-0.721723,0.354268,0
-0.35906,-0.278313,0,1.07123,-0.0770277,0,-0.712169,0.355341,0
-0.369899,-0.283887,0,1.07239,-0.0723549,0,-0.702494,0.356242,0
-0.380779,-0.289283,0,1.07348,-0.0676819,0,-0.692701,0.356965,0
-0.391699,-0.294497,0,1.07449,-0.0630088,0,-0.682795,0.357506,0
-0.402653,-0.299525,0,1.07543,-0.0583356,0,-0.672778,0.357861,0
-0.413639,-0.304363,0,1.0763,-0.0536625,0,-0.662657,0.358025,0
-0.424651,-0.309006,0,1.07709,-0.0489894,0,-0.652434,0.357996,0
-0.435686,-0.313452,0,1.0778,-0.0443164,0,-0.642116,0.357769,0
-0.44674,-0.317697,0,1.07845,-0.0396435,0,-0.631707,0.35734,0
-0.457806,-0.321737,0,1.07902,-0.0349707,0,-0.621212,0.356708,0
-0.46888,-0.32557,0,1.07952,-0.0302981,0,-0.610638,0.355868,0
-0.479956,-0.329194,0,1.07994,-0.0256255,0,-0.599989,0.354819,0
-0.49103,-0.332606,0,1.0803,-0.0209532,0,-0.589271,0.353559,0
-0.502094,-0.335804,0,1.08058,-0.0162809,0,-0.57849,0.352085,0
-0.513144,-0.338787,0,1.0808,-0.0116087,0,-0.567653,0.350396,0
-0.524174,-0.341554,0,1.08094,-0.00693651,0,-0.556764,0.34849,0
-0.535177,-0.344104,0,1.08101,-0.00226441,0,-0.545831,0.346368,0
-0.546148,-0.346437,0,1.08101,0.00240768,0,-0.53486,0.344029,0
-0.557079,-0.348553,0,1.08094,0.00707979,0,-0.523856,0.341473,0
-0.567966,-0.350452,0,1.08079,0.0117519,0,-0.512825,0.3387,0
-0.578802,-0.352134,0,1.08058,0.0164241,0,-0.501775,0.33571,0
-0.589581,-0.353602,0,1.08029,0.0210964,0,-0.49071,0.332506,0
-0.600297,-0.354857,0,1.07993,0.0257688,0,-0.479636,0.329088,0
-0.610944,-0.3559,0,1.0795,0.0304413,0,-0.46856,0.325458,0
-0.621517,-0.356733,0,1.079,0.035114,0,-0.457486,0.321619,0
-0.632009,-0.35736,0,1.07843,0.0397868,0,-0.44642,0.317573,0
-0.642415,-0.357782,0,1.07778,0.0444597,0,-0.435367,0.313323,0
-0.652731,-0.358004,0,1.07706,0.0491327,0,-0.424332,0.308871,0
-0.66295,-0.358028,0,1.07627,0.0538058,0,-0.413321,0.304222,0
-0.673069,-0.357858,0,1.0754,0.0584789,0,-0.402336,0.299379,0
-0.683082,-0.357497,0,1.07446,0.0631521,0,-0.391382,0.294345,0
-0.692986,-0.356951,0,1.07345,0.0678252,0,-0.380464,0.289126,0
-0.702775,-0.356223,0,1.07236,0.0724981,0,-0.369585,0.283724,0
-0.712447,-0.355317,0,1.07119,0.0771709,0,-0.358747,0.278146,0
-0.721997,-0.354238,0,1.06995,0.0818433,0,-0.347955,0.272395,0
-0.731422,-0.352992,0,1.06863,0.0865153,0,-0.337211,0.266476,0
-0.740719,-0.351582,0,1.06724,0.0911867,0,-0.326517,0.260395,0
-0.749886,-0.350013,0,1.06576,0.0958574,0,-0.315875,0.254156,0
-0.75892,-0.348291,0,1.06421,0.100527,0,-0.305287,0.247764,0
-0.767818,-0.34642,0,1.06257,0.105196,0,-0.294754,0.241225,0
-0.776579,-0.344406,0,1.06086,0.109863,0,-0.284279,0.234543,0
-0.7852,-0.342253,0,1.05906,0.114528,0,-0.27386,0.227725,0
-0.793681,-0.339966,0,1.05718,0.119192,0,-0.2635,0.220774,0
-0.802019,-0.337551,0,1.05522,0.123853,0,-0.253199,0.213698,0
-0.810215,-0.335012,0,1.05317,0.128512,0,-0.242956,0.2065,0
-0.818267,-0.332354,0,1.05104,0.133168,0,-0.232772,0.199187,0
-0.826174,-0.329583,0,1.04882,0.13782,0,-0.222645,0.191762,0
-0.833936,-0.326702,0,1.04651,0.142469,0,-0.212576,0.184233,0
-0.841553,-0.323716,0,1.04412,0.147113,0,-0.202563,0.176603,0
-0.849025,-0.32063,0,1.04163,0.151752,0,-0.192605,0.168878,0
-0.856351,-0.317449,0,1.03905,0.156386,0,-0.182702,0.161063,0
-0.863533,-0.314177,0,1.03638,0.161013,0,-0.17285,0.153163,0
-0.870571,-0.310817,0,1.03362,0.165634,0,-0.163049,0.145183,0
-0.877464,-0.307375,0,1.03076,0.170248,0,-0.153298,0.137128,0
-0.884215,-0.303854,0,1.02781,0.174853,0,-0.143593,0.129002,0
-0.890823,-0.300259,0,1.02476,0.179449,0,-0.133932,0.12081,0
-0.89729,-0.296592,0,1.0216,0.184035,0,-0.124314,0.112557,0
-0.903617,-0.292858,0,1.01835,0.18861,0,-0.114736,0.104248,0
-0.909804,-0.28906,0,1.015,0.193173,0,-0.105195,0.0958873,0
-0.915854,-0.285202,0,1.01154,0.197723,0,-0.095688,0.0874788,0
-0.921766,-0.281286,0,1.00798,0.202259,0,-0.0862133,0.0790274,0
-0.927543,-0.277317,0,1.00431,0.20678,0,-0.0767675,0.0705374,0
-0.933187,-0.273297,0,1.00053,0.211283,0,-0.0673477,0.0620131,0
-0.938697,-0.269228,0,0.996648,0.215769,0,-0.0579509,0.0534588,0
-0.944077,-0.265115,0,0.992651,0.220236,0,-0.048574,0.0448788,0
-0.949327,-0.260958,0,0.988541,0.224681,0,-0.0392139,0.0362773,0
-0.954449,-0.256762,0,0.984316,0.229104,0,-0.0298674,0.0276584,0
-0.959445,-0.252529,0,0.979976,0.233502,0,-0.0205312,0.0190262,0
-0.964315,-0.24826,0,0.975518,0.237875,0,-0.0112023,0.0103851,0
-0.969063,-0.243958,0,0.97094,0.242219,0,-0.00187727,0.00173896,0
-0.973689,-0.239625,0,0.966242,0.246533,0,0.0074471,-0.00690798,0
-0.978195,-0.235264,0,0.961421,0.250816,0,0.0167741,-0.0155516,0
-0.982583,-0.230876,0,0.956476,0.255064,0,0.0261069,-0.0241879,0
-0.986854,-0.226463,0,0.951405,0.259275,0,0.0354489,-0.0328126,0
-0.99101,-0.222026,0,0.946207,0.263448,0,0.0448031,-0.0414216,0
-0.995052,-0.217568,0,0.940879,0.267579,0,0.0541729,-0.0500108,0
-0.998983,-0.21309,0,0.935422,0.271666,0,0.0635613,-0.058576,0
-1.0028,-0.208593,0,0.929832,0.275706,0,0.0729714,-0.0671128,0
-1.00652,-0.204079,0,0.924109,0.279696,0,0.0824064,-0.0756172,0
-1.01012,-0.199549,0,0.918251,0.283634,0,0.0918691,-0.0840846,0
-1.01362,-0.195004,0,0.912257,0.287515,0,0.101362,-0.0925109,0
-1.01701,-0.190446,0,0.906125,0.291338,0,0.110889,-0.100892,0
-1.02031,-0.185876,0,0.899855,0.295098,0,0.120452,-0.109222,0
-1.0235,-0.181294,0,0.893444,0.298792,0,0.130054,-0.117498,0
-1.02659,-0.176702,0,0.886893,0.302417,0,0.139697,-0.125715,0
-1.02958,-0.172101,0,0.8802,0.305968,0,0.149384,-0.133868,0
-1.03248,-0.16749,0,0.873364,0.309443,0,0.159117,-0.141952,0
-1.03528,-0.162872,0,0.866385,0.312836,0,0.168898,-0.149963,0
-1.03799,-0.158247,0,0.859261,0.316144,0,0.178728,-0.157896,0
-1.0406,-0.153616,0,0.851993,0.319362,0,0.188611,-0.165746,0
-1.04313,-0.148979,0,0.844579,0.322487,0,0.198547,-0.173508,0
-1.04556,-0.144337,0,0.837021,0.325513,0,0.208537,-0.181176,0
-1.0479,-0.13969,0,0.829317,0.328437,0,0.218583,-0.188747,0
-1.05016,-0.135039,0,0.821469,0.331253,0,0.228687,-0.196214,0
-1.05232,-0.130385,0,0.813475,0.333957,0,0.238848,-0.203573,0
-1.0544,-0.125727,0,0.805337,0.336545,0,0.249067,-0.210818,0
-1.0564,-0.121067,0,0.797056,0.33901,0,0.259345,-0.217944,0
-1.05831,-0.116404,0,0.788633,0.341349,0,0.269681,-0.224945,0
-1.06014,-0.111739,0,0.780068,0.343556,0,0.280076,-0.231817,0
-1.06189,-0.107073,0,0.771363,0.345627,0,0.290529,-0.238555,0
-1.06356,-0.102404,0,0.76252,0.347556,0,0.301038,-0.245152,0
-1.06515,-0.0977352,0,0.753541,0.349339,0,0.311604,-0.251604,0
-1.06665,-0.0930649,0,0.744427,0.35097,0,0.322224,-0.257905,0
-1.06808,-0.0883938,0,0.735182,0.352444,0,0.332898,-0.264051,0
-1.06943,-0.083722,0,0.725808,0.353757,0,0.343622,-0.270036,0
-1.0707,-0.0790497,0,0.716308,0.354904,0,0.354395,-0.275855,0
-1.0719,-0.074377,0,0.706685,0.35588,0,0.365215,-0.281503,0
-1.07302,-0.0697041,0,0.696943,0.35668,0,0.376078,-0.286976,0
-1.07407,-0.0650311,0,0.687085,0.3573,0,0.386981,-0.292269,0
-1.07504,-0.0603579,0,0.677115,0.357736,0,0.39792,-0.297378,0
-1.07593,-0.0556847,0,0.667039,0.357983,0,0.408893,-0.302299,0
-1.07675,-0.0510116,0,0.656859,0.358038,0,0.419894,-0.307026,0
-1.0775,-0.0463386,0,0.646582,0.357897,0,0.43092,-0.311558,0
-1.07818,-0.0416656,0,0.636211,0.357555,0,0.441966,-0.31589,0
